fecha,prec_mm,tmin,tmax,tmed,velmedia_ms,racha_ms,hrMedia,hrMax,hrMin,sol_h
2009-01-30,,,,,3.1,,66.0,,,
2009-01-31,,,,,2.2,,68.0,,,
2009-02-01,3.0,1.6,6.8,4.2,2.5,8.9,80.0,91.0,64.0,
2009-02-02,0.0,0.9,9.9,5.4,1.4,8.1,89.0,94.0,72.0,
2009-02-03,0.0,2.0,13.6,7.8,1.9,16.9,63.0,91.0,37.0,
2009-02-04,0.0,5.1,14.8,10.0,4.2,14.7,54.0,88.0,39.0,
2009-02-05,1.6,2.4,13.1,7.8,3.1,11.7,68.0,94.0,47.0,
2009-02-06,0.4,2.2,11.2,6.7,4.4,18.3,61.0,94.0,40.0,
2009-02-07,0.0,2.7,7.8,5.2,3.6,18.9,44.0,54.0,34.0,
2009-02-08,0.0,0.4,14.3,7.4,3.1,15.6,50.0,66.0,26.0,
2009-02-09,0.0,5.0,18.3,11.6,3.1,10.3,60.0,82.0,42.0,
2009-02-10,0.0,3.4,17.8,10.6,3.1,11.9,57.0,81.0,41.0,
2009-02-11,0.0,0.6,17.4,9.0,2.2,9.4,44.0,84.0,25.0,
2009-02-12,0.0,4.0,16.3,10.2,2.2,14.2,55.0,82.0,35.0,
2009-02-13,0.0,0.8,14.8,7.8,2.2,6.7,60.0,88.0,30.0,
2009-02-14,0.0,-0.1,18.0,9.0,,6.7,,95.0,23.0,
2009-02-15,0.0,5.4,9.6,7.5,1.1,5.6,88.0,,69.0,
2009-02-16,0.0,,,,,,,,,
2009-02-17,,,12.1,,,7.8,,,45.0,
2009-02-18,0.0,,,,3.1,,39.0,,,
2009-02-19,0.0,3.9,16.2,10.0,2.8,6.9,59.0,92.0,,
2009-02-20,,,8.3,,1.1,7.8,87.0,,81.0,
2009-02-21,0.0,0.6,14.2,7.4,2.8,11.1,66.0,96.0,36.0,
2009-02-22,0.0,,,,,,,,,
2009-02-23,0.0,3.4,18.9,11.2,3.1,9.2,53.0,83.0,30.0,
2009-02-24,0.0,1.9,15.2,8.6,2.2,6.9,71.0,94.0,46.0,
2009-02-25,0.0,4.6,11.7,8.2,1.7,6.4,76.0,95.0,65.0,
2009-02-26,0.0,3.5,14.1,8.8,1.7,6.4,71.0,93.0,51.0,
2009-02-27,0.6,1.6,15.8,8.7,2.2,7.2,58.0,88.0,,
2009-02-28,0.0,5.7,,,,6.4,,93.0,,
2009-03-01,0.0,5.6,18.6,12.1,1.9,11.4,58.0,93.0,38.0,
2009-03-02,23.4,6.3,14.1,10.2,1.7,7.5,71.0,91.0,52.0,
2009-03-03,28.1,5.5,8.0,6.8,4.2,12.2,90.0,95.0,80.0,
2009-03-04,5.9,4.2,14.9,9.6,5.3,25.3,63.0,89.0,46.0,
2009-03-05,11.5,4.4,12.1,8.2,5.3,21.4,59.0,84.0,36.0,
2009-03-06,0.0,5.9,14.1,10.0,3.6,19.2,55.0,61.0,44.0,
2009-03-07,0.0,8.2,20.8,14.5,2.5,15.3,43.0,69.0,25.0,
2009-03-08,0.0,4.2,19.3,11.8,2.8,7.5,57.0,89.0,40.0,
2009-03-09,0.0,4.3,17.9,11.1,1.7,8.1,64.0,94.0,47.0,
2009-03-10,0.0,3.0,18.3,10.6,1.1,7.2,73.0,95.0,49.0,
2009-03-11,0.0,4.8,21.8,13.3,2.5,7.8,50.0,83.0,22.0,
2009-03-12,0.0,3.7,15.7,9.7,1.7,6.7,73.0,94.0,57.0,
2009-03-13,0.0,3.3,20.9,12.1,2.2,7.8,47.0,91.0,27.0,
2009-03-14,0.0,5.4,25.2,15.3,2.2,8.9,41.0,77.0,22.0,
2009-03-15,0.0,5.6,20.8,13.2,1.9,7.2,41.0,87.0,18.0,
2009-03-16,0.0,3.5,20.3,11.9,3.1,10.0,48.0,84.0,29.0,
2009-03-17,0.0,1.7,16.8,9.2,3.1,10.6,59.0,94.0,37.0,
2009-03-18,0.0,2.6,16.1,9.4,2.2,7.2,70.0,90.0,51.0,
2009-03-19,0.0,1.0,19.6,10.3,1.1,6.9,60.0,96.0,29.0,
2009-03-20,0.0,6.0,22.8,14.4,3.1,8.1,43.0,82.0,23.0,
2009-03-21,0.0,4.5,12.6,8.6,2.2,5.6,79.0,93.0,69.0,
2009-03-22,0.0,4.9,17.7,11.3,3.1,7.8,58.0,95.0,31.0,
2009-03-23,0.0,0.3,19.5,9.9,1.9,8.6,44.0,88.0,20.0,
2009-03-24,0.0,2.1,22.6,12.4,2.2,10.6,36.0,69.0,17.0,
2009-03-25,0.0,5.6,20.1,12.8,2.2,7.5,60.0,86.0,27.0,
2009-03-26,0.0,6.4,22.8,14.6,2.2,7.8,55.0,83.0,29.0,
2009-03-27,0.0,7.1,24.9,16.0,2.2,6.9,44.0,89.0,28.0,
2009-03-28,18.2,8.9,22.1,15.5,2.8,7.8,63.0,95.0,32.0,
2009-03-29,25.9,7.0,9.1,8.0,2.5,9.2,93.0,96.0,89.0,
2009-03-30,19.0,3.8,7.0,5.4,2.2,9.7,91.0,95.0,84.0,
2009-03-31,4.4,4.1,11.9,8.0,2.2,7.5,80.0,93.0,61.0,
2009-04-01,0.0,3.9,15.6,9.8,3.1,11.9,54.0,86.0,32.0,
2009-04-02,0.0,7.2,17.6,12.4,1.4,10.0,51.0,82.0,34.0,
2009-04-03,0.0,8.0,17.8,12.9,2.8,7.5,74.0,94.0,51.0,
2009-04-04,0.0,5.9,19.1,12.5,2.5,8.3,74.0,96.0,46.0,
2009-04-05,0.0,6.3,20.4,13.4,1.4,6.1,75.0,94.0,59.0,
2009-04-06,1.2,7.1,24.1,15.6,2.8,8.9,59.0,95.0,36.0,
2009-04-07,0.0,8.1,17.6,12.8,1.7,16.4,55.0,95.0,32.0,
2009-04-08,0.0,4.8,19.3,12.0,2.5,12.2,33.0,88.0,21.0,
2009-04-09,0.0,3.0,20.0,11.5,1.9,11.9,59.0,91.0,32.0,
2009-04-10,0.0,4.7,18.3,11.5,4.2,16.9,59.0,95.0,26.0,
2009-04-11,0.0,4.5,14.3,9.4,3.3,15.8,41.0,68.0,29.0,
2009-04-12,0.0,2.2,17.1,9.6,3.1,15.3,31.0,84.0,21.0,
2009-04-13,0.0,4.7,19.5,12.1,2.2,9.2,47.0,71.0,27.0,
2009-04-14,0.0,6.1,23.5,14.8,3.3,13.1,45.0,74.0,24.0,
2009-04-15,0.6,5.0,15.9,10.4,3.3,13.3,60.0,81.0,34.0,
2009-04-16,0.0,1.7,18.7,10.2,3.1,12.5,47.0,93.0,24.0,
2009-04-17,0.6,7.2,18.5,12.8,2.2,8.9,44.0,80.0,28.0,
2009-04-18,15.6,7.3,18.2,12.8,1.7,8.6,73.0,94.0,42.0,
2009-04-19,2.0,5.3,12.7,9.0,1.7,9.2,79.0,95.0,67.0,
2009-04-20,0.4,5.4,18.5,12.0,1.1,11.7,64.0,87.0,35.0,
2009-04-21,0.0,8.2,20.1,14.2,1.9,8.6,55.0,85.0,33.0,
2009-04-22,0.0,5.0,20.9,13.0,1.7,6.7,49.0,92.0,26.0,
2009-04-23,0.0,7.4,25.5,16.4,2.5,7.5,42.0,87.0,21.0,
2009-04-24,0.0,6.5,26.2,16.4,1.7,7.8,39.0,75.0,21.0,
2009-04-25,0.0,7.4,22.0,14.7,2.2,8.6,58.0,82.0,30.0,
2009-04-26,0.0,7.5,17.7,12.6,2.2,10.6,50.0,73.0,33.0,
2009-04-27,0.0,6.2,21.4,13.8,2.2,11.7,35.0,70.0,22.0,
2009-04-28,0.0,8.5,22.6,15.6,2.5,11.4,44.0,71.0,26.0,
2009-04-29,0.0,6.3,23.1,14.7,1.9,7.8,45.0,85.0,27.0,
2009-04-30,0.0,8.5,22.6,15.6,3.6,11.7,47.0,77.0,29.0,
2009-05-01,3.8,7.5,19.0,13.2,2.8,12.5,52.0,90.0,39.0,
2009-05-02,0.0,4.0,20.6,12.3,2.2,8.9,50.0,93.0,34.0,
2009-05-03,0.0,3.5,22.0,12.8,2.8,8.6,46.0,91.0,28.0,
2009-05-04,0.0,5.3,22.3,13.8,2.2,8.6,42.0,84.0,24.0,
2009-05-05,0.0,6.7,24.4,15.6,2.2,8.6,48.0,83.0,31.0,
2009-05-06,0.0,6.8,26.2,16.5,2.8,7.2,45.0,92.0,32.0,
2009-05-07,0.0,8.0,27.5,17.8,1.9,7.8,36.0,81.0,20.0,
2009-05-08,0.0,5.7,24.7,15.2,2.2,6.7,48.0,89.0,32.0,
2009-05-09,1.8,10.1,21.6,15.8,2.2,13.3,65.0,95.0,52.0,
2009-05-10,0.0,10.7,27.5,19.1,2.5,11.4,58.0,95.0,32.0,
2009-05-11,0.0,11.0,27.1,19.0,1.9,7.8,59.0,95.0,37.0,
2009-05-12,0.0,11.7,26.9,19.3,1.9,10.0,58.0,91.0,36.0,
2009-05-13,14.9,11.4,21.3,16.4,1.4,6.7,72.0,95.0,48.0,
2009-05-14,0.0,9.4,23.2,16.3,1.7,11.9,54.0,92.0,32.0,
2009-05-15,0.0,7.9,23.2,15.6,2.5,9.7,29.0,69.0,21.0,
2009-05-16,0.0,9.4,27.1,18.2,2.8,8.9,38.0,73.0,24.0,
2009-05-17,0.0,9.1,27.2,18.2,1.9,7.2,39.0,86.0,27.0,
2009-05-18,0.0,10.4,26.7,18.6,2.8,10.6,51.0,93.0,25.0,
2009-05-19,0.0,11.4,25.6,18.5,1.7,6.7,67.0,95.0,44.0,
2009-05-20,0.0,11.5,29.4,20.4,2.8,6.9,50.0,91.0,31.0,
2009-05-21,0.0,12.9,33.9,23.4,1.4,9.7,40.0,80.0,20.0,
2009-05-22,0.0,15.5,26.6,21.0,2.2,7.2,56.0,82.0,42.0,
2009-05-23,2.0,14.2,27.6,20.9,2.2,10.0,53.0,94.0,29.0,
2009-05-24,0.0,10.4,26.7,18.6,1.7,8.3,48.0,95.0,25.0,
2009-05-25,0.0,9.2,27.4,18.3,2.2,8.9,42.0,85.0,26.0,
2009-05-26,0.0,12.0,28.3,20.2,2.2,9.4,42.0,74.0,25.0,
2009-05-27,0.0,11.0,23.6,17.3,2.5,7.8,58.0,92.0,44.0,
2009-05-28,0.0,9.5,25.0,17.2,3.3,12.5,44.0,96.0,22.0,
2009-05-29,0.0,8.8,27.3,18.0,2.5,11.1,38.0,82.0,21.0,
2009-05-30,0.5,11.8,29.9,20.8,2.5,9.7,35.0,74.0,15.0,
2009-05-31,0.0,14.2,28.1,21.2,1.4,8.6,61.0,88.0,35.0,
2009-06-01,0.0,12.6,33.0,22.8,1.4,9.7,36.0,93.0,15.0,
2009-06-02,0.0,11.8,32.3,22.0,1.9,8.6,46.0,93.0,19.0,
2009-06-03,0.0,12.7,30.6,21.6,2.8,7.5,48.0,94.0,30.0,
2009-06-04,0.8,15.1,31.9,23.5,2.2,10.0,35.0,82.0,24.0,
2009-06-05,0.0,14.5,29.9,22.2,3.3,13.6,40.0,89.0,15.0,
2009-06-06,0.0,12.2,24.9,18.6,3.9,16.4,38.0,75.0,26.0,
2009-06-07,0.0,8.0,26.3,17.2,1.9,10.6,37.0,82.0,24.0,
2009-06-08,0.0,11.5,26.2,18.8,2.2,10.3,38.0,69.0,25.0,
2009-06-09,0.0,11.8,29.0,20.4,3.1,12.2,34.0,69.0,13.0,
2009-06-10,0.0,12.7,31.5,22.1,2.8,9.4,32.0,70.0,22.0,
2009-06-11,0.0,14.9,35.4,25.2,2.5,9.7,26.0,62.0,15.0,
2009-06-12,0.0,13.1,33.9,23.5,1.7,7.8,26.0,68.0,17.0,
2009-06-13,0.0,14.8,36.2,25.5,2.8,9.2,29.0,62.0,17.0,
2009-06-14,0.0,16.5,35.7,26.1,2.8,9.7,40.0,69.0,19.0,
2009-06-15,0.0,18.8,35.2,27.0,2.2,9.4,33.0,62.0,22.0,
2009-06-16,0.0,16.8,32.4,24.6,2.8,9.2,44.0,81.0,28.0,
2009-06-17,0.0,15.9,34.0,25.0,1.7,7.5,45.0,88.0,26.0,
2009-06-18,0.0,15.7,33.3,24.5,2.2,7.5,35.0,78.0,17.0,
2009-06-19,0.0,18.4,38.3,28.4,2.8,9.2,22.0,64.0,13.0,
2009-06-20,0.6,16.1,33.5,24.8,2.5,8.3,33.0,84.0,25.0,
2009-06-21,0.0,14.6,31.4,23.0,1.7,9.7,52.0,86.0,37.0,
2009-06-22,0.0,18.2,31.8,25.0,2.5,8.6,50.0,80.0,34.0,
2009-06-23,0.0,15.2,36.7,26.0,2.2,11.4,33.0,90.0,13.0,
2009-06-24,0.0,14.4,35.3,24.8,1.4,8.9,36.0,94.0,12.0,
2009-06-25,0.0,15.2,33.7,24.4,3.3,10.6,21.0,53.0,11.0,
2009-06-26,0.0,14.1,31.4,22.8,1.9,8.9,31.0,71.0,21.0,
2009-06-27,0.0,14.9,32.5,23.7,3.1,13.3,28.0,60.0,15.0,
2009-06-28,0.0,13.8,35.3,24.6,1.7,8.9,25.0,61.0,14.0,
2009-06-29,0.0,16.1,34.8,25.4,3.3,10.3,27.0,61.0,17.0,
2009-06-30,0.0,17.0,36.8,26.9,1.9,9.7,31.0,69.0,16.0,
2009-07-01,0.0,16.6,36.4,26.5,2.2,8.6,31.0,74.0,20.0,
2009-07-02,0.0,18.4,38.5,28.4,2.2,9.2,25.0,64.0,18.0,
2009-07-03,0.0,18.3,37.1,27.7,3.3,10.8,28.0,53.0,16.0,
2009-07-04,0.0,18.4,39.4,28.9,2.8,11.1,19.0,61.0,7.0,
2009-07-05,0.0,19.8,37.9,28.8,1.9,8.1,22.0,48.0,12.0,
2009-07-06,0.0,19.8,38.4,29.1,2.8,12.8,23.0,46.0,10.0,
2009-07-07,0.0,18.0,34.5,26.2,2.5,10.3,27.0,68.0,15.0,
2009-07-08,0.0,19.0,33.2,26.1,2.2,10.6,53.0,89.0,32.0,
2009-07-09,0.0,18.7,32.0,25.4,1.9,9.2,56.0,89.0,33.0,
2009-07-10,0.0,14.6,33.5,24.0,2.2,9.7,47.0,92.0,25.0,
2009-07-11,0.0,15.5,35.0,25.2,2.2,9.7,49.0,86.0,24.0,
2009-07-12,0.0,16.0,39.0,27.5,2.8,10.3,32.0,82.0,13.0,
2009-07-13,0.0,16.9,37.4,27.2,1.7,10.0,28.0,76.0,14.0,
2009-07-14,0.0,19.3,35.2,27.2,1.1,11.7,32.0,81.0,17.0,
2009-07-15,0.0,16.8,35.6,26.2,2.8,10.0,26.0,60.0,13.0,
2009-07-16,0.0,15.9,34.9,25.4,2.2,9.2,37.0,75.0,28.0,
2009-07-17,0.0,17.8,37.2,27.5,2.2,10.8,18.0,40.0,10.0,
2009-07-18,0.0,15.8,31.8,23.8,2.2,9.4,36.0,81.0,22.0,
2009-07-19,0.0,12.7,30.8,21.8,3.1,10.0,45.0,86.0,26.0,
2009-07-20,0.0,14.1,33.7,23.9,1.7,10.3,39.0,79.0,21.0,
2009-07-21,0.0,15.4,39.0,27.2,1.4,15.3,46.0,83.0,10.0,
2009-07-22,0.0,20.5,42.5,31.5,4.4,15.8,21.0,67.0,9.0,
2009-07-23,0.0,25.2,39.6,32.4,4.7,17.5,15.0,40.0,10.0,
2009-07-24,0.0,20.4,41.9,31.2,4.2,15.6,18.0,45.0,7.0,
2009-07-25,0.0,18.2,31.6,24.9,2.8,10.6,42.0,88.0,16.0,
2009-07-26,1.0,16.8,33.8,25.3,1.1,7.8,60.0,91.0,32.0,
2009-07-27,0.0,17.0,37.9,27.4,1.4,9.2,44.0,91.0,23.0,
2009-07-28,,,,,1.7,,56.0,,,
2009-07-29,0.0,14.6,41.5,28.0,2.2,16.4,24.0,79.0,7.0,
2009-07-30,0.0,19.2,37.3,28.2,2.2,11.7,28.0,84.0,9.0,
2009-08-01,0.0,16.6,38.4,27.5,4.2,13.6,18.0,68.0,9.0,
2009-08-02,0.0,16.4,34.8,25.6,2.2,10.3,35.0,71.0,20.0,
2009-08-03,0.0,18.8,34.3,26.6,2.5,9.2,50.0,85.0,23.0,
2009-08-04,0.0,17.7,35.1,26.4,1.7,10.3,53.0,91.0,25.0,
2009-08-05,0.0,16.5,38.0,27.2,2.5,9.4,32.0,78.0,15.0,
2009-08-06,0.0,17.0,36.5,26.8,3.1,8.9,33.0,76.0,19.0,
2009-08-07,3.2,17.1,34.5,25.8,3.1,11.4,50.0,93.0,20.0,
2009-08-08,3.4,20.0,29.7,24.8,1.7,16.4,74.0,94.0,46.0,
2009-08-09,0.0,17.4,31.1,24.2,1.4,17.8,64.0,91.0,41.0,
2009-08-10,6.6,17.2,25.1,21.2,1.7,8.1,83.0,94.0,63.0,
2009-08-11,0.0,16.6,27.0,21.8,1.4,7.2,77.0,95.0,55.0,
2009-08-12,0.0,15.8,31.7,23.8,1.4,8.3,52.0,94.0,30.0,
2009-08-13,0.0,16.3,32.5,24.4,2.2,9.2,48.0,91.0,28.0,
2009-08-14,0.0,17.1,32.7,24.9,2.8,9.4,41.0,80.0,25.0,
2009-08-15,0.0,14.8,33.3,24.0,1.9,8.3,36.0,77.0,17.0,
2009-08-16,0.0,14.5,33.9,24.2,2.2,9.2,39.0,79.0,18.0,
2009-08-17,0.0,16.6,35.0,25.8,1.9,10.0,38.0,90.0,18.0,
2009-08-18,0.0,14.7,33.7,24.2,1.7,9.7,34.0,67.0,21.0,
2009-08-19,0.0,15.3,35.0,25.2,2.8,8.9,32.0,70.0,18.0,
2009-08-20,0.0,15.1,34.9,25.0,2.2,10.0,31.0,68.0,17.0,
2009-08-21,0.0,15.7,35.6,25.6,1.9,10.3,33.0,67.0,17.0,
2009-08-22,0.0,14.8,35.5,25.2,1.9,9.2,31.0,61.0,17.0,
2009-08-23,0.0,15.1,34.0,24.6,2.2,9.2,28.0,65.0,14.0,
2009-08-24,0.0,15.4,35.5,25.4,2.2,8.3,28.0,53.0,14.0,
2009-08-25,0.6,17.1,33.9,25.5,1.4,8.6,44.0,77.0,17.0,
2009-08-26,0.0,16.8,31.3,24.0,1.4,8.9,50.0,82.0,36.0,
2009-08-27,0.0,16.0,33.3,24.6,2.8,9.7,45.0,90.0,24.0,
2009-08-28,0.0,16.1,34.2,25.2,1.9,8.3,44.0,81.0,25.0,
2009-08-29,0.0,16.3,33.2,24.8,1.9,11.1,51.0,83.0,30.0,
2009-08-30,0.0,16.7,33.3,25.0,1.7,7.8,54.0,88.0,31.0,
2009-08-31,0.0,15.3,34.3,24.8,1.7,8.1,52.0,88.0,26.0,
2009-09-01,0.0,15.2,34.7,25.0,2.5,9.2,49.0,92.0,22.0,
2009-09-02,0.0,17.7,33.0,25.4,2.5,8.9,53.0,81.0,32.0,
2009-09-03,0.0,16.0,35.2,25.6,2.8,8.3,33.0,70.0,19.0,
2009-09-04,0.0,16.6,37.0,26.8,2.5,8.6,28.0,71.0,14.0,
2009-09-05,0.4,19.3,30.5,24.9,2.8,9.4,62.0,85.0,44.0,
2009-09-06,0.0,17.5,28.1,22.8,2.8,9.7,62.0,89.0,48.0,
2009-09-07,0.0,14.5,28.0,21.2,2.2,8.3,64.0,92.0,40.0,
2009-09-08,0.0,16.0,28.2,22.1,1.9,7.8,60.0,92.0,38.0,
2009-09-09,0.0,13.4,28.4,20.9,1.9,8.1,51.0,90.0,24.0,
2009-09-10,0.0,11.3,28.9,20.1,2.2,8.9,41.0,87.0,21.0,
2009-09-11,0.0,12.0,28.2,20.1,1.9,8.9,46.0,77.0,23.0,
2009-09-12,0.0,12.8,29.1,21.0,1.7,7.8,47.0,77.0,22.0,
2009-09-13,11.4,14.5,27.6,21.0,2.8,10.8,82.0,91.0,36.0,
2009-09-14,1.2,13.6,26.7,20.2,1.7,8.9,69.0,90.0,37.0,
2009-09-15,5.6,11.4,22.8,17.1,1.4,7.5,80.0,94.0,52.0,
2009-09-16,7.3,12.6,20.3,16.4,1.4,13.1,85.0,94.0,63.0,
2009-09-17,0.8,11.0,22.7,16.8,3.3,13.3,58.0,92.0,34.0,
2009-09-18,0.0,9.9,23.6,16.8,3.9,9.2,52.0,88.0,34.0,
2009-09-19,0.0,11.2,24.8,18.0,2.2,11.7,41.0,86.0,28.0,
2009-09-20,0.0,12.9,23.0,18.0,1.4,5.8,63.0,86.0,37.0,
2009-09-21,0.0,10.0,23.7,16.8,2.2,11.9,57.0,88.0,32.0,
2009-09-22,1.8,9.3,24.0,16.6,2.2,9.7,61.0,90.0,36.0,
2009-09-23,3.4,14.3,20.9,17.6,2.2,10.0,79.0,92.0,69.0,
2009-09-24,0.0,14.0,24.6,19.3,1.7,9.2,70.0,95.0,44.0,
2009-09-25,0.0,12.0,27.8,19.9,2.5,8.9,50.0,91.0,24.0,
2009-09-26,0.0,9.4,21.7,15.6,1.7,6.7,68.0,85.0,51.0,
2009-09-27,14.6,14.8,17.4,16.1,1.9,9.2,85.0,92.0,77.0,
2009-09-28,20.8,14.5,16.4,15.4,2.2,8.6,92.0,95.0,82.0,
2009-09-29,0.8,14.3,20.6,17.4,1.4,8.1,86.0,96.0,67.0,
2009-09-30,5.6,12.8,20.6,16.7,1.4,5.8,87.0,96.0,68.0,
2009-10-01,0.0,12.6,24.5,18.6,1.4,8.9,71.0,86.0,47.0,
2009-10-02,0.0,14.8,27.3,21.0,1.4,9.2,53.0,81.0,32.0,
2009-10-03,0.0,12.8,27.8,20.3,3.3,7.5,48.0,81.0,24.0,
2009-10-04,0.0,11.9,28.8,20.4,2.8,7.8,46.0,79.0,27.0,
2009-10-05,0.0,11.2,30.0,20.6,1.9,6.7,48.0,89.0,24.0,
2009-10-06,0.0,11.8,28.8,20.3,1.4,5.8,48.0,85.0,32.0,
2009-10-07,0.0,12.1,29.8,21.0,1.4,6.1,56.0,89.0,36.0,
2009-10-08,0.1,15.6,27.4,21.5,1.4,7.2,69.0,88.0,41.0,
2009-10-09,0.0,14.2,26.7,20.4,1.1,6.1,66.0,88.0,38.0,
2009-10-10,0.0,14.1,26.8,20.4,1.9,6.7,57.0,93.0,34.0,
2009-10-11,0.0,12.9,25.5,19.2,1.7,7.8,66.0,93.0,39.0,
2009-10-12,0.0,11.4,25.5,18.4,3.1,10.3,54.0,90.0,31.0,
2009-10-13,0.2,11.7,21.2,16.4,1.7,8.3,89.0,95.0,67.0,
2009-10-14,0.0,8.5,24.2,16.4,1.1,6.4,69.0,96.0,41.0,
2009-10-15,0.0,11.2,22.3,16.8,2.2,6.4,76.0,95.0,55.0,
2009-10-16,0.2,11.5,19.4,15.4,1.9,7.8,82.0,94.0,62.0,
2009-10-17,0.0,9.7,22.6,16.2,1.9,6.4,68.0,94.0,37.0,
2009-10-18,0.0,6.3,20.8,13.6,2.5,8.1,62.0,91.0,27.0,
2009-10-19,0.0,10.3,22.5,16.4,2.5,8.9,67.0,91.0,37.0,
2009-10-20,0.5,11.9,19.8,15.8,2.5,9.7,75.0,85.0,54.0,
2009-10-21,0.0,8.5,18.3,13.4,1.7,22.2,58.0,89.0,34.0,
2009-10-22,3.9,11.4,20.1,15.8,5.0,20.3,49.0,88.0,32.0,
2009-10-23,0.0,6.3,23.2,14.8,1.9,8.3,53.0,87.0,29.0,
2009-10-24,0.0,9.6,27.8,18.7,1.9,7.5,50.0,83.0,23.0,
2009-10-25,0.0,10.7,25.7,18.2,1.9,7.2,58.0,81.0,39.0,
2009-10-26,0.0,11.4,24.8,18.1,1.7,6.7,72.0,91.0,49.0,
2009-10-27,0.0,9.3,24.7,17.0,1.7,6.4,72.0,95.0,45.0,
2009-10-28,0.0,9.3,21.1,15.2,1.4,5.0,80.0,96.0,62.0,
2009-10-29,0.0,8.9,27.6,18.2,1.9,6.7,51.0,93.0,27.0,
2009-10-30,0.0,13.9,29.0,21.4,2.5,8.3,44.0,65.0,26.0,
2009-10-31,0.0,13.0,27.0,20.0,2.5,7.8,52.0,76.0,30.0,
2009-11-01,0.0,10.9,24.9,17.9,2.8,7.2,61.0,83.0,39.0,
2009-11-02,0.0,10.0,25.7,17.8,1.9,11.4,52.0,83.0,24.0,
2009-11-03,0.0,7.0,26.4,16.7,1.9,10.3,44.0,83.0,24.0,
2009-11-04,0.0,10.9,22.8,16.8,2.2,13.9,46.0,62.0,22.0,
2009-11-05,0.2,5.7,15.9,10.8,3.3,15.3,54.0,86.0,33.0,
2009-11-06,0.0,8.2,16.7,12.4,2.8,15.8,54.0,76.0,40.0,
2009-11-07,0.0,8.4,22.8,15.6,4.7,18.9,46.0,82.0,18.0,
2009-11-08,0.0,6.7,16.0,11.4,2.5,14.4,42.0,66.0,30.0,
2009-11-09,0.0,9.4,15.2,12.3,4.2,19.4,34.0,47.0,27.0,
2009-11-10,0.0,3.4,17.7,10.6,2.2,14.2,54.0,75.0,24.0,
2009-11-11,0.0,7.3,20.7,14.0,1.7,9.7,55.0,78.0,32.0,
2009-11-12,0.0,5.8,20.6,13.2,2.8,9.2,54.0,72.0,34.0,
2009-11-13,0.0,5.5,21.1,13.3,1.9,8.9,39.0,65.0,24.0,
2009-11-14,0.0,8.5,26.6,17.6,2.8,10.3,34.0,55.0,19.0,
2009-11-15,0.0,7.5,27.3,17.4,3.9,19.2,39.0,65.0,20.0,
2009-11-16,0.0,10.5,27.2,18.8,4.4,14.2,29.0,59.0,18.0,
2009-11-17,0.0,9.9,25.0,17.4,2.2,9.4,39.0,64.0,19.0,
2009-11-18,0.0,7.9,20.9,14.4,1.7,7.2,45.0,74.0,29.0,
2009-11-19,0.0,6.1,17.7,11.9,2.8,6.4,58.0,81.0,42.0,
2009-11-20,0.0,4.7,19.4,12.0,1.4,7.2,70.0,90.0,42.0,
2009-11-21,0.0,8.0,19.2,13.6,2.2,7.8,74.0,91.0,54.0,
2009-11-22,0.0,6.3,21.5,13.9,1.7,8.6,52.0,94.0,34.0,
2009-11-23,0.0,2.0,16.5,9.2,1.4,6.9,62.0,91.0,40.0,
2009-11-24,0.0,2.9,18.8,10.8,1.9,8.6,55.0,81.0,30.0,
2009-11-25,0.0,2.9,20.7,11.8,1.7,9.4,48.0,80.0,27.0,
2009-11-26,0.8,8.5,20.6,14.6,1.7,7.5,65.0,94.0,41.0,
2009-11-27,0.2,5.4,18.0,11.7,2.5,8.6,59.0,84.0,44.0,
2009-11-28,0.0,1.9,16.3,9.1,2.5,7.2,66.0,89.0,40.0,
2009-11-29,0.2,4.0,13.7,8.8,2.5,13.3,81.0,85.0,55.0,
2009-11-30,,1.0,11.1,6.0,3.1,18.3,58.0,85.0,36.0,
2009-12-01,0.2,4.4,12.5,8.4,3.6,15.8,42.0,73.0,25.0,
2009-12-02,0.0,,,,2.2,,66.0,,,
2009-12-03,0.0,4.8,12.4,8.6,2.8,13.9,60.0,90.0,50.0,
2009-12-04,0.0,,,,,,,,,
2009-12-05,0.0,1.7,15.0,8.4,2.5,9.7,60.0,78.0,36.0,
2009-12-06,0.0,0.6,17.1,8.8,1.4,7.5,52.0,79.0,28.0,
2009-12-07,0.0,1.5,16.0,8.8,2.5,7.8,45.0,88.0,31.0,
2009-12-08,0.0,4.9,17.5,11.2,2.5,8.6,62.0,89.0,43.0,
2009-12-09,0.0,3.9,15.7,9.8,2.5,7.2,72.0,94.0,53.0,
2009-12-10,0.0,2.2,14.2,8.2,1.4,6.7,78.0,95.0,59.0,
2009-12-11,0.0,2.2,15.4,8.8,1.7,8.9,69.0,90.0,50.0,
2009-12-12,0.0,3.4,16.5,10.0,2.8,8.1,58.0,86.0,33.0,
2009-12-13,7.3,4.8,10.9,7.8,1.9,7.8,80.0,95.0,70.0,
2009-12-14,6.2,0.6,4.8,2.7,2.2,18.3,88.0,95.0,63.0,
2009-12-15,0.0,-3.0,6.4,1.7,1.9,12.2,54.0,74.0,35.0,
2009-12-16,0.5,-3.2,14.1,5.4,2.2,21.1,70.0,82.0,41.0,
2009-12-17,0.0,4.7,15.4,10.0,8.6,24.7,45.0,76.0,31.0,
2009-12-18,,3.2,11.8,7.5,2.5,9.2,75.0,94.0,59.0,
2009-12-19,3.0,-3.2,3.6,0.2,1.9,11.1,70.0,95.0,53.0,
2009-12-20,,-7.3,4.5,-1.4,1.1,7.2,65.0,90.0,31.0,
2009-12-21,0.9,1.8,12.7,7.2,2.5,10.3,89.0,95.0,68.0,
2009-12-22,0.7,9.2,17.0,13.1,5.6,20.0,66.0,84.0,47.0,
2009-12-23,2.0,7.1,19.2,13.2,6.7,28.9,63.0,88.0,36.0,
2009-12-24,,11.8,16.8,14.3,5.3,18.3,69.0,91.0,47.0,
2009-12-27,0.0,1.6,13.2,7.4,1.7,7.2,75.0,92.0,49.0,
2009-12-28,0.0,2.5,20.0,11.2,1.9,10.0,64.0,88.0,44.0,
2009-12-29,0.0,11.6,22.0,16.8,5.0,16.4,65.0,86.0,53.0,
2009-12-30,0.9,7.1,19.4,13.2,3.6,21.4,60.0,86.0,39.0,
2009-12-31,2.1,5.5,14.8,10.2,5.8,17.2,67.0,84.0,52.0,
2010-01-01,0.2,4.1,11.9,8.0,3.9,26.1,51.0,79.0,42.0,
2010-01-02,0.0,2.4,14.4,8.4,2.5,7.5,69.0,88.0,46.0,
2010-01-03,4.5,0.9,13.2,7.0,1.1,8.9,78.0,95.0,54.0,
2010-01-04,2.4,5.4,11.5,8.4,1.7,8.6,91.0,96.0,74.0,
2010-01-05,0.2,5.6,15.3,10.4,2.8,10.3,69.0,91.0,50.0,
2010-01-06,4.6,2.1,11.0,6.6,1.4,11.1,70.0,90.0,51.0,
2010-01-07,9.1,2.8,6.0,4.4,1.1,6.9,94.0,95.0,79.0,
2010-01-08,0.0,0.2,3.7,2.0,3.6,15.6,53.0,95.0,42.0,
2010-01-09,0.0,-3.1,5.0,1.0,3.3,17.2,38.0,74.0,30.0,
2010-01-10,1.7,-4.3,5.6,0.6,0.6,5.8,69.0,95.0,31.0,
2010-01-11,0.2,-2.1,8.2,3.0,0.8,4.4,91.0,98.0,78.0,
2010-01-12,0.7,0.9,13.0,7.0,3.3,19.2,72.0,95.0,53.0,
2010-01-13,1.3,6.6,14.5,10.6,3.9,18.6,63.0,93.0,46.0,
2010-01-14,0.1,6.3,14.4,10.4,7.5,29.2,44.0,95.0,40.0,
2010-01-15,0.0,4.8,14.7,9.8,2.5,21.7,50.0,73.0,32.0,
2010-01-16,0.0,4.5,17.3,10.9,1.7,8.1,59.0,79.0,37.0,
2010-01-17,0.0,6.5,17.6,12.0,1.4,7.2,69.0,88.0,45.0,
2010-01-18,0.0,2.6,12.8,7.7,1.1,6.7,87.0,95.0,64.0,
2010-01-19,0.0,7.0,16.3,11.6,3.1,7.5,74.0,95.0,60.0,
2010-01-20,0.0,3.7,16.7,10.2,1.7,13.1,61.0,91.0,42.0,
2010-01-21,0.0,2.5,13.8,8.2,2.2,6.9,66.0,87.0,44.0,
2010-01-22,0.0,1.6,14.6,8.1,1.9,6.1,64.0,89.0,38.0,
2010-01-23,0.4,5.0,10.1,7.6,1.1,5.8,85.0,94.0,68.0,
2010-01-24,3.0,5.8,10.7,8.2,1.9,7.8,80.0,94.0,65.0,
2010-01-25,21.5,4.7,7.4,6.0,1.9,8.6,89.0,94.0,81.0,
2010-01-26,9.8,3.1,5.6,4.4,3.6,13.6,89.0,94.0,74.0,
2010-01-27,1.3,-1.3,3.9,1.3,1.7,8.1,89.0,96.0,67.0,
2010-01-28,0.0,-2.0,12.4,5.2,1.7,10.8,61.0,96.0,28.0,
2010-01-29,0.0,1.7,13.7,7.7,2.5,11.4,53.0,76.0,29.0,
2010-01-30,0.0,0.8,11.5,6.2,1.9,10.0,63.0,86.0,39.0,
2010-01-31,0.0,2.3,12.9,7.6,,11.7,,77.0,37.0,
2010-02-01,0.0,1.3,11.7,6.5,1.9,10.0,56.0,91.0,36.0,
2010-02-02,0.0,0.7,10.5,5.6,2.2,7.2,74.0,89.0,55.0,
2010-02-03,0.0,-2.1,12.4,5.2,1.1,6.4,75.0,95.0,52.0,
2010-02-04,0.0,4.7,15.0,9.8,1.7,9.7,83.0,95.0,60.0,
2010-02-05,0.6,5.5,16.6,11.0,2.5,15.8,52.0,83.0,37.0,
2010-02-06,0.0,2.4,20.1,11.2,1.4,11.1,49.0,88.0,20.0,
2010-02-07,0.0,4.2,15.2,9.7,1.9,8.3,60.0,78.0,40.0,
2010-02-08,1.4,5.6,13.4,9.5,2.5,12.2,55.0,88.0,41.0,
2010-02-09,1.0,4.9,12.7,8.8,2.2,14.7,64.0,86.0,48.0,
2010-02-10,0.4,1.1,10.4,5.8,1.1,9.2,67.0,92.0,44.0,
2010-02-11,0.0,0.0,8.9,4.4,3.6,12.5,50.0,93.0,29.0,
2010-02-12,1.2,-3.4,7.8,2.2,2.5,8.6,40.0,70.0,24.0,
2010-02-13,2.8,0.0,2.2,1.1,1.1,5.3,91.0,95.0,69.0,
2010-02-14,2.2,-0.4,7.9,3.8,1.7,7.2,75.0,95.0,56.0,
2010-02-15,4.6,1.8,3.4,2.6,1.7,5.0,94.0,95.0,90.0,
2010-02-16,0.6,2.6,9.0,5.8,1.1,6.4,94.0,97.0,88.0,
2010-02-17,0.0,2.9,14.5,8.7,4.2,19.7,71.0,97.0,50.0,
2010-02-18,16.8,2.7,9.7,6.2,1.7,7.5,79.0,95.0,60.0,
2010-02-19,2.2,1.3,11.1,6.2,1.4,10.8,74.0,96.0,54.0,
2010-02-20,0.4,-0.8,12.4,5.8,2.2,10.0,60.0,93.0,27.0,
2010-02-21,0.0,2.8,14.2,8.5,2.5,10.0,78.0,91.0,61.0,
2010-02-22,0.6,5.1,18.2,11.6,5.8,20.8,58.0,87.0,29.0,
2010-02-23,1.4,8.7,17.0,12.8,6.7,28.1,56.0,82.0,36.0,
2010-02-24,0.0,5.4,18.0,11.7,6.4,24.7,48.0,84.0,31.0,
2010-02-25,0.0,5.0,20.0,12.5,4.7,17.8,60.0,89.0,36.0,
2010-02-26,0.0,8.0,14.6,11.3,1.1,7.5,73.0,94.0,60.0,
2010-02-27,0.0,8.3,22.8,15.6,3.9,28.3,53.0,89.0,26.0,
2010-02-28,0.0,6.4,18.2,12.3,1.7,18.6,62.0,84.0,33.0,
2010-03-01,0.0,4.2,17.7,11.0,1.7,10.8,46.0,81.0,25.0,
2010-03-02,16.0,3.3,12.8,8.0,1.4,7.8,76.0,95.0,47.0,
2010-03-03,0.2,6.5,17.2,11.8,2.8,10.8,66.0,96.0,37.0,
2010-03-04,0.0,6.6,18.1,12.4,1.7,8.9,63.0,89.0,38.0,
2010-03-05,8.4,6.0,12.4,9.2,2.2,7.2,80.0,93.0,65.0,
2010-03-06,0.0,3.5,7.8,5.6,1.7,9.2,77.0,94.0,60.0,
2010-03-07,0.6,5.2,13.3,9.2,1.4,6.1,81.0,93.0,63.0,
2010-03-08,0.8,2.0,9.7,5.8,2.5,9.7,72.0,95.0,49.0,
2010-03-09,0.0,-0.7,11.4,5.4,2.2,11.1,49.0,90.0,30.0,
2010-03-10,0.0,-3.1,11.1,4.0,1.7,8.9,44.0,76.0,26.0,
2010-03-11,3.6,-2.8,12.4,4.8,1.9,7.2,57.0,89.0,33.0,
2010-03-12,1.4,2.1,6.5,4.3,1.4,5.0,81.0,93.0,67.0,
2010-03-13,0.0,1.3,10.9,6.1,1.9,10.0,60.0,91.0,38.0,
2010-03-14,0.0,-0.8,13.5,6.4,2.2,7.8,52.0,89.0,28.0,
2010-03-15,0.0,-1.2,16.0,7.4,1.9,6.9,50.0,88.0,22.0,
2010-03-16,0.0,-0.5,15.0,7.2,1.7,6.9,64.0,92.0,42.0,
2010-03-17,0.0,1.3,16.6,9.0,1.7,8.3,53.0,88.0,26.0,
2010-03-18,0.0,3.3,15.9,9.6,0.8,5.8,71.0,89.0,58.0,
2010-03-19,0.0,7.7,18.3,13.0,1.1,6.7,74.0,89.0,46.0,
2010-03-20,2.6,11.0,21.4,16.2,2.5,8.9,55.0,94.0,36.0,
2010-03-21,9.0,8.5,13.6,11.0,0.3,6.1,90.0,95.0,84.0,
2010-03-22,0.0,7.6,19.3,13.4,1.9,6.9,65.0,93.0,48.0,
2010-03-23,0.0,6.1,16.2,11.2,1.4,6.7,83.0,95.0,70.0,
2010-03-24,0.0,8.4,16.1,12.2,1.9,9.2,79.0,94.0,67.0,
2010-03-25,0.0,4.8,19.8,12.3,3.1,13.9,63.0,96.0,42.0,
2010-03-26,0.0,5.7,20.2,13.0,,9.4,54.0,82.0,30.0,
2010-03-27,0.0,3.6,19.9,11.8,1.7,7.2,55.0,87.0,33.0,
2010-03-28,0.0,5.5,22.7,14.1,1.9,7.8,52.0,86.0,26.0,
2010-03-29,0.0,4.8,23.6,14.2,3.9,15.0,46.0,93.0,18.0,
2010-03-30,0.0,5.1,19.0,12.0,5.6,21.7,38.0,77.0,22.0,
2010-03-31,0.0,3.1,19.7,11.4,2.2,8.1,49.0,83.0,27.0,
2010-04-01,0.0,3.3,19.0,11.2,2.2,6.9,54.0,83.0,28.0,
2010-04-02,0.0,3.1,19.5,11.3,2.2,7.8,53.0,88.0,33.0,
2010-04-03,0.0,4.3,20.0,12.2,1.7,6.7,54.0,87.0,32.0,
2010-04-04,0.0,5.5,17.5,11.5,1.9,10.0,39.0,75.0,23.0,
2010-04-05,0.0,2.1,13.9,8.0,2.2,8.3,60.0,92.0,44.0,
2010-04-06,0.0,4.4,16.7,10.6,1.7,6.7,64.0,91.0,49.0,
2010-04-07,0.0,6.3,23.2,14.8,2.8,11.4,40.0,94.0,21.0,
2010-04-08,0.0,3.4,19.9,11.6,2.2,6.9,50.0,87.0,25.0,
2010-04-09,0.0,4.9,17.7,11.3,2.2,9.2,60.0,93.0,42.0,
2010-04-10,0.0,2.2,16.1,9.2,2.5,8.9,66.0,93.0,46.0,
2010-04-11,0.0,2.4,20.0,11.2,1.9,8.1,54.0,93.0,35.0,
2010-04-12,11.6,6.8,20.0,13.4,1.7,8.3,73.0,94.0,43.0,
2010-04-13,2.2,8.5,10.1,9.3,1.9,5.6,93.0,95.0,91.0,
2010-04-14,0.2,8.5,14.3,11.4,1.7,6.4,89.0,94.0,72.0,
2010-04-15,0.0,7.6,16.4,12.0,1.1,5.8,78.0,92.0,62.0,
2010-04-16,10.6,9.8,12.4,11.1,1.4,6.4,91.0,95.0,83.0,
2010-04-17,2.0,9.7,15.7,12.7,2.2,7.2,86.0,95.0,69.0,
2010-04-18,22.2,8.8,16.9,12.8,1.1,7.8,88.0,95.0,62.0,
2010-04-19,0.0,6.4,20.0,13.2,2.2,6.7,66.0,94.0,45.0,
2010-04-20,0.0,9.1,20.2,14.6,1.9,6.4,66.0,92.0,49.0,
2010-04-21,7.2,7.1,22.1,14.6,2.5,8.3,56.0,93.0,39.0,
2010-04-22,3.4,10.1,18.8,14.4,0.8,9.7,82.0,95.0,59.0,
2010-04-23,0.0,8.0,22.6,15.3,2.2,7.5,61.0,91.0,41.0,
2010-04-24,0.4,9.8,24.3,17.0,1.4,6.9,60.0,89.0,41.0,
2010-04-25,0.0,10.3,23.7,17.0,1.4,7.2,64.0,92.0,42.0,
2010-04-26,0.0,8.3,24.3,16.3,1.9,9.7,48.0,91.0,28.0,
2010-04-27,0.0,10.7,28.4,19.6,2.5,7.8,46.0,83.0,28.0,
2010-04-28,0.0,9.5,25.8,17.6,2.2,7.8,53.0,89.0,33.0,
2010-04-29,0.0,8.6,26.6,17.6,1.7,6.7,43.0,91.0,25.0,
2010-04-30,0.0,10.1,25.6,17.8,1.7,8.9,55.0,88.0,32.0,
2010-05-01,0.0,10.9,25.2,18.0,1.9,8.3,63.0,94.0,39.0,
2010-05-02,0.0,10.6,22.9,16.8,2.5,8.9,64.0,94.0,46.0,
2010-05-03,0.0,9.2,19.4,14.3,2.8,18.3,55.0,94.0,30.0,
2010-05-04,0.0,5.4,13.4,9.4,3.6,14.7,40.0,71.0,33.0,
2010-05-05,0.0,6.7,17.3,12.0,3.1,13.3,38.0,64.0,32.0,
2010-05-06,0.0,3.7,20.7,12.2,1.9,9.2,42.0,81.0,27.0,
2010-05-07,0.0,7.4,21.4,14.4,2.2,7.8,59.0,93.0,36.0,
2010-05-08,0.0,9.5,23.8,16.6,3.6,12.2,45.0,78.0,28.0,
2010-05-09,0.0,8.7,23.9,16.3,2.2,13.9,59.0,89.0,33.0,
2010-05-10,0.0,9.2,24.2,16.7,3.9,11.4,46.0,77.0,29.0,
2010-05-11,0.0,10.4,23.3,16.8,3.6,13.6,49.0,83.0,29.0,
2010-05-12,0.0,7.1,20.0,13.6,4.2,13.9,47.0,77.0,29.0,
2010-05-13,0.2,5.2,20.4,12.8,3.3,12.2,47.0,86.0,27.0,
2010-05-14,1.0,5.6,16.8,11.2,3.9,16.4,43.0,84.0,26.0,
2010-05-15,0.0,8.0,19.5,13.8,2.5,12.2,38.0,68.0,28.0,
2010-05-16,0.0,4.7,22.8,13.8,2.5,8.1,32.0,75.0,21.0,
2010-05-17,0.0,4.9,24.8,14.8,2.8,8.9,42.0,86.0,20.0,
2010-05-18,0.0,7.1,26.0,16.6,2.2,7.5,44.0,90.0,25.0,
2010-05-19,0.0,8.1,29.1,18.6,2.5,10.0,34.0,84.0,14.0,
2010-05-20,0.0,8.7,24.6,16.6,2.8,9.7,48.0,89.0,29.0,
2010-05-21,0.0,7.2,25.6,16.4,2.5,10.3,39.0,86.0,23.0,
2010-05-22,0.0,7.1,26.0,16.6,2.8,10.0,37.0,74.0,27.0,
2010-05-23,1.6,10.4,27.3,18.8,2.8,8.9,40.0,80.0,23.0,
2010-05-24,0.0,10.8,27.4,19.1,2.8,9.2,38.0,82.0,23.0,
2010-05-25,0.0,7.2,28.4,17.8,2.2,11.1,35.0,83.0,21.0,
2010-05-26,0.0,12.2,30.1,21.2,2.2,7.8,39.0,75.0,22.0,
2010-05-27,0.4,11.8,28.1,20.0,2.5,17.5,45.0,86.0,24.0,
2010-05-28,35.0,10.1,22.3,16.2,2.5,13.9,75.0,96.0,53.0,
2010-05-29,0.0,8.6,25.3,17.0,1.7,9.2,50.0,94.0,30.0,
2010-05-30,0.0,10.9,29.8,20.4,2.2,8.9,39.0,83.0,25.0,
2010-05-31,0.0,15.1,32.6,23.8,2.8,12.5,32.0,73.0,21.0,
2010-06-01,0.0,16.0,34.4,25.2,2.2,7.2,33.0,74.0,22.0,
2010-06-02,0.0,16.7,31.4,24.0,2.2,6.9,43.0,79.0,31.0,
2010-06-03,3.2,15.0,31.5,23.2,3.1,14.2,52.0,93.0,29.0,
2010-06-04,0.0,15.4,30.2,22.8,1.9,7.5,56.0,89.0,36.0,
2010-06-05,0.0,14.8,32.9,23.8,1.9,9.4,47.0,93.0,26.0,
2010-06-06,0.2,15.1,30.6,22.8,2.2,10.8,44.0,86.0,28.0,
2010-06-07,0.0,12.8,28.6,20.7,2.2,9.2,51.0,90.0,39.0,
2010-06-08,0.0,14.4,34.1,24.2,2.5,11.7,36.0,87.0,11.0,
2010-06-09,0.2,16.0,26.5,21.2,2.8,14.2,52.0,80.0,39.0,
2010-06-10,0.0,11.6,26.6,19.1,3.3,11.1,38.0,85.0,22.0,
2010-06-11,0.0,11.1,24.5,17.8,3.1,11.4,38.0,78.0,22.0,
2010-06-12,21.8,10.3,24.9,17.6,1.4,11.7,59.0,94.0,29.0,
2010-06-13,4.6,12.2,21.0,16.6,1.7,6.9,86.0,95.0,57.0,
2010-06-14,0.2,11.3,22.2,16.8,1.9,9.2,76.0,94.0,48.0,
2010-06-15,17.8,11.0,20.3,15.6,1.1,9.7,83.0,95.0,64.0,
2010-06-16,0.0,10.2,24.0,17.1,1.7,8.1,50.0,91.0,27.0,
2010-06-17,0.0,8.8,26.0,17.4,1.9,8.3,48.0,91.0,33.0,
2010-06-18,2.4,11.3,27.7,19.5,1.9,8.6,67.0,93.0,37.0,
2010-06-19,0.0,12.7,28.2,20.4,1.9,12.5,37.0,92.0,24.0,
2010-06-20,0.0,14.0,28.0,21.0,2.8,10.3,36.0,91.0,26.0,
2010-06-21,0.0,10.5,26.6,18.6,1.7,8.1,54.0,94.0,38.0,
2010-06-22,0.0,10.4,30.9,20.6,2.5,8.3,41.0,91.0,21.0,
2010-06-23,0.0,12.2,29.7,21.0,1.9,8.3,48.0,94.0,32.0,
2010-06-24,0.0,12.4,29.7,21.0,1.9,9.4,42.0,93.0,25.0,
2010-06-25,0.0,12.4,29.9,21.2,2.2,8.3,37.0,82.0,16.0,
2010-06-26,0.0,11.6,29.7,20.6,2.5,8.3,34.0,73.0,22.0,
2010-06-27,0.0,11.4,28.8,20.1,1.9,10.6,31.0,71.0,18.0,
2010-06-28,0.0,15.1,29.0,22.0,2.2,8.3,40.0,85.0,22.0,
2010-06-29,0.0,14.4,32.3,23.4,1.9,8.9,36.0,70.0,21.0,
2010-06-30,0.0,14.7,32.2,23.4,2.2,9.7,32.0,73.0,18.0,
2010-07-01,0.0,15.3,34.4,24.8,2.2,10.0,32.0,66.0,20.0,
2010-07-02,0.2,14.8,33.0,23.9,2.5,10.6,38.0,73.0,27.0,
2010-07-03,0.2,15.3,27.6,21.4,0.8,6.4,53.0,84.0,31.0,
2010-07-04,0.0,16.6,31.4,24.0,2.2,9.7,39.0,80.0,19.0,
2010-07-05,0.0,14.5,33.5,24.0,3.1,10.0,35.0,74.0,21.0,
2010-07-06,0.0,14.7,32.7,23.7,2.5,11.4,42.0,82.0,30.0,
2010-07-07,0.0,14.1,34.3,24.2,2.2,7.8,38.0,82.0,26.0,
2010-07-08,0.0,16.9,37.9,27.4,1.4,8.9,27.0,69.0,10.0,
2010-07-09,0.0,17.5,36.0,26.8,2.2,8.9,26.0,59.0,14.0,
2010-07-10,0.0,15.2,35.1,25.2,1.9,8.6,30.0,72.0,18.0,
2010-07-11,0.0,16.6,34.5,25.6,1.7,11.4,44.0,83.0,30.0,
2010-07-12,0.0,18.2,35.9,27.0,2.2,7.8,40.0,82.0,23.0,
2010-07-13,0.0,18.3,36.8,27.6,2.5,11.1,29.0,66.0,13.0,
2010-07-14,0.0,17.7,37.6,27.6,2.2,10.3,23.0,68.0,12.0,
2010-07-15,0.0,17.8,37.3,27.6,1.7,9.7,33.0,78.0,17.0,
2010-07-16,0.0,18.1,35.4,26.8,2.2,9.7,44.0,90.0,27.0,
2010-07-17,0.0,18.4,33.1,25.8,2.5,8.6,48.0,83.0,41.0,
2010-07-18,0.0,17.7,33.7,25.7,1.9,10.0,53.0,91.0,37.0,
2010-07-19,0.0,17.5,34.6,26.0,2.5,9.7,47.0,91.0,33.0,
2010-07-20,0.0,17.1,33.2,25.2,3.1,10.0,53.0,88.0,36.0,
2010-07-21,0.0,17.2,34.8,26.0,2.8,9.4,41.0,90.0,25.0,
2010-07-22,0.0,17.6,34.5,26.0,2.8,11.4,41.0,85.0,31.0,
2010-07-23,0.0,17.9,33.0,25.4,2.8,10.8,57.0,94.0,33.0,
2010-07-24,0.0,20.5,30.8,25.6,2.8,8.6,61.0,90.0,47.0,
2010-07-25,0.0,18.3,34.6,26.4,2.2,8.1,57.0,91.0,30.0,
2010-07-26,0.0,17.7,32.9,25.3,2.2,9.7,56.0,91.0,33.0,
2010-07-27,0.0,15.7,31.3,23.5,2.8,10.3,51.0,89.0,37.0,
2010-07-28,0.0,14.0,34.1,24.0,1.9,8.6,40.0,89.0,26.0,
2010-07-29,0.0,17.7,35.8,26.8,1.4,8.1,37.0,81.0,20.0,
2010-07-30,0.0,17.2,32.0,24.6,2.5,9.7,62.0,91.0,38.0,
2010-07-31,0.0,17.4,33.6,25.5,2.2,9.4,50.0,93.0,27.0,
2010-08-01,0.0,17.4,36.3,26.8,1.9,9.2,44.0,85.0,20.0,
2010-08-02,0.0,16.2,34.4,25.3,2.2,11.1,49.0,86.0,30.0,
2010-08-03,0.0,19.8,32.0,25.9,2.8,10.3,58.0,87.0,39.0,
2010-08-04,0.0,18.9,33.6,26.2,3.1,8.9,47.0,83.0,31.0,
2010-08-05,0.0,16.5,32.6,24.6,2.5,10.0,51.0,92.0,37.0,
2010-08-06,0.0,17.7,31.0,24.4,2.8,9.7,53.0,85.0,41.0,
2010-08-07,0.0,15.9,31.7,23.8,2.2,10.8,51.0,93.0,38.0,
2010-08-08,0.0,18.9,34.0,26.4,1.9,8.3,32.0,66.0,17.0,
2010-08-09,0.0,19.2,35.6,27.4,2.2,7.8,33.0,58.0,17.0,
2010-08-10,1.6,22.2,36.4,29.3,3.3,11.7,41.0,77.0,25.0,
2010-08-11,0.0,20.9,39.3,30.1,2.5,14.4,30.0,73.0,14.0,
2010-08-12,0.0,17.0,34.4,25.7,2.5,9.4,41.0,80.0,19.0,
2010-08-13,17.4,15.8,27.9,21.8,2.8,10.8,74.0,94.0,50.0,
2010-08-14,0.0,16.7,26.8,21.8,1.7,6.7,76.0,94.0,56.0,
2010-08-15,0.0,19.1,30.1,24.6,2.5,8.1,55.0,89.0,40.0,
2010-08-16,3.6,15.4,24.3,19.8,1.4,6.4,75.0,94.0,55.0,
2010-08-17,12.8,17.1,22.7,19.9,1.4,6.1,87.0,94.0,74.0,
2010-08-18,7.6,15.6,29.9,22.8,1.7,14.2,54.0,95.0,33.0,
2010-08-19,13.8,16.2,25.4,20.8,1.1,8.3,84.0,94.0,67.0,
2010-08-20,0.2,15.8,30.3,23.0,2.2,6.9,58.0,95.0,33.0,
2010-08-21,0.0,17.4,31.2,24.3,1.9,7.5,57.0,95.0,31.0,
2010-08-22,0.0,16.9,32.7,24.8,1.7,7.2,57.0,93.0,39.0,
2010-08-23,0.0,17.6,35.6,26.6,2.2,8.6,45.0,78.0,17.0,
2010-08-24,0.0,17.6,33.8,25.7,1.7,7.5,39.0,73.0,22.0,
2010-08-25,0.0,16.3,33.5,24.9,1.9,8.1,39.0,68.0,27.0,
2010-08-26,0.0,16.0,36.0,26.0,2.2,8.6,37.0,82.0,24.0,
2010-08-27,0.0,19.4,40.1,29.8,3.1,10.0,25.0,63.0,10.0,
2010-08-28,0.0,19.6,33.8,26.7,2.2,9.2,49.0,83.0,25.0,
2010-08-29,0.0,20.8,30.6,25.7,2.2,7.5,63.0,87.0,45.0,
2010-08-30,0.0,16.2,31.7,24.0,1.7,8.1,61.0,95.0,31.0,
2010-08-31,0.0,19.6,28.6,24.1,2.5,10.3,66.0,91.0,42.0,
2010-09-01,0.0,16.3,28.2,22.2,1.4,8.6,62.0,91.0,45.0,
2010-09-02,1.2,14.7,26.8,20.8,1.9,7.5,73.0,93.0,45.0,
2010-09-03,0.0,14.4,28.7,21.6,1.9,8.1,62.0,94.0,40.0,
2010-09-04,0.0,14.4,31.6,23.0,2.8,6.9,52.0,94.0,26.0,
2010-09-05,0.0,15.2,32.0,23.6,1.9,8.6,41.0,83.0,23.0,
2010-09-06,0.0,13.7,33.9,23.8,2.5,9.2,36.0,78.0,19.0,
2010-09-07,0.0,14.5,29.6,22.0,3.3,15.3,38.0,69.0,25.0,
2010-09-08,0.0,15.8,30.1,23.0,1.9,11.7,45.0,73.0,19.0,
2010-09-09,0.0,11.6,27.9,19.8,1.9,10.0,37.0,77.0,22.0,
2010-09-10,0.0,12.4,28.4,20.4,2.5,8.9,51.0,88.0,29.0,
2010-09-11,0.0,11.5,27.4,19.4,1.7,8.9,61.0,92.0,40.0,
2010-09-12,0.0,12.2,28.8,20.5,3.1,8.6,51.0,93.0,30.0,
2010-09-13,0.0,12.5,29.7,21.1,1.1,7.8,50.0,92.0,30.0,
2010-09-14,0.0,13.6,30.2,21.9,2.2,8.3,59.0,86.0,33.0,
2010-09-15,0.0,16.1,30.6,23.4,1.1,8.3,63.0,92.0,38.0,
2010-09-16,1.2,16.1,26.1,21.1,0.8,8.3,69.0,85.0,46.0,
2010-09-17,0.0,14.9,28.4,21.6,2.2,12.5,62.0,92.0,25.0,
2010-09-18,0.0,12.7,27.7,20.2,2.5,8.6,48.0,91.0,31.0,
2010-09-19,0.0,12.3,27.3,19.8,1.1,8.3,60.0,93.0,43.0,
2010-09-20,5.8,15.4,23.6,19.5,0.6,6.1,77.0,93.0,62.0,
2010-09-21,0.2,12.6,26.5,19.6,1.9,6.1,65.0,95.0,44.0,
2010-09-22,0.0,13.3,27.2,20.2,1.7,7.8,67.0,91.0,36.0,
2010-09-23,1.2,16.2,22.9,19.6,1.4,9.2,80.0,94.0,68.0,
2010-09-24,0.0,14.1,27.0,20.6,1.7,10.0,54.0,84.0,32.0,
2010-09-25,0.0,13.5,26.0,19.8,2.2,8.6,50.0,78.0,34.0,
2010-09-26,0.0,9.2,24.1,16.6,1.7,7.5,48.0,90.0,32.0,
2010-09-27,0.0,8.8,24.5,16.6,2.2,7.2,62.0,89.0,43.0,
2010-09-28,0.0,13.9,26.1,20.0,2.2,7.5,49.0,89.0,22.0,
2010-09-29,0.0,9.8,28.2,19.0,2.2,7.2,42.0,84.0,22.0,
2010-09-30,0.0,12.4,28.6,20.5,2.2,7.5,41.0,69.0,24.0,
2010-10-01,0.0,10.5,28.3,19.4,2.5,7.5,41.0,74.0,23.0,
2010-10-02,0.0,10.1,27.1,18.6,1.7,7.8,57.0,80.0,36.0,
2010-10-03,0.0,14.0,29.5,21.8,3.1,17.2,37.0,70.0,18.0,
2010-10-04,0.0,13.2,22.8,18.0,2.8,13.6,45.0,78.0,31.0,
2010-10-05,0.0,8.8,25.4,17.1,2.2,6.7,51.0,79.0,26.0,
2010-10-06,0.0,8.9,26.4,17.6,1.7,7.5,57.0,88.0,27.0,
2010-10-07,0.0,16.3,24.9,20.6,0.8,6.7,72.0,88.0,52.0,
2010-10-08,0.0,16.9,26.3,21.6,1.9,8.1,70.0,87.0,50.0,
2010-10-09,7.0,13.5,24.8,19.2,2.8,9.7,76.0,94.0,54.0,
2010-10-10,0.0,10.9,21.4,16.2,1.1,8.3,66.0,92.0,41.0,
2010-10-11,0.0,6.7,19.9,13.3,1.9,8.6,66.0,92.0,38.0,
2010-10-12,5.2,8.9,21.5,15.2,2.2,13.3,62.0,90.0,36.0,
2010-10-13,0.0,13.4,23.3,18.4,2.2,18.3,62.0,81.0,41.0,
2010-10-14,0.0,10.7,25.6,18.2,1.7,6.9,63.0,88.0,33.0,
2010-10-15,0.2,10.8,23.1,17.0,2.2,7.2,67.0,85.0,43.0,
2010-10-16,0.0,9.6,21.7,15.6,2.5,7.2,66.0,85.0,42.0,
2010-10-17,0.0,5.8,20.2,13.0,1.7,10.8,53.0,92.0,24.0,
2010-10-18,0.0,2.1,20.0,11.0,2.5,8.9,42.0,87.0,14.0,
2010-10-19,0.0,2.4,20.6,11.5,2.2,8.3,34.0,67.0,18.0,
2010-10-20,0.0,4.2,22.5,13.4,3.1,8.1,34.0,87.0,16.0,
2010-10-21,0.0,5.0,21.6,13.3,2.5,6.9,62.0,91.0,32.0,
2010-10-22,0.0,4.9,20.3,12.6,1.4,6.7,65.0,92.0,44.0,
2010-10-23,0.0,8.4,20.9,14.6,1.9,6.1,67.0,89.0,42.0,
2010-10-24,0.0,6.3,23.2,14.8,2.8,9.2,49.0,94.0,28.0,
2010-10-25,0.0,5.6,20.7,13.2,2.8,10.8,46.0,70.0,23.0,
2010-10-26,0.0,,,,,7.5,,,,
2010-10-27,0.0,3.8,22.4,13.1,,9.4,19.0,39.0,9.0,
2010-10-28,0.0,6.4,23.0,14.7,3.1,8.3,22.0,48.0,12.0,
2010-10-29,0.0,3.5,21.3,12.4,2.2,10.0,44.0,69.0,28.0,
2010-10-30,0.8,7.9,16.3,12.1,3.6,11.7,63.0,88.0,47.0,
2010-10-31,1.0,10.3,16.7,13.5,2.5,23.6,74.0,94.0,40.0,
2010-11-01,0.0,8.1,18.1,13.1,3.6,18.9,50.0,78.0,42.0,
2010-11-02,0.0,11.6,18.2,14.9,2.5,12.8,49.0,63.0,34.0,
2010-11-03,0.0,5.0,21.1,13.0,2.2,7.5,56.0,85.0,31.0,
2010-11-04,0.0,4.9,21.5,13.2,1.7,8.1,63.0,89.0,35.0,
2010-11-05,0.0,,19.1,,,8.9,,91.0,48.0,
2010-11-06,0.0,8.2,19.4,13.8,1.9,8.3,63.0,93.0,38.0,
2010-11-07,0.7,7.2,21.1,14.2,2.2,10.0,52.0,82.0,27.0,
2010-11-08,0.0,5.5,17.4,11.4,4.7,26.1,53.0,89.0,30.0,
2010-11-09,0.2,11.4,18.4,14.9,5.3,25.3,52.0,59.0,38.0,
2010-11-10,0.0,5.8,15.1,10.4,2.8,24.2,57.0,73.0,38.0,
2010-11-11,0.0,0.5,19.6,10.0,2.2,7.5,54.0,92.0,20.0,
2010-11-12,0.0,6.1,20.2,13.2,2.8,8.1,53.0,81.0,34.0,
2010-11-13,0.0,5.0,21.0,13.0,2.5,7.5,58.0,85.0,37.0,
2010-11-14,0.0,3.8,19.5,11.6,1.9,8.1,60.0,95.0,36.0,
2010-11-15,0.0,3.2,14.9,9.0,1.9,15.0,43.0,83.0,23.0,
2010-11-16,0.0,2.0,17.7,9.8,3.1,9.2,44.0,81.0,15.0,
2010-11-17,0.2,6.2,14.4,10.3,1.7,11.7,53.0,78.0,33.0,
2010-11-18,0.0,2.5,15.7,9.1,2.2,9.4,47.0,73.0,28.0,
2010-11-19,0.0,1.8,15.0,8.4,1.9,7.8,60.0,76.0,39.0,
2010-11-20,0.0,4.8,18.9,11.8,1.9,11.1,66.0,91.0,39.0,
2010-11-21,0.0,5.7,14.0,9.8,2.8,12.2,55.0,78.0,42.0,
2010-11-22,0.0,1.5,12.8,7.2,2.2,12.5,51.0,79.0,38.0,
2010-11-23,1.0,1.4,14.6,8.0,1.4,7.5,55.0,83.0,36.0,
2010-11-24,10.2,6.2,13.5,9.8,0.8,3.9,85.0,95.0,68.0,
2010-11-25,0.8,7.2,11.7,9.4,1.4,9.7,91.0,95.0,64.0,
2010-11-26,1.4,2.2,9.0,5.6,0.8,10.8,69.0,92.0,41.0,
2010-11-27,19.4,4.2,7.1,5.6,1.7,4.7,91.0,95.0,68.0,
2010-11-28,0.0,1.7,13.3,7.5,4.2,12.2,63.0,92.0,30.0,
2010-11-29,10.8,2.0,4.3,3.2,0.6,5.0,89.0,95.0,67.0,
2010-11-30,1.0,1.9,8.0,5.0,1.1,6.7,92.0,96.0,86.0,
2010-12-01,0.0,1.7,12.3,7.0,6.4,19.2,60.0,87.0,34.0,
2010-12-02,0.2,0.0,11.9,6.0,3.9,16.9,54.0,91.0,26.0,
2010-12-03,0.2,-1.3,8.4,3.6,3.9,14.4,45.0,89.0,30.0,
2010-12-04,0.0,-4.4,9.4,2.5,2.2,7.2,55.0,78.0,30.0,
2010-12-05,0.0,3.5,15.3,9.4,1.4,13.3,72.0,85.0,54.0,
2010-12-06,1.0,11.1,21.5,16.3,3.1,14.2,64.0,91.0,36.0,
2010-12-07,5.2,9.4,22.0,15.7,3.6,19.2,67.0,92.0,41.0,
2010-12-08,0.0,10.0,21.2,15.6,2.5,14.2,65.0,89.0,45.0,
2010-12-09,0.0,8.2,21.0,14.6,1.4,8.3,75.0,92.0,50.0,
2010-12-10,0.4,6.8,12.7,9.8,1.1,5.6,93.0,96.0,87.0,
2010-12-11,0.0,3.5,15.7,9.6,1.1,5.0,67.0,95.0,30.0,
2010-12-12,0.0,2.8,17.6,10.2,1.7,7.5,66.0,94.0,43.0,
2010-12-13,0.2,5.9,13.0,9.4,0.8,6.1,81.0,94.0,68.0,
2010-12-14,0.0,3.0,15.4,9.2,1.1,6.4,80.0,95.0,63.0,
2010-12-15,0.0,-1.9,7.7,2.9,2.8,11.4,47.0,90.0,24.0,
2010-12-16,0.0,-5.7,4.9,-0.4,1.9,8.9,53.0,86.0,29.0,
2010-12-17,0.0,-5.5,12.0,3.2,1.1,8.3,47.0,68.0,24.0,
2010-12-18,6.0,4.9,11.9,8.4,1.4,6.9,82.0,96.0,33.0,
2010-12-19,0.0,5.4,13.3,9.4,1.1,8.1,92.0,96.0,69.0,
2010-12-20,1.2,1.1,12.4,6.8,1.9,6.1,74.0,93.0,48.0,
2010-12-21,1.2,7.1,16.3,11.7,2.8,15.6,78.0,92.0,55.0,
2010-12-22,0.0,6.5,13.3,9.9,1.9,9.2,83.0,93.0,66.0,
2010-12-23,0.6,4.5,13.4,9.0,1.7,13.9,64.0,89.0,47.0,
2010-12-24,0.0,-0.4,7.4,3.5,2.8,16.7,53.0,78.0,35.0,
2010-12-25,0.0,-0.5,10.3,4.9,2.2,9.2,37.0,77.0,23.0,
2010-12-26,0.0,-5.8,8.5,1.4,1.1,6.7,54.0,87.0,23.0,
2010-12-27,0.0,-3.9,12.0,4.0,0.8,8.3,48.0,70.0,24.0,
2010-12-28,0.0,-0.8,13.6,6.4,1.4,6.9,59.0,81.0,33.0,
2010-12-29,0.0,0.9,14.2,7.6,1.4,6.7,63.0,93.0,37.0,
2010-12-30,0.2,1.8,9.9,5.8,2.2,5.6,80.0,95.0,68.0,
2010-12-31,4.4,3.8,13.2,8.5,1.4,5.3,86.0,95.0,75.0,
2011-01-01,0.8,5.3,13.1,9.2,1.7,5.8,86.0,96.0,71.0,
2011-01-02,0.0,5.0,13.4,9.2,2.2,8.9,58.0,77.0,42.0,
2011-01-03,0.0,2.5,14.6,8.6,2.5,8.3,60.0,84.0,34.0,
2011-01-04,0.0,0.4,14.3,7.4,2.8,8.3,71.0,89.0,46.0,
2011-01-05,0.0,2.1,15.8,9.0,1.9,8.6,71.0,92.0,49.0,
2011-01-06,0.0,6.3,19.2,12.8,2.8,11.4,66.0,88.0,46.0,
2011-01-07,0.0,7.6,18.1,12.8,3.1,15.6,48.0,79.0,31.0,
2011-01-08,0.0,2.7,17.1,9.9,2.8,8.9,61.0,86.0,44.0,
2011-01-09,0.0,6.0,15.9,11.0,1.7,10.8,57.0,77.0,32.0,
2011-01-10,0.0,0.3,13.2,6.8,1.4,5.3,63.0,89.0,41.0,
2011-01-11,0.0,4.4,16.7,10.6,3.1,12.2,58.0,80.0,42.0,
2011-01-12,0.0,6.6,18.2,12.4,2.2,8.9,58.0,83.0,40.0,
2011-01-13,0.0,4.7,19.5,12.1,2.2,8.1,65.0,88.0,41.0,
2011-01-14,0.0,3.8,19.0,11.4,1.7,7.2,63.0,91.0,33.0,
2011-01-15,0.0,3.7,17.5,10.6,2.2,6.9,64.0,90.0,40.0,
2011-01-16,0.0,1.9,16.7,9.3,1.7,6.4,67.0,92.0,44.0,
2011-01-17,0.0,2.5,17.0,9.8,1.7,7.8,62.0,87.0,33.0,
2011-01-18,0.0,1.2,12.4,6.8,1.4,6.4,75.0,93.0,53.0,
2011-01-19,0.0,4.7,12.0,8.4,1.1,6.4,71.0,90.0,55.0,
2011-01-20,0.0,2.7,12.9,7.8,2.2,6.9,70.0,93.0,49.0,
2011-01-21,0.0,-4.5,8.4,2.0,2.2,10.3,52.0,94.0,20.0,
2011-01-22,0.0,-7.0,7.0,0.0,2.5,6.4,35.0,72.0,18.0,
2011-01-23,0.0,-4.7,5.6,0.4,1.1,6.1,66.0,92.0,45.0,
2011-01-24,0.0,0.2,5.6,2.9,0.8,6.9,78.0,94.0,61.0,
2011-01-25,0.8,1.9,4.8,3.4,0.8,3.6,89.0,95.0,72.0,
2011-01-26,7.0,3.8,6.6,5.2,1.1,4.7,93.0,96.0,86.0,
2011-01-27,5.4,1.3,6.9,4.1,0.8,5.0,89.0,95.0,78.0,
2011-01-28,0.6,0.9,11.1,6.0,1.1,6.4,87.0,97.0,69.0,
2011-01-29,0.0,-0.2,12.8,6.3,2.5,10.3,59.0,96.0,39.0,
2011-01-30,0.0,0.7,12.8,6.8,2.2,8.6,68.0,91.0,38.0,
2011-01-31,0.0,-1.3,9.0,3.8,1.4,8.1,71.0,94.0,49.0,
2011-02-01,0.0,-1.7,9.9,4.1,1.9,10.8,67.0,93.0,39.0,
2011-02-02,0.0,-2.0,12.8,5.4,1.4,7.8,55.0,84.0,29.0,
2011-02-03,0.0,-0.8,13.8,6.5,2.8,8.9,50.0,79.0,22.0,
2011-02-04,0.0,0.6,16.5,8.6,1.4,9.2,43.0,63.0,23.0,
2011-02-05,0.0,-0.2,17.8,8.8,1.4,8.3,48.0,80.0,24.0,
2011-02-06,0.0,2.2,18.4,10.3,2.2,8.1,34.0,57.0,15.0,
2011-02-07,0.0,0.6,16.9,8.8,2.5,7.5,43.0,72.0,23.0,
2011-02-08,0.0,0.1,15.8,8.0,1.9,7.2,53.0,82.0,32.0,
2011-02-09,0.0,1.8,17.1,9.4,2.5,8.9,53.0,91.0,27.0,
2011-02-10,0.0,-0.6,16.0,7.7,2.2,6.1,60.0,94.0,30.0,
2011-02-11,0.0,-1.0,15.9,7.4,2.5,6.4,53.0,90.0,30.0,
2011-02-12,0.0,2.0,17.0,9.5,2.5,9.7,49.0,81.0,28.0,
2011-02-13,0.0,2.0,18.5,10.2,2.8,9.4,43.0,78.0,21.0,
2011-02-14,0.0,4.9,11.6,8.2,3.1,15.3,46.0,64.0,30.0,
2011-02-15,1.2,5.3,11.1,8.2,1.7,18.9,77.0,91.0,53.0,
2011-02-16,0.0,3.3,13.9,8.6,3.6,19.7,52.0,74.0,37.0,
2011-02-17,2.8,4.5,12.0,8.2,6.9,25.0,46.0,88.0,37.0,
2011-02-18,0.0,2.8,16.3,9.6,1.4,17.8,50.0,75.0,28.0,
2011-02-19,0.6,3.4,16.8,10.1,2.2,7.2,45.0,72.0,25.0,
2011-02-20,0.8,6.8,16.1,11.4,1.9,10.0,66.0,93.0,42.0,
2011-02-21,0.0,8.2,16.9,12.6,2.2,11.9,45.0,66.0,31.0,
2011-02-22,0.0,8.7,19.9,14.3,2.5,13.9,49.0,67.0,37.0,
2011-02-23,0.0,5.8,20.1,13.0,1.9,14.2,53.0,80.0,31.0,
2011-02-24,0.0,4.9,20.2,12.6,2.5,7.8,51.0,87.0,25.0,
2011-02-25,0.0,3.9,18.4,11.2,1.4,7.2,59.0,84.0,38.0,
2011-02-26,0.0,6.2,26.2,16.2,2.2,11.9,21.0,65.0,12.0,
2011-02-27,1.4,4.4,13.1,8.8,1.7,14.4,59.0,83.0,27.0,
2011-02-28,0.0,1.1,12.2,6.6,4.2,17.5,38.0,68.0,26.0,
2011-03-01,0.0,-0.9,10.5,4.8,2.5,12.5,40.0,67.0,25.0,
2011-03-02,0.0,-2.2,12.7,5.2,1.7,9.2,44.0,76.0,23.0,
2011-03-03,5.6,-1.3,12.5,5.6,2.8,8.6,66.0,93.0,35.0,
2011-03-04,2.0,3.5,8.4,6.0,1.1,10.8,89.0,94.0,70.0,
2011-03-05,0.2,4.6,10.4,7.5,1.1,5.8,78.0,94.0,65.0,
2011-03-06,0.0,1.0,13.6,7.3,1.9,7.5,68.0,91.0,44.0,
2011-03-07,0.0,0.5,15.2,7.8,2.8,8.3,67.0,95.0,35.0,
2011-03-08,0.4,2.9,10.7,6.8,3.3,12.5,78.0,93.0,72.0,
2011-03-09,2.6,5.9,8.2,7.0,1.9,7.2,88.0,93.0,81.0,
2011-03-10,4.4,5.6,10.0,7.8,1.1,5.8,83.0,94.0,69.0,
2011-03-11,14.6,5.9,8.5,7.2,1.1,5.0,94.0,95.0,92.0,
2011-03-12,0.6,6.2,15.1,10.6,0.8,6.7,82.0,96.0,53.0,
2011-03-13,7.8,5.0,19.4,12.2,2.2,8.1,63.0,91.0,36.0,
2011-03-14,4.0,6.2,13.6,9.9,1.1,8.6,83.0,95.0,73.0,
2011-03-15,0.0,6.1,16.4,11.2,1.9,8.9,62.0,94.0,35.0,
2011-03-16,0.0,1.7,16.8,9.2,3.1,13.9,53.0,88.0,23.0,
2011-03-17,0.0,8.5,17.9,13.2,2.5,16.1,50.0,73.0,31.0,
2011-03-18,0.0,3.8,20.1,12.0,1.1,7.2,51.0,84.0,23.0,
2011-03-19,0.0,5.6,22.8,14.2,3.1,10.3,46.0,74.0,23.0,
2011-03-20,0.0,3.7,18.1,10.9,2.8,9.4,58.0,89.0,37.0,
2011-03-21,0.0,5.2,14.6,9.9,3.1,9.7,69.0,89.0,47.0,
2011-03-22,8.0,6.1,12.7,9.4,3.6,11.4,62.0,87.0,43.0,
2011-03-23,35.0,6.0,10.9,8.4,2.5,11.9,92.0,95.0,87.0,
2011-03-24,1.6,8.0,11.3,9.6,2.2,7.5,93.0,95.0,86.0,
2011-03-25,0.0,8.0,15.3,11.6,0.8,5.8,85.0,95.0,63.0,
2011-03-26,0.0,6.4,19.0,12.7,1.7,6.4,76.0,96.0,60.0,
2011-03-27,0.0,5.9,20.1,13.0,3.1,12.8,51.0,93.0,28.0,
2011-03-28,0.0,9.4,19.0,14.2,1.7,10.8,55.0,80.0,36.0,
2011-03-29,0.0,9.3,18.5,13.9,1.1,8.9,61.0,88.0,42.0,
2011-03-30,0.0,7.3,20.9,14.1,1.7,10.0,53.0,84.0,31.0,
2011-03-31,0.0,8.1,23.9,16.0,2.2,7.5,51.0,83.0,30.0,
2011-04-01,0.0,7.8,24.4,16.1,2.5,7.8,50.0,85.0,29.0,
2011-04-02,0.0,5.9,25.5,15.7,1.4,7.2,51.0,87.0,29.0,
2011-04-03,0.0,10.9,23.9,17.4,2.8,17.5,48.0,87.0,33.0,
2011-04-04,0.0,8.7,23.2,16.0,2.8,8.3,52.0,90.0,33.0,
2011-04-05,0.0,6.6,19.7,13.2,1.9,8.6,62.0,90.0,45.0,
2011-04-06,0.0,7.6,22.3,15.0,1.7,6.9,54.0,90.0,26.0,
2011-04-07,0.0,7.5,24.0,15.8,1.9,7.8,30.0,65.0,16.0,
2011-04-08,0.0,7.0,27.9,17.4,2.2,6.7,28.0,62.0,18.0,
2011-04-09,0.0,14.3,32.8,23.6,2.8,10.8,24.0,47.0,11.0,
2011-04-10,0.0,9.4,28.3,18.8,3.1,8.3,44.0,80.0,23.0,
2011-04-11,0.0,9.4,22.3,15.8,1.9,10.3,59.0,88.0,35.0,
2011-04-12,0.0,7.6,23.0,15.3,1.9,8.1,53.0,92.0,29.0,
2011-04-13,0.0,8.7,27.5,18.1,2.5,9.7,34.0,83.0,16.0,
2011-04-14,0.0,6.1,27.7,16.9,2.2,8.1,38.0,86.0,20.0,
2011-04-15,0.6,9.6,22.4,16.0,1.9,9.2,65.0,92.0,47.0,
2011-04-16,0.0,6.3,14.9,10.6,2.2,8.3,70.0,92.0,51.0,
2011-04-17,0.0,4.0,18.5,11.2,1.9,9.2,57.0,93.0,41.0,
2011-04-18,0.2,5.0,18.8,11.9,1.7,7.8,60.0,92.0,43.0,
2011-04-19,2.6,5.4,19.7,12.6,1.7,10.3,81.0,94.0,60.0,
2011-04-20,0.0,10.3,19.0,14.6,2.8,8.3,68.0,92.0,55.0,
2011-04-21,6.2,8.3,14.7,11.5,,13.1,,94.0,73.0,
2011-04-22,0.2,4.7,19.4,12.0,1.9,11.7,67.0,95.0,38.0,
2011-04-23,4.0,7.0,16.7,11.8,1.7,7.5,80.0,94.0,59.0,
2011-04-24,5.2,10.0,16.3,13.2,1.9,9.7,78.0,95.0,61.0,
2011-04-25,1.2,8.9,17.1,13.0,1.9,8.3,76.0,90.0,65.0,
2011-04-26,7.4,7.0,21.6,14.3,1.4,8.9,76.0,93.0,47.0,
2011-04-27,0.0,8.0,23.4,15.7,1.1,9.2,62.0,92.0,36.0,
2011-04-28,0.0,7.4,23.3,15.4,2.5,10.3,54.0,92.0,31.0,
2011-04-29,5.4,7.7,14.8,11.2,1.4,4.7,80.0,93.0,57.0,
2011-04-30,10.8,8.3,18.1,13.2,1.1,10.0,84.0,95.0,56.0,
2011-05-01,5.2,6.2,18.5,12.4,1.7,7.5,77.0,95.0,62.0,
2011-05-02,2.0,10.3,18.4,14.4,2.5,8.3,82.0,94.0,60.0,
2011-05-03,0.0,8.7,21.7,15.2,2.2,7.2,62.0,95.0,46.0,
2011-05-04,6.4,9.9,24.3,17.1,2.2,10.6,63.0,92.0,37.0,
2011-05-05,0.0,10.1,23.4,16.8,2.5,8.1,64.0,90.0,49.0,
2011-05-06,0.0,8.2,20.9,14.6,1.9,8.1,72.0,94.0,60.0,
2011-05-07,12.8,9.7,20.4,15.0,1.9,19.4,71.0,95.0,43.0,
2011-05-08,0.0,8.0,23.5,15.8,2.2,8.1,51.0,88.0,36.0,
2011-05-09,0.0,8.9,25.3,17.1,2.8,8.3,52.0,91.0,32.0,
2011-05-10,0.0,8.4,22.9,15.6,2.5,10.0,55.0,91.0,40.0,
2011-05-11,0.0,6.6,24.3,15.4,1.9,8.3,46.0,89.0,29.0,
2011-05-12,0.4,10.4,22.7,16.6,1.1,5.0,51.0,83.0,28.0,
2011-05-13,0.0,8.5,24.6,16.6,2.2,7.2,50.0,83.0,33.0,
2011-05-14,0.2,11.6,29.2,20.4,1.7,16.1,50.0,86.0,27.0,
2011-05-15,0.8,10.7,20.2,15.4,2.5,8.3,85.0,95.0,59.0,
2011-05-16,0.0,11.2,20.6,15.9,1.9,7.5,71.0,95.0,50.0,
2011-05-17,0.0,10.3,22.5,16.4,2.2,9.4,61.0,92.0,37.0,
2011-05-18,0.0,8.3,18.1,13.2,1.9,7.8,74.0,87.0,53.0,
2011-05-19,1.0,11.8,19.6,15.7,1.1,7.2,66.0,92.0,46.0,
2011-05-20,0.2,10.6,21.2,15.9,1.9,10.8,58.0,91.0,39.0,
2011-05-21,0.0,7.0,25.0,16.0,2.8,10.8,36.0,86.0,22.0,
2011-05-22,0.0,7.3,27.9,17.6,3.1,9.4,35.0,81.0,21.0,
2011-05-23,0.0,10.0,28.5,19.2,2.2,8.3,34.0,83.0,17.0,
2011-05-24,0.0,11.3,30.4,20.8,2.8,10.3,32.0,69.0,18.0,
2011-05-25,0.0,10.2,31.4,20.8,3.3,8.9,31.0,73.0,17.0,
2011-05-26,0.0,14.1,32.3,23.2,3.3,11.1,28.0,56.0,11.0,
2011-05-27,0.0,15.6,27.1,21.4,1.7,6.9,44.0,84.0,29.0,
2011-05-28,12.6,12.7,27.8,20.2,1.4,9.7,68.0,95.0,44.0,
2011-05-29,0.0,13.1,25.5,19.3,1.7,6.7,71.0,95.0,54.0,
2011-05-30,0.0,13.8,28.2,21.0,2.5,13.3,63.0,94.0,36.0,
2011-05-31,0.0,12.5,26.3,19.4,1.9,8.3,,,,
2011-06-01,5.0,13.2,19.1,16.2,1.4,6.7,88.0,95.0,68.0,
2011-06-02,4.4,12.9,22.4,17.6,1.9,8.3,74.0,95.0,43.0,
2011-06-03,0.0,10.1,21.7,15.9,2.2,10.6,58.0,92.0,36.0,
2011-06-04,0.0,8.3,23.8,16.0,1.9,10.0,50.0,90.0,28.0,
2011-06-05,0.0,10.5,25.8,18.2,1.9,7.5,49.0,90.0,34.0,
2011-06-06,0.6,10.8,22.1,16.4,1.1,11.1,61.0,89.0,41.0,
2011-06-07,0.0,12.9,24.0,18.4,2.2,10.0,56.0,81.0,36.0,
2011-06-08,0.0,12.5,24.5,18.5,1.9,7.8,47.0,78.0,34.0,
2011-06-09,0.0,11.5,28.8,20.2,1.9,9.2,49.0,76.0,26.0,
2011-06-10,0.2,13.9,28.9,21.4,0.8,8.1,41.0,79.0,25.0,
2011-06-11,0.0,12.6,27.0,19.8,2.2,8.6,55.0,85.0,42.0,
2011-06-12,0.0,12.1,31.1,21.6,2.5,10.3,41.0,92.0,26.0,
2011-06-13,0.0,15.3,33.1,24.2,2.8,8.3,34.0,64.0,24.0,
2011-06-14,0.0,15.0,31.6,23.3,2.2,8.9,39.0,82.0,22.0,
2011-06-15,0.0,13.3,32.5,22.9,3.1,10.0,32.0,85.0,23.0,
2011-06-16,0.0,14.1,35.4,24.8,3.3,9.2,29.0,79.0,17.0,
2011-06-17,0.0,17.4,34.5,26.0,2.5,10.6,32.0,58.0,22.0,
2011-06-18,0.0,15.9,36.6,26.2,3.1,10.0,25.0,57.0,15.0,
2011-06-19,0.0,16.6,30.1,23.4,2.8,10.0,59.0,89.0,38.0,
2011-06-20,0.0,14.8,31.0,22.9,2.2,11.4,52.0,94.0,35.0,
2011-06-21,0.0,14.4,33.5,24.0,2.2,10.6,41.0,88.0,24.0,
2011-06-22,0.0,16.0,35.0,25.5,2.2,9.4,38.0,75.0,26.0,
2011-06-23,0.0,17.9,32.2,25.0,2.5,10.6,44.0,85.0,28.0,
2011-06-24,0.0,17.7,29.3,23.5,2.2,9.2,60.0,88.0,42.0,
2011-06-25,0.0,14.4,31.2,22.8,2.5,8.6,47.0,94.0,35.0,
2011-06-26,0.0,14.9,33.9,24.4,2.5,10.6,37.0,86.0,22.0,
2011-06-27,0.0,14.8,34.5,24.6,1.7,8.6,41.0,83.0,22.0,
2011-06-28,0.0,16.3,36.5,26.4,2.2,8.6,33.0,83.0,16.0,
2011-06-29,0.0,17.2,33.9,25.6,2.5,10.0,37.0,83.0,18.0,
2011-06-30,0.0,17.2,30.4,23.8,2.2,8.9,59.0,91.0,43.0,
2011-07-01,1.4,16.2,33.5,24.8,1.1,10.6,59.0,92.0,31.0,
2011-07-02,0.0,15.5,39.0,27.2,3.6,12.8,28.0,85.0,10.0,
2011-07-03,0.0,18.0,32.7,25.4,2.2,8.1,52.0,75.0,25.0,
2011-07-04,0.0,16.5,33.1,24.8,2.2,9.7,30.0,62.0,18.0,
2011-07-05,0.0,15.1,34.7,24.9,2.5,12.2,29.0,65.0,20.0,
2011-07-06,0.0,18.6,39.4,29.0,3.6,12.2,18.0,50.0,8.0,
2011-07-07,0.0,19.5,38.2,28.8,3.1,13.3,14.0,37.0,6.0,
2011-07-08,0.0,14.1,35.0,24.6,2.8,10.3,25.0,62.0,14.0,
2011-07-09,0.0,15.2,33.9,24.6,2.2,9.2,38.0,79.0,21.0,
2011-07-10,0.0,17.3,34.5,25.9,1.9,9.4,40.0,90.0,28.0,
2011-07-11,0.0,16.9,33.4,25.2,2.2,9.7,50.0,86.0,34.0,
2011-07-12,0.0,21.1,36.7,28.9,2.5,12.5,44.0,84.0,16.0,
2011-07-13,0.0,17.9,31.5,24.7,3.1,11.4,27.0,57.0,20.0,
2011-07-14,0.0,13.5,31.7,22.6,2.2,10.6,42.0,80.0,31.0,
2011-07-15,0.0,14.6,30.3,22.4,2.5,15.0,52.0,92.0,38.0,
2011-07-16,0.0,16.2,35.1,25.6,2.8,10.0,37.0,84.0,22.0,
2011-07-17,0.0,17.9,37.7,27.8,2.8,10.3,21.0,61.0,11.0,
2011-07-18,0.0,19.2,31.0,25.1,2.2,11.7,54.0,82.0,33.0,
2011-07-19,0.0,14.6,33.1,23.8,2.2,13.9,29.0,83.0,16.0,
2011-07-20,0.0,16.6,31.5,24.0,2.8,9.7,48.0,88.0,30.0,
2011-07-21,0.0,15.4,35.1,25.2,2.5,9.7,45.0,87.0,20.0,
2011-07-22,1.2,16.8,30.5,23.6,1.9,10.3,59.0,88.0,36.0,
2011-07-23,0.0,19.1,31.7,25.4,2.8,10.3,53.0,81.0,36.0,
2011-07-24,0.0,14.7,32.5,23.6,2.5,10.8,46.0,89.0,14.0,
2011-07-25,0.0,15.2,33.7,24.4,2.5,8.3,37.0,91.0,20.0,
2011-07-26,0.0,16.2,35.4,25.8,3.6,10.3,30.0,70.0,22.0,
2011-07-27,0.0,16.7,32.5,24.6,2.8,12.8,56.0,90.0,27.0,
2011-07-28,0.0,19.4,31.2,25.3,3.1,10.3,55.0,82.0,39.0,
2011-07-29,1.0,18.4,34.5,26.4,1.7,12.2,54.0,85.0,32.0,
2011-07-30,0.0,17.5,32.0,24.8,2.5,10.0,56.0,94.0,39.0,
2011-07-31,0.0,15.3,32.2,23.8,2.2,9.2,55.0,92.0,32.0,
2011-08-01,0.0,16.0,31.2,23.6,2.2,10.3,60.0,93.0,41.0,
2011-08-02,0.0,15.3,31.9,23.6,1.9,9.2,49.0,88.0,28.0,
2011-08-03,0.0,16.1,35.2,25.6,2.5,12.8,37.0,82.0,17.0,
2011-08-04,0.0,17.0,33.6,25.3,2.5,8.6,47.0,86.0,29.0,
2011-08-05,0.0,16.3,32.8,24.6,2.2,8.3,41.0,78.0,30.0,
2011-08-06,0.0,17.3,36.3,26.8,1.9,11.1,33.0,78.0,19.0,
2011-08-07,0.0,18.8,37.2,28.0,1.9,7.8,34.0,69.0,20.0,
2011-08-08,0.0,19.6,36.0,27.8,2.8,10.6,38.0,77.0,17.0,
2011-08-09,0.0,19.3,29.7,24.5,3.1,9.7,56.0,81.0,40.0,
2011-08-10,0.0,17.1,29.3,23.2,2.5,10.0,57.0,88.0,41.0,
2011-08-11,0.0,14.9,31.6,23.2,2.2,8.6,57.0,93.0,34.0,
2011-08-12,0.0,14.4,34.3,24.4,1.4,9.4,44.0,92.0,21.0,
2011-08-13,0.0,14.8,32.5,23.6,2.2,8.3,31.0,78.0,18.0,
2011-08-14,0.0,17.4,36.3,26.8,2.8,9.2,34.0,72.0,20.0,
2011-08-15,0.0,18.2,36.3,27.2,3.1,10.3,29.0,75.0,17.0,
2011-08-16,0.0,16.6,34.7,25.6,1.9,10.0,40.0,82.0,28.0,
2011-08-17,0.0,15.8,36.9,26.4,1.4,7.2,35.0,74.0,15.0,
2011-08-18,0.0,17.0,33.0,25.0,2.5,12.2,42.0,69.0,27.0,
2011-08-19,0.0,15.9,34.4,25.2,2.2,9.2,43.0,70.0,27.0,
2011-08-20,0.0,15.9,34.7,25.3,2.5,9.7,41.0,76.0,20.0,
2011-08-21,0.0,15.8,34.1,25.0,2.8,11.7,34.0,68.0,17.0,
2011-08-22,0.0,16.4,33.7,25.0,2.5,8.9,46.0,82.0,22.0,
2011-08-23,0.0,18.1,35.2,26.6,3.1,9.4,37.0,85.0,22.0,
2011-08-24,0.0,16.9,36.1,26.5,3.6,10.8,38.0,71.0,19.0,
2011-08-25,0.0,17.1,36.9,27.0,2.8,17.5,24.0,66.0,10.0,
2011-08-26,0.0,15.9,34.2,25.0,3.1,12.2,29.0,55.0,19.0,
2011-08-27,0.0,13.2,28.1,20.6,3.1,11.7,47.0,87.0,26.0,
2011-08-28,,19.5,31.2,25.4,1.7,7.8,66.0,90.0,31.0,
2011-08-30,0.0,,,,,,,,,
2011-08-31,0.0,,,,2.2,6.7,,,,
2011-09-01,1.8,,,,3.1,9.7,,,,
2011-09-02,22.6,,,,0.8,7.5,,,,
2011-09-03,0.2,,,,2.2,6.1,,,,
2011-09-04,0.0,,,,2.2,7.5,,,,
2011-09-05,0.0,,,,1.9,10.0,,,,
2011-09-06,0.0,,,,1.4,7.8,,,,
2011-09-07,0.0,,,,,6.9,,,,
2011-09-08,0.0,,,,2.5,6.7,,,,
2011-09-09,0.0,,,,2.8,7.5,,,,
2011-09-10,0.0,,,,1.9,8.9,,,,
2011-09-11,0.0,,,,1.4,6.9,,,,
2011-09-12,0.0,,,,2.5,9.2,,,,
2011-09-13,0.0,,,,,7.2,,,,
2011-09-14,0.0,,,,2.8,8.1,,,,
2011-09-15,0.0,,,,2.2,8.1,,,,
2011-09-16,0.0,,,,1.7,6.4,,,,
2011-09-17,0.0,,,,1.7,7.2,,,,
2011-09-18,0.0,,,,3.1,8.6,,,,
2011-09-19,0.0,,,,1.9,5.6,,,,
2011-09-20,0.0,,,,1.9,7.5,,,,
2011-09-21,0.0,,,,2.5,6.4,,,,
2011-09-22,0.0,,,,1.4,7.2,,,,
2011-09-23,0.4,,,,2.2,7.8,,,,
2011-09-24,0.0,,,,2.8,6.9,,,,
2011-09-25,0.0,,,,1.4,7.8,,,,
2011-09-26,0.0,,,,1.9,7.5,,,,
2011-09-27,0.0,,,,,6.4,,,,
2011-09-28,0.0,,,,2.2,7.2,,,,
2011-09-29,0.0,,,,2.5,9.7,,,,
2011-09-30,0.0,,,,1.9,7.5,,,,
2011-10-01,0.0,,,,2.2,9.2,,,,
2011-10-02,0.0,,,,1.7,7.2,,,,
2011-10-03,0.0,,,,3.1,7.8,,,,
2011-10-04,0.0,,,,1.9,7.2,,,,
2011-10-05,0.0,,,,1.7,7.5,,,,
2011-10-06,0.0,,,,2.2,7.2,,,,
2011-10-07,0.0,11.4,27.3,19.4,2.2,7.5,47.0,90.0,24.0,
2011-10-08,0.0,6.9,21.3,14.1,1.9,8.3,53.0,79.0,31.0,
2011-10-09,0.0,6.3,26.1,16.2,1.4,6.9,47.0,83.0,21.0,
2011-10-10,0.0,8.2,26.0,17.1,1.7,6.4,53.0,88.0,31.0,
2011-10-11,0.0,9.8,30.8,20.3,1.9,6.9,33.0,63.0,15.0,
2011-10-12,0.0,13.0,31.4,22.2,2.5,7.5,31.0,53.0,13.0,
2011-10-13,0.0,12.3,31.6,22.0,2.8,7.5,29.0,56.0,13.0,
2011-10-14,0.0,9.5,25.6,17.6,1.4,6.7,58.0,82.0,29.0,
2011-10-15,0.0,12.5,25.1,18.8,1.7,7.2,59.0,93.0,37.0,
2011-10-16,0.0,11.0,25.0,18.0,2.2,7.2,64.0,89.0,35.0,
2011-10-17,0.0,10.6,22.4,16.5,1.7,6.1,65.0,92.0,36.0,
2011-10-18,0.0,8.5,21.6,15.0,1.9,6.1,59.0,89.0,30.0,
2011-10-19,0.0,6.6,25.4,16.0,2.8,7.2,45.0,85.0,19.0,
2011-10-20,0.0,7.3,21.9,14.6,1.7,7.2,64.0,85.0,47.0,
2011-10-21,0.0,9.8,21.8,15.8,1.4,8.9,72.0,94.0,45.0,
2011-10-22,1.0,9.3,20.0,14.6,1.1,6.1,78.0,94.0,53.0,
2011-10-23,0.0,11.7,23.8,17.8,2.5,9.2,65.0,94.0,31.0,
2011-10-24,0.4,8.7,18.1,13.4,3.3,10.3,71.0,87.0,58.0,
2011-10-25,0.0,7.9,20.2,14.0,1.7,10.0,48.0,83.0,27.0,
2011-10-26,1.0,4.3,19.9,12.1,3.1,8.6,60.0,82.0,40.0,
2011-10-27,0.0,10.9,20.8,15.8,2.8,10.6,67.0,90.0,39.0,
2011-10-28,0.0,10.8,17.3,14.0,2.2,7.5,75.0,91.0,61.0,
2011-10-29,1.6,13.6,18.9,16.2,2.2,10.8,75.0,92.0,58.0,
2011-10-30,0.0,11.0,20.9,16.0,1.9,7.5,71.0,89.0,54.0,
2011-10-31,0.0,8.3,22.7,15.5,3.1,6.7,67.0,94.0,42.0,
2011-11-01,0.0,10.3,22.4,16.4,2.8,6.7,67.0,92.0,49.0,
2011-11-02,0.4,11.7,18.2,15.0,3.6,8.1,77.0,88.0,64.0,
2011-11-03,2.6,12.9,20.7,16.8,2.5,13.6,73.0,91.0,40.0,
2011-11-04,1.8,6.3,15.7,11.0,2.8,10.8,73.0,93.0,51.0,
2011-11-05,0.6,7.2,12.7,10.0,4.2,18.3,58.0,82.0,50.0,
2011-11-06,0.0,10.1,16.4,13.2,5.3,18.3,47.0,68.0,37.0,
2011-11-07,0.0,8.3,15.8,12.0,0.8,9.2,71.0,81.0,55.0,
2011-11-08,0.0,6.6,19.8,13.2,1.7,7.2,64.0,84.0,37.0,
2011-11-09,0.0,6.0,18.7,12.4,1.7,7.2,69.0,87.0,46.0,
2011-11-10,0.0,6.7,21.6,14.2,2.5,8.1,62.0,86.0,34.0,
2011-11-11,0.0,6.1,21.4,13.8,1.9,5.8,69.0,92.0,44.0,
2011-11-12,0.0,6.2,19.9,13.0,1.7,8.6,69.0,87.0,36.0,
2011-11-13,0.0,13.2,17.5,15.4,1.7,7.5,77.0,89.0,63.0,
2011-11-14,0.0,12.2,16.0,14.1,1.1,5.8,84.0,91.0,73.0,
2011-11-15,0.0,6.5,18.4,12.4,2.5,8.3,55.0,90.0,28.0,
2011-11-16,0.0,4.8,17.3,11.0,2.8,9.2,64.0,82.0,40.0,
2011-11-17,2.6,2.9,15.4,9.2,1.4,6.7,71.0,88.0,53.0,
2011-11-18,7.4,10.0,12.5,11.2,0.6,4.7,92.0,95.0,86.0,
2011-11-19,2.6,10.3,14.7,12.5,1.4,4.7,87.0,95.0,75.0,
2011-11-20,30.2,9.8,14.8,12.3,1.4,8.3,88.0,95.0,76.0,
2011-11-21,2.2,9.1,16.0,12.6,1.4,10.0,75.0,95.0,58.0,
2011-11-22,0.2,9.6,16.7,13.2,1.9,9.2,68.0,92.0,47.0,
2011-11-23,16.8,6.1,11.1,8.6,1.1,8.9,92.0,94.0,66.0,
2011-11-24,0.0,4.8,14.2,9.5,0.8,5.3,82.0,95.0,66.0,
2011-11-25,0.0,3.9,14.7,9.3,1.9,8.3,80.0,95.0,61.0,
2011-11-26,0.0,2.6,16.0,9.3,1.9,5.8,62.0,93.0,38.0,
2011-11-27,0.0,0.9,13.5,7.2,2.8,8.6,76.0,93.0,52.0,
2011-11-28,0.4,6.5,13.8,10.2,1.7,8.9,79.0,94.0,65.0,
2011-11-29,0.0,6.8,16.7,11.8,1.4,5.0,73.0,95.0,49.0,
2011-11-30,0.0,4.9,16.9,10.9,1.9,6.4,77.0,93.0,56.0,
2011-12-01,0.0,3.9,15.3,9.6,1.9,6.9,83.0,96.0,61.0,
2011-12-02,5.8,5.3,11.1,8.2,2.8,13.6,71.0,90.0,59.0,
2011-12-03,0.0,5.3,10.9,8.1,1.7,12.8,81.0,91.0,71.0,
2011-12-04,0.0,5.0,16.1,10.6,2.2,7.2,74.0,92.0,51.0,
2011-12-05,0.0,2.5,16.4,9.4,2.2,8.3,68.0,84.0,47.0,
2011-12-06,0.0,5.2,18.1,11.6,2.8,9.7,66.0,89.0,43.0,
2011-12-07,0.0,2.2,15.6,8.9,1.9,8.6,59.0,88.0,41.0,
2011-12-08,0.0,3.2,17.3,10.2,1.4,8.3,65.0,89.0,35.0,
2011-12-09,0.0,2.9,13.6,8.2,1.4,6.4,76.0,90.0,52.0,
2011-12-10,0.0,3.1,14.4,8.8,1.7,6.7,66.0,88.0,46.0,
2011-12-11,0.4,3.8,14.2,9.0,1.9,8.9,72.0,92.0,48.0,
2011-12-12,0.0,2.3,14.8,8.6,1.9,6.9,66.0,91.0,49.0,
2011-12-13,0.0,2.5,14.5,8.5,1.4,7.2,70.0,87.0,50.0,
2011-12-14,0.0,3.4,17.7,10.6,1.9,10.6,68.0,89.0,40.0,
2011-12-15,0.0,3.4,14.9,9.2,1.7,7.2,60.0,88.0,39.0,
2011-12-16,0.0,3.2,19.0,11.1,4.7,22.8,45.0,70.0,23.0,
2011-12-17,0.0,1.5,13.6,7.6,1.7,10.8,52.0,78.0,29.0,
2011-12-18,0.0,1.0,11.3,6.2,2.5,12.2,51.0,76.0,31.0,
2011-12-19,0.0,-2.4,10.8,4.2,1.9,9.7,59.0,87.0,32.0,
2011-12-20,0.0,-0.2,15.8,7.8,2.2,9.2,46.0,67.0,20.0,
2011-12-21,0.0,7.2,20.1,13.6,2.5,12.2,51.0,76.0,32.0,
2011-12-22,0.0,4.9,18.3,11.6,1.9,8.9,49.0,69.0,31.0,
2011-12-23,0.0,2.4,18.4,10.4,2.8,8.9,49.0,62.0,27.0,
2011-12-24,0.0,1.0,13.9,7.4,2.5,7.5,61.0,92.0,38.0,
2011-12-25,0.0,0.6,12.7,6.6,2.2,7.2,69.0,94.0,48.0,
2011-12-26,0.0,2.0,10.7,6.4,1.1,4.7,81.0,94.0,65.0,
2011-12-27,0.0,-0.4,11.6,5.6,3.1,8.9,62.0,94.0,38.0,
2011-12-28,0.0,2.0,12.1,7.0,2.2,8.1,70.0,83.0,53.0,
2011-12-29,0.0,-0.3,12.4,6.0,2.5,10.6,62.0,88.0,44.0,
2011-12-30,0.0,-1.8,14.8,6.5,1.9,7.5,48.0,84.0,17.0,
2011-12-31,0.0,2.9,17.6,10.2,2.2,8.3,52.0,78.0,36.0,
2012-01-01,0.0,5.9,18.4,12.2,2.5,8.9,62.0,79.0,41.0,
2012-01-02,0.0,3.9,16.8,10.4,1.1,10.3,58.0,84.0,32.0,
2012-01-03,0.0,1.1,15.6,8.4,2.2,7.8,55.0,80.0,30.0,
2012-01-04,0.0,0.5,18.2,9.4,1.7,9.2,50.0,76.0,19.0,
2012-01-05,0.0,4.6,21.4,13.0,2.8,10.8,33.0,70.0,13.0,
2012-01-06,0.0,5.4,20.6,13.0,1.9,11.4,34.0,80.0,14.0,
2012-01-07,0.0,2.6,14.6,8.6,1.7,7.5,65.0,87.0,43.0,
2012-01-08,0.0,-0.2,14.5,7.2,1.9,8.1,67.0,90.0,39.0,
2012-01-09,0.0,0.6,13.6,7.1,2.5,8.3,59.0,86.0,32.0,
2012-01-10,0.0,-0.4,13.6,6.6,2.2,9.7,72.0,94.0,46.0,
2012-01-11,0.0,-1.3,11.4,5.0,2.2,6.9,69.0,88.0,50.0,
2012-01-12,0.0,3.7,13.4,8.6,1.7,5.8,64.0,89.0,46.0,
2012-01-13,0.0,3.6,12.7,8.2,1.1,6.4,76.0,86.0,59.0,
2012-01-14,0.0,2.1,15.1,8.6,2.2,10.3,52.0,79.0,29.0,
2012-01-15,2.8,1.9,14.8,8.4,2.5,8.3,54.0,92.0,32.0,
2012-01-16,18.0,2.6,10.0,6.3,1.7,16.9,84.0,95.0,58.0,
2012-01-17,6.6,4.5,8.6,6.6,3.1,17.2,82.0,92.0,72.0,
2012-01-18,0.0,3.0,12.2,7.6,1.9,6.4,79.0,93.0,59.0,
2012-01-19,0.0,0.3,12.3,6.3,1.1,7.2,75.0,91.0,48.0,
2012-01-20,0.0,0.9,14.3,7.6,2.8,8.6,64.0,86.0,42.0,
2012-01-21,0.0,1.3,13.8,7.6,1.7,6.4,70.0,93.0,45.0,
2012-01-22,0.0,1.8,14.8,8.3,2.8,7.8,62.0,84.0,39.0,
2012-01-23,0.0,2.3,15.8,9.0,2.2,8.1,66.0,86.0,43.0,
2012-01-24,0.0,2.3,15.1,8.7,2.2,8.1,67.0,89.0,46.0,
2012-01-25,0.0,1.2,14.9,8.0,1.7,6.4,76.0,93.0,49.0,
2012-01-26,5.0,1.6,14.3,8.0,2.8,7.8,66.0,92.0,47.0,
2012-01-27,1.6,3.4,12.0,7.7,1.9,7.8,81.0,93.0,63.0,
2012-01-28,0.0,4.1,10.1,7.1,1.7,8.3,78.0,84.0,55.0,
2012-01-29,0.0,0.7,9.8,5.2,4.2,14.7,41.0,78.0,30.0,
2012-01-30,0.0,-1.4,10.1,4.4,2.2,14.7,35.0,73.0,23.0,
2012-01-31,0.0,-0.9,15.7,7.4,1.7,8.3,43.0,69.0,24.0,
2012-02-01,0.6,1.9,17.7,9.8,1.7,10.0,38.0,76.0,18.0,
2012-02-02,2.4,-1.5,5.9,2.2,1.9,13.3,65.0,93.0,38.0,
2012-02-03,0.0,-2.7,5.0,1.2,3.9,15.6,31.0,54.0,13.0,
2012-02-04,0.0,-2.6,5.1,1.2,5.3,18.3,24.0,41.0,22.0,
2012-02-05,0.6,0.2,8.6,4.4,3.3,19.7,46.0,78.0,33.0,
2012-02-06,0.0,5.5,13.3,9.4,5.6,26.1,34.0,48.0,24.0,
2012-02-07,0.0,3.4,11.6,7.5,3.6,21.4,44.0,68.0,22.0,
2012-02-08,0.0,-4.4,5.7,0.6,2.2,13.9,30.0,62.0,18.0,
2012-02-09,0.0,-5.3,9.2,2.0,2.5,6.7,39.0,70.0,22.0,
2012-02-10,0.0,-1.7,12.2,5.2,1.9,8.3,36.0,66.0,22.0,
2012-02-11,0.0,,,,,11.4,,,,
2012-02-12,0.0,-7.8,6.1,-0.8,2.5,10.0,33.0,62.0,17.0,
2012-02-13,0.0,-8.1,7.4,-0.4,2.2,10.3,31.0,63.0,11.0,
2012-02-14,0.6,-0.5,12.1,5.8,3.1,12.8,53.0,92.0,31.0,
2012-02-15,0.0,-3.0,10.9,4.0,1.7,8.1,58.0,87.0,36.0,
2012-02-16,0.0,-2.7,10.4,3.8,1.7,8.9,57.0,84.0,41.0,
2012-02-17,0.0,-2.0,10.7,4.4,1.9,6.4,73.0,94.0,52.0,
2012-02-18,0.0,-1.4,14.0,6.3,1.9,7.2,61.0,93.0,35.0,
2012-02-19,0.0,-1.3,16.3,7.5,2.2,11.7,46.0,83.0,19.0,
2012-02-20,0.0,-0.1,12.2,6.0,1.9,8.3,63.0,86.0,40.0,
2012-02-21,0.0,-3.6,11.7,4.0,2.2,7.5,62.0,89.0,45.0,
2012-02-22,0.0,-1.4,14.0,6.3,3.1,7.8,46.0,94.0,19.0,
2012-02-23,0.0,0.1,16.5,8.3,2.8,8.1,32.0,53.0,16.0,
2012-02-24,0.0,-1.0,18.0,8.5,2.5,9.4,31.0,54.0,15.0,
2012-02-25,0.0,1.0,19.7,10.4,2.2,11.9,38.0,70.0,13.0,
2012-02-26,0.0,9.8,22.1,16.0,3.3,11.9,26.0,34.0,21.0,
2012-02-27,0.0,4.1,17.1,10.6,2.2,8.1,49.0,82.0,31.0,
2012-02-28,0.0,0.9,18.7,9.8,2.2,8.6,64.0,95.0,29.0,
2012-02-29,0.0,1.8,19.0,10.4,1.4,6.7,60.0,93.0,29.0,
2012-03-01,1.2,3.8,19.6,11.7,2.8,7.8,56.0,92.0,32.0,
2012-03-02,2.6,4.8,14.5,9.6,2.8,12.5,76.0,93.0,56.0,
2012-03-03,0.0,3.8,18.4,11.1,2.5,9.2,53.0,86.0,31.0,
2012-03-04,0.0,3.5,20.3,11.9,1.7,10.6,49.0,83.0,31.0,
2012-03-05,0.0,4.3,18.4,11.4,2.2,11.1,42.0,68.0,19.0,
2012-03-06,0.0,3.9,15.9,9.9,2.5,11.7,30.0,65.0,8.0,
2012-03-07,0.0,1.7,14.1,7.9,1.1,8.3,38.0,61.0,21.0,
2012-03-08,0.0,4.1,18.1,11.1,2.5,16.1,31.0,85.0,18.0,
2012-03-09,0.0,1.8,15.9,8.8,2.5,7.8,58.0,90.0,20.0,
2012-03-10,0.0,0.9,15.0,8.0,1.7,8.3,51.0,91.0,22.0,
2012-03-11,0.0,1.6,17.8,9.7,1.9,8.3,39.0,69.0,21.0,
2012-03-12,0.0,2.8,21.7,12.2,2.5,8.9,31.0,59.0,18.0,
2012-03-13,0.0,3.3,24.0,13.6,1.4,7.2,34.0,62.0,14.0,
2012-03-14,0.0,3.4,24.0,13.7,1.9,7.5,38.0,69.0,16.0,
2012-03-15,0.0,4.0,22.0,13.0,1.7,8.3,37.0,66.0,21.0,
2012-03-16,0.0,2.9,20.5,11.7,1.7,8.9,45.0,83.0,24.0,
2012-03-17,0.0,4.7,22.4,13.6,2.5,8.6,45.0,83.0,19.0,
2012-03-18,0.0,5.1,21.5,13.3,2.2,7.5,40.0,69.0,23.0,10.4
2012-03-19,29.0,4.2,16.2,10.2,2.5,11.4,49.0,91.0,25.0,7.2
2012-03-20,24.8,0.4,4.3,2.4,1.4,9.2,91.0,95.0,87.0,0.0
2012-03-21,0.0,0.3,13.5,6.9,2.2,8.3,69.0,94.0,45.0,9.3
2012-03-22,0.0,0.9,16.9,8.9,1.4,5.8,57.0,92.0,29.0,11.1
2012-03-23,0.0,1.7,17.4,9.6,2.8,9.7,52.0,85.0,35.0,10.8
2012-03-24,0.0,3.8,14.2,9.0,0.8,5.3,63.0,88.0,47.0,1.5
2012-03-25,0.0,3.7,18.4,11.0,1.9,8.1,54.0,90.0,31.0,10.5
2012-03-26,0.0,2.6,17.6,10.1,2.5,11.7,59.0,92.0,38.0,10.5
2012-03-27,0.0,2.5,18.4,10.4,2.5,8.9,54.0,89.0,32.0,8.8
2012-03-28,0.0,2.7,18.9,10.8,2.2,10.0,58.0,93.0,31.0,10.0
2012-03-29,0.0,3.6,19.1,11.4,1.9,8.6,51.0,90.0,32.0,11.1
2012-03-30,0.0,3.5,20.7,12.1,2.2,8.9,43.0,81.0,22.0,11.3
2012-03-31,0.0,5.2,21.5,13.4,2.2,7.2,40.0,72.0,23.0,9.6
2012-04-01,1.6,7.3,22.5,14.9,2.2,8.3,56.0,88.0,29.0,8.1
2012-04-02,4.5,6.0,19.7,12.8,2.5,7.5,70.0,92.0,46.0,5.4
2012-04-03,7.9,6.6,18.6,12.6,1.9,6.7,72.0,91.0,43.0,3.2
2012-04-04,12.9,7.9,19.5,13.7,2.2,7.8,74.0,93.0,45.0,1.9
2012-04-05,0.0,5.6,18.0,11.8,2.5,9.7,59.0,92.0,32.0,6.7
2012-04-06,0.0,4.8,16.4,10.6,1.9,10.3,42.0,88.0,31.0,8.4
2012-04-07,0.0,3.0,16.7,9.8,2.2,13.6,48.0,80.0,24.0,9.5
2012-04-08,0.0,2.2,20.9,11.6,2.5,9.4,41.0,86.0,26.0,12.0
2012-04-09,0.0,6.1,23.6,14.8,1.9,8.6,42.0,70.0,23.0,12.1
2012-04-10,0.0,10.1,21.9,16.0,2.8,17.8,37.0,70.0,22.0,7.7
2012-04-11,0.0,7.8,23.5,15.6,3.3,11.9,34.0,73.0,23.0,11.9
2012-04-12,6.8,6.5,17.4,12.0,1.7,8.6,66.0,86.0,42.0,2.7
2012-04-13,0.2,4.7,15.2,10.0,4.2,14.7,58.0,84.0,35.0,7.2
2012-04-14,2.6,5.5,16.6,11.0,4.4,21.1,64.0,84.0,37.0,7.8
2012-04-15,0.2,6.8,14.6,10.7,2.8,20.0,47.0,73.0,33.0,9.3
2012-04-16,0.0,5.5,14.3,9.9,3.6,16.4,35.0,53.0,23.0,10.0
2012-04-17,0.0,1.9,20.2,11.0,1.9,11.1,29.0,55.0,12.0,12.3
2012-04-18,0.0,9.5,19.2,14.4,3.9,14.2,37.0,68.0,23.0,9.8
2012-04-19,0.0,9.4,17.9,13.6,4.7,16.7,44.0,66.0,33.0,7.3
2012-04-20,0.0,9.9,20.2,15.0,3.1,12.5,42.0,73.0,29.0,10.1
2012-04-21,0.0,7.9,23.8,15.8,2.8,11.7,45.0,81.0,31.0,8.5
2012-04-22,3.0,7.0,24.3,15.6,1.9,8.9,55.0,85.0,27.0,7.2
2012-04-23,0.0,6.8,25.0,15.9,2.8,12.8,39.0,83.0,18.0,12.2
2012-04-24,0.0,9.8,22.1,16.0,2.8,8.9,39.0,76.0,28.0,12.5
2012-04-25,0.0,6.6,25.0,15.8,2.8,8.9,42.0,76.0,27.0,11.0
2012-04-26,0.0,9.2,28.6,18.9,2.8,10.8,30.0,74.0,18.0,12.4
2012-04-27,0.0,11.0,24.7,17.8,2.2,8.9,51.0,86.0,31.0,10.0
2012-04-28,7.8,6.9,22.3,14.6,3.9,15.3,63.0,91.0,42.0,4.0
2012-04-29,4.8,4.6,16.5,10.6,1.9,11.7,61.0,92.0,41.0,4.9
2012-04-30,0.4,2.6,16.7,9.6,2.8,9.7,51.0,94.0,30.0,8.2
2012-05-01,0.0,3.3,19.0,11.2,2.2,7.8,46.0,79.0,31.0,9.9
2012-05-02,0.0,2.8,21.0,11.9,3.1,10.3,49.0,90.0,29.0,11.6
2012-05-03,0.0,5.0,24.9,15.0,2.2,9.2,43.0,88.0,17.0,9.1
2012-05-04,0.0,9.2,20.7,15.0,2.8,12.2,47.0,70.0,31.0,5.1
2012-05-05,2.4,7.8,18.1,13.0,4.2,13.6,66.0,85.0,47.0,2.5
2012-05-06,0.0,8.0,23.1,15.6,2.2,10.8,44.0,87.0,23.0,11.2
2012-05-07,0.0,5.6,26.3,16.0,2.8,8.3,37.0,86.0,20.0,12.6
2012-05-08,0.0,10.3,28.8,19.6,2.5,7.8,36.0,72.0,23.0,10.1
2012-05-09,0.0,12.8,30.0,21.4,2.8,10.6,38.0,75.0,18.0,10.9
2012-05-10,0.0,10.1,29.9,20.0,2.5,12.5,29.0,68.0,17.0,13.0
2012-05-11,0.0,10.1,30.5,20.3,2.5,7.8,34.0,73.0,24.0,12.8
2012-05-12,0.0,12.4,33.0,22.7,1.7,8.3,34.0,75.0,17.0,12.6
2012-05-13,0.0,14.5,35.2,24.8,1.7,14.2,31.0,68.0,15.0,10.9
2012-05-14,0.0,15.2,29.0,22.1,2.5,7.5,45.0,81.0,30.0,12.7
2012-05-15,0.0,12.6,29.1,20.8,1.9,9.2,43.0,90.0,30.0,13.1
2012-05-16,0.0,10.3,27.4,18.8,1.9,8.3,48.0,90.0,28.0,9.8
2012-05-17,0.0,10.9,29.1,20.0,1.4,6.9,48.0,91.0,26.0,11.5
2012-05-18,0.0,13.0,27.5,20.2,1.9,9.7,54.0,88.0,36.0,8.3
2012-05-19,0.0,9.6,28.6,19.1,2.8,14.7,32.0,92.0,20.0,12.2
2012-05-20,0.0,10.5,20.0,15.2,3.6,15.8,39.0,60.0,26.0,7.9
2012-05-21,0.0,6.5,20.5,13.5,4.2,14.4,35.0,72.0,24.0,11.9
2012-05-22,0.0,8.6,27.0,17.8,2.5,12.2,24.0,64.0,15.0,13.2
2012-05-23,0.0,10.9,31.1,21.0,2.5,8.3,30.0,67.0,13.0,13.2
2012-05-24,0.0,10.0,30.3,20.2,2.8,11.9,28.0,72.0,18.0,13.2
2012-05-25,0.0,10.6,32.4,21.5,2.8,10.8,30.0,66.0,17.0,11.2
2012-05-26,0.0,10.7,32.0,21.4,1.4,8.9,29.0,71.0,19.0,11.0
2012-05-27,0.0,13.3,30.2,21.8,2.2,9.7,32.0,61.0,16.0,12.4
2012-05-28,0.0,14.2,28.3,21.2,2.2,9.7,43.0,70.0,30.0,10.6
2012-05-29,0.0,11.3,30.4,20.8,2.8,8.9,38.0,81.0,21.0,11.7
2012-05-30,0.0,13.9,30.6,22.2,2.5,10.6,36.0,69.0,22.0,10.1
2012-05-31,0.0,13.0,29.2,21.1,1.9,8.6,32.0,67.0,21.0,6.1
2012-06-01,0.0,11.9,32.2,22.0,2.8,10.6,33.0,64.0,15.0,11.6
2012-06-02,0.0,13.6,34.8,24.2,2.5,9.7,23.0,51.0,14.0,10.9
2012-06-03,0.0,18.9,31.5,25.2,1.9,10.6,40.0,61.0,28.0,7.9
2012-06-04,0.0,15.4,31.6,23.5,2.5,9.7,37.0,68.0,23.0,10.9
2012-06-05,0.0,12.8,31.4,22.1,2.5,8.6,43.0,83.0,29.0,13.1
2012-06-06,0.0,14.8,37.7,26.2,3.1,14.7,21.0,71.0,7.0,13.3
2012-06-07,0.0,17.9,38.6,28.2,2.5,8.9,27.0,46.0,12.0,9.4
2012-06-08,0.4,15.3,31.7,23.5,1.9,9.4,44.0,73.0,23.0,11.2
2012-06-09,0.0,12.4,31.3,21.8,1.9,10.3,32.0,69.0,15.0,12.8
2012-06-10,0.0,13.4,34.9,24.2,2.2,9.2,25.0,66.0,16.0,13.3
2012-06-11,0.0,17.3,34.3,25.8,3.6,13.6,28.0,64.0,13.0,12.8
2012-06-12,0.0,14.8,28.9,21.8,3.3,10.0,27.0,59.0,15.0,13.5
2012-06-13,0.0,10.9,27.9,19.4,3.6,12.5,36.0,72.0,26.0,13.3
2012-06-14,0.0,9.4,28.7,19.0,2.8,10.3,32.0,79.0,22.0,13.5
2012-06-15,0.0,12.4,32.4,22.4,2.2,9.4,33.0,75.0,18.0,13.5
2012-06-16,0.0,14.0,33.6,23.8,2.2,11.1,31.0,66.0,16.0,12.6
2012-06-17,0.0,15.1,31.6,23.4,2.8,10.0,45.0,72.0,28.0,13.3
2012-06-18,2.6,14.8,31.6,23.2,1.4,11.4,51.0,90.0,28.0,11.1
2012-06-19,6.8,17.8,31.2,24.5,1.1,10.0,61.0,93.0,41.0,8.7
2012-06-20,0.0,16.6,32.6,24.6,1.9,10.8,53.0,94.0,38.0,12.0
2012-06-21,0.0,16.8,35.8,26.3,2.2,9.7,23.0,72.0,13.0,13.6
2012-06-22,0.0,15.8,33.5,24.6,3.1,12.5,40.0,87.0,19.0,13.5
2012-06-23,0.0,16.6,32.5,24.6,3.1,9.4,52.0,92.0,33.0,12.1
2012-06-24,0.0,16.0,34.9,25.4,2.8,9.2,37.0,80.0,23.0,13.1
2012-06-25,0.0,15.6,34.6,25.1,1.9,9.7,28.0,72.0,20.0,11.7
2012-06-26,0.0,18.3,36.8,27.6,1.4,7.8,33.0,62.0,19.0,10.3
2012-06-27,0.0,18.8,37.2,28.0,1.9,10.0,29.0,68.0,17.0,7.0
2012-06-28,0.0,19.8,41.7,30.8,,13.9,21.0,50.0,7.0,9.0
2012-06-29,0.0,21.4,40.1,30.8,3.1,,18.0,45.0,7.0,12.2
2012-06-30,0.0,18.9,38.2,28.6,3.9,14.2,17.0,37.0,8.0,12.7
2012-07-01,0.0,17.1,29.9,23.5,2.5,13.3,22.0,39.0,13.0,12.8
2012-07-02,0.0,11.5,31.0,21.2,2.5,9.7,49.0,71.0,28.0,9.8
2012-07-03,0.0,14.2,33.6,23.9,1.9,8.9,40.0,77.0,21.0,11.3
2012-07-04,0.0,15.2,33.8,24.5,2.8,8.9,31.0,70.0,21.0,12.9
2012-07-05,0.0,16.3,36.8,26.6,3.1,11.1,19.0,58.0,10.0,13.2
2012-07-06,0.0,15.5,32.5,24.0,2.8,10.6,27.0,66.0,14.0,13.3
2012-07-07,0.0,14.6,32.5,23.6,1.9,8.6,43.0,87.0,33.0,12.9
2012-07-08,0.0,16.2,35.8,26.0,2.8,12.5,30.0,75.0,18.0,12.6
2012-07-09,0.0,15.8,32.9,24.4,2.5,11.4,48.0,87.0,36.0,12.9
2012-07-10,0.0,16.3,39.0,27.6,3.3,10.6,24.0,73.0,5.0,13.1
2012-07-11,0.0,15.7,37.3,26.5,3.1,10.6,30.0,68.0,13.0,13.1
2012-07-12,0.0,14.4,33.5,24.0,2.5,10.0,32.0,73.0,18.0,13.2
2012-07-13,0.0,16.0,37.5,26.8,1.9,7.5,27.0,76.0,15.0,13.1
2012-07-14,0.0,19.9,39.5,29.7,2.8,13.1,34.0,81.0,7.0,11.0
2012-07-15,0.0,18.6,31.2,24.9,2.8,11.4,61.0,88.0,43.0,10.2
2012-07-16,0.0,17.4,29.1,23.2,2.8,9.2,55.0,85.0,44.0,10.1
2012-07-17,0.0,15.0,31.6,23.3,2.5,9.7,43.0,90.0,26.0,13.0
2012-07-18,0.0,14.4,34.2,24.3,2.8,10.3,25.0,71.0,14.0,13.2
2012-07-19,0.0,15.7,36.8,26.2,1.9,9.2,20.0,47.0,12.0,13.2
2012-07-20,0.0,15.6,36.0,25.8,2.2,9.2,27.0,60.0,20.0,11.8
2012-07-21,0.0,16.5,34.6,25.6,2.5,10.0,45.0,79.0,26.0,12.4
2012-07-22,0.0,20.6,33.0,26.8,2.5,9.4,53.0,80.0,36.0,10.9
2012-07-23,0.0,19.0,30.8,24.9,2.2,9.7,55.0,85.0,39.0,6.9
2012-07-24,0.0,15.9,32.2,24.0,3.1,11.1,42.0,81.0,25.0,12.8
2012-07-25,0.0,15.2,32.8,24.0,2.5,9.2,34.0,65.0,20.0,12.3
2012-07-26,0.0,15.9,31.1,23.5,2.8,9.7,49.0,86.0,32.0,10.9
2012-07-27,0.0,17.6,33.9,25.8,2.8,9.7,48.0,90.0,32.0,9.4
2012-07-28,0.0,17.5,34.3,25.9,1.9,10.6,39.0,72.0,24.0,9.1
2012-07-29,0.0,16.6,32.6,24.6,2.2,10.0,44.0,75.0,32.0,12.7
2012-07-30,0.0,16.3,33.9,25.1,1.9,9.2,47.0,86.0,35.0,12.6
2012-07-31,0.0,17.5,35.9,26.7,2.5,8.6,37.0,80.0,24.0,11.0
2012-08-01,0.0,19.0,38.9,29.0,1.4,8.1,33.0,61.0,11.0,8.5
2012-08-02,0.0,20.0,37.9,29.0,1.9,8.6,38.0,64.0,11.0,8.7
2012-08-03,0.0,17.2,35.1,26.2,2.5,8.3,42.0,80.0,29.0,11.9
2012-08-04,0.0,14.5,35.7,25.1,2.8,9.2,25.0,82.0,15.0,12.2
2012-08-05,0.0,15.8,37.1,26.4,3.3,14.2,15.0,49.0,7.0,12.6
2012-08-06,0.0,17.5,34.2,25.8,2.8,10.3,32.0,83.0,13.0,11.9
2012-08-07,0.0,17.6,30.9,24.2,2.8,10.8,56.0,90.0,32.0,9.3
2012-08-08,0.0,14.4,34.2,24.3,2.2,7.5,45.0,83.0,28.0,8.8
2012-08-09,0.0,19.6,38.9,29.2,2.8,12.5,29.0,69.0,11.0,7.4
2012-08-10,0.0,23.7,43.5,33.6,3.3,12.5,14.0,32.0,7.0,6.3
2012-08-11,0.0,23.9,42.6,33.2,1.9,16.4,15.0,31.0,8.0,6.7
2012-08-12,0.0,21.7,40.0,30.8,4.2,16.1,14.0,31.0,7.0,6.3
2012-08-13,0.0,15.6,34.5,25.0,2.8,9.2,29.0,65.0,16.0,11.9
2012-08-14,0.0,17.4,34.7,26.0,3.1,10.0,29.0,74.0,16.0,12.3
2012-08-15,0.0,16.2,37.1,26.6,2.5,11.4,27.0,67.0,8.0,12.2
2012-08-16,0.0,17.7,37.3,27.5,2.8,11.4,30.0,66.0,16.0,12.0
2012-08-17,0.0,17.6,37.3,27.4,2.2,8.3,32.0,73.0,15.0,11.7
2012-08-18,0.0,18.5,34.9,26.7,1.7,8.1,38.0,67.0,24.0,7.9
2012-08-19,0.0,21.2,36.6,28.9,1.4,8.3,38.0,69.0,18.0,6.4
2012-08-20,0.0,17.9,37.1,27.5,2.5,9.2,24.0,55.0,14.0,11.7
2012-08-21,0.0,18.5,38.3,28.4,1.9,7.5,32.0,69.0,16.0,11.2
2012-08-22,0.0,18.7,38.8,28.8,2.2,10.6,32.0,55.0,17.0,11.0
2012-08-23,0.0,18.4,36.7,27.6,2.2,10.8,35.0,61.0,20.0,11.3
2012-08-24,0.0,17.9,38.7,28.3,1.9,9.2,21.0,71.0,11.0,11.3
2012-08-25,0.0,16.1,37.3,26.7,1.9,10.3,25.0,47.0,14.0,12.0
2012-08-26,0.0,19.9,34.1,27.0,1.9,10.0,40.0,84.0,23.0,10.0
2012-08-27,0.0,17.0,34.0,25.5,3.1,10.0,52.0,89.0,31.0,12.0
2012-08-28,0.0,16.2,36.0,26.1,2.2,9.4,36.0,83.0,21.0,11.0
2012-08-29,0.0,16.5,34.7,25.6,1.9,9.2,33.0,76.0,22.0,11.9
2012-08-30,0.4,17.5,35.8,26.6,4.2,15.8,44.0,87.0,16.0,8.8
2012-08-31,0.0,17.8,28.2,23.0,3.1,7.8,54.0,88.0,38.0,8.8
2012-09-01,0.0,16.9,28.4,22.6,1.7,7.2,46.0,88.0,23.0,9.5
2012-09-02,0.0,15.2,26.1,20.6,2.5,8.3,47.0,84.0,31.0,6.3
2012-09-03,0.0,10.3,28.7,19.5,2.2,8.6,45.0,85.0,23.0,11.5
2012-09-04,0.0,11.5,28.8,20.2,3.1,8.6,44.0,78.0,25.0,10.3
2012-09-05,0.0,11.0,29.0,20.0,2.5,9.2,51.0,82.0,34.0,9.5
2012-09-06,0.0,11.5,28.5,20.0,2.5,9.7,52.0,87.0,35.0,11.2
2012-09-07,0.0,12.6,28.4,20.5,2.5,8.3,51.0,89.0,34.0,9.1
2012-09-08,0.0,13.5,32.9,23.2,2.2,8.3,41.0,83.0,21.0,8.2
2012-09-09,0.0,14.0,30.9,22.4,2.2,9.2,40.0,71.0,19.0,11.1
2012-09-10,0.0,12.8,29.1,21.0,2.2,8.1,53.0,85.0,36.0,10.9
2012-09-11,0.0,13.2,32.7,23.0,2.5,7.5,40.0,87.0,18.0,11.0
2012-09-12,0.0,16.0,34.8,25.4,2.5,7.8,34.0,79.0,16.0,10.6
2012-09-13,0.0,15.6,28.6,22.1,2.8,9.7,44.0,80.0,16.0,10.7
2012-09-14,0.0,9.8,28.5,19.2,0.6,7.8,37.0,88.0,17.0,11.1
2012-09-15,0.0,13.4,35.6,24.5,2.2,8.3,19.0,37.0,9.0,10.6
2012-09-16,0.0,13.1,34.1,23.6,2.5,8.3,20.0,45.0,11.0,10.0
2012-09-17,0.0,13.1,34.3,23.7,2.2,7.8,24.0,49.0,14.0,9.1
2012-09-18,0.0,15.8,33.6,24.7,1.4,10.0,29.0,51.0,13.0,5.4
2012-09-19,0.0,15.5,28.9,22.2,2.2,11.1,61.0,80.0,34.0,8.9
2012-09-20,0.2,15.7,26.4,21.0,2.5,9.2,68.0,88.0,48.0,3.3
2012-09-21,0.0,14.3,26.7,20.5,1.4,6.1,66.0,88.0,49.0,5.0
2012-09-22,0.0,14.3,31.6,23.0,2.2,8.3,55.0,91.0,35.0,9.8
2012-09-23,0.0,14.3,35.1,24.7,4.2,18.6,30.0,80.0,10.0,9.1
2012-09-24,0.0,13.5,28.6,21.0,1.7,13.3,29.0,47.0,10.0,5.9
2012-09-25,0.0,10.5,28.5,19.5,2.5,7.8,35.0,52.0,20.0,9.6
2012-09-26,0.0,12.4,26.4,19.4,4.4,13.9,44.0,68.0,29.0,5.0
2012-09-27,9.8,,,,1.1,,81.0,,,
2012-09-28,82.4,11.6,17.3,14.4,1.9,12.5,92.0,94.0,79.0,0.1
2012-09-29,3.6,10.2,20.5,15.4,2.5,9.2,78.0,90.0,53.0,3.8
2012-09-30,0.0,12.1,22.4,17.2,1.1,6.9,67.0,92.0,45.0,7.9
2012-10-01,0.0,10.0,24.1,17.0,1.9,6.7,66.0,94.0,35.0,8.9
2012-10-02,0.0,11.6,25.6,18.6,2.2,6.4,60.0,80.0,37.0,9.0
2012-10-03,0.0,11.1,27.2,19.2,1.7,6.4,61.0,91.0,25.0,9.2
2012-10-04,0.0,10.0,26.2,18.1,1.4,7.5,64.0,89.0,34.0,8.8
2012-10-05,0.0,9.1,26.1,17.6,1.7,6.1,59.0,85.0,35.0,7.8
2012-10-06,0.0,11.5,26.7,19.1,1.4,8.3,70.0,92.0,45.0,8.2
2012-10-07,0.0,13.4,28.8,21.1,1.9,6.9,60.0,90.0,33.0,8.1
2012-10-08,0.0,15.3,29.4,22.4,2.8,7.8,52.0,76.0,33.0,8.4
2012-10-09,0.0,14.7,30.8,22.8,2.8,8.3,47.0,72.0,23.0,8.6
2012-10-10,0.0,15.8,29.7,22.8,1.4,8.1,54.0,70.0,30.0,8.1
2012-10-11,0.0,14.5,27.1,20.8,1.9,8.9,51.0,79.0,27.0,3.2
2012-10-12,2.6,13.7,24.1,18.9,1.7,10.0,79.0,85.0,42.0,4.6
2012-10-13,0.0,11.2,23.0,17.1,1.7,6.4,62.0,87.0,38.0,3.6
2012-10-14,0.6,9.6,24.5,17.0,3.3,9.4,44.0,80.0,27.0,7.9
2012-10-15,0.0,8.1,19.5,13.8,1.7,10.8,54.0,88.0,27.0,8.5
2012-10-16,0.0,6.0,22.9,14.4,3.1,6.7,55.0,87.0,31.0,8.3
2012-10-17,0.0,6.8,23.9,15.4,1.7,5.8,65.0,93.0,28.0,7.7
2012-10-18,0.0,9.9,24.5,17.2,1.7,6.4,70.0,90.0,40.0,7.2
2012-10-19,4.4,14.2,21.2,17.7,1.4,6.4,61.0,86.0,43.0,1.7
2012-10-20,45.8,11.5,18.6,15.0,1.1,8.9,86.0,94.0,68.0,1.0
2012-10-21,1.8,8.1,18.5,13.3,1.9,10.6,82.0,93.0,40.0,0.8
2012-10-22,0.0,9.0,21.0,15.0,1.4,7.2,73.0,88.0,53.0,7.9
2012-10-23,0.0,10.1,22.4,16.2,1.1,5.6,76.0,91.0,55.0,7.9
2012-10-24,0.2,10.3,19.6,15.0,1.9,6.9,78.0,94.0,61.0,3.2
2012-10-25,4.6,11.9,14.6,13.2,0.3,6.9,92.0,95.0,79.0,0.0
2012-10-26,1.6,11.9,21.5,16.7,2.2,13.6,73.0,87.0,50.0,4.8
2012-10-27,0.0,9.5,19.5,14.5,2.8,13.1,66.0,88.0,49.0,2.4
2012-10-28,0.0,2.8,12.9,7.8,2.5,11.4,40.0,82.0,19.0,7.8
2012-10-29,0.0,1.4,17.0,9.2,1.7,7.5,63.0,91.0,32.0,7.5
2012-10-30,10.4,3.4,15.0,9.2,1.1,6.4,89.0,94.0,60.0,1.7
2012-10-31,0.2,4.7,17.9,11.3,1.9,9.2,66.0,94.0,41.0,6.9
2012-11-01,0.0,5.0,19.0,12.0,1.9,9.2,59.0,88.0,38.0,7.3
2012-11-02,0.4,6.3,19.9,13.1,1.9,7.8,67.0,88.0,41.0,6.7
2012-11-03,1.8,10.4,22.9,16.6,2.5,14.7,83.0,94.0,62.0,2.9
2012-11-04,3.6,15.3,24.6,20.0,4.7,20.8,67.0,88.0,50.0,4.4
2012-11-05,2.0,9.2,16.8,13.0,1.7,7.5,70.0,94.0,50.0,7.0
2012-11-06,6.4,8.0,10.4,9.2,0.8,6.9,89.0,92.0,82.0,0.0
2012-11-07,4.8,8.5,10.5,9.5,1.1,5.8,93.0,95.0,91.0,0.0
2012-11-08,0.4,8.9,12.9,10.9,1.1,4.2,90.0,95.0,82.0,0.0
2012-11-09,7.2,9.4,14.1,11.8,1.1,5.3,91.0,95.0,85.0,0.0
2012-11-10,0.2,5.9,17.3,11.6,1.9,12.2,66.0,94.0,43.0,5.1
2012-11-11,35.8,5.5,11.4,8.4,2.2,13.9,82.0,92.0,58.0,1.3
2012-11-12,0.8,6.7,10.5,8.6,3.1,12.8,83.0,91.0,62.0,0.0
2012-11-13,1.4,8.3,12.4,10.4,3.1,15.3,67.0,86.0,38.0,0.2
2012-11-14,4.0,11.1,17.4,14.2,1.7,7.5,76.0,93.0,60.0,2.8
2012-11-15,3.4,12.3,16.8,14.6,1.1,5.3,87.0,94.0,66.0,0.5
2012-11-16,0.0,11.1,15.9,13.5,1.4,5.0,87.0,95.0,74.0,0.1
2012-11-17,3.4,7.9,16.4,12.2,0.8,5.8,86.0,94.0,66.0,0.6
2012-11-18,0.2,7.6,15.4,11.5,1.9,6.7,86.0,95.0,71.0,0.7
2012-11-19,0.0,7.9,17.6,12.8,2.2,6.4,80.0,95.0,54.0,2.8
2012-11-20,0.0,6.1,18.7,12.4,1.9,6.9,73.0,89.0,47.0,6.6
2012-11-21,0.0,6.6,16.7,11.6,1.4,6.7,75.0,93.0,54.0,5.1
2012-11-22,0.0,7.1,16.1,11.6,1.4,5.8,79.0,94.0,63.0,4.1
2012-11-23,0.0,6.5,15.3,10.9,1.7,5.8,84.0,93.0,68.0,6.4
2012-11-24,0.2,2.3,14.4,8.4,0.8,5.0,85.0,95.0,63.0,6.8
2012-11-25,0.0,5.6,18.1,11.8,1.4,6.7,77.0,95.0,56.0,4.8
2012-11-26,2.6,6.8,19.1,13.0,2.5,7.2,66.0,91.0,47.0,3.2
2012-11-27,0.0,2.4,11.4,6.9,2.5,14.7,67.0,94.0,43.0,4.0
2012-11-28,0.0,2.2,11.1,6.6,3.9,20.3,44.0,78.0,30.0,5.8
2012-11-29,0.0,4.8,10.0,7.4,3.6,18.9,46.0,54.0,40.0,6.0
2012-11-30,0.0,-0.8,10.7,5.0,1.7,10.0,58.0,86.0,31.0,2.8
2012-12-01,0.0,-1.4,8.3,3.4,2.5,9.2,68.0,93.0,49.0,3.1
2012-12-02,0.0,-2.0,11.3,4.6,2.5,6.9,57.0,77.0,31.0,6.4
2012-12-03,0.0,0.5,14.0,7.2,2.5,9.2,57.0,75.0,37.0,6.3
2012-12-04,0.0,2.7,15.8,9.2,2.8,13.9,56.0,78.0,39.0,4.5
2012-12-05,0.0,-0.2,11.2,5.5,1.4,8.9,64.0,81.0,40.0,3.3
2012-12-06,0.0,-0.1,10.6,5.2,1.4,8.1,60.0,77.0,42.0,4.4
2012-12-07,0.0,2.9,15.2,9.0,2.2,7.2,73.0,89.0,57.0,2.4
2012-12-08,0.0,0.6,15.6,8.1,1.7,12.2,60.0,91.0,23.0,6.5
2012-12-09,0.0,-1.9,11.6,4.8,1.4,6.9,71.0,88.0,42.0,6.4
2012-12-10,0.0,-0.8,14.1,6.6,1.1,7.8,55.0,86.0,35.0,5.4
2012-12-11,0.0,0.6,11.7,6.2,1.9,5.8,65.0,88.0,45.0,4.0
2012-12-12,0.0,-0.6,12.4,5.9,1.4,6.4,75.0,93.0,52.0,5.2
2012-12-13,0.0,0.5,15.6,8.0,2.2,7.8,67.0,93.0,42.0,5.8
2012-12-14,0.0,1.5,16.0,8.8,2.8,10.0,64.0,91.0,51.0,3.2
2012-12-15,0.0,11.7,19.4,15.6,4.2,13.6,69.0,81.0,58.0,2.6
2012-12-16,0.0,8.1,18.7,13.4,1.9,11.4,64.0,90.0,45.0,2.2
2012-12-17,0.0,8.0,16.3,12.2,1.7,10.0,67.0,81.0,48.0,0.6
2012-12-18,0.0,4.3,18.5,11.4,1.1,6.1,82.0,94.0,52.0,4.8
2012-12-19,0.0,4.3,16.3,10.3,1.1,6.4,79.0,92.0,58.0,5.4
2012-12-20,0.0,5.7,18.0,11.8,2.2,11.7,60.0,90.0,41.0,2.9
2012-12-21,0.0,6.8,19.6,13.2,3.3,14.7,61.0,80.0,35.0,4.8
2012-12-22,0.0,5.3,16.8,11.0,1.4,7.8,75.0,90.0,59.0,5.8
2012-12-23,0.0,4.9,20.9,12.9,1.4,7.5,58.0,83.0,29.0,5.9
2012-12-24,0.0,7.2,23.8,15.5,2.8,8.9,36.0,65.0,17.0,5.7
2012-12-25,0.4,6.8,16.6,11.7,4.4,14.4,53.0,78.0,37.0,0.6
2012-12-26,0.0,3.2,15.0,9.1,2.2,11.4,59.0,83.0,37.0,5.6
2012-12-27,0.0,0.4,14.2,7.3,2.2,8.6,50.0,75.0,31.0,6.0
2012-12-28,0.0,1.1,16.5,8.8,2.8,8.3,60.0,84.0,39.0,5.9
2012-12-29,0.0,0.3,16.3,8.3,1.4,10.8,34.0,77.0,17.0,5.7
2012-12-30,0.0,1.2,11.6,6.4,2.2,8.3,63.0,79.0,43.0,5.8
2012-12-31,1.0,-1.2,11.5,5.2,0.8,7.5,75.0,88.0,53.0,4.8
2013-01-01,0.2,1.9,13.9,7.9,2.8,10.3,70.0,90.0,45.0,3.7
2013-01-02,0.0,2.2,12.6,7.4,2.5,10.8,48.0,84.0,37.0,5.1
2013-01-03,0.0,-1.0,11.0,5.0,1.9,8.1,60.0,91.0,35.0,5.8
2013-01-04,0.0,0.4,14.1,7.2,1.7,8.1,73.0,92.0,48.0,6.0
2013-01-05,0.0,1.0,18.5,9.8,1.7,10.0,37.0,65.0,21.0,6.1
2013-01-06,0.0,2.2,18.6,10.4,2.5,9.7,39.0,58.0,22.0,6.1
2013-01-07,0.0,0.4,16.8,8.6,1.7,8.9,49.0,72.0,27.0,6.1
2013-01-08,0.0,-1.0,13.5,6.2,1.9,6.4,58.0,87.0,37.0,6.1
2013-01-09,0.0,-2.9,15.2,6.2,1.7,10.3,61.0,94.0,37.0,5.5
2013-01-10,0.0,3.1,17.5,10.3,1.4,7.8,69.0,91.0,40.0,5.0
2013-01-11,0.0,1.2,13.5,7.4,1.1,7.2,76.0,95.0,56.0,5.8
2013-01-12,0.0,0.8,15.5,8.2,3.1,11.1,63.0,88.0,39.0,4.8
2013-01-13,0.0,3.5,11.9,7.7,3.1,12.2,47.0,86.0,31.0,3.7
2013-01-14,0.0,4.3,11.7,8.0,3.6,15.8,43.0,65.0,35.0,2.1
2013-01-15,0.0,3.7,14.6,9.2,1.7,13.3,43.0,64.0,26.0,6.3
2013-01-16,0.0,5.3,13.1,9.2,4.7,22.8,51.0,68.0,34.0,4.1
2013-01-17,0.0,6.0,16.2,11.1,1.9,16.7,55.0,78.0,38.0,6.0
2013-01-18,0.0,5.8,18.1,12.0,5.0,22.2,55.0,87.0,49.0,3.9
2013-01-19,4.2,5.4,14.8,10.1,5.8,20.6,69.0,84.0,50.0,2.2
2013-01-20,0.0,3.7,10.9,7.3,5.3,20.3,51.0,77.0,35.0,5.9
2013-01-21,0.0,3.0,12.6,7.8,2.8,13.9,50.0,90.0,36.0,3.9
2013-01-22,8.4,-0.6,12.0,5.7,3.3,18.9,58.0,86.0,40.0,5.6
2013-01-23,0.0,0.8,10.6,5.7,4.2,21.7,50.0,91.0,41.0,6.3
2013-01-24,0.4,6.5,13.6,10.0,5.8,27.8,55.0,81.0,40.0,4.8
2013-01-25,0.0,2.4,14.6,8.5,1.4,8.3,62.0,92.0,33.0,4.1
2013-01-26,0.0,3.2,18.1,10.6,2.8,23.1,33.0,93.0,18.0,4.4
2013-01-27,0.0,2.6,17.7,10.2,2.8,9.7,45.0,75.0,33.0,6.1
2013-01-28,0.0,3.1,17.6,10.4,2.2,18.6,40.0,54.0,24.0,6.9
2013-01-29,0.0,-0.5,17.3,8.4,1.9,7.8,41.0,67.0,18.0,7.1
2013-01-30,0.0,2.5,20.5,11.5,1.7,7.5,35.0,57.0,18.0,7.1
2013-01-31,0.0,3.8,20.2,12.0,2.2,8.6,44.0,66.0,21.0,7.3
2013-02-01,0.0,4.4,23.7,14.0,3.1,15.3,28.0,65.0,10.0,7.3
2013-02-02,1.8,5.7,14.9,10.3,3.9,22.2,44.0,83.0,29.0,5.9
2013-02-03,0.0,1.9,11.1,6.5,3.6,19.7,34.0,59.0,23.0,7.5
2013-02-04,0.0,-1.7,14.4,6.4,2.5,8.3,46.0,68.0,24.0,7.4
2013-02-05,0.0,3.3,19.0,11.2,2.5,10.3,54.0,79.0,29.0,7.4
2013-02-06,0.2,5.3,12.5,8.9,4.4,18.3,37.0,69.0,24.0,7.2
2013-02-07,0.0,2.6,11.0,6.8,3.1,19.2,40.0,56.0,27.0,6.9
2013-02-08,0.0,-0.5,12.3,5.9,2.5,18.1,47.0,67.0,28.0,5.9
2013-02-09,0.0,2.7,10.5,6.6,3.3,14.2,40.0,60.0,30.0,6.6
2013-02-10,0.0,-0.7,17.6,8.4,3.1,22.5,35.0,69.0,9.0,6.7
2013-02-11,1.4,3.5,10.5,7.0,3.3,17.2,46.0,84.0,33.0,5.2
2013-02-12,0.0,0.1,12.4,6.2,2.8,16.7,40.0,76.0,27.0,8.0
2013-02-13,0.0,0.3,16.4,8.4,2.5,17.5,48.0,77.0,36.0,6.6
2013-02-14,0.0,4.0,19.3,11.6,1.4,6.9,57.0,86.0,32.0,8.0
2013-02-15,0.0,2.8,19.1,11.0,2.2,7.5,56.0,89.0,35.0,7.9
2013-02-16,0.0,2.5,16.2,9.4,1.7,7.2,68.0,90.0,48.0,7.9
2013-02-17,0.0,2.7,16.0,9.4,1.7,6.4,67.0,92.0,49.0,6.5
2013-02-18,0.0,5.4,16.3,10.8,1.9,8.9,68.0,88.0,44.0,5.5
2013-02-19,15.4,6.9,8.9,7.9,1.4,6.4,91.0,94.0,74.0,0.0
2013-02-20,0.0,5.9,14.3,10.1,1.1,6.7,75.0,94.0,54.0,2.5
2013-02-21,1.6,4.5,17.0,10.8,2.2,15.3,63.0,88.0,43.0,5.9
2013-02-22,1.4,6.8,17.7,12.2,4.2,23.3,51.0,86.0,33.0,7.8
2013-02-23,0.2,1.5,11.4,6.4,1.9,18.1,58.0,77.0,29.0,6.4
2013-02-24,1.0,-1.9,10.1,4.1,2.5,14.4,42.0,88.0,28.0,8.7
2013-02-25,0.0,-1.4,10.2,4.4,2.2,11.1,46.0,78.0,29.0,7.4
2013-02-26,0.0,-1.8,10.8,4.5,1.7,12.2,48.0,83.0,29.0,8.1
2013-02-27,7.6,-2.6,4.1,0.8,1.9,8.9,88.0,92.0,75.0,0.1
2013-02-28,10.6,1.2,4.8,3.0,2.5,12.5,82.0,94.0,63.0,0.0
2013-03-01,0.0,3.3,11.0,7.2,2.5,12.8,57.0,74.0,44.0,6.6
2013-03-02,0.0,0.8,15.2,8.0,1.9,9.7,59.0,84.0,32.0,8.1
2013-03-03,0.4,5.0,9.8,7.4,0.8,5.3,84.0,91.0,63.0,0.0
2013-03-04,15.8,6.6,9.1,7.8,2.2,7.8,94.0,95.0,89.0,0.0
2013-03-05,4.6,4.6,11.7,8.2,0.8,6.1,90.0,95.0,82.0,0.7
2013-03-06,0.0,6.0,19.9,13.0,3.1,17.5,59.0,88.0,38.0,6.4
2013-03-07,1.4,8.2,18.6,13.4,3.9,17.5,75.0,85.0,38.0,1.2
2013-03-08,0.0,9.3,21.5,15.4,5.3,21.1,43.0,72.0,28.0,9.7
2013-03-09,0.0,8.0,19.8,13.9,3.3,12.8,56.0,81.0,32.0,4.3
2013-03-10,0.0,3.7,16.8,10.2,2.5,16.1,60.0,90.0,31.0,8.6
2013-03-11,0.0,6.3,16.3,11.3,3.3,18.6,46.0,71.0,35.0,7.6
2013-03-12,3.8,4.5,15.0,9.8,1.1,17.8,74.0,92.0,44.0,3.4
2013-03-13,0.4,2.1,9.2,5.6,4.7,20.3,52.0,92.0,36.0,8.2
2013-03-14,0.0,1.7,12.3,7.0,2.5,14.7,37.0,49.0,28.0,9.7
2013-03-15,0.0,2.0,15.1,8.6,2.2,8.6,41.0,69.0,24.0,10.1
2013-03-16,0.0,6.1,17.4,11.8,2.5,8.9,45.0,75.0,22.0,5.5
2013-03-17,3.4,5.3,21.3,13.3,5.3,20.0,56.0,92.0,39.0,1.7
2013-03-18,0.0,5.4,20.9,13.2,2.2,13.6,32.0,91.0,11.0,10.5
2013-03-19,1.6,1.5,16.9,9.2,1.9,11.1,66.0,85.0,38.0,5.1
2013-03-20,0.0,4.9,16.4,10.6,1.7,11.4,66.0,92.0,35.0,6.1
2013-03-21,0.0,2.5,20.4,11.4,3.9,9.4,51.0,80.0,31.0,10.5
2013-03-22,0.0,4.5,22.6,13.6,4.4,15.0,43.0,87.0,15.0,9.4
2013-03-23,0.2,4.1,18.8,11.4,2.5,8.3,51.0,76.0,22.0,8.0
2013-03-24,0.2,6.2,16.0,11.1,3.3,17.2,58.0,92.0,35.0,7.5
2013-03-25,0.0,4.9,18.5,11.7,2.8,14.7,56.0,68.0,31.0,6.5
2013-03-26,0.0,8.8,20.8,14.8,5.0,14.4,55.0,79.0,39.0,1.9
2013-03-27,0.2,7.0,19.9,13.4,3.3,14.7,54.0,87.0,38.0,6.6
2013-03-28,0.0,9.2,21.2,15.2,3.3,12.5,50.0,78.0,32.0,5.7
2013-03-29,0.0,12.0,21.6,16.8,4.4,16.4,53.0,69.0,37.0,3.5
2013-03-30,0.0,10.9,21.9,16.4,5.3,22.5,32.0,56.0,22.0,10.8
2013-03-31,3.8,8.9,14.1,11.5,2.2,7.5,77.0,93.0,50.0,0.0
2013-04-01,0.0,7.7,17.0,12.4,5.3,22.2,46.0,93.0,30.0,10.4
2013-04-02,0.0,3.6,17.8,10.7,3.3,15.8,47.0,86.0,30.0,8.7
2013-04-03,0.2,2.9,21.2,12.0,1.9,9.7,58.0,89.0,27.0,7.9
2013-04-04,2.2,6.3,17.3,11.8,1.7,8.3,72.0,90.0,36.0,4.2
2013-04-05,5.0,3.8,16.8,10.3,2.2,8.3,73.0,88.0,44.0,3.1
2013-04-06,0.0,1.8,14.1,8.0,2.8,13.3,39.0,69.0,27.0,9.6
2013-04-07,0.0,0.8,19.1,10.0,2.2,7.8,43.0,78.0,22.0,10.4
2013-04-08,0.0,4.8,20.9,12.8,1.9,14.2,43.0,74.0,23.0,3.7
2013-04-09,0.0,11.7,24.7,18.2,3.9,11.1,32.0,59.0,19.0,10.6
2013-04-10,0.0,8.5,25.1,16.8,1.4,10.0,44.0,77.0,29.0,7.8
2013-04-11,0.0,10.6,27.3,19.0,3.9,15.3,41.0,80.0,17.0,10.6
2013-04-12,0.0,6.9,24.0,15.4,1.9,7.8,44.0,80.0,27.0,11.5
2013-04-13,0.0,6.1,24.3,15.2,2.5,9.2,42.0,80.0,24.0,11.7
2013-04-14,0.0,5.9,23.3,14.6,2.5,7.5,43.0,80.0,30.0,8.4
2013-04-15,0.0,7.5,26.6,17.0,1.9,7.2,46.0,87.0,27.0,11.1
2013-04-16,0.0,9.7,28.9,19.3,1.7,8.9,46.0,83.0,25.0,11.9
2013-04-17,0.0,9.1,28.6,18.8,2.2,6.7,38.0,77.0,23.0,12.0
2013-04-18,0.0,9.2,29.7,19.4,1.7,8.9,36.0,76.0,21.0,11.6
2013-04-19,0.0,8.7,24.7,16.7,2.2,9.2,54.0,80.0,34.0,11.5
2013-04-20,0.0,10.6,18.7,14.6,1.4,7.5,72.0,85.0,56.0,1.2
2013-04-21,0.0,8.0,22.9,15.4,3.1,8.9,51.0,91.0,27.0,9.7
2013-04-22,0.2,8.1,19.1,13.6,1.4,8.1,68.0,92.0,47.0,2.7
2013-04-23,0.0,5.7,19.1,12.4,1.9,7.8,55.0,90.0,33.0,7.1
2013-04-24,0.8,2.6,17.3,10.0,3.6,12.8,55.0,93.0,36.0,6.2
2013-04-25,20.4,10.0,12.0,11.0,3.6,15.8,84.0,90.0,64.0,0.0
2013-04-26,5.4,10.3,21.0,15.6,1.9,7.2,67.0,91.0,42.0,5.0
2013-04-27,3.2,8.8,22.1,15.4,2.5,10.3,71.0,94.0,33.0,6.8
2013-04-28,10.6,3.0,8.9,6.0,2.2,9.2,92.0,94.0,87.0,0.0
2013-04-29,0.0,2.1,15.2,8.6,3.1,8.9,55.0,94.0,39.0,9.4
2013-04-30,6.8,3.5,11.1,7.3,1.4,10.3,74.0,93.0,57.0,3.7
2013-05-01,0.0,2.1,18.4,10.2,2.8,7.8,56.0,91.0,39.0,12.4
2013-05-02,0.0,4.4,21.5,13.0,1.9,7.5,54.0,93.0,34.0,9.8
2013-05-03,0.0,6.0,20.2,13.1,1.9,7.5,62.0,93.0,41.0,5.4
2013-05-04,0.0,8.3,20.8,14.6,2.5,7.5,65.0,92.0,44.0,5.4
2013-05-05,0.0,6.3,24.5,15.4,1.4,8.3,44.0,91.0,27.0,9.3
2013-05-06,0.0,9.0,27.2,18.1,1.4,7.5,37.0,78.0,20.0,10.8
2013-05-07,0.0,13.4,28.4,20.9,1.9,7.5,43.0,73.0,26.0,9.6
2013-05-08,0.0,12.9,29.1,21.0,1.4,6.1,49.0,73.0,26.0,8.2
2013-05-09,0.0,14.0,30.1,22.0,3.1,8.9,39.0,71.0,25.0,11.5
2013-05-10,0.0,12.4,27.2,19.8,2.5,8.6,51.0,77.0,31.0,8.4
2013-05-11,0.0,9.3,26.2,17.8,2.5,8.9,56.0,92.0,37.0,9.8
2013-05-12,0.2,12.0,20.8,16.4,1.7,5.8,76.0,93.0,59.0,1.0
2013-05-13,0.0,10.3,24.9,17.6,2.8,8.9,56.0,93.0,36.0,10.9
2013-05-14,2.8,11.2,23.7,17.4,2.5,7.5,55.0,93.0,30.0,7.7
2013-05-15,0.0,10.2,24.2,17.2,3.3,14.2,46.0,90.0,23.0,7.5
2013-05-16,0.0,6.4,19.2,12.8,3.1,20.8,35.0,79.0,22.0,7.5
2013-05-17,0.0,4.8,19.4,12.1,5.8,17.8,48.0,87.0,30.0,11.3
2013-05-18,0.0,6.9,18.3,12.6,3.1,16.1,38.0,69.0,28.0,10.7
2013-05-19,0.6,4.6,20.1,12.4,2.5,9.4,37.0,86.0,23.0,7.5
2013-05-20,2.0,8.1,18.1,13.1,2.5,6.9,48.0,91.0,36.0,4.1
2013-05-21,0.0,7.2,16.5,11.8,1.1,8.3,64.0,92.0,44.0,0.8
2013-05-22,0.0,5.8,23.8,14.8,2.5,9.4,38.0,94.0,27.0,11.4
2013-05-23,0.0,10.4,27.4,18.9,3.3,9.7,28.0,77.0,17.0,13.2
2013-05-24,3.2,10.6,25.1,17.8,1.4,8.1,60.0,93.0,32.0,8.4
2013-05-25,0.2,9.1,27.3,18.2,2.2,7.8,54.0,95.0,28.0,9.7
2013-05-26,0.0,9.6,19.9,14.8,1.9,6.1,79.0,93.0,56.0,1.0
2013-05-27,0.0,9.9,21.5,15.7,1.9,8.3,70.0,94.0,45.0,4.2
2013-05-28,0.0,6.9,24.1,15.5,2.8,11.4,42.0,81.0,28.0,8.7
2013-05-29,1.0,11.2,22.6,16.9,2.8,12.2,29.0,63.0,21.0,12.3
2013-05-30,0.0,8.4,23.0,15.7,1.9,16.4,35.0,81.0,23.0,12.8
2013-05-31,0.0,7.8,23.9,15.8,2.2,13.9,31.0,73.0,19.0,12.3
2013-06-01,0.0,9.1,24.2,16.6,2.2,10.8,31.0,63.0,25.0,13.2
2013-06-02,0.0,7.2,25.9,16.6,2.2,10.0,39.0,83.0,29.0,13.2
2013-06-03,0.0,8.9,26.5,17.7,3.1,10.6,38.0,84.0,24.0,12.5
2013-06-04,0.0,9.1,29.2,19.2,2.5,11.1,33.0,76.0,19.0,13.2
2013-06-05,0.0,13.4,26.7,20.0,2.2,10.6,39.0,78.0,25.0,8.0
2013-06-06,0.0,8.9,29.8,19.4,1.9,13.3,31.0,78.0,18.0,10.5
2013-06-07,0.0,8.3,26.3,17.3,2.5,10.0,44.0,81.0,24.0,9.3
2013-06-08,0.0,10.1,24.8,17.4,3.3,11.9,34.0,67.0,21.0,8.8
2013-06-09,0.0,10.6,24.2,17.4,3.3,11.9,40.0,67.0,27.0,10.7
2013-06-10,0.0,10.6,28.2,19.4,1.9,8.3,35.0,73.0,25.0,10.6
2013-06-11,0.0,11.2,31.6,21.4,1.4,8.6,29.0,76.0,18.0,12.6
2013-06-12,0.0,15.9,34.4,25.2,1.9,10.3,26.0,53.0,18.0,13.2
2013-06-13,0.0,15.0,35.4,25.2,2.2,11.4,27.0,62.0,17.0,13.2
2013-06-14,0.0,14.0,35.0,24.5,1.7,11.1,32.0,71.0,19.0,13.1
2013-06-15,0.0,15.8,34.7,25.2,2.2,10.8,30.0,68.0,19.0,12.9
2013-06-16,0.0,13.8,33.8,23.8,2.5,9.4,32.0,63.0,19.0,10.9
2013-06-17,0.0,14.9,31.9,23.4,2.2,8.1,47.0,80.0,24.0,7.4
2013-06-18,0.0,10.9,24.5,17.7,2.8,11.7,36.0,67.0,23.0,6.4
2013-06-19,1.2,9.9,24.2,17.0,1.4,7.2,45.0,79.0,31.0,4.0
2013-06-20,0.0,9.5,28.9,19.2,3.1,9.4,34.0,80.0,23.0,12.5
2013-06-21,0.0,11.7,29.6,20.6,2.2,10.8,32.0,77.0,22.0,8.6
2013-06-22,0.0,11.2,30.4,20.8,1.9,10.3,36.0,78.0,21.0,13.2
2013-06-23,0.0,12.4,33.3,22.8,2.5,8.9,32.0,78.0,19.0,13.2
2013-06-24,0.0,12.1,27.7,19.9,3.1,9.4,46.0,87.0,36.0,13.2
2013-06-25,0.0,12.9,28.4,20.6,2.8,10.0,54.0,90.0,32.0,9.5
2013-06-26,0.0,10.3,27.9,19.1,3.1,9.4,51.0,94.0,36.0,13.1
2013-06-27,0.0,10.5,26.6,18.6,2.2,9.7,47.0,92.0,28.0,12.5
2013-06-28,0.0,9.4,28.1,18.8,1.9,10.8,36.0,77.0,27.0,12.5
2013-06-29,0.0,10.7,29.0,19.8,2.2,9.2,40.0,86.0,24.0,12.9
2013-06-30,0.0,10.3,29.5,19.9,2.8,10.3,33.0,78.0,21.0,13.1
2013-07-01,0.0,11.9,30.6,21.2,1.9,9.2,36.0,77.0,27.0,12.8
2013-07-02,0.0,13.2,31.4,22.3,1.9,9.7,41.0,76.0,25.0,9.9
2013-07-03,0.0,14.4,35.8,25.1,2.2,9.4,34.0,76.0,14.0,12.8
2013-07-04,0.0,14.2,32.6,23.4,2.8,10.0,40.0,81.0,28.0,13.1
2013-07-05,0.0,14.4,31.3,22.8,3.1,11.4,40.0,88.0,22.0,13.1
2013-07-06,0.0,13.3,32.5,22.9,2.5,10.0,27.0,66.0,16.0,13.2
2013-07-07,0.0,12.5,33.1,22.8,2.2,9.4,27.0,82.0,14.0,13.2
2013-07-08,0.0,13.2,33.5,23.4,3.1,11.1,29.0,58.0,18.0,13.1
2013-07-09,1.8,15.6,35.8,25.7,1.7,11.7,32.0,78.0,19.0,9.2
2013-07-10,0.0,16.1,32.5,24.3,1.9,10.3,43.0,84.0,29.0,9.4
2013-07-11,0.0,15.5,34.4,25.0,2.2,10.8,35.0,79.0,19.0,12.6
2013-07-12,0.0,14.7,34.0,24.4,1.7,8.9,38.0,78.0,21.0,7.9
2013-07-13,0.0,19.0,35.7,27.4,2.5,10.0,28.0,58.0,18.0,12.7
2013-07-14,0.0,15.0,32.5,23.8,2.2,9.7,39.0,73.0,27.0,12.6
2013-07-15,0.0,14.3,33.1,23.7,2.8,11.4,45.0,87.0,26.0,12.8
2013-07-16,0.0,14.8,33.7,24.2,2.8,11.9,32.0,80.0,20.0,13.0
2013-07-17,0.0,13.9,34.9,24.4,2.5,11.4,32.0,78.0,17.0,12.6
2013-07-18,0.0,17.0,34.0,25.5,2.5,10.8,31.0,57.0,20.0,12.6
2013-07-19,0.0,13.7,34.7,24.2,2.5,10.6,28.0,63.0,18.0,12.7
2013-07-20,0.0,13.5,34.1,23.8,3.6,11.4,29.0,67.0,16.0,12.9
2013-07-21,0.0,13.6,32.9,23.2,3.1,10.3,30.0,70.0,20.0,12.1
2013-07-22,0.0,16.3,34.3,25.3,,10.0,34.0,68.0,21.0,12.8
2013-07-23,0.0,16.4,36.7,26.6,2.5,10.8,27.0,66.0,14.0,12.2
2013-07-24,0.0,16.8,35.0,25.9,2.2,8.6,29.0,57.0,20.0,11.8
2013-07-25,0.0,17.0,37.7,27.4,2.5,11.1,30.0,62.0,17.0,12.1
2013-07-26,0.0,16.7,35.3,26.0,2.5,9.2,35.0,65.0,23.0,11.0
2013-07-27,0.0,17.7,38.1,27.9,,10.0,29.0,82.0,12.0,9.9
2013-07-28,0.0,17.0,35.0,26.0,2.2,13.6,30.0,66.0,18.0,5.8
2013-07-29,0.0,,33.4,,,7.8,,,14.0,
2013-07-30,0.0,,,,,,,,,
2013-07-31,0.0,,,,,,,,,
2013-08-01,0.0,,,,,,,,,
2013-08-03,0.0,18.2,34.7,26.4,,,39.0,72.0,20.0,9.6
2013-08-04,0.0,16.8,34.8,25.8,1.9,8.6,40.0,72.0,21.0,11.8
2013-08-05,0.0,18.5,35.8,27.2,,8.9,47.0,78.0,26.0,6.2
2013-08-06,0.0,19.3,38.5,28.9,3.6,13.3,29.0,60.0,12.0,11.9
2013-08-07,0.0,,,,,,,,,
2013-08-08,0.0,17.3,33.0,25.2,6.1,18.3,34.0,76.0,18.0,11.9
2013-08-09,0.0,18.1,33.9,26.0,1.9,8.6,35.0,79.0,14.0,12.3
2013-08-10,0.0,14.6,34.5,24.6,2.8,8.3,34.0,79.0,21.0,12.2
2013-08-11,0.0,15.0,34.3,24.6,2.2,8.9,40.0,80.0,24.0,12.4
2013-08-12,0.0,15.2,35.9,25.6,2.2,8.3,33.0,65.0,16.0,11.9
2013-08-13,0.0,13.7,31.7,22.7,2.5,10.3,45.0,83.0,33.0,11.9
2013-08-14,0.0,14.1,32.7,23.4,2.5,11.1,43.0,81.0,26.0,12.0
2013-08-15,0.0,14.5,34.6,24.6,1.7,10.3,38.0,78.0,22.0,12.1
2013-08-16,0.2,15.8,35.2,25.5,1.7,10.0,49.0,81.0,23.0,7.9
2013-08-17,1.8,16.7,34.0,25.4,2.5,12.8,53.0,84.0,30.0,6.5
2013-08-18,0.0,15.8,36.1,26.0,1.1,10.0,47.0,93.0,14.0,11.0
2013-08-19,0.0,15.1,36.6,25.8,1.9,10.3,39.0,85.0,19.0,11.7
2013-08-20,0.0,15.3,33.3,24.3,1.9,8.9,47.0,78.0,33.0,12.1
2013-08-21,0.0,17.3,35.1,26.2,2.5,9.4,49.0,81.0,28.0,12.0
2013-08-22,0.0,15.7,34.2,25.0,1.7,7.2,55.0,92.0,35.0,8.8
2013-08-23,0.0,17.8,33.3,25.6,2.2,9.4,58.0,89.0,33.0,10.2
2013-08-24,0.0,15.4,33.1,24.2,2.8,10.6,55.0,90.0,34.0,11.8
2013-08-25,0.0,21.0,32.5,26.8,1.7,8.6,55.0,81.0,37.0,10.1
2013-08-26,0.4,19.1,29.3,24.2,2.2,8.1,69.0,88.0,47.0,2.4
2013-08-27,1.2,18.3,28.9,23.6,2.2,8.1,68.0,90.0,49.0,5.0
2013-08-28,31.4,17.3,29.6,23.4,2.8,10.0,72.0,93.0,45.0,4.2
2013-08-29,5.6,15.5,23.7,19.6,1.4,7.5,81.0,94.0,47.0,3.3
2013-08-30,0.0,13.8,25.2,19.5,1.4,8.3,73.0,94.0,47.0,5.4
2013-08-31,0.0,12.5,28.0,20.2,1.1,7.5,51.0,92.0,30.0,11.5
2013-09-01,0.0,13.8,28.0,20.9,1.4,9.2,58.0,92.0,37.0,10.2
2013-09-02,0.0,12.8,28.6,20.7,1.9,9.7,50.0,91.0,29.0,11.5
2013-09-03,0.0,12.2,28.5,20.4,1.9,8.6,46.0,91.0,25.0,11.3
2013-09-04,0.0,12.3,27.6,20.0,1.7,8.6,55.0,92.0,31.0,11.3
2013-09-05,0.0,13.5,28.1,20.8,2.2,7.8,58.0,88.0,40.0,10.3
2013-09-06,0.0,15.4,30.3,22.8,2.5,7.8,55.0,90.0,32.0,10.0
2013-09-07,3.2,13.8,22.2,18.0,2.2,11.1,63.0,88.0,55.0,0.0
2013-09-08,0.0,12.1,28.0,20.0,0.8,7.8,61.0,91.0,37.0,6.9
2013-09-09,2.6,14.1,28.1,21.1,1.7,8.3,73.0,91.0,42.0,7.0
2013-09-10,0.0,12.2,29.3,20.8,2.2,7.8,57.0,91.0,31.0,9.1
2013-09-11,0.0,13.0,27.3,20.2,2.2,13.9,63.0,91.0,42.0,8.6
2013-09-12,0.0,16.0,28.5,22.2,1.9,7.8,63.0,92.0,39.0,9.8
2013-09-13,0.0,16.7,27.1,21.9,1.9,8.1,65.0,91.0,42.0,6.7
2013-09-14,0.0,15.5,27.7,21.6,1.4,6.9,60.0,90.0,39.0,7.6
2013-09-15,0.0,15.5,31.4,23.4,2.2,8.1,42.0,81.0,21.0,10.0
2013-09-16,0.0,14.9,31.0,23.0,1.7,6.9,59.0,92.0,31.0,8.2
2013-09-17,13.0,16.0,32.0,24.0,1.9,10.3,45.0,90.0,22.0,6.1
2013-09-18,0.4,15.1,27.7,21.4,1.9,7.2,67.0,94.0,49.0,6.1
2013-09-19,0.0,13.7,29.1,21.4,1.9,8.3,64.0,91.0,25.0,8.2
2013-09-20,0.0,14.1,27.8,21.0,1.7,7.5,65.0,92.0,38.0,8.8
2013-09-21,0.0,14.3,28.6,21.4,2.5,7.8,63.0,93.0,37.0,7.9
2013-09-22,0.0,13.6,27.9,20.8,1.4,7.8,64.0,92.0,46.0,8.8
2013-09-23,0.0,12.6,28.0,20.3,1.9,7.5,61.0,93.0,36.0,9.8
2013-09-24,0.0,11.6,30.0,20.8,1.4,6.7,56.0,90.0,30.0,9.1
2013-09-25,0.0,12.4,31.0,21.7,2.5,8.3,44.0,90.0,20.0,9.6
2013-09-26,0.0,12.1,30.4,21.2,2.2,6.9,47.0,86.0,27.0,9.3
2013-09-27,0.0,13.2,28.3,20.8,1.9,13.9,58.0,90.0,24.0,5.9
2013-09-28,0.0,15.7,27.3,21.5,3.9,16.7,43.0,71.0,28.0,2.2
2013-09-29,0.0,14.7,22.9,18.8,2.5,12.8,52.0,73.0,42.0,2.0
2013-09-30,0.0,15.1,29.6,22.4,3.3,11.9,57.0,78.0,39.0,6.6
2013-10-01,0.0,17.8,31.4,24.6,2.5,10.6,54.0,83.0,30.0,8.8
2013-10-02,0.2,15.0,30.3,22.6,1.9,8.6,54.0,85.0,35.0,8.9
2013-10-03,0.0,18.0,29.8,23.9,1.4,7.8,60.0,87.0,35.0,5.9
2013-10-04,0.0,15.8,29.4,22.6,2.2,7.5,66.0,91.0,41.0,5.7
2013-10-05,0.0,13.6,27.2,20.4,1.9,8.3,60.0,91.0,34.0,7.4
2013-10-06,0.0,16.6,24.5,20.6,2.2,8.3,71.0,91.0,54.0,5.1
2013-10-07,0.0,14.8,25.8,20.3,2.5,6.9,68.0,90.0,44.0,3.7
2013-10-08,0.0,15.4,25.2,20.3,1.9,7.5,69.0,93.0,42.0,4.6
2013-10-09,0.0,12.3,24.0,18.2,1.7,7.8,66.0,93.0,39.0,6.8
2013-10-10,0.0,10.9,25.3,18.1,1.9,6.9,58.0,90.0,35.0,9.0
2013-10-11,0.0,11.2,28.4,19.8,1.7,8.9,51.0,75.0,23.0,8.8
2013-10-12,0.0,8.4,25.6,17.0,2.5,8.1,64.0,88.0,40.0,7.7
2013-10-13,0.0,10.8,24.7,17.8,1.9,6.7,58.0,92.0,36.0,7.8
2013-10-14,0.0,8.3,23.1,15.7,1.7,6.1,64.0,90.0,41.0,6.6
2013-10-15,0.0,12.0,26.3,19.2,1.4,7.5,52.0,76.0,29.0,6.9
2013-10-16,0.0,10.3,28.1,19.2,1.9,7.8,33.0,62.0,19.0,8.2
2013-10-17,0.0,10.4,26.4,18.4,2.2,6.7,51.0,82.0,30.0,7.8
2013-10-18,0.0,11.2,27.8,19.5,1.4,6.4,57.0,85.0,29.0,7.7
2013-10-19,0.0,11.2,26.2,18.7,1.1,5.0,57.0,85.0,30.0,2.2
2013-10-20,0.0,12.7,25.0,18.8,1.4,7.5,60.0,84.0,41.0,4.9
2013-10-21,0.0,10.7,27.6,19.2,2.5,7.8,55.0,87.0,30.0,7.3
2013-10-22,0.2,11.2,24.7,18.0,1.9,11.7,61.0,79.0,31.0,4.5
2013-10-23,0.0,13.3,22.2,17.8,1.1,9.2,68.0,84.0,48.0,1.2
2013-10-24,0.0,12.4,27.2,19.8,2.8,6.9,55.0,83.0,35.0,5.3
2013-10-25,0.0,11.3,26.4,18.8,1.9,6.9,67.0,93.0,40.0,6.0
2013-10-26,0.0,12.8,24.3,18.6,1.9,6.4,62.0,87.0,42.0,5.4
2013-10-27,0.0,10.3,26.5,18.4,1.4,6.7,60.0,92.0,32.0,6.6
2013-10-28,0.0,10.0,29.2,19.6,1.1,7.8,53.0,86.0,25.0,6.7
2013-10-29,2.0,10.9,21.1,16.0,1.9,14.7,53.0,84.0,30.0,3.9
2013-10-30,0.0,3.9,16.5,10.2,2.5,10.8,54.0,81.0,31.0,6.8
2013-10-31,0.0,2.2,18.0,10.1,2.5,8.3,44.0,79.0,26.0,6.5
2013-11-01,0.0,3.9,22.9,13.4,2.8,8.3,34.0,62.0,14.0,6.8
2013-11-02,0.0,7.3,24.7,16.0,3.1,8.3,24.0,50.0,12.0,6.8
2013-11-03,0.0,5.7,22.9,14.3,2.8,7.8,48.0,71.0,29.0,6.9
2013-11-04,0.0,6.3,22.6,14.4,4.2,19.2,42.0,84.0,28.0,1.9
2013-11-05,0.0,12.5,25.6,19.0,1.9,15.8,52.0,77.0,30.0,5.4
2013-11-06,0.0,11.5,26.5,19.0,2.5,8.9,50.0,73.0,30.0,6.9
2013-11-07,0.0,9.5,25.6,17.6,2.2,7.2,49.0,76.0,29.0,6.7
2013-11-08,0.0,6.9,22.0,14.4,1.9,7.5,63.0,89.0,36.0,6.3
2013-11-09,0.0,6.1,19.9,13.0,1.4,7.5,58.0,83.0,36.0,6.7
2013-11-10,0.0,6.1,21.2,13.6,1.4,9.7,46.0,70.0,25.0,5.3
2013-11-11,0.0,11.1,22.7,16.9,1.9,15.3,42.0,71.0,26.0,6.6
2013-11-12,0.0,6.4,21.2,13.8,2.2,6.7,60.0,87.0,37.0,6.4
2013-11-13,30.0,6.7,18.0,12.4,1.7,5.8,77.0,94.0,57.0,0.0
2013-11-14,0.2,5.1,17.2,11.2,2.2,8.3,79.0,94.0,59.0,4.3
2013-11-15,0.0,3.0,13.6,8.3,2.5,14.7,54.0,90.0,32.0,4.8
2013-11-16,0.0,-2.1,9.9,3.9,1.9,10.3,66.0,91.0,48.0,5.3
2013-11-17,0.0,-1.8,11.2,4.7,1.7,7.8,66.0,91.0,37.0,5.9
2013-11-18,0.2,-1.2,12.2,5.5,3.1,17.5,62.0,91.0,44.0,2.4
2013-11-19,0.0,8.6,14.8,11.7,3.6,14.2,50.0,62.0,39.0,6.0
2013-11-20,0.0,1.9,11.6,6.8,1.7,11.7,48.0,76.0,25.0,5.2
2013-11-21,0.0,-0.7,15.7,7.5,4.2,14.2,30.0,76.0,15.0,5.8
2013-11-22,0.0,2.0,12.3,7.2,3.3,11.4,49.0,75.0,32.0,6.0
2013-11-23,0.0,0.2,12.7,6.4,1.7,10.6,44.0,76.0,25.0,6.2
2013-11-24,0.0,-3.3,10.9,3.8,2.8,9.7,57.0,84.0,35.0,6.2
2013-11-25,0.0,-1.8,12.1,5.2,1.9,7.8,59.0,87.0,31.0,5.7
2013-11-26,0.6,-2.6,11.6,4.5,2.2,7.5,64.0,92.0,36.0,5.6
2013-11-27,9.2,2.2,9.7,6.0,1.1,8.6,83.0,94.0,68.0,0.7
2013-11-28,0.2,-0.2,7.1,3.4,1.7,8.9,80.0,92.0,70.0,0.0
2013-11-29,0.0,-1.7,9.4,3.8,1.9,6.7,73.0,95.0,50.0,5.5
2013-11-30,0.0,-1.3,13.6,6.2,3.1,16.4,48.0,74.0,32.0,5.0
2013-12-01,0.0,3.4,9.2,6.3,3.1,18.1,53.0,68.0,42.0,0.7
2013-12-02,0.0,-1.2,13.4,6.1,1.4,6.9,57.0,85.0,28.0,5.4
2013-12-03,0.0,-0.3,11.7,5.7,2.8,7.8,61.0,90.0,40.0,0.9
2013-12-04,0.0,3.0,14.8,8.9,0.8,6.4,76.0,91.0,53.0,5.3
2013-12-05,0.0,0.9,16.1,8.5,1.9,8.6,51.0,85.0,30.0,5.6
2013-12-06,0.0,-0.7,13.6,6.4,1.4,9.2,66.0,87.0,36.0,5.6
2013-12-07,0.0,-0.8,12.7,6.0,2.2,7.8,67.0,89.0,42.0,5.6
2013-12-08,0.0,-1.4,12.5,5.6,1.9,6.7,64.0,94.0,36.0,5.6
2013-12-09,0.0,0.4,11.6,6.0,1.4,5.3,83.0,95.0,64.0,1.4
2013-12-10,0.0,2.6,13.1,7.8,1.7,6.4,74.0,93.0,54.0,2.8
2013-12-11,0.0,4.5,12.1,8.3,1.1,6.1,74.0,93.0,59.0,0.0
2013-12-12,0.0,0.8,13.2,7.0,1.9,7.8,76.0,93.0,52.0,5.6
2013-12-13,0.0,2.0,14.4,8.2,1.4,6.9,70.0,88.0,45.0,4.0
2013-12-14,0.0,3.4,13.3,8.4,1.7,6.7,71.0,90.0,50.0,5.1
2013-12-15,0.0,2.3,14.1,8.2,2.8,8.3,76.0,90.0,54.0,5.4
2013-12-16,0.0,0.5,10.2,5.4,1.4,7.8,81.0,92.0,69.0,1.8
2013-12-17,0.0,3.3,12.6,8.0,0.8,6.7,81.0,92.0,63.0,2.0
2013-12-18,0.0,3.4,14.7,9.0,1.9,8.3,68.0,86.0,51.0,3.2
2013-12-19,1.8,7.1,13.8,10.4,1.9,17.2,77.0,89.0,57.0,0.1
2013-12-20,0.0,3.7,10.3,7.0,4.2,20.8,47.0,68.0,40.0,3.1
2013-12-21,0.0,2.9,10.1,6.5,1.4,7.8,78.0,89.0,54.0,0.0
2013-12-22,0.0,1.1,14.5,7.8,1.4,7.5,70.0,90.0,48.0,5.6
2013-12-23,0.0,1.5,15.7,8.6,2.5,8.3,62.0,89.0,35.0,5.3
2013-12-24,3.6,2.5,15.7,9.1,4.4,13.9,48.0,70.0,30.0,4.3
2013-12-25,20.6,5.2,13.5,9.4,4.7,18.3,77.0,92.0,46.0,0.0
2013-12-26,0.0,2.5,11.7,7.1,3.3,17.2,52.0,85.0,41.0,3.1
2013-12-27,0.0,4.2,15.6,9.9,1.9,10.0,75.0,86.0,47.0,4.1
2013-12-28,0.0,2.3,14.1,8.2,2.5,14.2,64.0,94.0,40.0,2.9
2013-12-29,0.0,-1.3,11.5,5.1,2.5,10.0,54.0,87.0,28.0,5.5
2013-12-30,0.0,-2.2,11.7,4.8,2.2,7.5,52.0,76.0,26.0,5.4
2013-12-31,0.0,0.3,14.3,7.3,2.8,8.9,46.0,72.0,27.0,1.9
2014-01-01,0.0,5.9,16.2,11.0,1.7,6.7,63.0,77.0,47.0,4.9
2014-01-02,0.0,8.8,14.4,11.6,4.4,12.5,64.0,81.0,58.0,0.0
2014-01-03,0.0,9.5,21.5,15.5,1.1,10.0,59.0,84.0,40.0,5.5
2014-01-04,1.6,7.5,17.9,12.7,4.4,24.7,61.0,82.0,27.0,4.1
2014-01-05,0.0,3.6,17.6,10.6,2.5,11.7,55.0,82.0,29.0,4.9
2014-01-06,0.0,1.8,16.4,9.1,1.7,8.9,67.0,92.0,36.0,5.7
2014-01-07,0.0,3.8,16.6,10.2,1.9,8.6,36.0,57.0,20.0,5.5
2014-01-08,0.0,1.0,16.4,8.7,1.1,7.8,53.0,73.0,29.0,5.5
2014-01-09,0.0,1.3,16.0,8.6,1.7,7.2,54.0,76.0,28.0,5.2
2014-01-10,0.0,2.6,11.6,7.1,1.4,6.1,83.0,92.0,63.0,2.4
2014-01-11,0.0,3.3,11.9,7.6,1.1,5.3,83.0,93.0,70.0,1.3
2014-01-12,0.0,3.1,18.7,10.9,1.9,7.8,66.0,92.0,37.0,5.3
2014-01-13,0.4,1.7,11.4,6.6,1.7,9.7,71.0,89.0,48.0,0.0
2014-01-14,0.0,4.1,13.2,8.6,4.4,15.8,56.0,63.0,46.0,2.6
2014-01-15,0.0,5.2,17.1,11.2,2.5,9.2,65.0,84.0,45.0,5.5
2014-01-16,0.0,5.9,14.1,10.0,1.7,9.7,76.0,89.0,59.0,0.0
2014-01-17,0.4,0.5,13.0,6.8,2.5,10.0,66.0,89.0,38.0,4.6
2014-01-18,0.4,4.8,12.7,8.8,3.6,11.7,76.0,93.0,51.0,3.7
2014-01-19,1.8,3.2,10.1,6.6,2.2,18.6,69.0,91.0,53.0,1.4
2014-01-20,0.0,0.1,12.6,6.4,1.4,11.7,51.0,82.0,27.0,5.8
2014-01-21,0.8,-0.6,12.4,5.9,2.2,9.7,58.0,81.0,36.0,6.0
2014-01-22,0.0,4.1,13.5,8.8,2.8,12.5,63.0,89.0,46.0,1.5
2014-01-23,0.0,2.9,12.2,7.6,2.2,11.1,59.0,85.0,35.0,5.6
2014-01-24,0.0,2.1,17.8,10.0,3.3,13.9,43.0,75.0,23.0,5.7
2014-01-25,0.0,12.3,18.2,15.2,3.1,17.2,47.0,53.0,29.0,2.8
2014-01-26,0.0,5.9,21.7,13.8,2.8,9.4,42.0,74.0,23.0,6.2
2014-01-27,0.0,7.7,17.2,12.4,5.6,17.8,43.0,62.0,25.0,5.8
2014-01-28,0.0,3.4,12.6,8.0,3.9,15.8,48.0,71.0,32.0,5.9
2014-01-29,0.2,3.2,11.7,7.4,2.5,14.7,62.0,77.0,41.0,0.7
2014-01-30,0.0,2.3,10.8,6.6,3.6,15.3,48.0,70.0,33.0,6.6
2014-01-31,0.0,4.8,12.3,8.6,2.2,10.8,54.0,80.0,45.0,0.8
2014-02-01,0.0,4.3,16.6,10.4,3.3,15.3,56.0,84.0,34.0,2.6
2014-02-02,0.0,-1.2,12.4,5.6,1.9,8.6,46.0,77.0,20.0,6.8
2014-02-03,0.4,-2.3,15.1,6.4,3.9,10.3,50.0,79.0,35.0,2.6
2014-02-04,0.0,-0.2,14.3,7.0,2.2,10.6,50.0,77.0,32.0,3.0
2014-02-05,0.0,7.3,18.5,12.9,3.3,17.8,56.0,76.0,37.0,2.9
2014-02-06,0.0,8.1,22.0,15.0,3.9,15.8,48.0,82.0,23.0,6.9
2014-02-07,0.0,5.6,13.8,9.7,3.6,15.8,45.0,69.0,23.0,6.6
2014-02-08,0.0,5.1,18.2,11.6,4.7,21.4,60.0,73.0,40.0,5.9
2014-02-09,0.4,4.3,15.5,9.9,3.3,25.8,59.0,74.0,40.0,2.7
2014-02-10,0.0,5.4,13.0,9.2,3.9,26.4,42.0,61.0,35.0,4.9
2014-02-11,0.0,-0.6,12.0,5.7,2.8,13.6,55.0,87.0,36.0,0.5
2014-02-12,0.0,1.1,17.6,9.4,2.5,10.3,62.0,95.0,34.0,6.7
2014-02-13,0.0,9.2,22.4,15.8,2.2,12.8,57.0,79.0,33.0,5.1
2014-02-14,0.0,7.7,24.0,15.8,4.7,15.8,44.0,86.0,18.0,7.0
2014-02-15,0.0,6.1,21.1,13.6,3.3,16.4,39.0,77.0,22.0,6.8
2014-02-16,1.2,5.3,11.1,8.2,1.1,7.2,86.0,91.0,74.0,1.6
2014-02-17,0.0,6.6,8.9,7.8,0.6,3.6,87.0,91.0,78.0,0.0
2014-02-18,0.0,6.1,12.2,9.2,1.1,6.4,81.0,93.0,67.0,0.0
2014-02-19,0.0,1.8,15.8,8.8,1.9,10.8,52.0,86.0,24.0,7.0
2014-02-20,0.0,2.4,20.9,11.6,2.2,8.9,42.0,76.0,18.0,7.1
2014-02-21,0.0,3.2,18.8,11.0,3.1,9.4,56.0,78.0,33.0,5.4
2014-02-22,0.0,2.3,15.8,9.0,3.1,13.9,43.0,75.0,22.0,8.0
2014-02-23,0.0,0.6,16.7,8.6,2.8,10.0,42.0,76.0,20.0,7.9
2014-02-24,0.4,-1.4,11.1,4.8,2.5,9.2,69.0,84.0,49.0,1.7
2014-02-25,0.0,-0.3,16.8,8.2,1.9,11.1,50.0,89.0,31.0,7.1
2014-02-26,0.0,2.5,15.6,9.0,2.8,13.6,43.0,70.0,26.0,5.0
2014-02-27,0.0,2.2,15.9,9.0,2.2,8.9,48.0,67.0,24.0,3.7
2014-02-28,0.0,3.3,20.0,11.6,6.9,26.4,40.0,77.0,20.0,7.2
2014-03-01,0.0,9.7,16.3,13.0,5.6,23.3,50.0,61.0,43.0,2.5
2014-03-02,0.0,9.9,19.8,14.8,1.7,23.3,51.0,85.0,38.0,5.7
2014-03-03,0.0,9.2,14.9,12.0,6.1,23.6,38.0,85.0,25.0,8.0
2014-03-04,0.0,5.4,17.0,11.2,3.6,15.8,37.0,68.0,16.0,8.8
2014-03-05,0.0,4.4,16.9,10.6,1.9,11.4,52.0,80.0,36.0,1.8
2014-03-06,0.0,3.9,20.4,12.2,2.8,9.2,45.0,86.0,28.0,9.0
2014-03-07,0.0,5.6,18.4,12.0,1.7,8.3,56.0,86.0,25.0,7.3
2014-03-08,0.0,-0.3,19.7,9.7,1.9,8.3,41.0,77.0,14.0,9.3
2014-03-09,0.0,-1.3,17.2,8.0,2.2,8.6,47.0,82.0,18.0,9.3
2014-03-10,0.0,-0.7,16.8,8.0,1.7,7.5,50.0,93.0,23.0,9.4
2014-03-11,0.0,0.4,18.3,9.4,3.3,15.6,36.0,69.0,17.0,8.6
2014-03-12,1.8,3.4,8.9,6.2,1.1,8.6,82.0,92.0,57.0,0.0
2014-03-13,0.4,4.9,14.0,9.4,2.2,10.3,76.0,91.0,46.0,3.9
2014-03-14,0.0,3.0,14.6,8.8,1.9,9.7,58.0,91.0,33.0,2.5
2014-03-15,0.0,2.0,20.4,11.2,1.9,11.1,44.0,83.0,17.0,9.0
2014-03-16,0.0,4.7,24.2,14.4,2.5,9.7,29.0,61.0,13.0,9.4
2014-03-17,0.0,5.3,25.4,15.4,2.2,8.1,30.0,58.0,15.0,9.6
2014-03-18,0.0,6.8,25.8,16.3,2.8,9.7,32.0,59.0,15.0,9.4
2014-03-19,0.0,5.4,19.2,12.3,2.8,8.6,50.0,74.0,31.0,9.2
2014-03-20,0.0,4.2,20.9,12.6,1.9,7.5,59.0,92.0,33.0,9.4
2014-03-21,0.8,6.0,22.1,14.0,1.1,18.6,58.0,82.0,32.0,5.1
2014-03-22,0.0,9.6,22.6,16.1,3.3,14.7,47.0,82.0,29.0,6.7
2014-03-23,0.0,2.5,18.5,10.5,1.7,9.4,39.0,75.0,18.0,10.1
2014-03-24,0.0,2.3,23.1,12.7,3.9,14.7,34.0,59.0,14.0,9.4
2014-03-25,6.6,3.8,22.2,13.0,4.4,22.8,26.0,88.0,12.0,8.9
2014-03-26,0.0,3.8,13.3,8.6,5.0,27.8,42.0,84.0,35.0,9.5
2014-03-27,0.0,3.0,18.1,10.6,3.3,10.0,42.0,73.0,15.0,8.9
2014-03-28,0.0,4.7,15.7,10.2,2.8,11.1,69.0,88.0,40.0,3.0
2014-03-29,0.0,6.5,17.7,12.1,3.3,13.1,59.0,89.0,35.0,1.3
2014-03-30,0.0,6.4,16.3,11.4,1.7,6.7,48.0,78.0,34.0,1.2
2014-03-31,0.0,3.9,22.4,13.2,3.6,10.0,42.0,76.0,23.0,10.7
2014-04-01,0.0,4.5,21.2,12.8,2.2,7.5,46.0,74.0,23.0,5.7
2014-04-02,12.0,7.4,17.4,12.4,1.7,7.5,61.0,91.0,46.0,1.2
2014-04-03,0.0,6.9,17.7,12.3,3.1,18.3,56.0,93.0,30.0,9.1
2014-04-04,0.0,8.4,20.2,14.3,2.5,12.5,37.0,61.0,15.0,10.3
2014-04-05,0.0,13.3,24.9,19.1,2.5,16.4,45.0,65.0,32.0,9.0
2014-04-06,0.0,8.4,26.7,17.6,1.9,7.8,43.0,85.0,27.0,11.2
2014-04-07,0.0,10.4,29.6,20.0,2.2,8.1,39.0,77.0,19.0,11.3
2014-04-08,0.0,9.6,29.8,19.7,3.1,9.2,32.0,72.0,17.0,10.0
2014-04-09,0.0,8.1,25.5,16.8,2.2,8.3,42.0,80.0,26.0,10.5
2014-04-10,0.0,10.4,29.7,20.0,1.7,13.9,36.0,72.0,18.0,8.7
2014-04-11,0.0,13.5,29.8,21.6,2.5,13.3,29.0,57.0,15.0,3.4
2014-04-12,1.8,8.5,24.7,16.6,1.9,8.6,53.0,91.0,30.0,8.8
2014-04-13,0.2,9.0,24.6,16.8,1.9,9.2,52.0,93.0,27.0,11.5
2014-04-14,0.0,6.6,25.4,16.0,2.2,10.0,45.0,88.0,22.0,9.0
2014-04-15,0.0,6.4,27.9,17.2,1.7,7.5,36.0,84.0,18.0,8.7
2014-04-16,0.0,10.6,28.6,19.6,2.8,8.9,34.0,71.0,21.0,9.2
2014-04-17,0.0,8.3,28.2,18.2,1.9,8.9,40.0,81.0,24.0,10.5
2014-04-18,0.0,8.6,29.1,18.8,3.1,6.7,39.0,89.0,24.0,7.5
2014-04-19,0.0,12.9,29.9,21.4,3.6,11.1,31.0,63.0,11.0,5.7
2014-04-20,0.0,11.2,21.5,16.4,4.4,13.9,38.0,61.0,28.0,5.0
2014-04-21,0.0,7.9,22.9,15.4,3.3,12.5,44.0,83.0,27.0,8.7
2014-04-22,0.0,7.7,24.1,15.9,2.2,11.9,34.0,76.0,18.0,11.8
2014-04-23,0.0,8.3,26.6,17.4,2.8,10.8,36.0,70.0,14.0,11.0
2014-04-24,0.0,9.4,28.0,18.7,4.4,13.9,35.0,65.0,13.0,11.4
2014-04-25,0.0,9.7,20.2,15.0,2.8,22.8,29.0,53.0,16.0,12.1
2014-04-26,0.0,10.4,27.3,18.8,3.1,11.4,34.0,53.0,23.0,10.4
2014-04-27,0.0,9.5,27.8,18.6,2.2,12.5,32.0,76.0,10.0,11.6
2014-04-28,0.0,11.6,28.9,20.2,1.7,8.3,29.0,53.0,14.0,11.9
2014-04-29,0.0,10.4,30.3,20.4,2.8,10.3,31.0,70.0,15.0,11.8
2014-04-30,0.0,11.8,29.8,20.8,2.2,9.4,30.0,68.0,17.0,11.4
2014-05-01,0.0,8.8,27.3,18.0,2.5,8.1,38.0,81.0,23.0,11.9
2014-05-02,0.0,9.6,28.8,19.2,3.1,14.2,32.0,76.0,17.0,12.1
2014-05-03,0.0,6.0,24.3,15.2,2.5,8.1,33.0,80.0,18.0,12.3
2014-05-04,0.0,7.1,26.1,16.6,2.5,9.7,34.0,74.0,22.0,12.3
2014-05-05,0.0,6.5,27.1,16.8,2.2,10.0,36.0,78.0,23.0,12.3
2014-05-06,0.0,8.1,29.2,18.6,1.9,10.8,36.0,76.0,17.0,12.5
2014-05-07,0.0,10.2,31.1,20.6,1.9,7.5,33.0,77.0,16.0,9.4
2014-05-08,0.0,11.2,28.0,19.6,1.9,8.6,48.0,85.0,24.0,10.7
2014-05-09,0.0,11.1,28.9,20.0,1.9,10.0,38.0,82.0,12.0,11.3
2014-05-10,0.0,10.9,32.1,21.5,2.2,8.6,25.0,62.0,14.0,12.3
2014-05-11,0.0,16.0,33.7,24.8,2.8,9.2,35.0,61.0,19.0,6.9
2014-05-12,0.0,13.0,28.0,20.5,1.9,8.3,57.0,88.0,36.0,9.6
2014-05-13,0.2,11.3,26.4,18.8,2.2,10.6,61.0,93.0,39.0,8.3
2014-05-14,0.0,10.1,22.5,16.3,2.8,8.3,60.0,90.0,42.0,3.9
2014-05-15,0.0,8.2,22.9,15.6,2.5,9.4,52.0,91.0,32.0,9.9
2014-05-16,0.0,6.6,22.8,14.7,2.8,,46.0,88.0,29.0,
2014-05-17,0.0,,22.3,,,10.3,38.0,87.0,22.0,
2014-05-18,0.0,,,,,,,,,
2014-05-19,0.0,,,,,,,,,
2014-05-20,0.0,,,,,,,,,
2014-05-21,0.0,,23.8,,,15.6,,,17.0,
2014-05-22,0.0,7.0,24.1,15.6,3.1,12.2,24.0,72.0,15.0,11.8
2014-05-23,0.0,7.8,26.6,17.2,2.8,9.7,28.0,60.0,14.0,10.3
2014-05-24,1.8,7.1,23.7,15.4,2.2,10.0,38.0,88.0,17.0,7.5
2014-05-25,0.0,7.4,26.5,17.0,1.9,13.1,48.0,94.0,23.0,11.5
2014-05-26,0.0,8.7,27.8,18.2,1.9,8.6,28.0,86.0,15.0,11.9
2014-05-27,0.0,9.5,27.3,18.4,2.2,10.6,41.0,88.0,20.0,7.7
2014-05-28,0.2,9.5,25.3,17.4,2.8,14.2,37.0,70.0,26.0,4.6
2014-05-29,0.0,12.7,28.2,20.4,3.1,17.2,29.0,57.0,18.0,11.1
2014-05-30,0.0,11.9,28.0,20.0,2.8,16.1,39.0,87.0,24.0,8.5
2014-05-31,7.4,10.7,22.3,16.5,1.7,10.8,73.0,92.0,40.0,2.7
2014-06-01,1.0,8.6,17.2,12.9,1.1,7.8,71.0,93.0,57.0,0.5
2014-06-02,0.0,10.3,26.3,18.3,2.5,8.9,45.0,86.0,30.0,10.9
2014-06-03,0.0,8.9,30.4,19.6,2.2,8.9,37.0,89.0,22.0,10.8
2014-06-04,0.0,16.8,33.3,25.0,3.1,8.6,23.0,46.0,14.0,11.9
2014-06-05,0.0,12.6,31.1,21.8,2.2,8.6,45.0,74.0,26.0,11.9
2014-06-06,0.0,15.8,32.9,24.4,3.6,17.5,32.0,84.0,16.0,12.3
2014-06-07,0.0,14.0,32.2,23.1,2.2,8.9,35.0,65.0,22.0,12.0
2014-06-08,0.0,14.8,32.3,23.6,1.9,8.9,42.0,77.0,29.0,11.6
2014-06-09,0.0,13.7,31.7,22.7,2.2,9.4,44.0,80.0,24.0,9.8
2014-06-10,0.0,13.1,30.3,21.7,1.4,8.3,44.0,81.0,31.0,8.6
2014-06-11,0.0,13.5,30.2,21.8,2.2,11.9,32.0,71.0,23.0,11.5
2014-06-12,0.0,13.1,31.6,22.4,2.5,11.1,30.0,73.0,19.0,12.9
2014-06-13,0.0,15.2,34.9,25.0,2.5,16.4,23.0,61.0,13.0,10.2
2014-06-14,0.0,15.7,36.2,26.0,1.9,9.2,25.0,57.0,14.0,7.8
2014-06-15,0.0,15.6,31.4,23.5,3.9,15.0,35.0,76.0,18.0,11.5
2014-06-16,41.6,12.3,27.4,19.8,3.3,18.3,59.0,94.0,35.0,5.3
2014-06-17,6.4,12.8,26.8,19.8,,,,93.0,31.0,
2014-06-18,0.0,12.7,29.6,21.2,,,54.0,92.0,33.0,9.5
2014-06-19,0.0,13.9,27.5,20.7,,,56.0,93.0,37.0,9.1
2014-06-20,0.0,11.9,29.2,20.6,,,42.0,87.0,22.0,12.8
2014-06-21,0.0,14.6,32.3,23.4,,,41.0,84.0,26.0,12.5
2014-06-22,0.0,15.2,29.8,22.5,,,42.0,77.0,29.0,5.0
2014-06-23,2.2,15.0,31.2,23.1,,,45.0,88.0,24.0,6.5
2014-06-24,7.8,12.5,25.1,18.8,,,79.0,91.0,44.0,3.9
2014-06-25,0.0,10.9,25.2,18.0,,,48.0,89.0,37.0,5.6
2014-06-26,0.0,14.6,30.8,22.7,,,38.0,80.0,23.0,7.5
2014-06-27,0.0,14.1,32.9,23.5,,,32.0,77.0,16.0,13.1
2014-06-28,0.0,14.4,34.4,24.4,,,30.0,77.0,19.0,13.1
2014-06-29,0.0,17.2,31.5,24.4,,,29.0,69.0,16.0,10.9
2014-06-30,0.0,13.6,31.9,22.8,,,42.0,79.0,23.0,12.6
2014-07-01,0.0,13.5,34.1,23.8,,,27.0,80.0,12.0,10.8
2014-07-02,0.0,15.7,29.4,22.6,,,44.0,79.0,29.0,8.9
2014-07-03,0.0,14.7,28.1,21.4,,,56.0,87.0,31.0,7.6
2014-07-04,0.0,15.0,32.4,23.7,,,29.0,64.0,18.0,12.7
2014-07-05,0.0,17.0,34.4,25.7,,,28.0,61.0,16.0,13.1
2014-07-06,0.0,15.6,33.9,24.8,,,28.0,65.0,17.0,10.7
2014-07-07,0.0,17.1,33.2,25.2,,,32.0,84.0,19.0,10.6
2014-07-08,0.0,15.6,31.4,23.5,,,56.0,90.0,35.0,9.3
2014-07-09,0.0,19.0,31.8,25.4,,,52.0,86.0,31.0,10.6
2014-07-10,0.0,17.6,32.4,25.0,,,52.0,87.0,31.0,
2014-07-11,0.0,14.7,32.2,23.4,,,46.0,92.0,29.0,12.1
2014-07-12,0.0,14.5,32.7,23.6,,,49.0,90.0,27.0,9.2
2014-07-13,1.2,15.7,33.5,24.6,,,45.0,89.0,24.0,11.6
2014-07-14,0.0,14.5,36.6,25.6,,,30.0,82.0,13.0,13.0
2014-07-15,0.0,16.3,32.8,24.6,,,49.0,91.0,35.0,13.0
2014-07-16,0.0,15.0,34.9,25.0,,,38.0,87.0,22.0,12.8
2014-07-17,0.0,15.4,37.8,26.6,,,32.0,77.0,14.0,12.3
2014-07-18,0.0,17.9,36.1,27.0,,,37.0,81.0,21.0,10.4
2014-07-19,0.0,17.1,37.1,27.1,,,25.0,89.0,6.0,10.0
2014-07-20,0.0,18.9,32.8,25.8,,,31.0,61.0,16.0,10.7
2014-07-21,0.0,15.1,33.1,24.1,,,26.0,61.0,15.0,13.0
2014-07-22,0.0,14.2,35.1,24.6,,,30.0,80.0,18.0,12.9
2014-07-23,0.0,15.2,36.2,25.7,,,27.0,67.0,15.0,12.6
2014-07-24,0.0,16.0,35.6,25.8,,,31.0,59.0,18.0,12.6
2014-07-25,0.0,17.1,34.9,26.0,,,33.0,68.0,20.0,11.8
2014-07-26,0.0,,,,,,42.0,,,
2014-07-27,0.0,17.4,35.7,26.6,,,36.0,69.0,26.0,12.3
2014-07-28,0.0,16.2,37.2,26.7,,,30.0,71.0,12.0,12.4
2014-07-29,0.0,17.4,32.6,25.0,,,52.0,83.0,27.0,
2014-07-30,0.0,20.1,33.7,26.9,,,45.0,77.0,25.0,
2014-07-31,0.0,15.6,35.0,25.3,,,37.0,86.0,18.0,11.8
2014-08-01,0.0,17.9,37.7,27.8,,,24.0,65.0,5.0,12.3
2014-08-02,0.0,14.4,34.5,24.4,,,27.0,71.0,13.0,12.5
2014-08-03,0.0,16.2,33.7,25.0,,,31.0,61.0,19.0,12.5
2014-08-04,0.0,15.6,33.9,24.8,,,39.0,71.0,23.0,12.2
2014-08-05,0.0,15.7,34.3,25.0,,,34.0,77.0,19.0,
2014-08-06,0.0,17.0,34.3,25.6,,,44.0,86.0,31.0,10.2
2014-08-07,0.0,16.4,34.8,25.6,,,37.0,76.0,23.0,11.9
2014-08-08,0.0,15.4,38.0,26.7,,,30.0,83.0,12.0,11.8
2014-08-09,0.0,16.9,36.1,26.5,,,29.0,58.0,20.0,
2014-08-10,0.0,18.1,38.3,28.2,,,24.0,61.0,10.0,11.9
2014-08-11,0.0,16.9,38.2,27.6,,,21.0,69.0,12.0,12.3
2014-08-12,0.0,16.1,34.0,25.0,,,48.0,75.0,33.0,11.8
2014-08-13,0.0,19.9,36.5,28.2,,,32.0,80.0,15.0,12.1
2014-08-14,0.0,20.1,30.5,25.3,,,52.0,80.0,34.0,8.4
2014-08-15,0.0,20.4,32.6,26.5,,,54.0,81.0,32.0,8.2
2014-08-16,0.0,20.1,30.8,25.4,,,62.0,86.0,38.0,5.6
2014-08-17,0.0,17.0,30.3,23.6,,,56.0,83.0,38.0,8.1
2014-08-18,0.0,15.8,31.3,23.6,,,44.0,87.0,29.0,10.3
2014-08-19,0.0,14.8,33.1,24.0,,10.0,38.0,88.0,21.0,10.6
2014-08-20,0.0,16.7,33.5,25.1,3.1,8.9,37.0,85.0,25.0,11.9
2014-08-21,0.0,14.8,32.2,23.5,2.2,9.2,38.0,63.0,28.0,10.7
2014-08-22,0.0,13.2,32.8,23.0,2.2,8.9,43.0,83.0,27.0,12.0
2014-08-23,0.0,15.2,31.9,23.6,1.9,11.1,44.0,80.0,26.0,9.5
2014-08-24,0.0,18.5,32.2,25.4,2.5,9.7,54.0,84.0,32.0,8.9
2014-08-25,0.0,15.6,35.5,25.6,2.5,,33.0,81.0,18.0,12.0
2014-08-26,0.0,18.5,39.0,28.8,2.8,8.1,24.0,48.0,12.0,11.8
2014-08-27,0.0,20.5,39.1,29.8,1.9,12.5,27.0,62.0,13.0,11.1
2014-08-28,0.0,16.9,35.5,26.2,1.7,9.4,39.0,68.0,27.0,
2014-08-29,0.0,17.3,36.6,27.0,2.2,9.4,40.0,81.0,14.0,9.2
2014-08-30,0.0,16.4,32.6,24.5,1.7,8.3,56.0,89.0,37.0,6.6
2014-08-31,0.0,17.9,32.2,25.0,1.9,8.3,55.0,88.0,31.0,9.2
2014-09-01,0.0,17.1,34.6,25.8,1.7,7.8,44.0,85.0,23.0,10.9
2014-09-02,0.0,17.8,38.5,28.2,2.2,8.9,32.0,61.0,14.0,9.7
2014-09-03,0.0,18.6,37.1,27.8,1.9,8.6,34.0,62.0,20.0,11.0
2014-09-04,0.0,17.4,35.3,26.4,2.5,8.1,34.0,67.0,19.0,10.8
2014-09-05,0.0,16.2,34.4,25.3,1.9,8.3,36.0,73.0,21.0,9.6
2014-09-06,0.0,15.8,34.6,25.2,1.9,8.9,40.0,70.0,20.0,9.9
2014-09-07,0.0,16.9,36.5,26.7,3.3,14.7,42.0,77.0,9.0,10.0
2014-09-08,10.2,15.9,32.7,24.3,2.5,10.0,57.0,91.0,25.0,8.8
2014-09-09,0.0,18.1,32.4,25.2,1.4,8.3,62.0,93.0,27.0,9.6
2014-09-10,0.0,16.9,32.1,24.5,2.5,10.6,53.0,91.0,30.0,8.8
2014-09-11,0.0,14.7,33.4,24.0,2.2,10.3,34.0,80.0,13.0,11.0
2014-09-12,0.0,15.7,32.5,24.1,2.8,7.8,38.0,76.0,23.0,9.1
2014-09-13,0.0,16.9,34.3,25.6,1.7,9.2,36.0,73.0,17.0,10.4
2014-09-14,0.0,15.3,34.8,25.0,2.5,7.5,33.0,74.0,15.0,10.4
2014-09-15,0.0,15.9,31.2,23.6,2.5,7.5,39.0,66.0,20.0,9.2
2014-09-16,1.0,13.3,30.5,21.9,1.9,11.9,43.0,74.0,27.0,6.9
2014-09-17,0.0,15.2,32.1,23.6,1.9,11.4,36.0,61.0,18.0,8.3
2014-09-18,0.0,14.4,30.6,22.5,1.9,8.6,44.0,76.0,18.0,7.4
2014-09-19,0.0,12.5,31.1,21.8,1.9,11.4,42.0,78.0,21.0,6.4
2014-09-20,0.0,15.2,31.0,23.1,1.9,8.6,43.0,74.0,23.0,4.7
2014-09-21,0.2,16.6,30.8,23.7,1.9,8.6,43.0,76.0,25.0,5.0
2014-09-22,16.8,14.1,27.2,20.6,1.4,12.2,72.0,91.0,39.0,2.7
2014-09-23,1.4,12.1,24.9,18.5,1.4,9.2,64.0,91.0,39.0,5.9
2014-09-24,2.2,14.0,25.3,19.6,3.1,7.8,59.0,90.0,38.0,7.1
2014-09-25,7.0,13.4,24.4,18.9,1.7,7.8,73.0,93.0,49.0,5.2
2014-09-26,1.2,13.9,22.8,18.4,1.1,9.7,78.0,94.0,54.0,5.4
2014-09-27,5.6,15.1,17.0,16.0,0.8,7.2,91.0,92.0,89.0,0.0
2014-09-28,23.6,14.2,23.8,19.0,0.8,7.5,77.0,92.0,57.0,2.4
2014-09-29,0.4,15.5,24.2,19.8,1.1,4.7,79.0,93.0,56.0,1.8
2014-09-30,0.0,13.1,25.0,19.0,1.7,8.3,76.0,93.0,53.0,7.7
2014-10-01,1.0,16.2,22.7,19.4,1.9,8.3,76.0,91.0,62.0,1.0
2014-10-02,0.0,16.6,21.8,19.2,1.1,6.7,78.0,93.0,61.0,0.6
2014-10-03,0.0,15.3,25.6,20.4,1.4,8.1,65.0,89.0,44.0,6.0
2014-10-04,0.0,13.3,27.4,20.4,1.4,7.2,66.0,91.0,33.0,6.4
2014-10-05,0.0,15.0,26.7,20.8,2.8,8.6,60.0,88.0,36.0,6.8
2014-10-06,0.0,14.8,26.4,20.6,1.7,7.2,70.0,89.0,44.0,7.6
2014-10-07,0.0,12.0,27.3,19.6,1.7,7.8,52.0,79.0,26.0,9.0
2014-10-08,0.0,12.1,28.7,20.4,2.5,6.9,53.0,78.0,26.0,9.0
2014-10-09,0.0,12.8,29.9,21.4,3.1,11.1,34.0,74.0,11.0,8.7
2014-10-10,1.6,11.6,27.8,19.7,2.5,13.6,62.0,88.0,29.0,7.3
2014-10-11,1.0,10.4,21.4,15.9,1.7,12.2,74.0,90.0,52.0,2.3
2014-10-12,0.0,10.3,21.1,15.7,3.3,13.6,53.0,90.0,34.0,5.6
2014-10-13,1.6,8.4,22.8,15.6,1.4,8.9,58.0,84.0,28.0,6.5
2014-10-14,0.0,10.9,19.2,15.0,2.8,11.1,58.0,91.0,36.0,4.1
2014-10-15,0.0,10.5,25.1,17.8,2.2,11.7,52.0,82.0,33.0,7.5
2014-10-16,0.0,12.5,27.9,20.2,2.5,7.5,57.0,82.0,32.0,8.2
2014-10-17,0.0,11.1,27.8,19.4,1.9,6.7,57.0,89.0,35.0,8.1
2014-10-18,0.0,11.5,29.3,20.4,1.7,6.7,55.0,84.0,30.0,7.7
2014-10-19,0.0,11.7,26.4,19.0,1.9,7.5,62.0,85.0,37.0,7.1
2014-10-20,0.0,9.9,28.1,19.0,1.7,6.7,53.0,81.0,25.0,7.0
2014-10-21,0.0,11.8,30.4,21.1,1.7,8.6,36.0,74.0,13.0,7.4
2014-10-22,0.0,9.7,28.8,19.2,1.9,12.2,32.0,84.0,7.0,7.1
2014-10-23,0.0,6.6,26.1,16.4,1.1,7.5,31.0,84.0,14.0,7.2
2014-10-24,0.0,9.8,25.8,17.8,1.7,7.2,39.0,67.0,19.0,7.2
2014-10-25,0.0,9.9,26.5,18.2,1.9,7.5,37.0,60.0,20.0,7.0
2014-10-26,0.0,9.0,26.0,17.5,2.2,7.8,45.0,72.0,24.0,6.6
2014-10-27,0.0,9.2,25.2,17.2,1.1,8.3,58.0,89.0,29.0,6.9
2014-10-28,0.0,10.3,24.1,17.2,2.8,7.5,65.0,91.0,38.0,5.3
2014-10-29,0.0,9.6,25.0,17.3,1.9,6.9,64.0,92.0,31.0,5.7
2014-10-30,0.0,7.5,24.7,16.1,1.9,7.8,59.0,92.0,34.0,6.8
2014-10-31,0.0,9.7,22.2,16.0,1.7,6.1,67.0,92.0,43.0,6.4
2014-11-01,0.0,6.9,22.1,14.5,1.7,6.4,67.0,92.0,45.0,6.7
2014-11-02,0.0,7.5,21.4,14.4,1.9,6.7,68.0,91.0,46.0,6.0
2014-11-03,5.2,7.7,24.4,16.0,2.2,11.4,52.0,88.0,25.0,6.4
2014-11-04,4.2,6.9,16.0,11.4,2.5,14.7,67.0,90.0,41.0,2.6
2014-11-05,0.0,6.5,14.5,10.5,3.3,11.9,49.0,68.0,37.0,5.5
2014-11-06,0.0,4.8,16.8,10.8,2.8,11.1,46.0,81.0,28.0,6.4
2014-11-07,0.0,6.8,24.1,15.4,2.5,11.1,57.0,82.0,32.0,6.2
2014-11-08,0.0,8.3,18.4,13.4,1.7,8.3,71.0,90.0,41.0,1.4
2014-11-09,0.0,5.2,16.8,11.0,1.1,10.8,57.0,80.0,35.0,2.3
2014-11-10,0.6,3.1,14.9,9.0,2.5,6.9,56.0,83.0,34.0,6.4
2014-11-11,6.0,5.6,16.4,11.0,2.2,8.9,81.0,92.0,61.0,1.7
2014-11-12,0.0,8.1,19.6,13.8,2.5,10.8,61.0,89.0,42.0,1.5
2014-11-13,0.0,8.1,21.0,14.6,3.1,8.9,69.0,82.0,47.0,3.2
2014-11-14,1.2,11.1,21.8,16.4,3.6,13.1,61.0,88.0,44.0,1.9
2014-11-15,0.0,6.8,16.7,11.8,2.8,14.7,55.0,89.0,28.0,5.6
2014-11-16,0.0,5.0,17.7,11.4,1.7,9.7,56.0,82.0,31.0,5.5
2014-11-17,0.0,4.4,17.8,11.1,1.9,9.7,57.0,75.0,34.0,5.7
2014-11-18,0.0,2.2,16.2,9.2,2.5,7.8,64.0,86.0,42.0,
2014-11-19,0.0,3.4,18.5,11.0,1.1,6.9,65.0,90.0,41.0,5.8
2014-11-20,0.0,3.8,17.3,10.6,1.9,7.8,77.0,94.0,55.0,5.5
2014-11-21,0.0,8.8,17.1,13.0,1.7,5.3,80.0,91.0,62.0,1.3
2014-11-22,0.0,8.6,16.5,12.6,1.1,5.3,82.0,93.0,70.0,2.0
2014-11-23,0.0,9.5,19.0,14.2,1.4,5.6,73.0,94.0,51.0,0.8
2014-11-24,0.0,7.8,18.3,13.0,1.4,6.1,76.0,92.0,58.0,4.6
2014-11-25,6.0,9.1,19.2,14.2,1.7,5.3,78.0,93.0,55.0,4.6
2014-11-26,0.0,7.8,17.9,12.8,1.7,8.3,79.0,94.0,52.0,4.1
2014-11-27,1.2,8.0,13.4,10.7,1.4,8.6,88.0,93.0,77.0,0.5
2014-11-28,16.2,8.5,11.7,10.1,2.8,10.8,86.0,94.0,74.0,0.0
2014-11-29,0.2,8.5,15.0,11.8,0.8,4.4,82.0,94.0,58.0,3.7
2014-11-30,3.4,9.0,13.7,11.4,1.4,11.7,77.0,92.0,56.0,0.0
2014-12-01,0.0,10.4,19.8,15.1,2.8,11.9,57.0,71.0,44.0,2.0
2014-12-02,0.0,6.9,14.9,10.9,2.8,11.1,52.0,71.0,39.0,5.3
2014-12-03,4.0,5.1,13.0,9.0,1.7,7.2,70.0,88.0,54.0,4.5
2014-12-04,0.0,4.7,13.4,9.0,1.4,9.7,69.0,92.0,44.0,3.9
2014-12-05,0.0,2.0,12.8,7.4,1.9,9.4,62.0,90.0,44.0,3.3
2014-12-06,0.0,4.5,12.4,8.4,2.2,12.2,51.0,66.0,32.0,5.4
2014-12-07,0.0,1.5,11.8,6.6,1.9,12.5,45.0,80.0,30.0,5.4
2014-12-08,0.0,-0.5,13.7,6.6,1.7,8.6,65.0,88.0,36.0,5.5
2014-12-09,0.0,5.9,10.4,8.2,4.2,19.4,43.0,54.0,37.0,1.5
2014-12-10,0.0,-0.7,13.7,6.5,1.9,9.2,49.0,74.0,21.0,5.5
2014-12-11,0.0,2.1,15.8,9.0,1.9,9.2,51.0,80.0,37.0,5.6
2014-12-12,0.0,0.5,15.3,7.9,1.7,7.2,65.0,87.0,33.0,5.4
2014-12-13,1.2,3.4,15.6,9.5,3.1,7.2,64.0,90.0,46.0,3.5
2014-12-14,18.2,5.5,9.8,7.6,0.6,6.1,92.0,94.0,89.0,0.0
2014-12-15,0.8,5.4,9.9,7.6,1.4,9.7,82.0,90.0,64.0,0.0
2014-12-16,0.0,4.4,15.0,9.7,2.8,11.1,57.0,84.0,39.0,4.0
2014-12-17,0.0,5.6,15.1,10.4,2.5,11.4,52.0,83.0,35.0,5.4
2014-12-18,0.0,3.4,16.1,9.8,1.7,7.8,60.0,85.0,37.0,5.3
2014-12-19,0.0,5.0,18.5,11.8,1.7,8.3,65.0,85.0,44.0,5.4
2014-12-20,0.0,2.9,16.5,9.7,1.4,7.2,68.0,88.0,44.0,5.4
2014-12-21,0.0,,,,,,,,,
2014-12-22,0.0,,,,,,,,,
2014-12-23,0.0,,,,,,,,,
2014-12-24,0.0,0.1,14.5,7.3,,,57.0,92.0,31.0,4.9
2014-12-25,0.0,0.2,12.2,6.2,,,75.0,91.0,52.0,4.8
2014-12-26,0.0,-0.6,12.8,6.1,,,69.0,93.0,44.0,5.3
2014-12-27,0.0,2.3,17.2,9.8,,,52.0,83.0,27.0,5.4
2014-12-28,0.2,4.8,14.4,9.6,,,54.0,76.0,29.0,5.0
2014-12-29,0.0,-0.9,6.5,2.8,,,39.0,55.0,29.0,
2014-12-30,0.0,-3.9,9.1,2.6,,,29.0,54.0,14.0,5.5
2014-12-31,0.0,-2.8,16.7,7.0,,,33.0,52.0,14.0,5.5
2015-01-01,0.0,-1.9,11.7,4.9,,,60.0,88.0,36.0,4.8
2015-01-02,0.0,-0.2,14.9,7.4,,,42.0,83.0,19.0,5.5
2015-01-03,0.0,1.5,18.5,10.0,,,30.0,53.0,13.0,5.4
2015-01-04,0.0,4.2,19.7,12.0,,,35.0,56.0,17.0,5.5
2015-01-05,0.0,1.4,15.9,8.6,,,58.0,84.0,33.0,5.4
2015-01-06,0.0,0.8,14.7,7.8,,,52.0,78.0,31.0,5.4
2015-01-07,0.0,-1.3,12.2,5.4,,,68.0,88.0,42.0,5.2
2015-01-08,0.0,0.1,13.6,6.8,,,71.0,92.0,42.0,5.3
2015-01-09,0.0,0.2,16.7,8.4,,,46.0,80.0,18.0,5.4
2015-01-10,0.0,0.8,19.4,10.1,,,24.0,45.0,13.0,5.4
2015-01-11,0.0,4.7,18.1,11.4,,,31.0,62.0,17.0,5.2
2015-01-12,0.0,1.8,13.0,7.4,,,68.0,85.0,50.0,4.5
2015-01-13,0.0,3.2,16.4,9.8,,7.5,57.0,86.0,35.0,5.1
2015-01-14,0.0,3.8,15.8,9.8,2.5,7.5,46.0,68.0,32.0,4.8
2015-01-15,0.0,4.8,18.9,11.8,3.3,10.3,48.0,67.0,27.0,5.4
2015-01-16,0.0,0.3,11.2,5.8,4.7,13.6,44.0,75.0,26.0,1.7
2015-01-17,0.0,-0.3,11.1,5.4,1.7,9.2,48.0,80.0,24.0,5.7
2015-01-18,10.2,-4.1,9.1,2.5,3.1,6.9,65.0,92.0,44.0,1.4
2015-01-19,4.0,0.9,5.0,3.0,2.2,10.0,86.0,94.0,57.0,0.0
2015-01-20,0.0,-1.4,9.6,4.1,2.8,7.2,52.0,86.0,31.0,3.6
2015-01-21,2.2,-1.4,10.6,4.6,2.2,10.3,56.0,87.0,36.0,4.4
2015-01-22,0.8,2.8,8.2,5.5,4.2,14.4,57.0,79.0,45.0,5.3
2015-01-23,0.0,3.2,10.4,6.8,3.6,13.1,42.0,61.0,26.0,5.9
2015-01-24,0.0,-3.9,11.5,3.8,1.9,10.3,54.0,80.0,28.0,5.8
2015-01-25,0.0,1.7,14.2,8.0,2.8,8.6,38.0,71.0,19.0,6.2
2015-01-26,0.0,-1.5,13.8,6.2,2.8,6.4,49.0,71.0,26.0,6.1
2015-01-27,0.0,1.3,15.9,8.6,2.5,8.9,50.0,76.0,27.0,6.2
2015-01-28,0.0,2.3,18.0,10.2,1.7,9.7,40.0,70.0,15.0,6.0
2015-01-29,0.0,3.7,19.8,11.8,3.6,13.6,45.0,65.0,15.0,6.1
2015-01-30,0.0,13.3,20.4,16.8,5.6,19.7,45.0,58.0,33.0,5.4
2015-01-31,6.4,3.9,18.6,11.2,3.1,14.4,63.0,82.0,35.0,3.6
2015-02-01,0.0,0.5,8.8,4.6,3.3,16.9,42.0,70.0,34.0,6.4
2015-02-02,0.0,0.1,10.7,5.4,3.6,11.9,58.0,77.0,40.0,3.9
2015-02-03,3.4,6.2,13.4,9.8,3.1,17.2,51.0,68.0,36.0,5.4
2015-02-04,0.0,-0.3,7.5,3.6,4.7,18.3,51.0,83.0,30.0,5.9
2015-02-05,0.0,0.4,7.7,4.0,3.1,18.3,36.0,63.0,25.0,6.3
2015-02-06,0.0,-2.2,8.7,3.2,2.5,12.8,46.0,70.0,27.0,5.9
2015-02-07,0.4,-2.0,3.2,0.6,1.1,5.8,76.0,88.0,62.0,0.0
2015-02-08,0.0,-0.7,10.5,4.9,1.7,5.6,64.0,91.0,35.0,6.6
2015-02-09,5.0,-2.9,10.5,3.8,2.2,7.5,76.0,92.0,50.0,2.9
2015-02-10,0.8,3.9,7.5,5.7,1.4,5.8,89.0,92.0,72.0,1.9
2015-02-11,0.6,4.5,10.8,7.6,1.1,4.7,82.0,93.0,68.0,0.0
2015-02-12,8.0,3.8,8.5,6.2,0.8,3.9,88.0,92.0,76.0,0.0
2015-02-13,0.0,1.6,14.6,8.1,1.9,6.7,62.0,92.0,35.0,4.6
2015-02-14,0.0,3.6,16.2,9.9,2.8,15.8,62.0,86.0,39.0,3.1
2015-02-15,0.0,6.6,16.8,11.7,1.7,11.1,61.0,82.0,43.0,3.8
2015-02-16,3.8,6.9,17.6,12.2,2.2,10.3,54.0,72.0,35.0,5.8
2015-02-17,13.8,5.4,8.4,6.9,3.3,10.8,85.0,92.0,67.0,0.1
2015-02-18,1.0,5.9,7.6,6.8,3.1,11.7,83.0,90.0,75.0,0.0
2015-02-19,0.0,,10.9,,,7.5,,,55.0,
2015-02-20,0.2,2.7,12.9,7.8,1.4,5.3,73.0,91.0,52.0,3.6
2015-02-21,0.2,2.6,14.4,8.5,3.1,10.3,63.0,85.0,40.0,3.5
2015-02-22,0.0,3.5,14.7,9.1,3.6,14.2,37.0,62.0,26.0,7.4
2015-02-23,0.0,3.4,20.0,11.7,1.9,15.3,54.0,85.0,23.0,4.1
2015-02-24,0.0,6.0,14.5,10.2,2.8,12.8,30.0,55.0,21.0,7.7
2015-02-25,0.0,6.1,12.7,9.4,2.2,13.6,42.0,50.0,37.0,0.0
2015-02-26,0.0,8.1,19.1,13.6,3.6,13.1,45.0,76.0,33.0,7.6
2015-02-27,0.0,5.4,17.2,11.3,2.5,13.6,42.0,67.0,29.0,6.5
2015-02-28,0.0,3.4,18.8,11.1,1.7,8.3,45.0,67.0,30.0,7.3
2015-03-01,0.0,6.5,22.4,14.4,1.1,8.1,53.0,77.0,31.0,8.1
2015-03-02,0.0,9.2,26.2,17.7,2.8,7.8,54.0,76.0,30.0,8.6
2015-03-03,0.0,7.9,23.7,15.8,1.4,6.4,58.0,89.0,33.0,7.4
2015-03-04,0.0,7.4,22.3,14.8,3.3,10.6,48.0,86.0,23.0,8.4
2015-03-05,0.0,0.0,15.2,7.6,1.7,8.3,35.0,63.0,12.0,9.2
2015-03-06,0.0,-1.5,17.6,8.0,1.9,6.4,28.0,54.0,14.0,9.2
2015-03-07,0.0,-0.1,22.4,11.2,1.7,7.8,31.0,66.0,11.0,9.0
2015-03-08,0.0,2.8,18.9,10.8,2.2,7.2,44.0,78.0,23.0,7.8
2015-03-09,0.0,3.1,19.7,11.4,1.9,5.6,52.0,87.0,35.0,7.8
2015-03-10,0.0,3.6,22.3,13.0,2.2,6.4,44.0,74.0,23.0,8.8
2015-03-11,0.0,7.0,25.9,16.4,2.8,8.1,30.0,66.0,13.0,9.3
2015-03-12,0.0,7.7,25.2,16.4,2.8,8.9,29.0,54.0,12.0,9.4
2015-03-13,0.0,5.6,18.9,12.2,1.4,7.5,57.0,86.0,31.0,8.5
2015-03-14,0.0,2.4,15.9,9.2,2.2,10.0,47.0,92.0,11.0,4.0
2015-03-15,0.0,-0.9,15.1,7.1,1.9,5.8,44.0,88.0,28.0,7.9
2015-03-16,0.0,3.8,15.8,9.8,1.4,6.7,56.0,82.0,27.0,7.9
2015-03-17,15.0,6.3,13.1,9.7,2.5,8.9,68.0,89.0,51.0,2.0
2015-03-18,6.0,4.8,8.5,6.6,1.4,6.1,87.0,92.0,80.0,0.0
2015-03-19,7.4,7.8,11.4,9.6,2.8,12.8,90.0,94.0,82.0,0.0
2015-03-20,,8.8,10.5,9.6,,12.8,,,82.0,
2015-03-22,13.8,,15.5,,,5.8,,,53.0,
2015-03-23,1.6,7.6,15.9,11.8,1.1,7.8,80.0,94.0,62.0,4.6
2015-03-24,4.8,8.4,11.4,9.9,1.4,7.8,84.0,93.0,67.0,0.0
2015-03-25,0.0,4.5,10.8,7.6,3.6,13.3,54.0,86.0,34.0,5.1
2015-03-26,0.0,3.3,15.5,9.4,2.2,13.3,42.0,54.0,35.0,7.0
2015-03-27,0.0,12.4,21.5,17.0,3.1,14.4,45.0,63.0,37.0,9.8
2015-03-28,0.0,14.2,25.2,19.7,2.2,13.3,30.0,54.0,19.0,10.2
2015-03-29,0.0,10.3,26.5,18.4,2.2,10.6,28.0,67.0,14.0,10.0
2015-03-30,0.0,11.4,28.5,20.0,2.5,8.1,33.0,61.0,19.0,10.1
2015-03-31,0.0,12.6,28.8,20.7,2.2,7.8,35.0,64.0,23.0,10.5
2015-04-01,0.0,9.1,24.4,16.8,1.9,6.7,47.0,83.0,21.0,10.9
2015-04-02,0.0,6.0,20.6,13.3,1.4,5.8,64.0,90.0,46.0,10.1
2015-04-03,0.0,7.1,23.4,15.2,2.5,6.4,54.0,91.0,37.0,9.3
2015-04-04,0.0,8.5,20.9,14.7,1.9,7.5,62.0,89.0,38.0,8.4
2015-04-05,0.0,7.0,23.4,15.2,1.9,6.9,54.0,92.0,21.0,9.7
2015-04-06,0.0,9.0,14.1,11.6,2.5,6.7,74.0,89.0,48.0,0.2
2015-04-07,0.0,7.7,13.7,10.7,3.1,8.3,66.0,82.0,53.0,1.1
2015-04-08,0.0,6.8,13.9,10.4,3.6,9.2,60.0,82.0,47.0,5.2
2015-04-09,5.8,5.4,11.6,8.5,0.8,5.0,80.0,91.0,62.0,1.5
2015-04-10,0.0,3.5,18.3,10.9,1.9,5.6,68.0,93.0,47.0,10.0
2015-04-11,9.8,7.1,15.4,11.2,1.9,5.6,83.0,92.0,69.0,0.6
2015-04-12,1.2,6.7,18.3,12.5,2.5,8.3,73.0,93.0,52.0,6.4
2015-04-13,0.0,6.0,18.2,12.1,1.7,7.2,69.0,94.0,44.0,8.1
2015-04-14,0.0,5.6,20.6,13.1,2.2,9.2,47.0,84.0,30.0,10.7
2015-04-15,6.6,7.9,17.0,12.4,2.5,8.3,71.0,84.0,45.0,0.7
2015-04-16,6.8,9.3,18.7,14.0,1.9,7.2,71.0,93.0,42.0,4.8
2015-04-17,0.0,6.7,23.2,15.0,1.9,6.9,54.0,92.0,33.0,10.6
2015-04-18,0.0,7.6,24.3,16.0,2.2,6.7,55.0,86.0,34.0,9.3
2015-04-19,0.0,7.8,21.5,14.6,1.9,6.9,51.0,80.0,32.0,10.2
2015-04-20,0.0,5.9,20.9,13.4,2.8,7.8,57.0,83.0,40.0,10.7
2015-04-21,0.4,6.6,18.5,12.6,1.9,8.1,62.0,88.0,44.0,7.7
2015-04-22,0.0,9.0,21.5,15.2,1.9,5.8,66.0,89.0,47.0,9.8
2015-04-23,0.0,8.5,25.3,16.9,1.7,6.4,48.0,90.0,27.0,9.8
2015-04-24,0.0,8.4,26.0,17.2,1.9,6.4,47.0,87.0,33.0,10.0
2015-04-25,0.0,8.7,24.3,16.5,1.1,5.6,46.0,82.0,26.0,6.6
2015-04-26,5.0,10.5,22.6,16.6,2.5,14.2,60.0,79.0,42.0,5.0
2015-04-27,0.0,8.9,19.7,14.3,,10.6,42.0,75.0,33.0,6.4
2015-04-28,0.0,7.3,23.6,15.4,2.8,9.2,42.0,82.0,23.0,10.6
2015-04-29,0.0,9.4,25.4,17.4,2.2,7.8,40.0,75.0,24.0,10.0
2015-04-30,0.0,,,,,,,,,
2015-05-01,0.0,,,,,,,,,
2015-05-02,0.0,,,,,,,,,
2015-05-03,0.0,,,,,,,,,
2015-05-04,0.0,,,,,,,,,
2015-05-05,0.0,,25.6,,,11.9,,,26.0,
2015-05-06,0.0,8.5,26.0,17.2,1.7,7.5,35.0,83.0,24.0,12.3
2015-05-07,0.0,8.8,27.8,18.3,3.1,8.6,39.0,80.0,25.0,12.4
2015-05-08,0.0,,,,,,,,,
2015-05-09,0.0,,,,,,,,,
2015-05-10,0.0,,,,,,,,,
2015-05-11,0.0,,29.3,,,7.8,,,16.0,
2015-05-12,0.0,9.6,33.8,21.7,1.9,7.2,23.0,54.0,11.0,12.5
2015-05-13,0.0,12.2,37.5,24.8,1.7,7.8,24.0,62.0,9.0,9.7
2015-05-14,0.0,19.0,38.5,28.8,,10.3,14.0,40.0,6.0,9.6
2015-05-15,0.0,16.8,29.0,22.9,3.3,11.4,19.0,43.0,11.0,12.5
2015-05-16,0.0,7.8,26.2,17.0,2.5,8.9,31.0,70.0,15.0,12.7
2015-05-17,0.0,8.6,29.0,18.8,2.8,8.6,32.0,80.0,18.0,12.7
2015-05-18,0.0,7.4,28.3,17.8,1.7,7.5,33.0,76.0,24.0,12.0
2015-05-19,1.2,13.3,31.5,22.4,3.6,10.3,49.0,90.0,13.0,6.4
2015-05-20,0.0,12.6,23.2,17.9,1.7,8.3,62.0,90.0,32.0,4.9
2015-05-21,0.0,10.2,23.1,16.6,2.5,9.4,51.0,88.0,30.0,6.8
2015-05-22,0.0,10.2,22.4,16.3,2.5,8.3,52.0,85.0,36.0,5.7
2015-05-23,0.0,7.1,24.8,16.0,1.9,7.8,44.0,91.0,25.0,10.2
2015-05-24,0.0,8.3,21.1,14.7,2.5,7.2,45.0,82.0,22.0,3.9
2015-05-25,0.0,9.4,24.9,17.2,1.9,8.6,41.0,81.0,24.0,8.5
2015-05-26,0.0,12.0,29.1,20.6,2.5,7.5,30.0,62.0,21.0,10.0
2015-05-27,0.0,9.4,27.4,18.4,3.1,8.6,47.0,82.0,32.0,12.2
2015-05-28,0.0,8.9,27.3,18.1,2.5,8.9,38.0,87.0,27.0,12.7
2015-05-29,0.0,10.8,27.8,19.3,1.7,10.3,32.0,68.0,15.0,5.7
2015-05-30,3.8,14.3,29.6,22.0,2.5,10.3,40.0,88.0,25.0,10.1
2015-05-31,5.4,13.3,27.7,20.5,1.4,10.8,63.0,86.0,39.0,6.3
2015-06-01,5.0,12.8,30.0,21.4,1.9,11.7,55.0,87.0,27.0,8.7
2015-06-02,0.0,10.9,29.5,20.2,3.1,9.4,41.0,89.0,25.0,12.8
2015-06-03,0.0,11.7,29.5,20.6,2.5,8.6,31.0,81.0,15.0,13.0
2015-06-04,0.0,10.5,29.4,20.0,2.8,8.3,30.0,78.0,15.0,13.0
2015-06-05,0.0,10.0,29.7,19.8,2.5,9.7,32.0,77.0,23.0,13.0
2015-06-06,0.0,11.1,30.8,21.0,2.5,9.2,27.0,77.0,17.0,13.0
2015-06-07,0.0,10.3,30.1,20.2,2.8,7.8,25.0,71.0,12.0,13.1
2015-06-08,0.0,10.8,30.6,20.7,2.8,8.6,31.0,67.0,20.0,12.5
2015-06-09,0.0,14.1,32.0,23.0,2.2,8.9,28.0,61.0,14.0,12.8
2015-06-10,0.0,14.8,30.8,22.8,2.5,10.3,35.0,69.0,21.0,10.8
2015-06-11,7.8,13.0,26.6,19.8,1.7,10.3,65.0,91.0,42.0,3.6
2015-06-12,7.0,12.8,27.8,20.3,2.2,8.1,65.0,93.0,29.0,7.7
2015-06-13,0.4,13.0,29.4,21.2,2.5,9.4,40.0,85.0,18.0,9.7
2015-06-14,0.0,11.0,24.6,17.8,1.7,5.8,36.0,73.0,27.0,8.1
2015-06-15,10.2,11.3,26.3,18.8,1.4,7.5,55.0,88.0,28.0,7.2
2015-06-16,0.0,,25.0,,1.1,7.2,47.0,88.0,33.0,8.4
2015-06-17,0.0,,,,,,,,,
2015-06-18,0.0,,28.6,,,7.2,,,29.0,
2015-06-19,0.0,12.7,31.9,22.3,2.2,7.8,35.0,84.0,21.0,13.1
2015-06-20,0.0,13.1,32.6,22.8,1.9,8.6,32.0,82.0,19.0,13.1
2015-06-21,0.0,12.8,33.0,22.9,2.8,8.3,31.0,78.0,22.0,12.7
2015-06-22,0.0,14.8,35.3,25.0,1.9,8.1,29.0,76.0,14.0,9.7
2015-06-23,0.0,15.2,32.3,23.8,1.7,10.8,36.0,68.0,22.0,7.3
2015-06-24,0.0,12.1,32.0,22.0,1.4,10.8,39.0,74.0,17.0,10.4
2015-06-25,0.0,15.2,31.4,23.3,2.5,7.2,42.0,87.0,26.0,12.8
2015-06-26,0.0,14.1,34.7,24.4,2.8,7.5,31.0,75.0,17.0,12.9
2015-06-27,0.0,15.6,37.5,26.6,1.9,8.1,23.0,66.0,11.0,12.9
2015-06-28,0.0,17.1,39.6,28.4,2.5,8.1,19.0,57.0,11.0,13.0
2015-06-29,0.0,17.8,38.3,28.0,1.9,8.3,22.0,56.0,13.0,12.9
2015-06-30,0.0,16.3,39.4,27.8,2.5,8.9,25.0,64.0,11.0,12.9
2015-07-01,0.0,16.9,35.4,26.2,2.5,10.6,30.0,69.0,17.0,12.3
2015-07-02,0.0,20.3,35.0,27.6,2.2,7.2,30.0,76.0,15.0,7.1
2015-07-03,0.0,18.9,33.7,26.3,2.2,9.2,47.0,86.0,23.0,10.7
2015-07-04,0.0,16.4,36.9,26.6,1.9,7.5,27.0,70.0,14.0,12.0
2015-07-05,0.0,16.6,41.0,28.8,1.4,7.2,25.0,59.0,9.0,12.4
2015-07-06,0.0,16.8,40.2,28.5,2.2,8.3,23.0,58.0,10.0,12.5
2015-07-07,0.0,17.3,41.5,29.4,2.5,8.9,17.0,49.0,7.0,11.8
2015-07-08,0.0,21.1,41.9,31.5,2.2,9.2,18.0,66.0,10.0,10.7
2015-07-09,0.0,18.8,36.2,27.5,2.2,7.2,43.0,81.0,25.0,12.4
2015-07-10,0.0,16.1,36.7,26.4,1.9,8.1,47.0,90.0,24.0,11.6
2015-07-11,0.0,18.6,36.6,27.6,,8.6,33.0,74.0,15.0,12.7
2015-07-12,0.0,17.0,36.6,26.8,2.2,8.6,37.0,87.0,17.0,12.9
2015-07-13,0.0,17.7,36.5,27.1,2.5,8.1,37.0,74.0,27.0,12.8
2015-07-14,0.0,17.2,37.0,27.1,1.9,10.3,31.0,66.0,14.0,12.7
2015-07-15,0.0,16.4,36.5,26.4,2.2,9.2,32.0,71.0,23.0,12.2
2015-07-16,0.0,17.7,37.4,27.6,1.9,8.3,31.0,78.0,15.0,11.6
2015-07-17,0.0,17.5,38.1,27.8,1.7,8.3,33.0,72.0,12.0,10.2
2015-07-18,0.0,19.0,37.5,28.2,2.8,11.4,29.0,73.0,15.0,11.9
2015-07-19,0.0,17.8,39.0,28.4,1.9,7.8,31.0,79.0,14.0,8.9
2015-07-20,0.0,17.9,37.5,27.7,3.1,8.9,26.0,62.0,17.0,11.1
2015-07-21,0.0,19.3,39.1,29.2,1.9,8.6,32.0,62.0,15.0,11.8
2015-07-22,1.0,18.5,36.6,27.6,2.5,9.2,49.0,72.0,22.0,10.1
2015-07-23,0.6,19.2,35.2,27.2,2.8,8.6,49.0,80.0,28.0,9.9
2015-07-24,0.0,18.7,39.5,29.1,2.5,9.2,24.0,74.0,15.0,10.7
2015-07-25,0.0,18.8,36.8,27.8,2.5,9.2,34.0,83.0,19.0,11.0
2015-07-26,0.0,21.4,36.1,28.8,3.3,8.3,50.0,86.0,27.0,11.1
2015-07-27,0.0,19.6,40.9,30.2,3.1,7.5,20.0,65.0,11.0,12.6
2015-07-28,0.0,18.5,35.7,27.1,2.2,8.3,42.0,74.0,36.0,12.6
2015-07-29,0.0,18.9,37.5,28.2,2.5,7.8,35.0,82.0,29.0,8.0
2015-07-30,2.0,19.0,33.8,26.4,2.5,9.2,56.0,90.0,32.0,6.9
2015-07-31,7.6,20.1,34.4,27.2,1.9,7.8,56.0,90.0,29.0,6.7
2015-08-01,0.0,18.0,32.5,25.2,3.3,10.3,61.0,90.0,34.0,8.1
2015-08-02,0.0,19.4,33.6,26.5,2.2,8.3,55.0,87.0,32.0,8.9
2015-08-03,0.0,19.4,36.2,27.8,1.7,8.1,39.0,81.0,20.0,9.8
2015-08-04,0.0,19.1,36.4,27.8,2.8,8.3,36.0,71.0,23.0,10.6
2015-08-05,0.0,17.8,36.2,27.0,2.2,7.2,49.0,84.0,34.0,10.5
2015-08-06,2.2,19.9,37.0,28.4,2.8,11.7,45.0,78.0,25.0,6.5
2015-08-07,0.0,21.4,39.3,30.4,2.5,11.1,39.0,74.0,15.0,5.7
2015-08-08,1.0,19.7,33.0,26.4,1.9,13.3,56.0,79.0,25.0,2.8
2015-08-09,0.0,19.1,32.5,25.8,1.7,9.4,49.0,86.0,26.0,6.7
2015-08-10,1.4,19.2,36.2,27.7,1.4,7.8,58.0,88.0,24.0,7.4
2015-08-11,0.0,18.3,32.7,25.5,1.4,7.2,61.0,88.0,47.0,8.4
2015-08-12,0.0,18.3,36.9,27.6,1.7,8.3,44.0,85.0,22.0,9.6
2015-08-13,0.0,19.4,33.9,26.6,3.3,11.7,20.0,74.0,8.0,11.2
2015-08-14,0.0,13.2,31.2,22.2,1.7,8.6,23.0,55.0,15.0,11.9
2015-08-15,0.0,17.6,31.4,24.5,2.8,8.9,26.0,80.0,14.0,6.7
2015-08-16,0.0,15.6,31.4,23.5,2.2,8.3,52.0,89.0,26.0,7.1
2015-08-17,0.0,17.6,33.1,25.4,1.4,6.9,43.0,83.0,27.0,7.1
2015-08-18,0.0,19.1,33.2,26.2,2.8,9.4,53.0,86.0,30.0,8.9
2015-08-19,2.6,19.3,31.4,25.4,1.7,9.4,66.0,87.0,39.0,4.8
2015-08-20,0.0,19.1,32.0,25.6,2.5,8.9,58.0,90.0,39.0,8.9
2015-08-21,0.0,16.4,33.7,25.0,2.5,7.8,47.0,87.0,25.0,11.2
2015-08-22,0.0,15.4,33.7,24.6,1.9,8.3,46.0,82.0,23.0,11.4
2015-08-23,0.0,16.2,32.5,24.4,3.1,9.2,34.0,70.0,19.0,11.6
2015-08-24,0.0,14.5,32.0,23.2,1.9,7.2,36.0,66.0,24.0,10.2
2015-08-25,0.0,14.3,30.9,22.6,2.5,9.7,40.0,77.0,24.0,11.7
2015-08-26,0.0,14.7,31.7,23.2,2.2,8.3,53.0,90.0,34.0,11.5
2015-08-27,0.0,15.5,32.8,24.2,2.8,8.1,45.0,88.0,29.0,11.6
2015-08-28,0.0,15.2,33.3,24.2,2.2,9.7,43.0,78.0,32.0,11.4
2015-08-29,0.0,14.1,31.1,22.6,1.9,6.7,45.0,84.0,27.0,10.9
2015-08-30,0.8,17.2,32.1,24.6,1.9,13.3,53.0,91.0,33.0,7.0
2015-08-31,5.6,19.0,33.1,26.0,1.1,9.4,61.0,92.0,37.0,7.6
2015-09-01,1.6,18.1,32.6,25.4,1.7,11.1,69.0,93.0,26.0,9.1
2015-09-02,0.0,17.8,32.0,24.9,2.5,9.2,55.0,90.0,29.0,7.7
2015-09-03,0.0,,,,,,,,,
2015-09-08,0.0,,24.7,,,9.4,,,45.0,
2015-09-09,0.0,11.2,26.2,18.7,1.7,6.9,68.0,93.0,46.0,7.7
2015-09-10,0.0,13.8,28.7,21.2,1.9,6.1,66.0,92.0,43.0,6.8
2015-09-11,0.0,14.3,28.4,21.4,2.2,7.2,57.0,82.0,44.0,9.3
2015-09-12,0.2,14.3,27.3,20.8,1.4,6.7,62.0,88.0,39.0,5.2
2015-09-13,0.0,14.9,30.1,22.5,2.2,6.7,39.0,86.0,15.0,7.9
2015-09-14,0.0,15.5,28.6,22.0,1.9,6.4,45.0,76.0,28.0,9.2
2015-09-15,0.0,12.9,29.4,21.2,1.7,8.9,49.0,84.0,19.0,8.5
2015-09-16,0.0,15.5,30.9,23.2,3.1,10.3,39.0,71.0,17.0,9.3
2015-09-17,0.0,11.0,25.7,18.4,1.9,8.3,46.0,86.0,29.0,9.6
2015-09-18,0.0,10.3,24.7,17.5,1.9,7.2,53.0,88.0,29.0,9.0
2015-09-19,0.0,12.1,24.3,18.2,1.1,6.1,68.0,91.0,46.0,5.8
2015-09-20,0.0,11.5,27.7,19.6,1.1,6.1,60.0,92.0,31.0,9.3
2015-09-21,0.0,13.4,30.6,22.0,2.2,6.4,48.0,84.0,30.0,7.9
2015-09-22,0.0,15.0,32.0,23.5,1.7,7.8,37.0,74.0,14.0,9.1
2015-09-23,0.0,12.4,28.1,20.2,3.1,6.7,43.0,89.0,22.0,9.5
2015-09-24,0.0,12.3,26.1,19.2,1.7,6.1,57.0,92.0,36.0,7.6
2015-09-25,0.0,10.1,28.8,19.4,3.3,7.2,43.0,87.0,17.0,9.0
2015-09-26,0.0,11.8,28.3,20.0,1.9,8.6,48.0,81.0,23.0,8.9
2015-09-27,7.6,11.6,25.1,18.4,1.9,14.2,68.0,90.0,47.0,5.8
2015-09-28,0.0,9.3,22.9,16.1,1.7,6.1,74.0,93.0,46.0,6.3
2015-09-29,0.0,12.0,20.8,16.4,1.7,6.1,75.0,92.0,53.0,2.5
2015-09-30,0.0,10.0,22.4,16.2,1.7,5.8,71.0,92.0,48.0,5.3
2015-10-01,0.0,10.0,25.2,17.6,2.5,6.4,59.0,91.0,35.0,6.1
2015-10-02,0.0,11.2,28.6,19.9,2.8,8.3,42.0,70.0,21.0,6.7
2015-10-03,0.0,13.9,25.0,19.4,1.9,5.8,54.0,76.0,36.0,0.4
2015-10-04,0.0,12.7,28.0,20.4,1.1,10.0,51.0,80.0,33.0,4.7
2015-10-05,0.0,17.9,27.1,22.5,3.6,12.5,48.0,72.0,37.0,1.8
2015-10-06,0.0,15.0,27.0,21.0,2.8,13.3,48.0,73.0,27.0,6.4
2015-10-07,0.0,10.8,23.7,17.2,1.4,5.6,60.0,87.0,38.0,5.5
2015-10-08,4.2,11.8,22.3,17.0,2.2,10.0,73.0,93.0,48.0,4.1
2015-10-09,0.0,9.5,21.6,15.6,1.7,6.7,70.0,94.0,45.0,5.4
2015-10-10,0.0,9.6,24.7,17.2,1.7,6.9,68.0,91.0,38.0,7.1
2015-10-11,0.0,12.7,23.6,18.2,1.7,5.6,71.0,89.0,52.0,3.6
2015-10-12,0.0,12.8,26.9,19.8,3.1,10.0,58.0,87.0,32.0,5.0
2015-10-13,1.0,13.6,23.9,18.8,1.1,6.9,69.0,88.0,45.0,4.7
2015-10-14,0.0,10.5,21.7,16.1,1.7,6.7,66.0,93.0,39.0,7.1
2015-10-15,0.0,7.0,23.5,15.2,1.9,6.7,58.0,89.0,32.0,7.6
2015-10-16,0.0,8.9,22.0,15.4,1.9,6.7,72.0,92.0,51.0,5.4
2015-10-17,0.0,11.8,21.6,16.7,1.4,6.1,75.0,93.0,57.0,5.6
2015-10-18,5.4,10.2,24.5,17.4,1.9,6.4,67.0,91.0,41.0,7.1
2015-10-19,15.8,13.2,22.0,17.6,2.5,7.8,80.0,93.0,55.0,5.8
2015-10-20,1.6,11.6,18.4,15.0,1.1,6.4,84.0,94.0,66.0,0.0
2015-10-21,0.0,6.9,18.1,12.5,1.7,8.9,76.0,93.0,52.0,4.2
2015-10-22,0.0,5.9,21.3,13.6,1.7,6.1,57.0,91.0,30.0,6.8
2015-10-23,0.0,9.7,20.8,15.2,1.9,6.7,62.0,84.0,41.0,3.9
2015-10-24,0.0,10.4,16.8,13.6,0.8,3.6,82.0,93.0,69.0,0.1
2015-10-25,3.0,12.5,16.5,14.5,0.8,3.1,89.0,93.0,73.0,0.0
2015-10-26,0.8,11.7,17.4,14.6,1.4,5.3,85.0,93.0,73.0,0.2
2015-10-27,0.0,9.3,21.8,15.6,1.9,12.5,70.0,93.0,48.0,5.1
2015-10-28,0.0,7.4,19.0,13.2,1.9,8.6,59.0,84.0,37.0,5.9
2015-10-29,0.0,7.4,21.2,14.3,1.9,7.2,63.0,82.0,37.0,6.0
2015-10-30,0.0,8.0,21.8,14.9,2.2,6.9,70.0,91.0,48.0,6.1
2015-10-31,0.0,8.8,18.6,13.7,1.4,6.7,77.0,93.0,59.0,3.8
2015-11-01,55.0,12.2,15.8,14.0,3.1,11.4,79.0,93.0,65.0,0.0
2015-11-02,0.0,,,,,,,,,
2015-11-03,0.0,,,,,,,,,
2015-11-04,0.0,,20.0,,,5.0,,,49.0,
2015-11-05,0.0,10.6,20.6,15.6,2.2,6.4,73.0,87.0,51.0,5.4
2015-11-06,0.0,8.7,21.0,14.8,1.7,6.1,77.0,93.0,54.0,6.0
2015-11-07,0.0,8.8,21.3,15.0,1.7,4.7,76.0,92.0,54.0,6.0
2015-11-08,0.0,6.4,18.1,12.2,1.9,5.0,81.0,93.0,63.0,4.8
2015-11-09,0.0,5.9,22.4,14.2,1.4,5.8,71.0,91.0,36.0,5.8
2015-11-10,0.0,5.9,21.1,13.5,1.9,6.4,68.0,92.0,47.0,5.9
2015-11-11,0.0,5.8,21.2,13.5,2.2,7.5,58.0,90.0,31.0,6.0
2015-11-12,0.0,4.1,17.7,10.9,1.4,6.1,76.0,91.0,44.0,5.8
2015-11-13,0.0,4.4,17.0,10.7,2.5,5.8,76.0,92.0,58.0,5.6
2015-11-14,0.0,7.1,18.2,12.6,1.4,5.8,76.0,91.0,53.0,2.1
2015-11-15,0.0,4.6,17.6,11.1,1.4,6.4,80.0,93.0,60.0,5.1
2015-11-16,0.0,4.9,19.5,12.2,2.2,6.7,57.0,87.0,34.0,5.4
2015-11-17,0.0,4.6,19.1,11.8,2.8,7.5,53.0,79.0,32.0,5.3
2015-11-18,0.0,5.0,18.5,11.8,2.2,7.5,60.0,82.0,30.0,5.2
2015-11-19,0.0,5.3,21.8,13.6,2.5,7.2,58.0,74.0,33.0,5.2
2015-11-20,0.0,8.2,23.6,15.9,3.1,7.5,52.0,79.0,35.0,5.1
2015-11-21,2.0,6.4,20.9,13.6,6.1,18.3,41.0,84.0,31.0,2.8
2015-11-22,0.0,2.0,12.3,7.2,1.9,11.7,50.0,74.0,26.0,5.2
2015-11-23,0.0,-1.3,10.3,4.5,1.7,9.4,66.0,91.0,45.0,3.5
2015-11-24,0.0,-2.3,11.3,4.5,2.5,9.2,53.0,80.0,33.0,4.5
2015-11-25,0.0,3.8,16.5,10.2,2.8,12.5,47.0,69.0,33.0,3.5
2015-11-26,0.0,13.1,18.3,15.7,,16.1,21.0,44.0,16.0,4.9
2015-11-27,0.0,5.3,15.4,10.4,1.9,13.9,56.0,85.0,44.0,4.7
2015-11-28,0.0,3.1,16.2,9.6,1.9,7.8,66.0,90.0,42.0,4.8
2015-11-29,0.0,1.7,16.0,8.8,1.4,6.7,65.0,88.0,36.0,4.7
2015-11-30,0.0,-0.9,15.7,7.4,1.9,7.2,52.0,89.0,30.0,4.6
2015-12-01,0.0,2.0,15.3,8.6,1.1,5.6,54.0,82.0,33.0,4.1
2015-12-02,0.0,2.8,18.2,10.5,2.8,6.7,48.0,82.0,26.0,4.1
2015-12-03,0.0,3.6,18.1,10.8,1.9,6.1,62.0,83.0,39.0,4.7
2015-12-04,0.0,4.8,19.5,12.2,2.2,7.5,54.0,79.0,33.0,4.7
2015-12-05,0.0,3.6,17.0,10.3,1.9,6.4,65.0,82.0,40.0,4.2
2015-12-06,0.0,3.4,13.8,8.6,1.7,5.6,82.0,93.0,61.0,2.3
2015-12-07,0.0,6.6,15.2,10.9,1.7,4.7,76.0,91.0,56.0,1.6
2015-12-08,0.0,4.5,17.2,10.8,1.7,5.6,69.0,91.0,40.0,4.4
2015-12-09,0.2,5.0,14.4,9.7,1.7,5.8,77.0,92.0,51.0,3.8
2015-12-10,2.2,9.0,13.2,11.1,1.1,3.9,91.0,93.0,73.0,1.2
2015-12-11,0.0,5.2,13.0,9.1,1.4,5.3,85.0,93.0,73.0,0.3
2015-12-12,0.0,4.3,12.3,8.3,1.4,5.0,85.0,93.0,73.0,0.1
2015-12-13,0.0,2.3,15.9,9.1,1.4,6.4,78.0,92.0,51.0,1.8
2015-12-14,0.0,3.8,17.6,10.7,2.2,6.4,64.0,89.0,39.0,1.6
2015-12-15,0.0,5.8,19.5,12.6,2.5,7.8,52.0,73.0,30.0,4.5
2015-12-16,0.0,7.1,19.4,13.2,2.2,7.8,48.0,65.0,28.0,4.2
2015-12-17,0.0,5.8,19.4,12.6,1.7,7.5,54.0,77.0,36.0,4.3
2015-12-18,0.0,5.9,19.9,12.9,1.7,7.5,47.0,71.0,24.0,2.3
2015-12-19,0.0,5.8,19.9,12.8,1.7,7.8,48.0,66.0,27.0,4.6
2015-12-20,0.0,4.6,20.1,12.4,1.7,7.5,46.0,68.0,26.0,4.6
2015-12-21,0.0,3.4,17.6,10.5,1.7,7.5,58.0,81.0,36.0,4.5
2015-12-22,0.0,2.1,12.5,7.3,1.4,6.1,79.0,93.0,58.0,4.6
2015-12-23,0.0,0.7,11.8,6.2,1.1,4.2,83.0,94.0,65.0,4.1
2015-12-24,0.0,2.8,13.0,7.9,1.4,6.1,77.0,92.0,53.0,1.4
2015-12-25,0.0,1.8,14.4,8.1,1.9,5.6,76.0,91.0,53.0,4.3
2015-12-26,0.0,3.2,14.4,8.8,1.9,6.1,79.0,94.0,58.0,4.4
2015-12-27,0.0,2.3,14.0,8.2,1.4,6.1,82.0,92.0,61.0,1.2
2015-12-28,0.0,4.5,14.9,9.7,1.1,6.4,74.0,92.0,54.0,2.1
2015-12-29,0.0,5.1,17.9,11.5,1.7,7.5,65.0,88.0,50.0,2.5
2015-12-30,0.0,2.9,17.5,10.2,2.5,7.5,59.0,85.0,32.0,4.6
2015-12-31,0.0,4.2,18.8,11.5,1.1,7.8,62.0,82.0,45.0,3.8
2016-01-01,0.0,7.4,20.1,13.8,2.2,6.7,69.0,84.0,45.0,4.5
2016-01-02,0.0,4.7,17.6,11.2,2.2,8.3,62.0,82.0,24.0,2.8
2016-01-03,0.0,3.9,18.2,11.0,3.1,12.2,58.0,86.0,36.0,3.0
2016-01-04,2.8,11.5,20.5,16.0,5.6,19.7,49.0,69.0,35.0,1.9
2016-01-05,0.2,5.6,14.7,10.2,2.2,13.1,60.0,93.0,34.0,2.3
2016-01-06,0.0,4.7,12.0,8.4,,15.6,49.0,70.0,32.0,4.6
2016-01-07,0.0,8.1,19.9,14.0,3.9,13.9,46.0,82.0,34.0,2.4
2016-01-08,0.0,7.6,19.8,13.7,3.6,9.7,49.0,84.0,24.0,4.7
2016-01-09,0.0,6.7,18.9,12.8,3.9,12.8,42.0,71.0,25.0,1.3
2016-01-10,0.0,3.0,18.0,10.5,,10.0,54.0,89.0,28.0,3.4
2016-01-11,0.0,5.9,17.7,11.8,,11.4,56.0,73.0,35.0,1.0
2016-01-12,0.0,2.1,15.0,8.6,2.5,9.2,50.0,86.0,25.0,4.0
2016-01-13,0.0,0.5,14.4,7.4,1.7,6.4,58.0,81.0,33.0,4.4
2016-01-14,0.6,2.1,16.5,9.3,2.5,8.1,50.0,79.0,32.0,0.6
2016-01-15,4.2,3.2,11.3,7.2,,11.1,76.0,93.0,42.0,0.0
2016-01-16,0.0,-2.1,10.0,4.0,1.4,11.1,47.0,80.0,25.0,5.0
2016-01-17,0.0,-2.4,13.9,5.8,2.8,8.3,36.0,74.0,11.0,4.8
2016-01-18,0.0,3.8,16.6,10.2,2.8,10.3,43.0,67.0,31.0,4.8
2016-01-19,0.0,3.9,13.4,8.6,2.5,6.7,60.0,79.0,42.0,4.8
2016-01-20,0.4,1.5,13.7,7.6,1.7,6.7,75.0,88.0,49.0,1.8
2016-01-21,0.0,5.2,15.0,10.1,1.9,7.8,59.0,82.0,42.0,5.0
2016-01-22,0.0,4.2,16.9,10.6,1.9,6.4,70.0,89.0,51.0,5.0
2016-01-23,0.0,5.6,16.4,11.0,2.2,6.1,75.0,90.0,58.0,2.0
2016-01-24,0.0,5.7,17.9,11.8,1.7,6.4,72.0,91.0,52.0,5.1
2016-01-25,0.0,3.8,16.0,9.9,2.2,6.7,72.0,92.0,55.0,5.4
2016-01-26,0.2,5.3,11.5,8.4,0.8,4.2,86.0,92.0,75.0,0.0
2016-01-27,0.0,5.7,12.6,9.2,1.7,4.7,84.0,90.0,70.0,0.8
2016-01-28,0.0,2.3,16.0,9.2,2.2,6.4,68.0,93.0,42.0,5.1
2016-01-29,0.2,6.9,12.7,9.8,1.1,4.7,80.0,90.0,64.0,0.2
2016-01-30,0.0,6.1,15.7,10.9,1.1,6.7,72.0,92.0,46.0,4.2
2016-01-31,0.0,2.0,19.5,10.8,1.9,7.5,56.0,79.0,34.0,5.9
2016-02-01,0.0,5.7,19.1,12.4,1.9,6.7,65.0,86.0,40.0,6.0
2016-02-02,0.0,3.8,18.9,11.4,1.7,6.4,64.0,89.0,42.0,6.1
2016-02-03,0.0,4.5,15.8,10.2,2.2,8.3,63.0,87.0,45.0,5.4
2016-02-04,0.0,1.9,13.5,7.7,1.7,6.4,61.0,80.0,37.0,4.0
2016-02-05,0.0,1.8,15.3,8.6,2.5,7.5,64.0,92.0,39.0,5.6
2016-02-06,1.2,3.6,20.9,12.2,3.3,12.2,48.0,89.0,26.0,4.4
2016-02-07,0.4,3.6,14.1,8.8,2.5,16.7,55.0,80.0,33.0,2.9
2016-02-08,0.0,2.0,17.5,9.8,1.4,6.7,59.0,85.0,35.0,5.7
2016-02-09,0.0,1.5,17.4,9.4,3.9,14.2,51.0,85.0,29.0,3.9
2016-02-10,0.0,12.3,20.8,16.6,4.2,15.8,49.0,61.0,36.0,3.9
2016-02-11,0.0,10.7,20.4,15.6,3.3,11.1,48.0,71.0,36.0,2.8
2016-02-12,0.0,9.5,20.9,15.2,3.3,14.7,52.0,71.0,38.0,3.6
2016-02-13,0.0,13.9,20.4,17.2,4.2,20.3,51.0,64.0,40.0,2.4
2016-02-14,5.6,3.7,18.2,11.0,,23.1,56.0,83.0,33.0,5.2
2016-02-15,0.0,3.7,10.6,7.2,5.0,17.5,48.0,59.0,31.0,3.1
2016-02-16,0.0,-2.6,10.2,3.8,1.9,10.0,50.0,75.0,26.0,6.3
2016-02-17,0.0,-2.0,12.7,5.4,2.5,8.9,38.0,66.0,18.0,6.2
2016-02-18,3.6,2.0,11.9,7.0,1.7,5.8,59.0,78.0,42.0,2.3
2016-02-19,1.2,4.8,9.3,7.0,1.1,5.0,79.0,91.0,68.0,0.1
2016-02-20,0.0,2.2,11.9,7.0,1.7,8.3,76.0,92.0,53.0,1.4
2016-02-21,0.0,0.5,13.4,7.0,1.7,4.7,71.0,93.0,57.0,3.0
2016-02-22,0.0,5.7,19.5,12.6,2.5,7.8,44.0,83.0,20.0,5.9
2016-02-23,0.0,4.9,19.2,12.0,2.2,6.1,45.0,68.0,27.0,6.7
2016-02-24,0.2,1.6,18.7,10.2,3.3,7.5,39.0,72.0,17.0,6.9
2016-02-25,0.0,2.9,15.0,9.0,2.5,10.6,59.0,89.0,38.0,2.7
2016-02-26,0.2,2.7,15.5,9.1,3.3,14.2,51.0,79.0,35.0,3.7
2016-02-27,0.0,2.7,9.7,6.2,3.6,14.7,45.0,77.0,34.0,3.6
2016-02-28,0.0,3.9,12.2,8.0,4.4,16.9,49.0,58.0,37.0,6.6
2016-02-29,0.0,6.1,12.2,9.2,3.6,17.5,43.0,58.0,35.0,5.9
2016-03-01,0.0,-2.2,19.2,8.5,1.9,10.0,36.0,79.0,10.0,7.8
2016-03-02,0.0,6.1,23.2,14.6,3.6,9.4,24.0,56.0,12.0,7.9
2016-03-03,0.0,4.5,22.0,13.2,3.6,13.1,39.0,77.0,15.0,7.6
2016-03-04,0.0,2.6,23.2,12.9,2.2,10.8,37.0,71.0,12.0,7.9
2016-03-05,1.4,3.6,15.2,9.4,3.6,13.3,36.0,87.0,20.0,7.8
2016-03-06,0.2,2.6,13.2,7.9,3.3,11.4,42.0,85.0,25.0,7.3
2016-03-07,4.2,3.2,9.4,6.3,2.2,10.3,70.0,87.0,43.0,0.0
2016-03-08,0.0,2.8,11.8,7.3,3.1,13.3,44.0,64.0,33.0,5.5
2016-03-09,4.4,2.2,13.8,8.0,3.6,14.7,48.0,88.0,33.0,4.5
2016-03-10,0.0,4.8,11.5,8.2,3.3,13.3,43.0,63.0,36.0,6.4
2016-03-11,0.0,1.7,14.2,8.0,2.2,8.9,42.0,72.0,26.0,8.6
2016-03-12,0.0,-0.5,16.5,8.0,1.7,6.9,49.0,83.0,25.0,8.4
2016-03-13,0.0,0.8,17.4,9.1,3.1,7.5,51.0,82.0,27.0,8.8
2016-03-14,0.0,0.9,16.2,8.6,2.2,8.3,56.0,89.0,33.0,5.1
2016-03-15,0.0,4.3,16.1,10.2,2.2,8.6,54.0,87.0,32.0,5.4
2016-03-16,0.0,5.5,18.2,11.8,2.5,8.9,41.0,76.0,22.0,6.8
2016-03-17,0.0,2.8,17.8,10.3,3.1,7.8,56.0,85.0,36.0,6.6
2016-03-18,0.0,2.7,17.3,10.0,2.5,6.1,67.0,91.0,44.0,4.0
2016-03-19,0.0,7.7,18.2,13.0,2.2,8.6,58.0,87.0,35.0,2.3
2016-03-20,0.2,3.0,18.0,10.5,2.2,6.7,60.0,86.0,34.0,6.8
2016-03-21,10.2,6.8,12.8,9.8,2.2,6.4,86.0,93.0,67.0,1.2
2016-03-22,3.2,5.5,12.0,8.8,1.7,7.2,77.0,93.0,60.0,0.0
2016-03-23,0.0,6.2,16.8,11.5,2.2,9.7,50.0,77.0,33.0,7.7
2016-03-24,0.0,1.2,18.4,9.8,1.9,6.9,44.0,83.0,21.0,9.5
2016-03-25,0.0,5.8,25.1,15.4,2.5,8.1,29.0,62.0,11.0,8.8
2016-03-26,0.0,7.6,23.8,15.7,1.9,6.1,41.0,66.0,27.0,8.6
2016-03-27,0.0,7.2,21.7,14.4,2.8,10.3,43.0,76.0,28.0,7.3
2016-03-28,0.0,5.4,22.7,14.0,2.5,6.9,39.0,70.0,20.0,9.2
2016-03-29,0.0,6.4,24.9,15.6,2.2,7.8,38.0,70.0,21.0,9.7
2016-03-30,0.0,5.7,26.4,16.0,3.1,6.4,34.0,80.0,19.0,7.4
2016-03-31,0.0,9.4,21.1,15.2,3.1,15.0,38.0,63.0,13.0,8.6
2016-04-01,0.0,4.3,15.1,9.7,3.1,12.8,31.0,72.0,24.0,7.3
2016-04-02,0.0,1.0,20.8,10.9,2.8,8.3,41.0,75.0,20.0,9.7
2016-04-03,0.0,4.2,21.4,12.8,2.5,9.2,49.0,87.0,29.0,9.0
2016-04-04,2.8,9.4,16.5,13.0,3.9,12.8,62.0,82.0,45.0,1.1
2016-04-05,34.4,4.8,11.2,8.0,2.2,10.6,86.0,90.0,66.0,0.1
2016-04-06,0.0,9.2,16.6,12.9,2.5,9.2,62.0,85.0,54.0,1.5
2016-04-07,0.0,7.2,20.9,14.0,3.3,7.5,57.0,86.0,34.0,9.9
2016-04-08,0.0,6.5,15.6,11.0,3.3,11.7,37.0,82.0,20.0,6.9
2016-04-09,0.0,4.0,20.6,12.3,2.5,8.1,40.0,67.0,20.0,10.3
2016-04-10,0.0,5.6,23.0,14.3,2.8,9.7,38.0,74.0,18.0,10.1
2016-04-11,0.0,6.9,21.2,14.0,2.5,10.0,42.0,77.0,25.0,7.8
2016-04-12,0.0,6.4,22.6,14.5,4.7,13.1,41.0,80.0,24.0,10.7
2016-04-13,0.0,7.4,21.4,14.4,2.2,8.6,45.0,74.0,30.0,7.3
2016-04-14,0.0,4.6,23.3,14.0,2.5,7.5,44.0,84.0,26.0,11.4
2016-04-15,0.0,7.6,24.6,16.1,2.2,7.2,44.0,85.0,31.0,9.6
2016-04-16,0.0,7.2,25.6,16.4,5.0,12.2,35.0,74.0,16.0,10.9
2016-04-17,0.0,10.1,25.4,17.8,3.6,11.1,38.0,75.0,20.0,10.0
2016-04-18,0.0,9.3,20.9,15.1,2.5,7.8,51.0,80.0,37.0,6.0
2016-04-19,0.0,8.7,20.1,14.4,3.3,11.7,53.0,87.0,31.0,6.4
2016-04-20,1.6,8.3,16.0,12.2,1.9,7.2,67.0,89.0,53.0,2.3
2016-04-21,0.0,4.7,23.1,13.9,2.5,8.3,42.0,86.0,21.0,11.5
2016-04-22,0.0,10.2,19.6,14.9,1.1,5.8,45.0,73.0,31.0,1.9
2016-04-23,3.2,8.9,20.7,14.8,1.4,8.1,72.0,88.0,43.0,2.9
2016-04-24,0.0,8.6,22.2,15.4,2.8,10.0,39.0,79.0,22.0,10.2
2016-04-25,0.0,5.4,21.2,13.3,2.2,9.7,47.0,80.0,30.0,11.8
2016-04-26,0.0,6.6,25.4,16.0,2.2,7.2,41.0,90.0,23.0,11.8
2016-04-27,0.0,10.1,25.9,18.0,3.3,10.3,44.0,88.0,27.0,8.2
2016-04-28,1.4,12.0,23.1,17.6,2.2,7.8,62.0,91.0,35.0,6.0
2016-04-29,1.2,10.9,14.4,12.6,1.9,5.6,88.0,92.0,79.0,0.0
2016-04-30,0.4,8.4,22.3,15.4,1.9,8.3,67.0,93.0,25.0,5.3
2016-05-01,0.0,5.8,19.3,12.6,3.1,11.1,38.0,92.0,18.0,12.0
2016-05-02,0.0,2.0,22.1,12.0,1.4,7.2,31.0,84.0,14.0,12.2
2016-05-03,0.0,5.0,26.0,15.5,3.1,8.6,22.0,58.0,12.0,12.3
2016-05-04,0.0,5.6,24.5,15.0,1.9,7.5,30.0,65.0,16.0,9.7
2016-05-05,0.0,9.1,17.8,13.4,1.9,7.2,55.0,72.0,37.0,3.4
2016-05-06,2.8,6.5,23.4,15.0,2.8,12.8,56.0,91.0,28.0,5.4
2016-05-07,6.2,11.7,18.2,15.0,1.9,6.1,82.0,93.0,60.0,2.3
2016-05-08,9.8,11.4,19.4,15.4,3.1,10.8,72.0,93.0,56.0,1.5
2016-05-09,2.0,8.3,18.6,13.4,1.9,15.0,75.0,92.0,63.0,2.1
2016-05-10,1.4,8.4,17.3,12.8,1.4,6.4,80.0,91.0,61.0,1.0
2016-05-11,0.0,7.4,22.7,15.0,2.8,10.8,42.0,92.0,18.0,9.5
2016-05-12,0.4,8.9,19.1,14.0,2.8,8.9,53.0,85.0,39.0,4.4
2016-05-13,0.0,6.8,19.8,13.3,1.9,10.6,49.0,89.0,33.0,7.6
2016-05-14,0.0,9.8,22.8,16.3,2.8,10.8,36.0,67.0,28.0,11.5
2016-05-15,0.0,9.5,22.4,16.0,2.5,6.9,45.0,79.0,30.0,3.8
2016-05-16,0.0,7.8,25.1,16.4,2.2,6.7,41.0,85.0,29.0,8.5
2016-05-17,0.0,8.9,25.4,17.2,3.1,8.9,49.0,86.0,34.0,9.9
2016-05-18,0.0,9.5,27.3,18.4,1.9,8.6,47.0,85.0,26.0,7.1
2016-05-19,0.0,11.7,29.3,20.5,2.5,8.1,41.0,81.0,23.0,9.6
2016-05-20,0.0,10.1,27.5,18.8,2.5,8.9,45.0,84.0,30.0,12.6
2016-05-21,0.0,9.3,29.7,19.5,2.2,9.2,39.0,88.0,22.0,12.6
2016-05-22,0.0,10.7,30.5,20.6,3.3,14.4,35.0,80.0,16.0,10.7
2016-05-23,0.0,10.3,27.0,18.6,2.2,8.3,38.0,78.0,25.0,11.1
2016-05-24,0.0,10.7,28.8,19.8,2.8,7.5,41.0,80.0,27.0,9.2
2016-05-25,0.0,11.2,31.1,21.2,2.8,9.4,46.0,86.0,24.0,12.0
2016-05-26,0.0,11.2,28.7,20.0,2.2,7.5,51.0,88.0,34.0,12.2
2016-05-27,0.0,12.0,31.5,21.8,2.5,9.2,43.0,90.0,24.0,12.4
2016-05-28,0.0,14.0,30.8,22.4,,18.6,30.0,82.0,15.0,10.9
2016-05-29,0.0,12.1,26.4,19.2,2.5,9.7,27.0,64.0,17.0,12.8
2016-05-30,0.0,9.4,26.8,18.1,1.9,8.1,35.0,79.0,23.0,8.8
2016-05-31,0.0,10.5,27.9,19.2,1.7,8.3,32.0,79.0,19.0,8.1
2016-06-01,0.0,9.5,29.9,19.7,2.2,8.3,30.0,82.0,17.0,12.4
2016-06-02,0.0,10.1,30.0,20.0,2.8,9.4,31.0,73.0,21.0,12.8
2016-06-03,0.0,12.1,30.0,21.0,2.2,9.4,24.0,66.0,18.0,10.2
2016-06-04,4.6,12.8,27.9,20.4,1.9,8.6,59.0,84.0,31.0,7.7
2016-06-05,0.0,13.1,29.7,21.4,2.2,8.3,38.0,77.0,26.0,8.7
2016-06-06,0.0,12.0,30.9,21.4,2.5,8.3,33.0,77.0,23.0,11.9
2016-06-07,0.0,12.9,31.3,22.1,2.5,10.0,31.0,68.0,21.0,12.5
2016-06-08,0.0,12.2,36.7,24.4,1.4,8.1,25.0,77.0,13.0,12.9
2016-06-09,0.0,15.6,38.2,26.9,3.1,7.8,19.0,53.0,12.0,12.5
2016-06-10,0.0,15.8,37.6,26.7,2.2,9.2,23.0,60.0,6.0,12.1
2016-06-11,0.0,16.6,32.3,24.4,2.2,8.6,43.0,74.0,24.0,11.6
2016-06-12,0.0,13.9,34.6,24.2,2.2,6.9,26.0,80.0,12.0,11.9
2016-06-13,0.0,19.2,38.3,28.8,1.7,10.3,21.0,50.0,12.0,13.0
2016-06-14,0.0,17.9,35.1,26.5,2.8,9.4,22.0,53.0,14.0,12.8
2016-06-15,0.0,16.0,32.4,24.2,4.2,10.3,25.0,67.0,10.0,12.8
2016-06-16,0.0,13.0,24.9,19.0,3.6,11.4,28.0,60.0,18.0,10.0
2016-06-17,0.0,9.9,29.4,19.6,2.5,8.9,29.0,68.0,16.0,9.6
2016-06-18,0.0,10.7,29.4,20.0,2.8,9.4,32.0,83.0,17.0,10.0
2016-06-19,0.0,11.5,29.3,20.4,2.8,8.3,40.0,88.0,14.0,11.3
2016-06-20,0.0,11.1,29.5,20.3,2.8,8.9,38.0,86.0,16.0,13.0
2016-06-21,0.0,11.6,29.4,20.5,2.8,8.6,31.0,83.0,13.0,13.0
2016-06-22,0.0,10.5,30.5,20.5,3.3,8.9,28.0,68.0,17.0,13.0
2016-06-23,0.0,11.6,32.9,22.2,2.2,8.3,31.0,70.0,16.0,13.0
2016-06-24,0.0,13.3,38.5,25.9,1.9,13.9,20.0,70.0,10.0,10.6
2016-06-25,0.0,16.7,33.9,25.3,2.5,9.4,31.0,69.0,18.0,12.6
2016-06-26,0.0,14.5,29.0,21.8,2.2,8.9,55.0,85.0,35.0,8.9
2016-06-27,0.2,14.0,30.1,22.0,3.1,9.2,47.0,87.0,32.0,11.6
2016-06-28,0.0,15.1,29.1,22.1,1.4,7.2,43.0,83.0,30.0,1.6
2016-06-29,0.0,14.6,33.2,23.9,1.7,8.9,33.0,61.0,25.0,9.4
2016-06-30,1.8,18.7,33.6,26.2,3.3,8.9,56.0,74.0,25.0,7.6
2016-07-01,0.0,17.4,34.6,26.0,1.4,8.6,36.0,79.0,26.0,10.7
2016-07-02,0.0,16.7,36.9,26.8,1.9,9.7,31.0,74.0,15.0,12.5
2016-07-03,0.0,16.5,32.5,24.5,2.5,8.9,39.0,69.0,27.0,11.7
2016-07-04,0.0,15.3,30.5,22.9,3.1,9.2,42.0,81.0,29.0,12.0
2016-07-05,0.0,16.4,35.9,26.2,1.9,8.6,33.0,69.0,18.0,11.8
2016-07-06,0.0,16.9,33.7,25.3,2.5,9.4,33.0,68.0,20.0,12.6
2016-07-07,0.0,16.0,28.0,22.0,1.9,8.6,45.0,71.0,35.0,3.3
2016-07-08,0.0,16.1,36.5,26.3,1.9,9.4,31.0,75.0,17.0,11.2
2016-07-09,0.0,17.1,34.8,26.0,3.1,10.0,31.0,63.0,20.0,12.2
2016-07-10,0.0,17.6,37.0,27.3,3.1,10.6,30.0,65.0,19.0,12.8
2016-07-11,0.0,18.4,38.3,28.4,2.5,8.6,24.0,57.0,14.0,12.6
2016-07-12,0.0,18.0,37.8,27.9,2.8,9.4,24.0,70.0,17.0,12.7
2016-07-13,1.0,17.7,32.3,25.0,2.2,9.7,55.0,84.0,32.0,6.4
2016-07-14,0.2,17.8,31.1,24.4,2.2,8.3,58.0,90.0,35.0,8.5
2016-07-15,0.0,17.1,29.5,23.3,2.5,8.9,54.0,84.0,33.0,6.6
2016-07-16,0.0,13.8,29.4,21.6,2.8,9.2,43.0,88.0,27.0,12.8
2016-07-17,0.0,12.3,31.7,22.0,2.8,9.2,28.0,67.0,19.0,12.9
2016-07-18,0.0,13.2,32.1,22.6,2.2,8.9,28.0,73.0,17.0,12.7
2016-07-19,0.0,14.6,35.1,24.8,1.7,5.3,36.0,66.0,22.0,8.9
2016-07-20,0.0,18.1,36.0,27.0,1.7,8.9,39.0,73.0,18.0,4.8
2016-07-21,0.0,18.2,37.0,27.6,2.5,9.2,32.0,62.0,19.0,11.7
2016-07-22,0.0,16.4,37.3,26.8,3.3,9.2,30.0,80.0,12.0,10.6
2016-07-23,0.0,18.7,31.2,25.0,2.8,9.4,52.0,85.0,29.0,11.4
2016-07-24,0.0,16.1,31.9,24.0,2.5,13.1,39.0,78.0,28.0,12.3
2016-07-25,0.0,17.0,35.6,26.3,2.5,8.1,30.0,67.0,18.0,12.7
2016-07-26,0.0,16.0,37.4,26.7,2.8,8.9,26.0,67.0,15.0,12.7
2016-07-27,0.0,16.3,38.0,27.2,1.7,9.4,30.0,64.0,13.0,12.3
2016-07-28,0.0,16.0,34.1,25.0,1.7,8.9,35.0,70.0,21.0,12.4
2016-07-29,0.0,16.4,35.8,26.1,2.2,8.6,29.0,64.0,18.0,12.2
2016-07-30,0.0,18.5,37.8,28.2,1.7,6.7,31.0,59.0,17.0,8.2
2016-07-31,0.0,24.0,38.9,31.4,3.9,13.6,17.0,39.0,11.0,4.0
2016-08-01,0.0,17.2,33.5,25.4,2.8,8.9,38.0,79.0,22.0,12.2
2016-08-02,0.0,15.3,33.9,24.6,2.2,9.7,46.0,89.0,29.0,12.2
2016-08-03,0.0,17.2,35.8,26.5,2.2,9.7,37.0,74.0,21.0,10.4
2016-08-04,0.0,16.8,39.9,28.4,2.2,7.2,22.0,73.0,11.0,11.8
2016-08-05,0.0,19.7,34.7,27.2,2.8,10.8,39.0,77.0,26.0,11.8
2016-08-06,0.0,19.2,32.4,25.8,2.8,10.3,49.0,84.0,31.0,12.0
2016-08-07,0.0,15.2,31.1,23.2,2.2,8.3,42.0,86.0,27.0,12.2
2016-08-08,0.0,14.1,32.1,23.1,2.5,8.1,32.0,79.0,18.0,12.1
2016-08-09,0.0,13.6,33.3,23.4,2.8,8.1,28.0,69.0,14.0,12.1
2016-08-10,0.0,17.8,26.6,22.2,2.8,9.4,63.0,80.0,47.0,1.7
2016-08-11,0.0,18.1,29.3,23.7,2.8,8.9,55.0,85.0,34.0,9.2
2016-08-12,0.0,14.8,28.9,21.8,2.5,9.4,48.0,88.0,30.0,9.7
2016-08-13,0.0,12.1,29.7,20.9,2.8,8.3,40.0,74.0,22.0,11.9
2016-08-14,0.0,15.4,30.7,23.0,1.9,8.9,40.0,83.0,27.0,11.7
2016-08-15,0.8,13.2,33.6,23.4,1.1,12.5,39.0,65.0,22.0,10.0
2016-08-16,3.2,19.0,28.3,23.6,2.2,7.5,59.0,90.0,33.0,5.1
2016-08-17,0.0,18.0,36.8,27.4,1.9,8.3,39.0,79.0,17.0,9.7
2016-08-18,0.0,18.0,38.0,28.0,2.5,10.3,25.0,54.0,13.0,11.3
2016-08-19,0.0,18.5,36.9,27.7,2.5,8.1,32.0,60.0,20.0,11.8
2016-08-20,0.0,19.1,37.9,28.5,2.2,7.8,27.0,71.0,15.0,8.5
2016-08-21,0.0,20.7,31.0,25.8,2.5,8.9,60.0,84.0,43.0,6.4
2016-08-22,0.0,17.5,32.5,25.0,2.5,7.8,52.0,88.0,33.0,11.6
2016-08-23,0.0,15.2,32.3,23.8,2.5,7.8,44.0,90.0,20.0,11.8
2016-08-24,0.0,13.3,31.4,22.4,2.2,8.1,36.0,76.0,25.0,11.8
2016-08-25,0.0,11.3,31.8,21.6,2.2,9.7,34.0,75.0,20.0,11.6
2016-08-26,0.0,12.8,31.3,22.0,2.2,7.8,43.0,77.0,33.0,11.6
2016-08-27,0.0,15.4,34.5,25.0,2.2,7.2,41.0,80.0,23.0,11.2
2016-08-28,0.6,17.3,34.9,26.1,1.7,9.2,45.0,69.0,26.0,7.1
2016-08-29,0.0,20.0,35.4,27.7,3.1,8.3,39.0,86.0,21.0,11.1
2016-08-30,0.0,19.8,31.8,25.8,2.2,8.6,58.0,88.0,43.0,7.4
2016-08-31,0.0,18.9,30.8,24.8,1.9,9.2,59.0,87.0,37.0,9.5
2016-09-01,0.0,14.5,29.8,22.2,2.2,9.2,61.0,90.0,39.0,9.4
2016-09-02,0.0,14.5,32.8,23.6,1.9,7.5,48.0,81.0,22.0,9.9
2016-09-03,0.0,16.6,35.0,25.8,2.8,9.7,36.0,84.0,16.0,11.0
2016-09-04,0.0,17.4,38.6,28.0,2.2,7.8,25.0,59.0,13.0,10.1
2016-09-05,0.0,19.8,40.4,30.1,1.9,7.8,22.0,46.0,12.0,8.5
2016-09-06,0.0,19.2,39.5,29.4,2.2,8.3,30.0,69.0,10.0,10.6
2016-09-07,0.0,16.7,35.1,25.9,1.1,6.7,42.0,79.0,23.0,10.4
2016-09-08,0.0,15.0,34.5,24.8,1.9,7.8,48.0,88.0,23.0,10.3
2016-09-09,0.0,15.9,31.5,23.7,2.2,8.3,56.0,90.0,35.0,10.0
2016-09-10,0.0,15.1,32.3,23.7,2.5,6.7,30.0,86.0,13.0,10.2
2016-09-11,0.0,16.0,30.2,23.1,1.9,7.5,60.0,90.0,38.0,8.8
2016-09-12,0.0,14.6,32.1,23.4,1.7,7.2,55.0,87.0,25.0,8.4
2016-09-13,0.0,14.0,30.7,22.4,2.5,10.3,50.0,86.0,31.0,8.3
2016-09-14,0.0,12.2,25.2,18.7,3.1,11.4,36.0,69.0,20.0,8.2
2016-09-15,0.0,10.5,25.8,18.2,3.3,10.0,34.0,56.0,19.0,8.7
2016-09-16,0.0,9.2,27.5,18.4,2.5,9.7,35.0,71.0,20.0,9.5
2016-09-17,0.0,11.0,28.8,19.9,2.5,7.8,35.0,70.0,22.0,9.1
2016-09-18,0.0,10.8,27.0,18.9,1.4,6.9,36.0,80.0,18.0,9.4
2016-09-19,0.0,10.6,28.8,19.7,1.7,7.2,46.0,76.0,21.0,8.6
2016-09-20,0.0,14.7,26.5,20.6,1.7,6.7,57.0,82.0,37.0,2.3
2016-09-21,0.0,13.3,31.4,22.4,2.5,7.8,35.0,70.0,19.0,9.2
2016-09-22,0.0,13.0,30.4,21.7,3.1,8.3,32.0,73.0,18.0,7.4
2016-09-23,13.6,13.8,27.8,20.8,1.9,9.7,62.0,89.0,32.0,6.3
2016-09-24,0.0,13.0,26.3,19.6,1.1,5.6,70.0,92.0,46.0,8.1
2016-09-25,0.0,13.7,27.9,20.8,1.9,6.7,61.0,92.0,38.0,7.8
2016-09-26,0.0,16.9,25.9,21.4,1.4,6.7,68.0,90.0,47.0,3.0
2016-09-27,0.0,13.5,27.1,20.3,1.9,6.9,65.0,92.0,36.0,8.4
2016-09-28,3.6,14.8,22.6,18.7,3.1,11.4,67.0,89.0,45.0,2.8
2016-09-29,0.4,13.3,23.6,18.4,1.7,8.9,74.0,91.0,46.0,4.1
2016-09-30,0.0,11.0,25.1,18.0,1.7,6.4,64.0,91.0,42.0,7.6
2016-10-01,0.0,12.4,28.6,20.5,2.5,6.4,49.0,89.0,21.0,4.9
2016-10-02,0.0,13.3,29.4,21.4,2.5,8.1,45.0,77.0,23.0,6.7
2016-10-03,0.0,11.0,27.0,19.0,1.7,6.9,55.0,87.0,31.0,7.8
2016-10-04,0.0,10.7,28.4,19.6,1.1,5.3,58.0,90.0,28.0,7.3
2016-10-05,0.0,13.8,25.6,19.7,1.7,6.4,69.0,90.0,50.0,3.8
2016-10-06,0.0,12.5,30.2,21.4,2.2,6.4,45.0,86.0,24.0,7.3
2016-10-07,0.0,11.8,28.9,20.4,2.2,6.9,52.0,89.0,32.0,7.2
2016-10-08,0.0,14.0,30.0,22.0,3.1,8.3,43.0,70.0,18.0,7.2
2016-10-09,0.4,12.9,25.9,19.4,1.9,8.1,65.0,86.0,44.0,5.1
2016-10-10,0.0,10.5,25.9,18.2,1.7,7.2,62.0,87.0,40.0,6.7
2016-10-11,0.0,11.1,28.7,19.9,2.8,6.9,39.0,66.0,12.0,7.4
2016-10-12,12.0,8.7,21.1,14.9,2.8,8.3,77.0,87.0,39.0,2.8
2016-10-13,7.8,9.5,18.1,13.8,1.9,6.4,80.0,92.0,59.0,0.6
2016-10-14,0.0,8.7,19.6,14.2,2.5,8.9,60.0,87.0,39.0,4.2
2016-10-15,0.0,6.8,22.1,14.4,1.9,6.4,59.0,87.0,30.0,7.0
2016-10-16,0.0,7.5,22.0,14.8,1.7,5.6,70.0,91.0,48.0,6.8
2016-10-17,0.0,9.8,24.8,17.3,1.7,5.8,65.0,93.0,40.0,6.7
2016-10-18,5.2,14.1,23.0,18.6,1.7,5.8,76.0,92.0,60.0,2.3
2016-10-19,12.0,15.5,19.5,17.5,1.1,3.9,88.0,93.0,79.0,0.9
2016-10-20,16.2,13.6,20.2,16.9,1.1,8.1,88.0,95.0,71.0,1.0
2016-10-21,0.0,11.6,18.6,15.1,1.4,5.8,88.0,93.0,78.0,1.3
2016-10-22,0.0,14.3,21.6,18.0,1.7,8.9,77.0,92.0,60.0,4.9
2016-10-23,0.0,13.2,24.3,18.8,3.1,9.2,62.0,85.0,43.0,6.2
2016-10-24,0.0,12.2,21.8,17.0,1.7,6.7,74.0,92.0,54.0,4.1
2016-10-25,0.0,13.9,21.6,17.8,1.4,4.7,83.0,92.0,68.0,0.6
2016-10-26,0.0,14.5,25.7,20.1,1.9,5.0,71.0,92.0,50.0,4.2
2016-10-27,0.0,12.8,23.8,18.3,1.7,5.6,74.0,92.0,48.0,5.5
2016-10-28,0.0,13.4,19.6,16.5,1.1,4.7,85.0,91.0,70.0,0.0
2016-10-29,0.0,9.1,22.1,15.6,1.9,6.1,65.0,92.0,38.0,6.0
2016-10-30,0.0,5.6,23.9,14.8,2.5,7.5,37.0,77.0,17.0,6.0
2016-10-31,0.0,4.2,19.5,11.8,1.4,5.3,71.0,91.0,45.0,6.1
2016-11-01,0.0,7.3,21.6,14.4,1.7,6.7,67.0,91.0,38.0,5.6
2016-11-02,0.0,8.7,23.2,16.0,2.2,7.2,54.0,87.0,37.0,4.5
2016-11-03,0.0,9.8,25.8,17.8,2.8,8.1,54.0,70.0,24.0,5.6
2016-11-04,0.0,12.0,20.9,16.4,1.1,6.4,63.0,76.0,45.0,2.5
2016-11-05,1.2,11.5,21.9,16.7,4.7,14.4,58.0,86.0,38.0,4.7
2016-11-06,0.0,5.6,16.5,11.0,2.8,12.8,41.0,90.0,27.0,5.7
2016-11-07,0.0,0.5,13.2,6.8,2.2,8.9,58.0,89.0,30.0,4.1
2016-11-08,0.0,3.6,12.5,8.0,3.1,13.3,44.0,68.0,31.0,5.8
2016-11-09,0.0,2.6,17.7,10.2,2.5,17.2,53.0,79.0,43.0,2.6
2016-11-10,0.0,5.3,16.4,10.8,1.7,7.2,63.0,90.0,36.0,5.5
2016-11-11,0.0,2.7,18.0,10.4,2.2,7.5,54.0,80.0,26.0,5.6
2016-11-12,0.0,3.6,18.2,10.9,1.4,6.7,53.0,74.0,31.0,5.0
2016-11-13,0.0,5.0,17.7,11.4,1.7,5.6,54.0,77.0,30.0,4.2
2016-11-14,0.0,3.4,14.8,9.1,2.5,10.8,65.0,91.0,41.0,5.8
2016-11-15,0.0,5.1,14.5,9.8,2.2,9.4,58.0,83.0,44.0,3.5
2016-11-16,0.0,4.9,15.7,10.3,1.9,8.6,54.0,79.0,30.0,5.4
2016-11-17,0.0,2.8,18.1,10.4,1.9,7.2,45.0,73.0,27.0,5.2
2016-11-18,0.0,5.4,20.6,13.0,2.2,7.2,46.0,68.0,25.0,5.3
2016-11-19,0.0,6.6,18.3,12.4,2.2,5.8,54.0,78.0,42.0,4.4
2016-11-20,0.0,3.4,17.6,10.5,2.2,8.3,54.0,83.0,35.0,1.7
2016-11-21,8.8,12.3,19.0,15.6,3.9,11.4,65.0,80.0,53.0,0.0
2016-11-22,24.6,7.7,12.3,10.0,0.8,6.4,92.0,93.0,80.0,0.0
2016-11-23,1.0,3.5,12.0,7.8,1.1,8.1,83.0,93.0,53.0,1.5
2016-11-24,0.0,1.9,11.6,6.8,2.5,7.5,64.0,91.0,43.0,4.6
2016-11-25,0.6,1.6,13.0,7.3,2.5,5.8,70.0,91.0,46.0,4.4
2016-11-26,2.8,6.9,12.7,9.8,1.7,5.0,88.0,93.0,78.0,0.3
2016-11-27,1.2,6.9,12.0,9.4,0.8,5.0,91.0,93.0,84.0,0.0
2016-11-28,0.0,5.7,12.7,9.2,0.6,4.4,85.0,94.0,67.0,1.5
2016-11-29,5.4,5.2,13.7,9.4,1.9,5.0,80.0,92.0,63.0,2.0
2016-11-30,9.4,9.9,13.7,11.8,2.8,7.2,83.0,93.0,70.0,1.1
2016-12-01,1.4,6.6,10.3,8.4,0.8,6.7,90.0,92.0,83.0,0.0
2016-12-02,0.2,5.5,14.8,10.2,1.4,4.2,80.0,93.0,62.0,4.6
2016-12-03,1.8,5.0,12.5,8.8,2.2,5.6,87.0,93.0,74.0,1.2
2016-12-04,26.6,10.0,11.2,10.6,1.4,6.7,92.0,93.0,89.0,0.0
2016-12-05,7.0,10.9,13.4,12.2,1.9,8.6,92.0,93.0,85.0,0.0
2016-12-06,0.2,6.6,14.7,10.6,2.2,8.3,73.0,91.0,58.0,0.5
2016-12-07,0.0,4.5,14.9,9.7,2.2,5.3,73.0,92.0,53.0,4.6
2016-12-08,0.8,3.6,12.8,8.2,0.8,5.3,83.0,92.0,69.0,2.0
2016-12-09,0.6,9.1,12.0,10.6,0.8,2.8,92.0,93.0,89.0,0.0
2016-12-10,0.0,7.0,16.0,11.5,1.4,5.6,80.0,93.0,61.0,3.6
2016-12-11,0.0,4.6,15.5,10.0,1.4,6.1,78.0,92.0,57.0,4.5
2016-12-12,0.0,4.0,16.8,10.4,3.1,7.2,66.0,89.0,36.0,4.6
2016-12-13,0.0,3.7,13.1,8.4,3.1,6.9,81.0,90.0,63.0,2.9
2016-12-14,0.0,6.5,12.6,9.6,1.9,6.1,71.0,87.0,57.0,2.6
2016-12-15,0.6,5.6,8.4,7.0,0.8,4.2,90.0,92.0,82.0,0.0
2016-12-16,12.6,4.3,9.4,6.8,0.6,5.3,88.0,92.0,76.0,0.2
2016-12-17,37.4,7.4,9.3,8.4,1.9,12.8,90.0,92.0,79.0,0.0
2016-12-18,70.6,4.8,8.8,6.8,2.5,10.3,90.0,93.0,79.0,0.0
2016-12-19,6.6,5.3,8.1,6.7,3.3,11.1,85.0,90.0,75.0,0.0
2016-12-20,0.0,1.6,13.1,7.4,1.4,7.8,62.0,92.0,37.0,4.4
2016-12-21,0.0,3.0,11.5,7.2,2.2,9.7,66.0,87.0,44.0,4.5
2016-12-22,0.0,1.2,14.7,8.0,1.9,6.1,70.0,92.0,45.0,4.5
2016-12-23,0.0,2.9,15.3,9.1,2.2,6.9,64.0,85.0,43.0,4.5
2016-12-24,0.0,2.7,14.3,8.5,1.7,6.7,75.0,89.0,53.0,4.6
2016-12-25,0.0,1.7,15.9,8.8,1.9,6.7,72.0,91.0,46.0,4.6
2016-12-26,0.0,1.8,17.3,9.6,1.7,6.4,55.0,86.0,29.0,4.6
2016-12-27,0.0,1.0,14.3,7.6,1.4,5.0,70.0,86.0,48.0,4.6
2016-12-28,0.0,2.6,9.5,6.0,1.1,4.7,82.0,91.0,74.0,1.3
2016-12-29,0.0,2.1,15.3,8.7,1.4,6.4,70.0,89.0,41.0,4.0
2016-12-30,0.0,0.7,13.0,6.8,1.7,5.3,78.0,91.0,56.0,4.1
2016-12-31,0.0,0.9,9.2,5.0,2.2,6.9,77.0,89.0,62.0,1.6
2017-01-01,0.0,-2.0,11.3,4.6,2.2,6.1,77.0,94.0,49.0,4.5
2017-01-02,0.0,-0.5,11.7,5.6,1.4,6.7,78.0,92.0,58.0,2.2
2017-01-03,0.0,1.7,15.5,8.6,2.8,7.5,47.0,80.0,28.0,3.6
2017-01-04,0.0,4.5,16.6,10.6,2.5,8.6,65.0,90.0,47.0,4.1
2017-01-05,0.0,2.7,15.2,9.0,1.1,7.5,66.0,90.0,41.0,4.6
2017-01-06,0.0,0.1,12.2,6.2,1.7,5.6,79.0,92.0,55.0,4.6
2017-01-07,0.0,0.7,11.3,6.0,2.2,6.1,76.0,91.0,55.0,4.6
2017-01-08,0.0,-1.7,11.6,5.0,2.2,7.8,58.0,84.0,33.0,4.6
2017-01-09,0.0,-0.4,12.1,5.8,1.7,7.8,61.0,90.0,36.0,4.6
2017-01-10,0.0,1.4,14.4,7.9,3.3,12.5,41.0,78.0,33.0,0.0
2017-01-11,0.0,4.1,13.3,8.7,2.8,14.2,59.0,88.0,45.0,0.2
2017-01-12,0.0,4.1,18.7,11.4,2.8,7.8,64.0,87.0,40.0,4.6
2017-01-13,0.0,2.6,16.0,9.3,2.2,11.4,60.0,88.0,39.0,4.8
2017-01-14,0.0,2.2,10.0,6.1,2.8,13.9,37.0,62.0,28.0,4.9
2017-01-15,0.0,0.3,11.1,5.7,2.2,16.7,42.0,65.0,32.0,4.8
2017-01-16,0.0,3.4,14.2,8.8,2.8,15.3,46.0,66.0,32.0,4.7
2017-01-17,0.0,0.2,12.8,6.5,4.7,14.2,31.0,49.0,12.0,4.6
2017-01-18,4.2,-7.2,0.6,-3.3,1.9,8.6,75.0,92.0,19.0,0.8
2017-01-19,38.0,-0.3,2.4,1.0,,14.7,83.0,94.0,66.0,0.0
2017-01-20,2.2,0.8,7.6,4.2,1.1,5.8,86.0,95.0,70.0,0.4
2017-01-21,6.2,0.2,7.6,3.9,3.6,12.2,74.0,92.0,57.0,0.0
2017-01-22,0.0,2.3,11.0,6.6,2.8,11.1,50.0,81.0,38.0,1.3
2017-01-23,0.0,1.3,11.7,6.5,1.7,8.3,66.0,85.0,45.0,3.1
2017-01-24,0.0,0.9,13.9,7.4,1.1,7.2,53.0,77.0,32.0,5.2
2017-01-25,0.0,1.4,14.7,8.0,3.1,8.6,51.0,71.0,23.0,5.5
2017-01-26,0.0,-0.6,11.4,5.4,2.2,7.8,61.0,86.0,39.0,2.5
2017-01-27,1.2,2.9,10.5,6.7,2.8,8.9,76.0,88.0,53.0,0.7
2017-01-28,0.0,2.9,12.0,7.4,2.8,11.7,49.0,89.0,29.0,5.8
2017-01-29,0.0,2.3,12.8,7.6,1.7,6.1,66.0,79.0,47.0,1.0
2017-01-30,0.0,5.2,17.9,11.6,1.9,6.9,66.0,83.0,45.0,5.8
2017-01-31,0.0,3.0,16.5,9.8,1.1,5.8,72.0,92.0,53.0,5.8
2017-02-01,0.0,3.4,19.2,11.3,1.7,6.7,60.0,84.0,34.0,5.8
2017-02-02,0.4,3.2,14.8,9.0,3.3,9.4,69.0,88.0,53.0,0.0
2017-02-03,0.0,5.0,16.5,10.8,1.9,12.2,59.0,89.0,38.0,4.2
2017-02-04,0.0,8.7,17.8,13.2,3.1,11.7,52.0,69.0,39.0,3.6
2017-02-05,0.0,7.9,15.4,11.6,3.9,16.7,40.0,72.0,29.0,5.2
2017-02-06,0.0,3.6,17.3,10.4,3.9,14.2,41.0,68.0,33.0,5.4
2017-02-07,0.0,8.3,18.8,13.6,3.1,10.8,46.0,62.0,34.0,3.8
2017-02-08,0.0,3.4,12.2,7.8,2.8,13.9,33.0,62.0,23.0,6.1
2017-02-09,0.0,1.7,13.8,7.8,1.9,8.3,41.0,72.0,19.0,4.2
2017-02-10,0.0,-0.5,10.5,5.0,1.7,7.5,70.0,89.0,54.0,3.0
2017-02-11,0.0,5.8,9.6,7.7,1.1,5.0,80.0,87.0,75.0,0.0
2017-02-12,0.2,6.4,14.4,10.4,1.1,5.3,77.0,86.0,57.0,1.1
2017-02-13,0.0,6.4,16.1,11.2,2.8,12.5,61.0,88.0,39.0,2.8
2017-02-14,0.0,1.9,16.2,9.0,1.9,7.2,59.0,86.0,39.0,5.8
2017-02-15,0.0,0.8,14.2,7.5,1.9,6.7,72.0,92.0,45.0,5.7
2017-02-16,0.0,4.2,13.8,9.0,1.1,5.6,72.0,91.0,52.0,0.0
2017-02-17,0.0,4.1,15.2,9.6,0.8,6.1,72.0,91.0,51.0,3.3
2017-02-18,7.0,2.5,16.7,9.6,2.2,9.2,63.0,91.0,36.0,6.5
2017-02-19,0.2,6.9,10.1,8.5,2.2,6.4,82.0,93.0,70.0,0.0
2017-02-20,0.0,5.0,11.6,8.3,2.2,8.6,70.0,86.0,56.0,0.0
2017-02-21,0.0,4.2,13.8,9.0,1.4,7.2,62.0,90.0,40.0,6.5
2017-02-22,0.0,2.3,14.5,8.4,1.7,5.3,61.0,88.0,38.0,4.8
2017-02-23,0.0,6.9,17.3,12.1,2.2,7.8,64.0,91.0,52.0,2.2
2017-02-24,1.0,7.9,16.4,12.2,1.7,6.1,74.0,91.0,58.0,2.1
2017-02-25,0.0,2.9,16.9,9.9,1.7,5.8,66.0,92.0,42.0,7.2
2017-02-26,0.0,4.7,19.9,12.3,2.5,7.2,61.0,87.0,35.0,7.3
2017-02-27,0.0,4.8,18.9,11.8,2.2,6.1,61.0,89.0,36.0,7.1
2017-02-28,0.0,3.7,20.4,12.0,2.2,10.3,47.0,78.0,28.0,7.3
2017-03-01,0.0,4.8,18.7,11.8,2.2,6.1,57.0,83.0,36.0,7.5
2017-03-02,0.0,4.6,20.4,12.5,1.7,6.9,58.0,85.0,39.0,7.4
2017-03-03,2.0,3.0,19.1,11.0,4.2,16.4,60.0,86.0,33.0,6.7
2017-03-04,7.0,3.4,9.6,6.5,2.2,13.9,78.0,92.0,47.0,1.8
2017-03-05,0.0,1.8,19.1,10.4,2.8,10.0,67.0,93.0,45.0,6.3
2017-03-06,0.0,6.6,21.3,14.0,1.7,11.1,58.0,90.0,34.0,4.9
2017-03-07,0.0,6.1,23.7,14.9,2.8,11.1,42.0,82.0,20.0,7.7
2017-03-08,0.0,6.2,23.5,14.8,1.4,6.1,52.0,79.0,27.0,7.6
2017-03-09,0.0,7.5,26.6,17.0,3.1,7.5,36.0,74.0,14.0,7.9
2017-03-10,0.0,9.2,28.6,18.9,2.8,8.1,26.0,46.0,11.0,8.1
2017-03-11,0.0,11.5,28.1,19.8,3.3,8.3,31.0,48.0,14.0,7.8
2017-03-12,0.6,9.2,23.8,16.5,1.7,11.4,54.0,76.0,26.0,5.9
2017-03-13,45.4,3.8,9.2,6.5,2.8,13.6,87.0,93.0,65.0,0.0
2017-03-14,0.2,6.7,15.0,10.8,3.6,10.8,79.0,93.0,59.0,1.1
2017-03-15,0.0,4.1,15.6,9.8,2.8,8.9,57.0,85.0,41.0,8.0
2017-03-16,0.0,1.8,15.7,8.8,2.2,8.3,61.0,90.0,36.0,6.6
2017-03-17,0.0,1.7,14.7,8.2,1.7,6.1,71.0,88.0,52.0,3.7
2017-03-18,0.0,2.2,19.2,10.7,2.2,7.5,48.0,88.0,24.0,9.0
2017-03-19,0.0,4.7,22.1,13.4,2.8,7.5,39.0,72.0,14.0,8.3
2017-03-20,0.0,8.5,21.3,14.9,1.7,8.3,51.0,74.0,33.0,7.0
2017-03-21,0.0,6.5,23.8,15.2,2.2,10.8,39.0,76.0,19.0,7.4
2017-03-22,0.0,5.7,20.4,13.0,3.6,8.9,43.0,79.0,11.0,8.4
2017-03-23,0.0,1.5,15.0,8.2,2.8,10.6,31.0,71.0,12.0,7.9
2017-03-24,0.0,0.2,13.9,7.0,1.7,6.9,54.0,80.0,28.0,6.0
2017-03-25,0.0,1.0,17.6,9.3,3.3,10.3,50.0,86.0,17.0,8.3
2017-03-26,0.4,0.8,18.9,9.8,2.5,8.1,60.0,92.0,29.0,7.0
2017-03-27,0.0,4.8,18.4,11.6,1.9,10.8,49.0,88.0,33.0,6.8
2017-03-28,0.0,4.4,19.7,12.0,2.2,6.9,55.0,88.0,36.0,7.8
2017-03-29,0.0,5.3,21.9,13.6,2.2,6.4,51.0,89.0,30.0,8.7
2017-03-30,0.0,3.9,20.8,12.4,2.2,6.7,50.0,89.0,33.0,8.0
2017-03-31,0.2,6.3,22.7,14.5,2.8,9.7,43.0,77.0,21.0,4.6
2017-04-01,0.0,7.7,21.2,14.4,2.5,10.8,30.0,65.0,16.0,9.9
2017-04-02,0.0,5.5,21.5,13.5,3.1,8.1,33.0,88.0,22.0,10.0
2017-04-03,0.0,3.4,20.0,11.7,1.7,7.2,52.0,92.0,32.0,10.1
2017-04-04,0.0,4.2,22.0,13.1,2.2,7.8,42.0,86.0,26.0,10.1
2017-04-05,0.0,5.2,19.7,12.4,2.2,11.7,52.0,82.0,26.0,8.2
2017-04-06,0.0,4.4,18.5,11.4,1.4,6.9,51.0,87.0,32.0,8.6
2017-04-07,0.0,3.6,19.1,11.4,2.8,9.2,50.0,91.0,29.0,10.1
2017-04-08,0.0,2.4,19.8,11.1,2.2,6.9,46.0,87.0,30.0,10.1
2017-04-09,0.0,2.9,19.6,11.2,1.7,7.5,64.0,90.0,43.0,9.4
2017-04-10,0.0,3.1,21.3,12.2,2.2,6.7,48.0,93.0,19.0,10.5
2017-04-11,0.0,4.1,25.4,14.8,2.5,8.1,34.0,75.0,18.0,10.3
2017-04-12,0.0,7.5,26.5,17.0,2.2,7.5,37.0,71.0,18.0,10.6
2017-04-13,0.0,9.7,28.5,19.1,1.4,6.7,31.0,65.0,17.0,5.6
2017-04-14,0.0,11.7,29.3,20.5,1.4,7.5,35.0,65.0,17.0,8.1
2017-04-15,0.0,11.5,27.8,19.6,3.1,7.2,39.0,70.0,24.0,10.2
2017-04-16,0.0,9.2,23.4,16.3,1.9,6.1,61.0,90.0,46.0,9.3
2017-04-17,0.0,9.8,25.8,17.8,1.7,6.7,53.0,92.0,33.0,10.0
2017-04-18,0.0,7.9,26.0,17.0,2.5,8.3,51.0,86.0,31.0,10.2
2017-04-19,0.2,8.8,16.8,12.8,2.5,6.7,71.0,89.0,51.0,0.4
2017-04-20,0.0,6.3,15.8,11.0,2.5,10.3,62.0,89.0,31.0,5.5
2017-04-21,0.0,6.0,16.5,11.2,2.8,9.4,54.0,82.0,35.0,7.2
2017-04-22,0.0,6.0,17.4,11.7,2.2,5.8,56.0,86.0,47.0,6.5
2017-04-23,0.0,3.7,23.2,13.4,2.2,6.1,44.0,89.0,31.0,8.0
2017-04-24,0.0,6.2,25.5,15.8,2.2,7.2,49.0,88.0,24.0,9.6
2017-04-25,1.8,11.8,24.7,18.2,1.4,7.2,61.0,80.0,34.0,5.2
2017-04-26,0.2,12.4,22.9,17.6,1.9,6.9,49.0,75.0,34.0,4.2
2017-04-27,21.4,7.8,13.9,10.8,1.4,6.1,90.0,93.0,66.0,0.0
2017-04-28,8.4,6.4,8.9,7.6,1.7,6.1,90.0,93.0,85.0,0.0
2017-04-29,1.0,7.1,12.1,9.6,1.9,7.2,87.0,93.0,79.0,0.0
2017-04-30,0.2,5.5,22.8,14.2,3.1,11.7,51.0,93.0,28.0,11.3
2017-05-01,0.0,8.8,19.6,14.2,2.2,8.1,44.0,89.0,34.0,11.8
2017-05-02,0.0,5.9,23.2,14.6,2.8,8.3,48.0,86.0,29.0,11.9
2017-05-03,0.0,6.3,23.5,14.9,1.7,8.1,46.0,90.0,30.0,11.9
2017-05-04,0.0,6.0,25.2,15.6,1.9,6.9,49.0,88.0,21.0,10.3
2017-05-05,0.0,9.9,25.0,17.4,1.9,7.5,60.0,86.0,43.0,10.2
2017-05-06,0.0,8.6,24.2,16.4,1.7,7.5,35.0,83.0,24.0,12.3
2017-05-07,0.0,8.2,25.9,17.0,2.8,7.5,40.0,79.0,26.0,12.3
2017-05-08,0.0,8.4,28.6,18.5,2.5,6.7,36.0,86.0,20.0,12.3
2017-05-09,0.0,9.0,29.1,19.0,1.4,8.3,40.0,79.0,21.0,11.2
2017-05-10,0.0,12.0,27.8,19.9,3.1,9.7,41.0,77.0,23.0,8.6
2017-05-11,0.0,11.9,24.7,18.3,3.6,10.3,42.0,70.0,22.0,5.1
2017-05-12,0.0,7.1,23.4,15.2,2.8,8.6,48.0,85.0,30.0,6.3
2017-05-13,0.0,10.9,24.5,17.7,2.5,6.7,44.0,75.0,29.0,6.5
2017-05-14,0.0,9.4,27.7,18.6,1.7,7.8,36.0,80.0,25.0,11.2
2017-05-15,0.0,9.3,27.1,18.2,2.8,9.7,39.0,84.0,26.0,11.5
2017-05-16,0.0,10.7,26.7,18.7,1.7,7.2,34.0,77.0,20.0,7.7
2017-05-17,0.0,8.3,27.0,17.6,1.7,6.9,35.0,80.0,22.0,12.2
2017-05-18,0.0,11.5,27.9,19.7,2.5,8.9,29.0,63.0,15.0,10.2
2017-05-19,0.0,8.3,24.7,16.5,2.8,8.9,47.0,75.0,37.0,10.7
2017-05-20,0.0,7.4,26.3,16.8,2.8,9.7,46.0,91.0,29.0,12.4
2017-05-21,0.0,8.0,26.3,17.2,2.2,6.4,45.0,81.0,22.0,6.7
2017-05-22,0.0,11.0,30.4,20.7,2.2,8.6,35.0,71.0,14.0,11.6
2017-05-23,0.0,9.7,27.6,18.6,3.1,8.6,31.0,76.0,17.0,12.7
2017-05-24,0.0,9.9,28.2,19.0,2.8,8.6,28.0,61.0,19.0,12.7
2017-05-25,0.0,11.1,31.4,21.2,1.9,7.5,30.0,63.0,19.0,10.0
2017-05-26,0.0,12.4,30.4,21.4,1.9,7.8,31.0,68.0,16.0,10.6
2017-05-27,0.0,11.3,28.0,19.6,2.5,9.4,37.0,68.0,27.0,12.4
2017-05-28,0.0,11.6,28.0,19.8,2.5,10.0,36.0,71.0,22.0,11.2
2017-05-29,0.0,12.8,28.8,20.8,2.2,8.6,31.0,58.0,20.0,11.5
2017-05-30,0.0,13.8,26.9,20.4,2.5,7.8,51.0,81.0,37.0,7.4
2017-05-31,0.0,10.9,28.3,19.6,2.2,8.6,49.0,84.0,31.0,8.2
2017-06-01,0.0,13.2,29.3,21.2,2.2,8.9,49.0,86.0,31.0,11.2
2017-06-02,0.0,12.6,30.7,21.6,1.9,10.0,42.0,87.0,26.0,12.7
2017-06-03,2.9,13.7,31.1,22.4,1.7,7.8,55.0,81.0,27.0,8.8
2017-06-04,12.9,14.6,27.0,20.8,2.5,8.6,68.0,91.0,43.0,5.4
2017-06-05,0.2,11.4,28.0,19.7,2.2,8.9,46.0,87.0,17.0,12.9
2017-06-06,0.0,14.3,32.1,23.2,3.1,7.2,32.0,74.0,18.0,12.6
2017-06-07,0.0,12.8,27.9,20.4,2.8,9.2,50.0,88.0,40.0,12.7
2017-06-08,0.0,10.8,29.2,20.0,1.9,8.6,44.0,89.0,31.0,12.4
2017-06-09,0.0,14.5,30.1,22.3,1.9,6.7,49.0,84.0,31.0,11.8
2017-06-10,0.0,13.4,31.5,22.4,2.2,8.1,40.0,88.0,22.0,12.2
2017-06-11,0.0,13.0,33.5,23.2,2.2,8.3,26.0,78.0,11.0,12.9
2017-06-12,0.0,14.1,32.0,23.0,2.2,8.3,29.0,61.0,18.0,12.9
2017-06-13,0.0,13.6,32.6,23.1,2.2,7.5,28.0,63.0,17.0,12.8
2017-06-14,0.0,15.4,35.5,25.4,1.4,7.2,30.0,61.0,19.0,11.9
2017-06-15,0.0,17.4,38.5,28.0,1.7,7.8,28.0,66.0,14.0,10.9
2017-06-16,0.0,19.1,35.6,27.4,2.2,7.5,29.0,59.0,16.0,11.1
2017-06-17,0.0,17.1,36.1,26.6,2.2,8.6,33.0,64.0,19.0,11.2
2017-06-18,0.0,18.6,35.8,27.2,1.7,8.3,35.0,73.0,20.0,11.8
2017-06-19,0.0,18.1,32.7,25.4,1.9,8.6,50.0,75.0,31.0,10.0
2017-06-20,0.0,15.8,34.4,25.1,3.3,8.6,37.0,84.0,21.0,11.0
2017-06-21,0.0,17.9,35.5,26.7,2.2,7.8,31.0,65.0,17.0,11.7
2017-06-22,0.0,17.0,35.9,26.4,2.2,8.3,28.0,61.0,17.0,12.4
2017-06-23,0.0,17.8,38.3,28.0,3.3,8.6,24.0,58.0,16.0,12.1
2017-06-24,0.0,17.4,39.8,28.6,2.5,8.6,20.0,60.0,11.0,10.0
2017-06-25,0.8,17.7,34.0,25.8,2.2,8.3,32.0,74.0,23.0,8.4
2017-06-26,0.0,15.5,37.5,26.5,2.8,9.2,31.0,78.0,12.0,12.6
2017-06-27,0.0,19.4,37.2,28.3,3.6,14.4,18.0,40.0,7.0,8.9
2017-06-28,0.0,16.3,29.8,23.0,3.6,18.1,28.0,58.0,21.0,12.6
2017-06-29,0.0,15.2,32.1,23.6,3.1,9.7,22.0,58.0,9.0,12.5
2017-06-30,0.0,13.3,27.6,20.4,1.9,8.6,23.0,53.0,14.0,11.4
2017-07-01,0.0,12.3,26.1,19.2,2.5,10.0,40.0,77.0,27.0,8.0
2017-07-02,0.0,10.1,29.2,19.6,2.2,8.3,42.0,88.0,24.0,12.9
2017-07-03,0.0,12.1,29.9,21.0,3.1,9.7,39.0,83.0,22.0,13.0
2017-07-04,0.0,11.2,30.8,21.0,2.5,8.9,38.0,80.0,26.0,13.0
2017-07-05,0.0,12.8,34.2,23.5,2.5,10.0,41.0,86.0,21.0,12.0
2017-07-06,0.0,20.4,32.7,26.6,3.1,9.4,36.0,64.0,21.0,4.6
2017-07-07,0.0,19.0,28.8,23.9,1.9,9.2,53.0,88.0,37.0,4.6
2017-07-08,0.0,16.9,33.9,25.4,3.1,9.4,31.0,88.0,17.0,9.6
2017-07-09,0.0,18.0,35.9,27.0,3.3,7.8,30.0,61.0,15.0,12.3
2017-07-10,0.0,17.4,37.1,27.2,1.9,10.8,29.0,64.0,16.0,12.8
2017-07-11,0.0,16.4,35.9,26.2,2.5,7.2,32.0,66.0,19.0,12.5
2017-07-12,0.0,18.0,39.3,28.6,1.7,6.9,33.0,71.0,20.0,12.2
2017-07-13,0.0,19.8,38.3,29.0,1.4,6.9,37.0,59.0,21.0,8.8
2017-07-14,0.0,18.4,34.7,26.6,1.9,6.7,56.0,87.0,33.0,10.3
2017-07-15,0.0,19.7,33.8,26.8,2.8,7.8,46.0,88.0,30.0,12.4
2017-07-16,0.0,18.3,33.7,26.0,2.8,8.6,41.0,87.0,19.0,12.4
2017-07-17,0.0,18.2,35.3,26.8,2.5,9.2,32.0,54.0,18.0,10.7
2017-07-18,0.0,18.9,37.4,28.2,2.2,7.8,28.0,58.0,13.0,9.5
2017-07-19,0.0,18.2,34.6,26.4,2.2,8.3,33.0,70.0,14.0,10.2
2017-07-20,0.0,17.7,35.7,26.7,1.7,10.6,30.0,84.0,16.0,10.9
2017-07-21,0.0,19.6,33.4,26.5,1.9,7.8,51.0,86.0,26.0,9.9
2017-07-22,0.0,16.4,33.8,25.1,2.5,8.6,45.0,83.0,29.0,11.8
2017-07-23,0.0,18.2,34.1,26.2,2.2,6.9,39.0,74.0,25.0,11.0
2017-07-24,0.0,15.8,37.7,26.8,1.7,7.8,23.0,76.0,12.0,12.3
2017-07-25,0.0,17.6,32.8,25.2,2.5,9.2,46.0,80.0,36.0,11.1
2017-07-26,0.0,21.2,35.1,28.2,2.5,7.8,46.0,81.0,21.0,9.8
2017-07-27,0.0,17.0,37.6,27.3,1.9,8.3,36.0,78.0,16.0,12.4
2017-07-28,0.0,18.2,38.6,28.4,2.8,9.2,27.0,59.0,13.0,12.1
2017-07-29,0.0,16.0,38.1,27.0,1.9,8.9,28.0,69.0,16.0,11.6
2017-07-30,0.0,18.1,41.4,29.8,2.5,9.2,16.0,58.0,9.0,12.2
2017-07-31,0.0,18.1,37.2,27.6,2.8,10.8,35.0,69.0,21.0,12.1
2017-08-01,0.2,19.8,34.1,27.0,1.9,10.3,42.0,80.0,23.0,4.7
2017-08-02,0.0,20.1,33.3,26.7,2.2,8.3,52.0,77.0,36.0,8.0
2017-08-03,0.0,18.8,38.8,28.8,1.7,6.1,32.0,81.0,13.0,11.7
2017-08-04,0.0,20.5,40.1,30.3,2.5,9.2,30.0,61.0,14.0,11.3
2017-08-05,0.0,20.0,40.8,30.4,2.2,10.3,27.0,54.0,13.0,11.8
2017-08-06,0.0,18.7,34.1,26.4,2.8,9.2,46.0,78.0,32.0,11.3
2017-08-07,0.0,20.4,35.4,27.9,3.1,8.9,50.0,85.0,26.0,8.7
2017-08-08,0.0,21.3,38.5,29.9,2.8,11.4,25.0,79.0,6.0,10.7
2017-08-09,0.0,17.5,34.5,26.0,1.9,10.3,47.0,84.0,17.0,10.0
2017-08-10,0.0,17.8,27.5,22.6,2.2,7.2,56.0,81.0,43.0,5.9
2017-08-11,0.0,16.0,30.0,23.0,2.8,8.1,49.0,81.0,29.0,10.9
2017-08-12,0.0,14.4,29.7,22.0,2.2,8.6,43.0,89.0,31.0,11.7
2017-08-13,0.0,12.4,29.6,21.0,2.5,8.3,45.0,82.0,31.0,11.6
2017-08-14,0.0,13.4,29.8,21.6,1.9,8.6,45.0,82.0,28.0,11.1
2017-08-15,0.0,15.9,34.5,25.2,1.4,7.8,44.0,71.0,26.0,6.8
2017-08-16,0.0,17.1,35.5,26.3,1.1,7.5,48.0,84.0,21.0,11.1
2017-08-17,0.0,17.6,34.0,25.8,2.2,7.8,48.0,84.0,33.0,9.8
2017-08-18,0.0,17.8,36.4,27.1,1.9,10.3,41.0,85.0,19.0,11.4
2017-08-19,0.0,16.9,31.8,24.4,2.2,8.3,50.0,78.0,35.0,11.4
2017-08-20,0.0,15.8,31.8,23.8,2.2,8.1,58.0,88.0,39.0,11.1
2017-08-21,0.0,16.9,30.9,23.9,2.2,8.6,57.0,87.0,36.0,11.2
2017-08-22,0.0,16.4,34.7,25.6,1.7,7.2,48.0,89.0,22.0,11.2
2017-08-23,0.0,16.8,37.4,27.1,1.7,8.9,31.0,73.0,11.0,10.8
2017-08-24,0.0,16.6,34.5,25.6,1.9,8.3,36.0,61.0,16.0,10.8
2017-08-25,0.0,15.7,33.9,24.8,2.8,8.3,39.0,77.0,25.0,7.2
2017-08-26,0.0,18.5,34.6,26.6,1.9,8.3,52.0,85.0,27.0,8.4
2017-08-27,0.0,18.6,30.9,24.8,1.7,7.5,52.0,74.0,36.0,3.9
2017-08-28,3.2,18.0,27.1,22.6,2.2,9.7,65.0,88.0,42.0,1.4
2017-08-29,14.8,16.2,22.2,19.2,1.7,8.1,87.0,92.0,68.0,0.6
2017-08-30,4.2,16.3,23.6,20.0,1.7,5.8,84.0,92.0,56.0,2.0
2017-08-31,0.0,15.7,28.2,22.0,1.9,6.1,61.0,89.0,39.0,7.1
2017-09-01,1.2,15.2,28.3,21.8,2.5,7.5,68.0,91.0,47.0,8.2
2017-09-02,0.0,17.5,27.3,22.4,1.7,6.7,69.0,91.0,51.0,6.4
2017-09-03,0.0,15.3,30.6,23.0,1.4,7.8,64.0,93.0,39.0,8.2
2017-09-04,0.0,17.1,33.6,25.4,1.9,8.6,42.0,85.0,20.0,8.9
2017-09-05,0.0,16.9,31.4,24.2,1.9,7.2,52.0,90.0,29.0,9.7
2017-09-06,0.0,14.8,31.0,22.9,1.4,8.3,53.0,84.0,27.0,9.7
2017-09-07,0.0,17.3,31.0,24.2,1.1,7.8,60.0,89.0,26.0,7.8
2017-09-08,0.0,15.4,29.8,22.6,1.9,6.9,65.0,91.0,46.0,9.0
2017-09-09,0.0,15.8,30.1,23.0,2.2,10.0,34.0,88.0,14.0,1.3
2017-09-10,0.0,11.9,27.1,19.5,2.2,11.1,24.0,57.0,13.0,9.7
2017-09-11,0.0,13.3,32.2,22.8,3.3,7.8,27.0,51.0,17.0,9.3
2017-09-12,0.0,16.7,31.5,24.1,2.5,8.1,40.0,81.0,20.0,8.6
2017-09-13,0.0,13.7,31.0,22.4,2.5,7.2,45.0,91.0,23.0,9.0
2017-09-14,0.0,14.9,34.3,24.6,3.3,7.2,27.0,59.0,15.0,9.2
2017-09-15,0.0,15.2,28.6,21.9,2.8,8.9,67.0,87.0,32.0,7.5
2017-09-16,0.0,13.3,24.5,18.9,1.9,8.1,66.0,90.0,42.0,6.1
2017-09-17,0.0,10.2,28.1,19.2,3.1,6.7,49.0,90.0,23.0,8.9
2017-09-18,0.0,12.7,30.2,21.4,3.1,8.3,29.0,69.0,12.0,9.0
2017-09-19,0.0,10.5,27.6,19.0,1.9,7.8,41.0,70.0,21.0,8.9
2017-09-20,0.0,10.4,27.8,19.1,1.7,6.1,54.0,86.0,35.0,8.4
2017-09-21,0.0,12.1,29.1,20.6,1.1,6.9,53.0,86.0,30.0,8.4
2017-09-22,0.0,11.1,25.4,18.2,2.5,8.3,68.0,91.0,46.0,5.5
2017-09-23,0.0,11.9,25.8,18.8,1.7,5.3,60.0,88.0,40.0,7.2
2017-09-24,0.0,11.4,30.4,20.9,2.5,7.5,37.0,84.0,21.0,8.3
2017-09-25,0.0,14.7,33.8,24.2,3.6,8.6,30.0,54.0,14.0,7.9
2017-09-26,0.0,11.7,27.8,19.8,1.9,7.5,54.0,82.0,31.0,7.5
2017-09-27,0.0,16.0,28.1,22.0,1.9,7.2,61.0,86.0,34.0,5.4
2017-09-28,0.0,14.7,26.3,20.5,2.2,7.2,60.0,89.0,39.0,6.2
2017-09-29,0.0,10.8,26.4,18.6,1.7,6.4,59.0,90.0,36.0,7.8
2017-09-30,0.0,10.5,27.5,19.0,1.4,5.6,59.0,89.0,32.0,6.4
2017-10-01,0.0,14.6,24.4,19.5,1.4,6.7,66.0,89.0,49.0,2.0
2017-10-02,0.0,14.2,26.8,20.5,1.1,6.4,58.0,90.0,37.0,5.3
2017-10-03,0.3,11.8,28.2,20.0,1.1,6.7,60.0,90.0,34.0,7.4
2017-10-04,0.0,13.4,25.9,19.6,1.7,6.7,66.0,90.0,44.0,6.4
2017-10-05,0.0,10.4,28.7,19.6,1.9,6.7,51.0,89.0,24.0,7.0
2017-10-06,0.0,12.7,30.4,21.6,2.5,9.2,43.0,86.0,12.0,7.4
2017-10-07,0.0,10.9,25.3,18.1,1.9,7.8,65.0,89.0,45.0,6.5
2017-10-08,0.0,12.8,26.8,19.8,1.9,5.8,61.0,88.0,40.0,7.3
2017-10-09,0.0,10.1,28.3,19.2,3.1,7.2,47.0,84.0,25.0,7.4
2017-10-10,0.0,10.1,26.6,18.4,1.7,5.8,59.0,88.0,30.0,6.6
2017-10-11,0.0,9.3,27.0,18.2,1.4,6.7,60.0,88.0,28.0,7.2
2017-10-12,0.0,11.7,29.0,20.4,2.2,6.4,41.0,68.0,23.0,6.3
2017-10-13,0.0,10.9,28.8,19.8,1.9,6.9,47.0,80.0,21.0,6.8
2017-10-14,0.0,10.6,27.5,19.0,1.7,6.4,55.0,90.0,29.0,7.1
2017-10-15,0.0,10.6,25.3,18.0,1.4,6.1,69.0,92.0,44.0,5.4
2017-10-16,0.0,11.6,24.1,17.8,1.4,6.4,62.0,91.0,30.0,6.1
2017-10-17,0.0,12.0,24.0,18.0,1.9,6.1,67.0,89.0,46.0,5.9
2017-10-18,2.0,10.6,19.7,15.2,3.6,13.6,67.0,85.0,52.0,1.8
2017-10-19,0.0,8.8,20.3,14.6,1.9,10.0,56.0,88.0,30.0,6.1
2017-10-20,0.0,9.8,24.1,17.0,1.9,10.3,52.0,79.0,38.0,6.1
2017-10-21,0.0,10.2,26.1,18.2,2.5,7.5,54.0,77.0,32.0,7.4
2017-10-22,0.0,11.9,24.4,18.2,1.4,6.4,64.0,86.0,40.0,6.3
2017-10-23,0.0,8.1,22.2,15.2,1.7,5.3,68.0,91.0,47.0,5.8
2017-10-24,0.0,7.1,25.3,16.2,3.1,6.7,41.0,81.0,22.0,7.1
2017-10-25,0.0,7.8,27.3,17.6,3.1,7.5,42.0,76.0,21.0,7.1
2017-10-26,0.0,7.7,26.9,17.3,2.5,6.9,40.0,70.0,21.0,6.9
2017-10-27,0.0,6.6,28.6,17.6,2.8,7.2,24.0,63.0,14.0,6.7
2017-10-28,0.0,9.7,23.0,16.4,1.4,5.8,67.0,89.0,46.0,5.0
2017-10-29,0.0,9.4,23.2,16.3,2.2,6.7,68.0,87.0,44.0,5.9
2017-10-30,0.0,8.8,22.5,15.6,2.5,6.4,65.0,88.0,47.0,6.6
2017-10-31,0.0,8.4,20.4,14.4,1.1,5.3,72.0,92.0,53.0,5.3
2017-11-01,0.0,9.2,20.8,15.0,1.4,6.9,74.0,91.0,53.0,2.2
2017-11-02,0.0,9.9,21.8,15.8,2.2,6.7,71.0,89.0,47.0,6.6
2017-11-03,0.0,10.4,19.5,15.0,1.4,6.1,72.0,89.0,49.0,3.7
2017-11-04,0.2,8.3,19.2,13.8,3.1,10.6,66.0,86.0,44.0,1.5
2017-11-05,0.0,7.6,20.7,14.2,1.9,10.6,51.0,90.0,31.0,6.1
2017-11-06,0.0,4.9,17.1,11.0,2.2,9.2,39.0,66.0,23.0,6.7
2017-11-07,0.0,0.6,18.9,9.8,1.4,6.7,42.0,78.0,12.0,6.6
2017-11-08,0.0,2.1,18.6,10.4,2.5,6.7,45.0,72.0,30.0,6.6
2017-11-09,0.0,1.9,13.9,7.9,2.2,10.0,51.0,70.0,28.0,6.5
2017-11-10,0.0,1.6,15.3,8.4,2.8,9.7,52.0,75.0,26.0,6.4
2017-11-11,0.0,4.5,18.2,11.4,2.2,10.0,54.0,83.0,31.0,6.4
2017-11-12,0.0,6.5,23.6,15.0,2.8,9.7,32.0,62.0,14.0,6.4
2017-11-13,0.0,6.1,19.0,12.6,2.8,12.5,34.0,59.0,22.0,6.2
2017-11-14,0.0,-1.3,13.5,6.1,1.9,5.8,41.0,67.0,22.0,6.2
2017-11-15,0.0,-0.4,17.2,8.4,2.5,7.5,38.0,61.0,22.0,6.1
2017-11-16,0.0,2.4,18.4,10.4,2.8,6.7,38.0,68.0,22.0,6.0
2017-11-17,0.0,2.0,18.7,10.4,2.2,7.2,40.0,72.0,20.0,6.0
2017-11-18,0.0,2.9,19.8,11.4,1.7,7.5,46.0,78.0,23.0,5.9
2017-11-19,0.0,1.9,17.8,9.8,2.2,5.6,56.0,83.0,33.0,5.8
2017-11-20,0.0,2.7,20.4,11.6,1.7,6.4,49.0,73.0,24.0,5.9
2017-11-21,0.0,5.2,20.8,13.0,2.8,7.2,33.0,57.0,19.0,5.9
2017-11-22,0.0,3.8,21.1,12.4,2.5,7.5,38.0,63.0,16.0,5.8
2017-11-23,0.0,5.6,23.9,14.8,2.8,8.6,26.0,40.0,13.0,5.9
2017-11-24,0.0,9.4,23.5,16.4,2.5,8.3,26.0,42.0,15.0,4.5
2017-11-25,0.0,10.3,17.9,14.1,2.8,8.1,29.0,51.0,23.0,0.0
2017-11-26,0.0,4.6,16.2,10.4,1.4,5.3,59.0,84.0,40.0,5.7
2017-11-27,0.0,8.0,16.8,12.4,1.7,5.8,69.0,84.0,51.0,3.2
2017-11-28,1.0,8.4,14.7,11.6,1.7,6.1,75.0,86.0,63.0,0.0
2017-11-29,1.8,7.4,12.6,10.0,1.1,7.2,86.0,92.0,71.0,0.0
2017-11-30,0.0,2.0,9.2,5.6,2.2,8.6,67.0,91.0,35.0,2.3
2017-12-01,0.4,1.0,12.1,6.6,3.6,12.8,48.0,77.0,23.0,5.6
2017-12-02,0.0,1.6,9.2,5.4,2.2,15.8,38.0,46.0,27.0,5.6
2017-12-03,0.0,-3.2,9.8,3.3,1.7,8.3,34.0,65.0,21.0,5.7
2017-12-04,0.0,-4.5,9.6,2.6,2.2,7.2,42.0,71.0,22.0,5.7
2017-12-05,0.0,-4.6,12.7,4.0,1.9,7.2,56.0,86.0,33.0,5.6
2017-12-06,0.0,-2.1,13.7,5.8,2.5,6.9,66.0,89.0,46.0,5.6
2017-12-07,0.0,-1.7,13.3,5.8,1.1,6.7,56.0,89.0,27.0,5.6
2017-12-08,0.0,2.7,19.4,11.0,2.8,10.0,36.0,54.0,21.0,5.6
2017-12-09,0.0,8.8,17.6,13.2,1.1,8.6,57.0,71.0,44.0,1.3
2017-12-10,0.0,5.2,18.6,11.9,3.1,13.1,59.0,89.0,24.0,4.0
2017-12-11,0.0,2.5,15.8,9.2,5.0,15.8,46.0,75.0,38.0,0.3
2017-12-12,0.0,-0.4,11.6,5.6,2.8,7.5,46.0,82.0,19.0,4.8
2017-12-13,0.0,-1.6,13.4,5.9,2.2,7.5,39.0,60.0,19.0,5.0
2017-12-14,0.0,3.3,17.9,10.6,1.9,9.7,53.0,72.0,31.0,4.4
2017-12-15,3.0,5.8,17.1,11.4,,13.9,61.0,90.0,39.0,3.8
2017-12-16,0.0,1.0,11.4,6.2,1.7,9.7,51.0,91.0,31.0,5.2
2017-12-17,0.0,-1.2,9.4,4.1,1.9,8.9,57.0,76.0,34.0,5.1
2017-12-18,0.0,-2.1,11.9,4.9,3.1,11.1,58.0,84.0,37.0,5.0
2017-12-19,0.0,0.9,12.2,6.6,2.5,13.6,62.0,85.0,48.0,0.2
2017-12-20,0.0,-1.6,13.3,5.8,2.5,7.2,60.0,90.0,35.0,4.2
2017-12-21,0.0,0.0,12.9,6.4,2.5,6.4,63.0,87.0,47.0,4.8
2017-12-22,0.0,1.3,19.6,10.4,1.9,8.3,46.0,84.0,22.0,5.1
2017-12-23,0.0,1.0,10.8,5.9,1.4,5.6,79.0,85.0,61.0,0.9
2017-12-24,0.0,1.8,13.7,7.8,2.2,6.1,66.0,90.0,49.0,3.4
2017-12-25,0.0,-0.3,14.6,7.2,2.8,6.9,60.0,91.0,38.0,4.9
2017-12-26,0.0,3.8,14.0,8.9,2.5,10.6,57.0,77.0,40.0,2.4
2017-12-27,0.2,3.3,14.1,8.7,3.3,15.8,52.0,73.0,34.0,2.0
2017-12-28,0.0,3.2,18.6,10.9,2.8,13.3,57.0,76.0,43.0,1.2
2017-12-29,0.0,7.7,19.1,13.4,2.8,10.3,58.0,82.0,38.0,3.9
2017-12-30,0.0,5.8,19.5,12.6,1.7,7.2,61.0,80.0,39.0,5.1
2017-12-31,0.0,3.7,14.8,9.2,1.4,12.8,51.0,85.0,34.0,1.6
2018-01-01,0.0,3.4,18.3,10.8,3.1,10.0,30.0,66.0,7.0,4.8
2018-01-02,0.0,4.2,17.8,11.0,1.7,8.9,49.0,76.0,27.0,4.7
2018-01-03,0.0,4.7,18.6,11.6,1.1,6.4,65.0,87.0,42.0,4.8
2018-01-04,0.0,5.3,22.0,13.6,2.5,6.7,55.0,85.0,26.0,5.1
2018-01-05,0.0,2.2,17.0,9.6,2.5,7.8,54.0,84.0,37.0,5.1
2018-01-06,7.0,1.8,10.7,6.2,1.9,8.3,77.0,88.0,67.0,0.4
2018-01-07,0.0,-1.2,9.1,4.0,1.7,8.1,66.0,84.0,38.0,4.9
2018-01-08,0.0,-2.7,9.7,3.5,1.9,6.4,68.0,90.0,45.0,4.9
2018-01-09,0.8,-1.1,10.2,4.6,2.8,7.5,69.0,85.0,48.0,4.1
2018-01-10,0.0,3.2,16.0,9.6,2.2,11.1,58.0,92.0,32.0,4.6
2018-01-11,3.2,3.6,11.8,7.7,3.3,15.3,59.0,83.0,39.0,4.9
2018-01-12,0.0,2.8,13.7,8.2,1.9,11.9,45.0,65.0,27.0,5.1
2018-01-13,0.0,-1.1,10.6,4.8,1.4,5.8,60.0,80.0,35.0,1.2
2018-01-14,14.2,0.9,10.6,5.8,1.4,6.7,72.0,91.0,51.0,1.5
2018-01-15,0.0,1.8,9.6,5.7,2.2,6.4,74.0,92.0,55.0,2.8
2018-01-16,0.0,1.3,17.1,9.2,3.1,8.6,57.0,80.0,41.0,5.8
2018-01-17,0.0,3.7,18.2,11.0,1.9,8.3,49.0,71.0,22.0,6.1
2018-01-18,0.0,2.6,14.2,8.4,1.4,7.2,67.0,88.0,45.0,4.5
2018-01-19,0.0,4.3,14.3,9.3,1.4,5.8,67.0,87.0,45.0,0.6
2018-01-20,0.0,2.8,19.1,11.0,2.5,8.9,40.0,83.0,18.0,5.9
2018-01-21,0.0,5.2,20.4,12.8,2.2,12.2,43.0,65.0,29.0,6.3
2018-01-22,0.0,6.5,22.5,14.5,2.5,8.3,46.0,70.0,24.0,6.3
2018-01-23,0.0,3.8,20.6,12.2,2.2,7.5,45.0,77.0,19.0,6.3
2018-01-24,0.0,2.4,18.7,10.6,1.9,5.6,64.0,88.0,35.0,6.1
2018-01-25,0.0,3.1,16.5,9.8,1.7,6.9,60.0,84.0,37.0,5.8
2018-01-26,0.0,4.7,10.5,7.6,4.4,14.7,46.0,71.0,34.0,3.8
2018-01-27,29.4,4.2,11.1,7.6,3.1,13.9,44.0,78.0,33.0,5.4
2018-01-28,14.0,1.9,10.9,6.4,1.7,13.6,82.0,92.0,62.0,1.0
2018-01-29,0.0,5.7,12.0,8.8,1.4,6.9,73.0,89.0,60.0,2.1
2018-01-30,0.0,2.0,12.7,7.4,1.4,4.7,75.0,92.0,54.0,2.0
2018-01-31,0.0,1.9,14.5,8.2,1.7,6.7,69.0,92.0,41.0,4.9
2018-02-01,17.2,4.0,15.3,9.6,2.8,10.0,54.0,88.0,34.0,4.6
2018-02-02,0.2,2.5,7.3,4.9,2.5,11.7,55.0,88.0,42.0,1.1
2018-02-03,0.0,2.5,10.5,6.5,2.2,13.1,47.0,60.0,30.0,6.3
2018-02-04,7.1,2.4,8.9,5.6,1.4,8.3,66.0,90.0,51.0,0.8
2018-02-05,0.0,-0.9,8.3,3.7,1.7,7.8,66.0,92.0,45.0,3.7
2018-02-06,0.0,-2.4,6.9,2.2,2.5,11.4,63.0,91.0,46.0,3.3
2018-02-07,0.0,-2.1,8.3,3.1,1.9,6.4,57.0,84.0,37.0,5.9
2018-02-08,0.0,-2.7,8.2,2.8,1.9,8.3,61.0,88.0,33.0,5.5
2018-02-09,0.0,-0.4,10.3,5.0,2.5,11.1,42.0,65.0,25.0,6.4
2018-02-10,0.0,4.7,9.8,7.2,2.8,16.9,42.0,56.0,31.0,3.1
2018-02-11,0.0,2.4,17.9,10.2,2.5,8.6,48.0,68.0,31.0,5.8
2018-02-12,0.2,2.8,15.2,9.0,2.2,10.6,64.0,83.0,40.0,2.3
2018-02-13,0.0,-0.5,15.1,7.3,2.8,7.5,46.0,78.0,18.0,6.9
2018-02-14,0.0,1.4,16.4,8.9,1.7,6.4,54.0,82.0,31.0,4.9
2018-02-15,0.0,3.6,18.4,11.0,2.2,8.1,62.0,85.0,40.0,7.0
2018-02-16,0.0,5.5,18.3,11.9,1.4,6.1,67.0,88.0,47.0,4.0
2018-02-17,0.0,3.4,19.5,11.4,1.9,8.9,58.0,91.0,29.0,7.0
2018-02-18,0.2,4.6,14.3,9.4,1.9,5.0,77.0,90.0,57.0,2.6
2018-02-19,0.0,3.7,15.1,9.4,1.7,7.5,62.0,92.0,36.0,5.3
2018-02-20,0.0,4.0,16.9,10.4,1.7,10.0,54.0,77.0,36.0,5.6
2018-02-21,8.0,2.9,13.5,8.2,2.5,11.1,40.0,90.0,29.0,4.6
2018-02-22,0.0,0.1,13.4,6.8,2.2,10.6,52.0,93.0,16.0,7.9
2018-02-23,0.0,-4.3,10.0,2.8,1.7,7.5,43.0,79.0,19.0,7.9
2018-02-24,0.0,-3.0,13.6,5.3,2.2,7.2,51.0,87.0,24.0,7.9
2018-02-25,0.0,0.1,15.9,8.0,1.4,7.2,44.0,80.0,18.0,6.3
2018-02-26,0.4,1.3,18.4,9.8,1.9,8.1,41.0,62.0,17.0,7.2
2018-02-27,1.0,6.2,11.9,9.0,1.7,7.8,87.0,92.0,57.0,0.4
2018-02-28,0.0,6.1,18.7,12.4,4.4,15.8,57.0,93.0,39.0,4.5
2018-03-01,1.8,8.2,15.1,11.6,5.0,18.3,65.0,80.0,48.0,3.9
2018-03-02,5.4,8.0,13.0,10.5,2.2,12.2,79.0,88.0,56.0,0.8
2018-03-03,0.4,8.4,18.1,13.2,4.4,17.2,54.0,85.0,34.0,5.3
2018-03-04,0.6,5.2,14.0,9.6,2.2,9.7,65.0,84.0,50.0,1.2
2018-03-05,2.4,5.8,11.9,8.8,5.6,16.7,68.0,84.0,52.0,4.3
2018-03-06,0.0,6.1,15.3,10.7,5.0,16.7,46.0,73.0,31.0,6.1
2018-03-07,4.4,1.5,16.2,8.8,1.7,8.3,49.0,88.0,19.0,7.7
2018-03-08,0.2,6.1,17.6,11.8,1.7,8.3,75.0,91.0,57.0,3.3
2018-03-09,0.0,8.2,23.2,15.7,3.9,12.5,51.0,88.0,26.0,8.1
2018-03-10,0.0,8.9,23.9,16.4,4.4,21.9,52.0,72.0,31.0,6.7
2018-03-11,0.6,6.3,15.1,10.7,5.3,21.9,58.0,73.0,30.0,6.5
2018-03-12,0.0,6.2,17.6,11.9,3.9,19.7,38.0,62.0,26.0,8.5
2018-03-13,0.0,5.1,21.5,13.3,2.2,8.6,46.0,79.0,23.0,5.2
2018-03-14,0.0,6.5,19.8,13.2,4.2,14.7,55.0,73.0,36.0,4.1
2018-03-15,0.0,6.7,16.8,11.8,3.3,11.7,46.0,68.0,34.0,3.5
2018-03-16,0.0,2.8,16.2,9.5,3.1,12.5,48.0,78.0,25.0,7.8
2018-03-17,8.0,2.1,15.2,8.6,5.6,18.3,59.0,90.0,35.0,6.7
2018-03-18,0.0,3.6,13.0,8.3,1.9,11.7,59.0,91.0,39.0,3.9
2018-03-19,3.4,0.8,15.7,8.2,3.6,18.6,67.0,90.0,33.0,6.1
2018-03-20,0.2,4.0,10.6,7.3,3.9,17.8,41.0,65.0,33.0,7.5
2018-03-21,0.0,0.3,12.4,6.4,2.8,11.4,33.0,60.0,19.0,9.1
2018-03-22,0.0,0.7,13.4,7.0,2.8,11.1,29.0,68.0,18.0,9.0
2018-03-23,2.0,1.4,19.1,10.2,2.2,15.0,43.0,72.0,14.0,5.8
2018-03-24,0.0,5.7,12.7,9.2,5.3,23.6,43.0,80.0,30.0,7.2
2018-03-25,1.6,4.6,13.9,9.2,2.2,11.9,47.0,86.0,36.0,4.8
2018-03-26,0.0,5.5,16.7,11.1,2.5,11.4,38.0,64.0,30.0,7.1
2018-03-27,0.0,4.6,23.9,14.2,2.5,8.3,35.0,71.0,21.0,9.3
2018-03-28,0.0,8.0,25.5,16.8,2.8,7.5,35.0,68.0,19.0,9.4
2018-03-29,0.0,6.6,24.4,15.5,1.9,9.7,36.0,66.0,20.0,4.7
2018-03-30,3.6,1.7,16.9,9.3,4.4,14.7,48.0,84.0,34.0,6.3
2018-03-31,0.0,4.5,15.5,10.0,2.5,15.0,38.0,72.0,27.0,9.2
2018-04-01,0.0,2.2,20.8,11.5,2.8,8.3,39.0,77.0,22.0,9.5
2018-04-02,0.0,5.3,20.4,12.8,1.1,5.8,42.0,72.0,25.0,2.9
2018-04-03,0.0,7.0,23.8,15.4,3.6,11.4,41.0,74.0,20.0,9.0
2018-04-04,0.0,5.3,20.7,13.0,3.1,10.6,38.0,78.0,20.0,9.9
2018-04-05,0.0,4.9,23.9,14.4,2.8,7.5,39.0,75.0,18.0,9.8
2018-04-06,0.0,8.5,20.4,14.4,1.7,6.9,47.0,70.0,30.0,5.1
2018-04-07,8.2,5.3,16.0,10.6,0.8,10.6,75.0,92.0,59.0,0.2
2018-04-08,0.0,4.8,17.8,11.3,3.1,10.8,50.0,87.0,32.0,9.0
2018-04-09,0.0,5.3,16.9,11.1,4.4,12.8,38.0,81.0,20.0,9.9
2018-04-10,3.6,4.5,13.2,8.8,5.3,15.3,66.0,86.0,45.0,3.3
2018-04-11,0.0,4.0,12.3,8.2,5.0,16.1,50.0,74.0,35.0,5.2
2018-04-12,0.8,6.6,17.1,11.8,3.3,16.1,49.0,84.0,31.0,6.0
2018-04-13,5.0,3.0,17.1,10.0,2.5,7.8,66.0,90.0,31.0,6.2
2018-04-14,0.0,3.1,19.6,11.4,2.2,15.8,51.0,92.0,26.0,8.3
2018-04-15,0.2,5.6,22.7,14.2,2.5,8.6,48.0,87.0,31.0,6.6
2018-04-16,0.0,7.9,20.1,14.0,2.5,16.9,39.0,77.0,23.0,10.9
2018-04-17,0.0,6.4,23.8,15.1,1.7,6.4,41.0,80.0,24.0,11.1
2018-04-18,0.0,6.5,23.7,15.1,2.2,9.4,41.0,89.0,23.0,11.1
2018-04-19,0.0,5.9,22.4,14.2,3.1,10.0,50.0,84.0,32.0,11.3
2018-04-20,0.0,10.2,19.6,14.9,3.1,8.9,64.0,84.0,43.0,4.0
2018-04-21,0.0,7.5,21.7,14.6,2.8,8.6,58.0,91.0,35.0,6.2
2018-04-22,0.2,9.5,24.0,16.8,2.5,9.7,47.0,87.0,28.0,8.8
2018-04-23,0.0,9.6,25.2,17.4,2.5,9.2,42.0,77.0,21.0,8.4
2018-04-24,0.0,12.7,26.5,19.6,2.8,10.3,40.0,64.0,20.0,10.1
2018-04-25,0.4,11.6,21.3,16.4,1.9,7.2,49.0,72.0,35.0,2.8
2018-04-26,0.0,12.2,23.8,18.0,1.7,7.8,49.0,90.0,33.0,7.5
2018-04-27,4.0,11.7,27.3,19.5,2.8,13.6,64.0,86.0,31.0,6.1
2018-04-28,0.0,8.8,27.1,18.0,2.8,10.8,38.0,88.0,13.0,9.1
2018-04-29,0.0,6.9,18.2,12.6,6.1,17.2,33.0,64.0,22.0,11.0
2018-04-30,0.2,4.4,19.1,11.8,2.8,9.2,50.0,80.0,28.0,6.8
2018-05-01,6.8,3.2,16.5,9.8,2.8,11.7,64.0,87.0,31.0,5.3
2018-05-02,0.0,4.0,20.3,12.2,2.5,9.2,36.0,76.0,23.0,11.3
2018-05-03,0.0,9.5,22.6,16.0,2.5,9.7,34.0,63.0,25.0,7.3
2018-05-04,0.0,7.4,23.8,15.6,1.9,6.9,39.0,76.0,23.0,9.7
2018-05-05,5.6,11.5,24.9,18.2,1.9,8.3,54.0,91.0,25.0,8.5
2018-05-06,0.0,9.6,23.4,16.5,2.5,8.6,55.0,92.0,30.0,10.4
2018-05-07,0.0,8.3,23.9,16.1,1.9,7.2,47.0,90.0,30.0,10.1
2018-05-08,4.4,9.2,26.6,17.9,2.8,11.9,60.0,91.0,27.0,6.5
2018-05-09,2.2,11.2,26.4,18.8,2.8,9.2,62.0,87.0,33.0,8.7
2018-05-10,2.6,12.5,25.2,18.8,3.3,10.0,67.0,90.0,42.0,4.8
2018-05-11,0.0,9.8,23.7,16.8,1.7,5.8,67.0,92.0,53.0,10.1
2018-05-12,0.0,11.6,26.8,19.2,2.2,11.7,46.0,92.0,25.0,9.2
2018-05-13,0.0,9.4,22.3,15.8,3.1,11.7,21.0,51.0,15.0,12.3
2018-05-14,0.0,7.0,22.6,14.8,1.7,7.5,31.0,61.0,25.0,7.6
2018-05-15,0.0,6.8,23.6,15.2,2.2,7.8,39.0,78.0,27.0,12.2
2018-05-16,0.0,7.2,22.7,15.0,2.2,8.3,40.0,88.0,22.0,12.6
2018-05-17,0.0,6.7,22.2,14.4,2.8,11.4,45.0,82.0,31.0,11.6
2018-05-18,0.0,7.0,24.2,15.6,2.8,8.1,44.0,87.0,27.0,10.2
2018-05-19,0.0,8.0,24.1,16.0,2.5,8.9,44.0,89.0,26.0,11.4
2018-05-20,0.0,7.9,24.4,16.2,2.2,9.2,47.0,92.0,28.0,10.9
2018-05-21,0.0,8.0,26.2,17.1,2.8,11.4,43.0,87.0,21.0,10.5
2018-05-22,0.0,10.1,27.4,18.8,2.2,7.8,39.0,75.0,25.0,8.4
2018-05-23,0.6,9.8,28.1,19.0,2.2,8.3,35.0,77.0,22.0,7.9
2018-05-24,0.0,11.4,26.0,18.7,2.8,8.3,51.0,85.0,26.0,7.7
2018-05-25,0.0,13.1,26.3,19.7,2.2,8.3,46.0,79.0,35.0,6.6
2018-05-26,0.0,12.2,27.1,19.6,2.2,9.7,48.0,86.0,30.0,8.1
2018-05-27,2.4,12.0,22.7,17.4,1.9,11.4,65.0,90.0,35.0,6.2
2018-05-28,1.0,9.5,26.8,18.2,1.4,7.5,54.0,86.0,31.0,7.4
2018-05-29,3.8,11.4,25.6,18.5,2.2,10.6,68.0,92.0,31.0,7.1
2018-05-30,0.2,11.5,23.2,17.4,1.1,6.4,52.0,92.0,39.0,4.9
2018-05-31,0.0,10.0,26.8,18.4,1.7,7.2,42.0,81.0,27.0,7.9
2018-06-01,0.0,10.7,27.6,19.2,2.5,10.8,39.0,77.0,26.0,10.6
2018-06-02,38.8,10.0,20.0,15.0,1.7,10.0,77.0,91.0,60.0,1.1
2018-06-03,0.0,10.2,24.3,17.2,2.2,6.9,50.0,92.0,37.0,6.0
2018-06-04,0.2,12.2,27.0,19.6,2.5,7.8,43.0,82.0,31.0,9.7
2018-06-05,0.4,13.6,23.2,18.4,1.7,7.8,61.0,86.0,43.0,7.0
2018-06-06,13.8,11.2,21.4,16.3,2.2,12.8,66.0,84.0,39.0,3.0
2018-06-07,0.0,11.2,26.0,18.6,1.9,8.1,44.0,77.0,28.0,7.5
2018-06-08,0.0,13.6,29.6,21.6,1.4,7.2,39.0,84.0,26.0,9.3
2018-06-09,0.2,11.7,27.8,19.8,2.5,8.9,53.0,89.0,33.0,8.5
2018-06-10,0.0,14.0,26.6,20.3,1.7,8.3,51.0,89.0,32.0,7.4
2018-06-11,0.0,13.4,27.0,20.2,2.2,6.4,47.0,80.0,31.0,7.7
2018-06-12,0.0,12.4,25.8,19.1,2.2,8.1,34.0,71.0,25.0,6.9
2018-06-13,0.0,15.1,29.5,22.3,2.8,9.7,30.0,63.0,21.0,12.3
2018-06-14,0.0,12.5,30.1,21.3,2.5,8.6,34.0,84.0,19.0,12.7
2018-06-15,0.0,11.3,30.9,21.1,2.2,7.2,34.0,86.0,21.0,12.9
2018-06-16,0.0,12.8,31.1,22.0,2.5,8.3,36.0,83.0,23.0,12.4
2018-06-17,0.0,14.4,31.6,23.0,2.5,7.2,34.0,74.0,21.0,12.1
2018-06-18,0.0,14.6,31.6,23.1,2.8,9.4,36.0,76.0,25.0,12.7
2018-06-19,0.0,14.3,29.1,21.7,2.8,9.4,40.0,79.0,31.0,12.9
2018-06-20,0.0,12.9,30.3,21.6,1.9,8.6,37.0,82.0,27.0,12.9
2018-06-21,0.0,14.4,30.6,22.5,2.5,8.3,32.0,77.0,19.0,12.9
2018-06-22,0.0,14.3,32.8,23.6,3.3,8.9,30.0,71.0,19.0,12.8
2018-06-23,0.0,,33.1,,2.5,8.9,31.0,,20.0,
2018-06-24,0.0,,,,,,,,,
2018-06-25,0.0,,,,,,,,,
2018-06-26,0.0,,,,,,,,,
2018-06-27,0.0,,33.6,,,9.2,,,23.0,
2018-06-28,0.0,16.7,33.1,24.9,2.2,8.9,41.0,69.0,24.0,9.4
2018-06-29,0.0,17.3,30.0,23.6,3.3,8.6,55.0,84.0,36.0,9.5
2018-06-30,0.0,14.6,30.6,22.6,2.5,7.8,42.0,80.0,33.0,12.4
2018-07-01,0.0,16.3,33.2,24.8,1.7,7.8,43.0,87.0,27.0,10.6
2018-07-02,0.0,14.9,32.7,23.8,2.8,8.1,29.0,69.0,17.0,12.8
2018-07-03,0.0,15.9,34.5,25.2,2.8,9.2,28.0,59.0,16.0,12.4
2018-07-04,0.0,15.6,36.4,26.0,,10.6,17.0,57.0,5.0,12.4
2018-07-05,0.0,14.5,33.2,23.8,1.9,7.5,26.0,61.0,17.0,12.9
2018-07-06,0.0,14.1,32.9,23.5,3.1,10.6,30.0,66.0,21.0,12.8
2018-07-07,0.0,13.2,31.0,22.1,2.5,8.3,36.0,66.0,26.0,10.2
2018-07-08,0.0,15.7,33.5,24.6,2.5,8.3,32.0,67.0,19.0,12.3
2018-07-09,0.0,15.8,35.4,25.6,2.8,9.2,27.0,72.0,19.0,12.6
2018-07-10,0.0,16.5,36.4,26.4,3.1,9.4,21.0,56.0,16.0,12.2
2018-07-11,0.0,18.3,37.6,28.0,2.8,11.7,23.0,67.0,15.0,12.4
2018-07-12,0.0,14.3,35.2,24.8,3.3,10.6,31.0,81.0,19.0,12.7
2018-07-13,0.0,18.5,32.5,25.5,3.1,8.1,47.0,88.0,29.0,10.4
2018-07-14,0.0,18.1,38.0,28.0,1.9,8.9,39.0,86.0,9.0,12.1
2018-07-15,0.0,16.6,36.7,26.6,2.8,8.9,24.0,61.0,14.0,10.0
2018-07-16,0.0,14.8,33.1,24.0,2.5,7.8,24.0,68.0,14.0,12.7
2018-07-17,0.0,16.4,35.7,26.0,2.5,11.1,25.0,52.0,13.0,12.7
2018-07-18,0.0,15.3,33.2,24.2,2.5,8.6,31.0,71.0,22.0,11.5
2018-07-19,0.0,15.5,35.5,25.5,2.2,8.3,41.0,78.0,25.0,11.9
2018-07-20,0.0,18.1,36.7,27.4,2.8,8.6,32.0,70.0,15.0,8.8
2018-07-21,0.0,16.7,34.3,25.5,2.8,9.7,29.0,57.0,19.0,12.4
2018-07-22,0.0,15.6,32.2,23.9,2.5,9.7,54.0,84.0,34.0,10.0
2018-07-23,0.0,18.9,36.0,27.4,2.8,8.9,37.0,84.0,19.0,12.3
2018-07-24,0.0,17.0,36.6,26.8,2.5,8.1,28.0,63.0,17.0,12.4
2018-07-25,0.0,17.0,34.7,25.8,3.3,8.1,28.0,70.0,15.0,12.4
2018-07-26,0.0,15.8,36.3,26.0,2.5,9.4,33.0,75.0,17.0,12.3
2018-07-27,0.0,16.6,36.6,26.6,2.2,9.7,32.0,72.0,19.0,12.3
2018-07-28,0.0,16.8,39.6,28.2,2.5,7.8,17.0,65.0,7.0,12.4
2018-07-29,0.0,18.5,39.3,28.9,2.5,8.3,15.0,42.0,4.0,12.3
2018-07-30,0.0,16.5,37.5,27.0,2.8,10.3,23.0,57.0,10.0,12.4
2018-07-31,0.0,17.0,39.0,28.0,2.5,11.4,23.0,65.0,11.0,12.3
2018-08-01,0.0,17.8,36.5,27.2,2.8,9.7,20.0,52.0,12.0,12.2
2018-08-02,0.0,16.2,36.1,26.2,2.2,7.8,28.0,60.0,15.0,12.2
2018-08-03,0.0,18.4,39.2,28.8,2.8,8.6,29.0,64.0,15.0,11.8
2018-08-04,0.0,17.8,36.9,27.4,2.5,7.5,31.0,67.0,17.0,12.2
2018-08-05,0.0,18.9,37.2,28.0,2.8,9.7,27.0,54.0,18.0,10.4
2018-08-06,12.4,20.1,38.3,29.2,1.9,16.1,34.0,88.0,17.0,9.1
2018-08-07,0.0,19.0,35.1,27.0,2.8,11.1,36.0,75.0,16.0,7.5
2018-08-08,0.0,18.5,37.3,27.9,1.4,11.9,46.0,73.0,20.0,8.3
2018-08-09,0.0,17.9,34.9,26.4,1.7,8.6,47.0,88.0,25.0,10.3
2018-08-10,0.0,20.6,32.5,26.6,3.1,8.9,57.0,86.0,36.0,8.3
2018-08-11,0.0,18.9,32.2,25.6,1.9,10.0,56.0,87.0,40.0,8.0
2018-08-12,0.0,16.6,36.0,26.3,1.4,9.7,47.0,78.0,23.0,10.5
2018-08-13,0.0,20.1,35.8,28.0,2.5,8.6,42.0,85.0,19.0,8.5
2018-08-14,0.0,17.3,35.2,26.2,1.7,9.7,42.0,83.0,23.0,10.2
2018-08-15,6.6,16.5,33.9,25.2,3.1,14.7,64.0,87.0,30.0,3.1
2018-08-16,0.0,16.8,31.0,23.9,1.9,8.9,56.0,87.0,33.0,6.5
2018-08-17,0.0,17.9,30.3,24.1,2.5,7.2,56.0,83.0,30.0,7.1
2018-08-18,1.9,19.8,31.2,25.5,1.7,8.3,70.0,88.0,37.0,3.5
2018-08-19,0.4,17.3,27.9,22.6,1.4,6.4,67.0,89.0,51.0,3.0
2018-08-20,0.0,14.8,31.1,23.0,2.5,7.5,42.0,91.0,19.0,11.6
2018-08-21,0.0,14.7,31.7,23.2,1.9,8.3,40.0,85.0,23.0,10.5
2018-08-22,0.0,15.0,32.7,23.8,1.7,6.9,41.0,77.0,20.0,11.2
2018-08-23,0.1,16.2,32.9,24.6,2.2,12.8,47.0,80.0,29.0,6.5
2018-08-24,0.0,15.9,35.7,25.8,1.9,11.1,33.0,71.0,16.0,10.3
2018-08-25,0.0,18.2,34.5,26.4,1.4,6.9,38.0,77.0,22.0,7.9
2018-08-26,0.0,19.6,32.2,25.9,2.2,7.8,56.0,86.0,39.0,9.2
2018-08-27,0.0,19.2,33.0,26.1,2.2,8.3,56.0,88.0,34.0,9.7
2018-08-28,0.0,19.0,35.5,27.2,1.7,8.1,49.0,78.0,20.0,7.0
2018-08-29,10.0,17.0,33.4,25.2,2.2,9.2,42.0,86.0,26.0,10.6
2018-08-30,0.0,17.8,30.5,24.2,1.7,7.8,64.0,92.0,40.0,8.8
2018-08-31,0.0,18.6,31.4,25.0,1.9,7.5,58.0,90.0,36.0,7.7
2018-09-01,0.0,18.5,31.4,25.0,1.9,7.5,57.0,86.0,39.0,10.6
2018-09-02,0.0,15.7,33.1,24.4,1.4,7.5,50.0,89.0,29.0,8.8
2018-09-03,1.1,19.3,32.7,26.0,2.2,7.8,60.0,87.0,33.0,5.8
2018-09-04,0.0,17.7,32.0,24.8,2.5,12.5,60.0,90.0,29.0,7.9
2018-09-05,0.0,17.2,33.6,25.4,1.9,10.8,45.0,87.0,10.0,9.4
2018-09-06,0.0,15.2,31.3,23.2,0.8,6.7,37.0,72.0,21.0,9.7
2018-09-07,1.9,16.2,29.3,22.8,2.2,8.9,57.0,85.0,34.0,7.0
2018-09-08,19.0,14.0,22.3,18.2,1.9,7.2,81.0,91.0,60.0,1.4
2018-09-09,22.8,14.1,23.6,18.8,1.4,5.8,80.0,92.0,63.0,2.6
2018-09-10,27.7,13.5,26.9,20.2,1.9,13.3,73.0,93.0,46.0,8.6
2018-09-11,0.0,15.2,24.1,19.6,1.1,6.4,79.0,93.0,63.0,0.3
2018-09-12,0.0,16.4,28.4,22.4,1.4,8.6,72.0,92.0,48.0,5.5
2018-09-13,0.0,15.9,30.6,23.2,1.4,6.1,60.0,91.0,31.0,8.3
2018-09-14,25.8,18.4,27.4,22.9,1.9,7.2,68.0,91.0,39.0,3.7
2018-09-15,4.0,15.5,21.3,18.4,1.7,6.7,86.0,92.0,72.0,0.4
2018-09-16,0.0,14.9,27.0,21.0,1.9,5.6,69.0,92.0,44.0,8.3
2018-09-17,0.0,16.2,22.4,19.3,0.8,5.0,84.0,91.0,74.0,0.5
2018-09-18,0.0,16.2,27.0,21.6,1.1,8.9,75.0,93.0,55.0,3.4
2018-09-19,0.0,16.1,29.0,22.6,1.7,6.4,61.0,89.0,34.0,8.2
2018-09-20,0.0,16.3,29.4,22.8,1.4,5.8,59.0,90.0,30.0,8.4
2018-09-21,0.0,14.1,31.5,22.8,2.2,5.8,51.0,89.0,24.0,8.9
2018-09-22,0.0,15.8,31.3,23.6,1.1,6.1,57.0,84.0,31.0,8.9
2018-09-23,0.0,15.5,32.6,24.0,1.9,6.1,45.0,82.0,23.0,8.9
2018-09-24,0.0,15.3,32.8,24.0,1.9,7.5,46.0,81.0,25.0,9.0
2018-09-25,6.2,16.2,28.1,22.2,1.9,7.5,67.0,91.0,48.0,8.1
2018-09-26,11.4,16.8,24.5,20.6,2.2,8.6,81.0,91.0,56.0,3.1
2018-09-27,0.0,15.4,22.7,19.0,1.4,5.6,74.0,90.0,57.0,2.7
2018-09-28,0.0,12.0,25.4,18.7,1.7,5.6,60.0,92.0,30.0,8.2
2018-09-29,0.0,11.0,27.0,19.0,1.7,6.1,50.0,89.0,16.0,8.9
2018-09-30,0.0,9.4,27.7,18.6,1.7,5.8,59.0,89.0,25.0,8.1
2018-10-01,0.0,13.2,26.9,20.0,1.7,6.7,59.0,91.0,29.0,7.7
2018-10-02,0.0,9.7,23.1,16.4,1.9,6.1,57.0,91.0,32.0,8.1
2018-10-03,0.0,8.5,25.5,17.0,1.9,6.1,49.0,87.0,23.0,8.2
2018-10-04,0.0,10.8,26.3,18.6,1.7,6.4,55.0,81.0,35.0,8.1
2018-10-05,0.0,10.2,25.4,17.8,1.4,6.4,67.0,92.0,39.0,8.0
2018-10-06,0.0,10.8,27.0,18.9,3.1,8.6,48.0,88.0,29.0,7.5
2018-10-07,0.0,12.3,28.3,20.3,2.2,8.6,56.0,83.0,26.0,8.2
2018-10-08,0.5,13.0,21.2,17.1,1.1,5.8,68.0,88.0,47.0,3.2
2018-10-09,3.2,11.2,15.3,13.2,1.1,6.1,86.0,91.0,78.0,0.5
2018-10-10,0.0,10.1,23.0,16.6,1.1,5.3,74.0,93.0,50.0,6.0
2018-10-11,0.2,11.4,23.5,17.4,1.7,4.7,77.0,91.0,58.0,4.2
2018-10-12,0.0,12.8,26.2,19.5,1.4,6.1,68.0,89.0,46.0,7.6
2018-10-13,0.0,12.8,25.3,19.0,1.9,5.6,74.0,92.0,49.0,7.7
2018-10-14,2.2,12.8,21.8,17.3,4.7,12.5,64.0,87.0,38.0,0.6
2018-10-15,0.6,9.5,21.7,15.6,1.9,13.6,54.0,77.0,30.0,6.4
2018-10-16,0.0,10.3,20.7,15.5,1.9,7.2,64.0,92.0,41.0,5.7
2018-10-17,0.0,8.8,21.7,15.2,2.2,7.8,63.0,91.0,38.0,6.8
2018-10-18,6.0,8.7,19.9,14.3,1.9,8.3,76.0,92.0,51.0,4.1
2018-10-19,0.4,9.0,19.2,14.1,1.4,5.3,73.0,93.0,46.0,3.4
2018-10-20,4.6,9.8,17.2,13.5,1.4,6.1,84.0,91.0,78.0,0.0
2018-10-21,0.2,13.2,20.3,16.8,1.4,6.4,83.0,91.0,67.0,0.1
2018-10-22,0.0,11.4,23.2,17.3,2.5,6.1,67.0,91.0,41.0,6.6
2018-10-23,0.0,12.0,20.9,16.4,0.8,5.6,79.0,92.0,55.0,1.6
2018-10-24,0.0,8.6,23.9,16.2,2.2,7.2,57.0,92.0,22.0,6.6
2018-10-25,0.0,10.4,26.3,18.4,2.8,7.8,41.0,69.0,19.0,6.4
2018-10-26,0.0,7.8,24.7,16.2,2.5,6.9,47.0,78.0,24.0,5.6
2018-10-27,2.8,7.2,19.3,13.2,2.2,16.1,65.0,88.0,45.0,0.3
2018-10-28,0.0,3.3,11.9,7.6,2.5,10.3,56.0,90.0,37.0,4.0
2018-10-29,0.0,0.8,12.4,6.6,2.8,13.9,53.0,77.0,32.0,5.7
2018-10-30,3.4,5.1,11.3,8.2,2.5,10.0,68.0,86.0,53.0,0.0
2018-10-31,0.2,4.4,14.1,9.2,2.5,11.7,70.0,91.0,41.0,3.1
2018-11-01,0.0,1.6,15.5,8.6,1.9,9.2,62.0,92.0,42.0,5.4
2018-11-02,0.0,3.8,19.4,11.6,3.1,14.2,58.0,87.0,42.0,4.5
2018-11-03,0.0,4.4,15.4,9.9,1.7,5.8,64.0,91.0,38.0,6.4
2018-11-04,0.0,3.8,21.1,12.4,2.8,8.1,45.0,79.0,18.0,6.4
2018-11-05,0.2,7.0,12.9,10.0,3.3,11.9,69.0,86.0,41.0,0.0
2018-11-06,0.0,3.1,17.2,10.2,2.5,8.9,53.0,84.0,30.0,6.3
2018-11-07,0.0,2.3,19.3,10.8,1.9,6.9,60.0,88.0,38.0,6.0
2018-11-08,1.6,7.7,18.6,13.2,1.7,6.9,71.0,89.0,48.0,6.1
2018-11-09,0.0,5.7,15.3,10.5,3.3,12.8,52.0,89.0,36.0,5.7
2018-11-10,0.0,5.6,20.3,13.0,2.2,8.9,65.0,88.0,40.0,4.9
2018-11-11,0.0,6.9,20.6,13.8,2.8,6.7,64.0,89.0,45.0,6.0
2018-11-12,0.0,4.7,17.9,11.3,1.9,6.4,74.0,92.0,54.0,4.9
2018-11-13,0.2,6.9,18.2,12.6,1.7,6.4,77.0,93.0,57.0,4.6
2018-11-14,21.0,10.0,15.5,12.8,1.7,6.1,81.0,92.0,71.0,0.0
2018-11-15,7.2,10.2,13.8,12.0,1.4,4.7,90.0,93.0,85.0,0.0
2018-11-16,49.0,11.0,14.2,12.6,1.1,6.1,92.0,93.0,89.0,0.1
2018-11-17,0.0,10.9,14.8,12.8,1.1,4.7,86.0,93.0,69.0,0.0
2018-11-18,34.2,8.6,12.7,10.6,1.4,7.2,89.0,92.0,76.0,0.2
2018-11-19,9.0,9.2,14.0,11.6,0.8,5.6,81.0,93.0,63.0,0.2
2018-11-20,0.8,6.5,13.8,10.2,3.9,13.3,72.0,89.0,54.0,1.1
2018-11-21,0.2,6.3,15.6,11.0,2.8,8.9,76.0,88.0,58.0,2.0
2018-11-22,3.6,7.4,13.0,10.2,1.4,5.6,83.0,92.0,66.0,0.4
2018-11-23,0.4,4.8,13.6,9.2,1.7,4.7,85.0,91.0,73.0,0.4
2018-11-24,0.0,2.1,13.3,7.7,1.4,6.1,69.0,86.0,47.0,4.7
2018-11-25,0.0,3.4,18.1,10.8,2.5,9.2,67.0,87.0,47.0,3.0
2018-11-26,0.0,7.6,13.6,10.6,4.4,17.5,50.0,87.0,37.0,4.7
2018-11-27,0.0,3.6,15.8,9.7,0.8,7.8,62.0,82.0,33.0,4.8
2018-11-28,0.0,2.3,16.2,9.2,1.7,7.5,53.0,71.0,30.0,5.4
2018-11-29,0.0,1.1,17.9,9.5,1.4,7.2,51.0,74.0,20.0,5.6
2018-11-30,0.0,3.4,16.3,9.8,2.8,11.7,59.0,81.0,34.0,3.5
2018-12-01,0.0,1.7,15.8,8.8,2.5,7.8,53.0,81.0,23.0,4.1
2018-12-02,0.0,5.0,17.2,11.1,1.1,6.4,64.0,84.0,41.0,4.4
2018-12-03,0.0,6.8,19.2,13.0,2.2,6.9,62.0,79.0,42.0,5.3
2018-12-04,0.0,7.3,19.7,13.5,2.2,7.2,56.0,78.0,36.0,5.2
2018-12-05,0.0,6.9,22.7,14.8,1.7,7.8,53.0,84.0,32.0,5.2
2018-12-06,0.0,5.6,21.0,13.3,1.7,8.6,56.0,78.0,33.0,5.3
2018-12-07,0.0,4.4,17.9,11.2,2.5,7.5,53.0,82.0,30.0,5.3
2018-12-08,0.0,4.1,16.6,10.4,1.4,7.2,64.0,82.0,45.0,5.1
2018-12-09,0.0,4.8,20.9,12.8,2.8,7.2,53.0,79.0,33.0,5.2
2018-12-10,0.0,3.9,17.4,10.6,1.9,6.4,46.0,78.0,25.0,4.9
2018-12-11,0.0,2.0,14.9,8.4,1.9,6.4,65.0,83.0,45.0,4.7
2018-12-12,0.3,4.9,17.6,11.2,2.5,7.5,67.0,89.0,41.0,4.8
2018-12-13,4.0,4.5,12.1,8.3,3.1,17.2,63.0,85.0,43.0,0.6
2018-12-14,0.0,5.1,11.8,8.4,4.7,18.1,47.0,62.0,41.0,4.7
2018-12-15,0.0,1.5,17.0,9.2,1.9,6.9,64.0,82.0,44.0,4.9
2018-12-16,0.0,4.2,18.6,11.4,3.1,14.7,60.0,92.0,37.0,4.5
2018-12-17,0.0,2.5,12.5,7.5,2.2,6.1,61.0,83.0,30.0,5.1
2018-12-18,0.0,0.7,11.7,6.2,1.1,8.1,77.0,90.0,58.0,4.4
2018-12-19,0.0,3.9,17.2,10.6,2.8,8.9,56.0,80.0,34.0,3.7
2018-12-20,0.0,2.4,12.7,7.6,1.9,6.4,69.0,89.0,51.0,2.8
2018-12-21,0.0,1.2,14.4,7.8,1.9,6.4,71.0,88.0,46.0,5.1
2018-12-22,0.0,2.0,14.6,8.3,1.1,5.6,73.0,91.0,51.0,5.1
2018-12-23,0.0,3.1,16.3,9.7,1.9,6.1,68.0,,49.0,5.1
2018-12-24,0.0,,,,,,,,,
2018-12-25,0.0,,14.6,,,5.6,,,43.0,
2018-12-26,0.0,1.7,13.8,7.8,1.1,6.9,76.0,91.0,55.0,4.0
2018-12-27,0.0,1.4,14.4,7.9,1.1,6.9,71.0,91.0,47.0,4.9
2018-12-28,0.0,0.1,11.1,5.6,1.7,5.8,78.0,91.0,62.0,4.4
2018-12-29,0.8,4.4,11.0,7.7,1.7,5.8,79.0,91.0,65.0,0.1
2018-12-30,0.0,1.2,12.2,6.7,1.7,6.7,74.0,93.0,44.0,5.0
2018-12-31,0.0,0.2,15.2,7.7,1.4,7.8,48.0,74.0,25.0,5.1
2019-01-01,0.0,1.5,17.1,9.3,2.5,7.8,33.0,54.0,17.0,5.1
2019-01-02,0.0,1.6,17.1,9.4,2.2,8.3,43.0,70.0,25.0,5.2
2019-01-03,0.0,-1.0,12.4,5.7,2.5,7.8,66.0,85.0,47.0,4.8
2019-01-04,0.0,-1.4,13.5,6.0,1.7,7.5,60.0,90.0,40.0,5.3
2019-01-05,0.0,-2.2,14.9,6.4,1.1,7.5,46.0,78.0,19.0,5.3
2019-01-06,0.0,1.7,14.8,8.2,2.8,8.3,36.0,58.0,21.0,5.3
2019-01-07,0.0,0.6,14.5,7.6,3.1,8.3,38.0,70.0,21.0,5.3
2019-01-08,0.0,-1.4,13.4,6.0,2.2,6.7,51.0,81.0,31.0,5.3
2019-01-09,0.0,1.0,16.3,8.6,1.7,8.6,41.0,68.0,24.0,5.4
2019-01-10,0.0,-2.5,8.7,3.1,1.9,9.4,54.0,80.0,34.0,5.5
2019-01-11,0.0,-6.0,7.9,1.0,1.9,6.7,48.0,76.0,25.0,5.6
2019-01-12,0.0,-3.6,10.7,3.6,1.4,7.8,45.0,61.0,22.0,5.6
2019-01-13,0.0,-2.6,15.5,6.4,2.5,8.6,44.0,75.0,23.0,5.6
2019-01-14,0.0,1.6,20.9,11.2,1.7,9.4,43.0,74.0,18.0,5.7
2019-01-15,0.0,1.1,16.2,8.6,1.9,6.9,62.0,86.0,36.0,5.5
2019-01-16,0.0,0.1,13.0,6.6,2.2,6.9,65.0,91.0,45.0,5.5
2019-01-17,0.0,1.5,11.4,6.4,1.1,5.0,70.0,88.0,50.0,2.9
2019-01-18,0.0,-1.1,12.2,5.6,2.2,6.4,66.0,88.0,42.0,4.8
2019-01-19,0.0,-1.4,14.1,6.4,1.7,6.9,61.0,85.0,33.0,4.9
2019-01-20,0.0,5.3,11.5,8.4,2.5,15.0,62.0,82.0,47.0,0.9
2019-01-21,0.0,0.7,11.0,5.8,2.5,12.8,47.0,76.0,34.0,4.9
2019-01-22,0.8,0.9,11.4,6.2,2.5,13.1,43.0,68.0,32.0,3.8
2019-01-23,0.0,5.0,15.1,10.0,4.2,17.8,50.0,70.0,34.0,4.5
2019-01-24,0.0,,,,,15.8,,,,
2019-01-25,0.0,,17.6,,,8.6,,,33.0,
2019-01-26,0.0,1.6,16.7,9.2,2.5,7.2,57.0,81.0,37.0,6.0
2019-01-27,0.0,2.6,17.4,10.0,2.8,12.2,47.0,70.0,26.0,5.8
2019-01-28,0.0,0.6,18.5,9.6,2.8,10.6,38.0,76.0,13.0,6.1
2019-01-29,0.0,3.1,16.2,9.6,,13.3,54.0,77.0,33.0,5.0
2019-01-30,0.0,5.0,14.3,9.6,3.1,13.3,44.0,68.0,30.0,4.0
2019-01-31,0.0,7.9,17.1,12.5,4.2,19.4,60.0,79.0,42.0,1.4
2019-02-01,1.0,5.0,15.3,10.2,5.8,19.2,50.0,83.0,32.0,4.8
2019-02-02,0.2,3.5,9.9,6.7,6.4,21.1,51.0,68.0,33.0,5.3
2019-02-03,0.0,2.6,9.2,5.9,4.4,17.5,36.0,49.0,24.0,6.3
2019-02-04,0.0,-2.8,15.8,6.5,1.7,6.1,36.0,68.0,15.0,6.4
2019-02-05,0.0,0.9,18.0,9.4,1.7,8.9,44.0,67.0,25.0,6.3
2019-02-06,0.0,4.3,18.8,11.6,3.1,6.7,54.0,76.0,34.0,6.1
2019-02-07,0.0,4.0,19.1,11.6,1.7,7.2,42.0,69.0,26.0,6.0
2019-02-08,0.0,2.5,17.9,10.2,3.1,7.8,57.0,80.0,34.0,6.3
2019-02-09,0.0,1.1,17.9,9.5,2.2,8.1,46.0,79.0,29.0,6.4
2019-02-10,0.0,2.8,17.8,10.3,2.5,8.1,48.0,68.0,30.0,4.8
2019-02-11,0.0,6.5,16.7,11.6,3.6,7.5,64.0,87.0,40.0,1.9
2019-02-12,0.0,4.5,14.3,9.4,1.4,6.4,70.0,90.0,47.0,2.6
2019-02-13,0.0,-1.4,14.4,6.5,1.9,5.8,67.0,91.0,45.0,6.6
2019-02-14,0.0,2.5,13.0,7.8,1.7,5.8,68.0,91.0,52.0,3.9
2019-02-15,0.0,3.3,13.6,8.4,1.7,5.6,72.0,91.0,54.0,3.5
2019-02-16,0.0,1.7,13.8,7.8,1.4,6.1,67.0,92.0,41.0,5.7
2019-02-17,0.0,-1.0,12.7,5.8,1.7,5.8,71.0,91.0,51.0,5.4
2019-02-18,0.0,-0.6,13.1,6.2,1.4,5.8,73.0,92.0,56.0,4.6
2019-02-19,0.0,-0.7,14.4,6.8,1.9,6.4,58.0,91.0,32.0,5.7
2019-02-20,0.0,2.0,15.1,8.6,1.9,5.8,56.0,87.0,28.0,5.9
2019-02-21,0.0,1.0,14.8,7.9,1.9,5.6,67.0,91.0,47.0,4.5
2019-02-22,0.0,-0.7,20.4,9.8,2.2,7.5,31.0,83.0,13.0,7.1
2019-02-23,0.0,4.1,23.1,13.6,2.8,8.6,27.0,45.0,13.0,7.1
2019-02-24,0.0,1.9,17.9,9.9,1.9,6.1,42.0,80.0,26.0,7.5
2019-02-25,0.0,0.4,18.2,9.3,2.2,5.6,50.0,89.0,25.0,7.5
2019-02-26,0.0,0.2,19.0,9.6,1.9,8.6,41.0,78.0,19.0,7.7
2019-02-27,0.0,2.8,21.3,12.0,2.8,7.8,27.0,59.0,11.0,7.5
2019-02-28,0.0,5.5,23.8,14.6,2.5,8.3,28.0,45.0,12.0,7.6
2019-03-01,0.0,5.7,22.0,13.8,2.2,7.5,36.0,57.0,20.0,6.7
2019-03-02,0.0,7.4,21.6,14.5,1.9,8.1,38.0,64.0,21.0,8.0
2019-03-03,0.0,6.3,25.5,15.9,3.6,8.3,32.0,59.0,14.0,7.8
2019-03-04,0.0,6.0,23.8,14.9,2.5,7.5,38.0,64.0,20.0,7.5
2019-03-05,0.0,7.0,21.6,14.3,2.5,8.3,47.0,74.0,29.0,3.2
2019-03-06,0.0,9.1,21.9,15.5,5.6,20.6,44.0,67.0,16.0,3.9
2019-03-07,0.0,3.3,17.2,10.2,1.7,15.0,40.0,67.0,24.0,7.0
2019-03-08,0.0,2.0,16.7,9.4,2.2,8.1,48.0,72.0,33.0,4.7
2019-03-09,0.0,2.9,20.1,11.5,1.9,7.2,44.0,76.0,20.0,7.9
2019-03-10,0.0,5.9,24.2,15.0,2.8,8.9,38.0,61.0,21.0,8.1
2019-03-11,0.0,6.9,21.2,14.0,2.2,8.1,52.0,79.0,33.0,8.0
2019-03-12,0.0,4.6,23.8,14.2,,7.8,53.0,88.0,29.0,8.3
2019-03-13,0.0,6.4,20.3,13.4,2.2,8.9,40.0,66.0,25.0,6.5
2019-03-14,0.0,4.8,19.5,12.2,2.2,8.3,28.0,53.0,17.0,8.5
2019-03-15,0.0,3.3,24.0,13.6,1.4,7.2,29.0,58.0,14.0,8.4
2019-03-16,0.0,5.6,26.4,16.0,2.8,8.3,24.0,55.0,9.0,8.6
2019-03-17,0.0,6.2,25.1,15.6,1.9,10.6,24.0,48.0,12.0,8.8
2019-03-18,0.0,5.0,14.7,9.8,1.4,6.7,80.0,87.0,40.0,0.8
2019-03-19,0.0,5.9,15.0,10.4,2.2,11.4,57.0,85.0,29.0,4.1
2019-03-20,0.0,2.8,14.3,8.6,1.9,7.8,61.0,89.0,39.0,6.4
2019-03-21,0.0,-0.9,15.4,7.2,2.8,9.4,47.0,88.0,24.0,7.3
2019-03-22,0.0,-0.3,17.4,8.6,1.9,8.3,51.0,82.0,29.0,7.7
2019-03-23,0.0,5.0,13.2,9.1,1.7,5.8,54.0,86.0,42.0,0.3
2019-03-24,0.0,2.3,18.4,10.4,1.4,7.2,58.0,92.0,33.0,7.5
2019-03-25,0.0,3.0,20.8,11.9,2.5,7.5,38.0,76.0,22.0,8.3
2019-03-26,0.0,2.0,18.7,10.4,2.8,10.6,54.0,83.0,29.0,7.5
2019-03-27,0.0,0.2,16.7,8.4,2.2,8.6,49.0,86.0,24.0,8.8
2019-03-28,0.0,-1.2,17.0,7.9,3.3,11.4,30.0,74.0,15.0,8.8
2019-03-29,0.0,-0.7,15.7,7.5,3.1,8.3,56.0,81.0,39.0,5.4
2019-03-30,4.6,3.0,17.0,10.0,2.5,7.5,57.0,89.0,41.0,4.8
2019-03-31,4.4,6.5,10.6,8.6,2.5,7.8,87.0,92.0,76.0,0.0
2019-04-01,11.8,9.3,18.6,14.0,1.4,7.5,78.0,93.0,48.0,5.1
2019-04-02,0.4,6.5,18.7,12.6,1.1,6.1,73.0,92.0,44.0,4.8
2019-04-03,0.2,6.0,22.7,14.4,3.9,11.1,42.0,86.0,15.0,9.3
2019-04-04,0.0,2.3,17.2,9.8,2.2,9.7,55.0,82.0,26.0,7.4
2019-04-05,2.6,5.2,16.7,11.0,3.1,13.9,73.0,85.0,36.0,4.0
2019-04-06,0.6,2.0,15.3,8.6,3.6,15.3,47.0,86.0,32.0,6.2
2019-04-07,0.0,4.9,16.3,10.6,2.8,13.3,52.0,87.0,32.0,5.6
2019-04-08,0.0,9.1,19.0,14.0,2.2,10.0,53.0,83.0,38.0,1.4
2019-04-09,0.0,4.8,18.0,11.4,3.1,11.9,45.0,84.0,26.0,8.5
2019-04-10,1.6,4.7,16.8,10.8,3.1,11.1,57.0,83.0,28.0,7.7
2019-04-11,0.0,5.1,19.5,12.3,3.1,8.6,35.0,76.0,22.0,9.8
2019-04-12,0.0,6.0,21.5,13.8,2.5,8.6,34.0,64.0,15.0,10.8
2019-04-13,0.0,8.4,24.0,16.2,2.8,8.3,29.0,51.0,15.0,11.1
2019-04-14,0.0,8.9,27.3,18.1,1.4,8.1,31.0,67.0,17.0,10.2
2019-04-15,0.0,9.3,25.5,17.4,3.1,7.2,48.0,87.0,28.0,9.3
2019-04-16,0.0,8.7,25.0,16.8,2.2,10.6,46.0,88.0,23.0,10.9
2019-04-17,0.0,9.5,20.5,15.0,2.2,7.2,63.0,89.0,46.0,5.9
2019-04-18,12.0,8.0,14.3,11.2,1.7,10.3,86.0,92.0,61.0,2.6
2019-04-19,44.0,8.4,12.4,10.4,1.4,5.8,89.0,93.0,77.0,0.0
2019-04-20,35.6,8.7,10.5,9.6,3.6,11.7,90.0,93.0,86.0,0.0
2019-04-21,6.8,8.2,12.0,10.1,2.8,12.8,79.0,87.0,71.0,0.1
2019-04-22,0.0,8.2,16.5,12.4,1.9,9.4,62.0,85.0,48.0,1.8
2019-04-23,0.2,7.1,16.6,11.8,3.6,12.2,60.0,84.0,35.0,1.8
2019-04-24,0.0,2.7,19.9,11.3,4.2,11.1,50.0,89.0,34.0,11.5
2019-04-25,0.2,7.5,21.1,14.3,4.7,13.3,48.0,80.0,32.0,6.0
2019-04-26,0.0,3.6,20.6,12.1,2.2,7.8,42.0,85.0,27.0,11.0
2019-04-27,0.0,4.8,21.9,13.4,2.5,6.1,44.0,83.0,25.0,11.6
2019-04-28,0.0,6.4,23.3,14.8,2.8,7.2,45.0,87.0,31.0,11.5
2019-04-29,0.0,6.3,23.0,14.6,1.9,5.8,53.0,88.0,33.0,10.8
2019-04-30,0.0,9.2,24.0,16.6,1.9,6.1,65.0,91.0,39.0,6.9
2019-05-01,0.0,10.9,23.7,17.3,1.9,6.1,65.0,91.0,46.0,4.3
2019-05-02,0.0,8.1,22.1,15.1,2.5,8.3,42.0,89.0,28.0,10.1
2019-05-03,1.6,6.0,22.7,14.4,1.9,7.2,55.0,88.0,26.0,8.3
2019-05-04,0.0,6.1,21.9,14.0,1.7,6.4,44.0,92.0,19.0,12.0
2019-05-05,0.0,9.7,23.6,16.6,1.9,6.4,41.0,86.0,31.0,8.7
2019-05-06,0.0,10.1,26.4,18.2,2.2,6.7,50.0,88.0,33.0,10.1
2019-05-07,0.0,8.9,26.9,17.9,2.5,6.4,40.0,76.0,26.0,11.9
2019-05-08,0.0,11.8,28.3,20.0,3.6,12.2,40.0,65.0,23.0,7.8
2019-05-09,0.0,14.8,26.7,20.8,1.4,8.6,47.0,71.0,36.0,6.9
2019-05-10,0.0,11.5,29.3,20.4,1.9,6.4,44.0,86.0,30.0,10.6
2019-05-11,0.0,11.0,29.5,20.2,1.7,7.5,46.0,87.0,27.0,10.9
2019-05-12,0.0,11.5,25.4,18.4,2.2,6.7,53.0,88.0,43.0,11.6
2019-05-13,0.0,8.8,24.3,16.6,1.9,7.2,52.0,90.0,39.0,12.2
2019-05-14,0.0,7.3,26.4,16.8,2.8,8.1,35.0,88.0,20.0,12.3
2019-05-15,0.0,10.4,33.5,22.0,1.7,9.2,30.0,78.0,10.0,12.3
2019-05-16,0.0,13.6,27.1,20.4,1.9,7.2,53.0,85.0,32.0,9.6
2019-05-17,0.0,11.9,22.2,17.0,3.6,11.4,28.0,48.0,17.0,9.4
2019-05-18,0.0,9.0,22.3,15.6,1.7,11.4,30.0,63.0,20.0,7.0
2019-05-19,0.0,10.8,23.0,16.9,1.9,8.3,28.0,51.0,18.0,7.9
2019-05-20,0.0,9.4,26.9,18.2,1.9,8.3,27.0,54.0,14.0,8.6
2019-05-21,0.0,9.9,24.4,17.2,1.9,8.9,47.0,80.0,27.0,5.3
2019-05-22,0.0,9.0,26.5,17.8,1.7,7.5,42.0,84.0,26.0,9.2
2019-05-23,0.0,11.8,29.2,20.5,2.8,7.8,29.0,62.0,20.0,9.8
2019-05-24,4.0,9.3,24.2,16.8,2.8,10.3,54.0,83.0,29.0,3.7
2019-05-25,0.0,8.7,23.4,16.0,2.5,10.3,44.0,88.0,33.0,9.6
2019-05-26,0.0,9.7,26.7,18.2,2.8,6.9,45.0,81.0,30.0,8.1
2019-05-27,0.0,9.5,30.2,19.8,2.8,7.2,37.0,86.0,20.0,9.8
2019-05-28,0.0,11.7,29.3,20.5,2.8,8.3,46.0,89.0,27.0,11.9
2019-05-29,0.0,9.8,25.8,17.8,2.5,9.7,48.0,89.0,17.0,10.0
2019-05-30,0.0,7.8,25.5,16.6,2.2,8.1,39.0,83.0,28.0,12.8
2019-05-31,0.0,8.5,26.7,17.6,2.5,8.6,38.0,87.0,24.0,12.8
2019-06-01,0.0,8.4,27.8,18.1,2.2,8.3,29.0,85.0,16.0,12.8
2019-06-02,0.0,8.7,29.9,19.3,1.9,7.2,28.0,69.0,16.0,12.8
2019-06-03,0.0,10.7,31.5,21.1,1.9,7.2,28.0,68.0,16.0,11.0
2019-06-04,0.0,12.0,31.6,21.8,1.9,7.2,28.0,60.0,19.0,12.7
2019-06-05,0.0,13.4,26.4,19.9,3.3,11.7,24.0,65.0,12.0,10.3
2019-06-06,0.0,8.3,28.7,18.5,2.5,11.9,28.0,57.0,13.0,12.7
2019-06-07,0.0,9.2,29.1,19.2,2.2,8.6,31.0,75.0,22.0,12.6
2019-06-08,0.0,10.5,26.6,18.6,2.8,9.4,43.0,72.0,28.0,12.2
2019-06-09,0.0,15.5,28.8,22.2,1.7,7.5,46.0,73.0,27.0,7.1
2019-06-10,0.0,14.2,31.4,22.8,2.2,10.0,22.0,51.0,8.0,11.7
2019-06-11,0.0,13.2,31.7,22.4,4.4,10.8,36.0,85.0,14.0,8.6
2019-06-12,0.0,11.1,25.2,18.2,2.5,10.6,51.0,85.0,30.0,8.3
2019-06-13,4.6,14.3,25.9,20.1,2.5,7.5,53.0,83.0,36.0,9.0
2019-06-14,0.0,15.1,30.9,23.0,2.8,12.8,41.0,90.0,11.0,10.4
2019-06-15,0.0,9.1,28.7,18.9,2.5,7.8,28.0,73.0,19.0,12.5
2019-06-16,0.0,10.2,25.7,18.0,1.9,6.4,41.0,74.0,25.0,6.7
2019-06-17,0.0,9.7,31.8,20.8,2.2,8.9,27.0,74.0,16.0,12.7
2019-06-18,0.0,10.5,33.2,21.8,1.9,8.1,24.0,62.0,14.0,12.7
2019-06-19,0.0,15.0,33.2,24.1,2.5,8.3,25.0,63.0,18.0,12.7
2019-06-20,0.0,12.7,33.4,23.0,3.3,10.8,31.0,80.0,17.0,12.6
2019-06-21,0.0,13.9,31.5,22.7,2.2,7.8,40.0,85.0,25.0,10.6
2019-06-22,0.0,14.6,30.9,22.8,1.9,9.2,45.0,88.0,30.0,12.0
2019-06-23,0.0,13.3,32.9,23.1,2.5,8.9,26.0,78.0,17.0,12.6
2019-06-24,0.0,12.3,33.4,22.8,2.2,7.5,31.0,68.0,19.0,12.5
2019-06-25,0.0,15.6,35.0,25.3,1.9,8.1,43.0,86.0,28.0,12.5
2019-06-26,0.0,14.9,33.2,24.0,2.2,9.2,55.0,90.0,32.0,8.1
2019-06-27,0.0,17.2,34.0,25.6,2.5,8.1,39.0,82.0,26.0,11.1
2019-06-28,0.0,15.9,35.7,25.8,2.8,8.3,26.0,68.0,15.0,12.1
2019-06-29,0.0,14.8,36.7,25.8,2.2,8.1,19.0,55.0,13.0,12.4
2019-06-30,0.0,15.1,37.2,26.2,2.8,9.2,17.0,46.0,7.0,12.3
2019-07-01,0.0,15.9,36.2,26.0,2.2,8.6,35.0,77.0,18.0,10.1
2019-07-02,0.0,16.0,31.3,23.6,2.8,8.6,58.0,87.0,39.0,5.9
2019-07-03,0.0,13.2,32.0,22.6,2.8,9.2,34.0,73.0,24.0,12.6
2019-07-04,0.0,14.2,31.5,22.8,2.8,9.2,34.0,74.0,25.0,12.0
2019-07-05,0.0,14.3,34.2,24.2,2.2,8.3,46.0,86.0,27.0,12.2
2019-07-06,0.0,18.4,38.9,28.6,,13.3,28.0,78.0,12.0,6.2
2019-07-07,1.0,22.5,39.2,30.8,,12.5,22.0,73.0,14.0,9.3
2019-07-08,0.0,18.0,31.4,24.7,3.1,8.6,47.0,85.0,33.0,7.8
2019-07-09,0.0,15.7,33.3,24.5,1.9,9.7,25.0,70.0,13.0,12.7
2019-07-10,0.0,14.6,33.1,23.8,2.8,8.9,33.0,68.0,21.0,12.7
2019-07-11,0.0,16.7,36.5,26.6,2.5,7.8,31.0,69.0,17.0,12.4
2019-07-12,0.0,17.7,39.1,28.4,1.4,7.2,26.0,62.0,15.0,8.0
2019-07-13,0.0,19.6,38.2,28.9,2.5,8.6,30.0,70.0,13.0,11.0
2019-07-14,0.0,16.0,35.7,25.8,2.2,8.6,28.0,75.0,15.0,12.6
2019-07-15,0.0,19.3,38.0,28.6,1.9,8.3,26.0,75.0,13.0,10.1
2019-07-16,0.0,18.7,32.9,25.8,2.5,11.1,51.0,85.0,31.0,11.5
2019-07-17,0.0,15.9,34.6,25.2,2.8,10.8,40.0,84.0,19.0,10.7
2019-07-18,0.0,16.4,33.9,25.2,3.1,8.3,37.0,73.0,22.0,12.3
2019-07-19,0.0,14.9,34.2,24.6,2.2,9.2,35.0,73.0,17.0,12.5
2019-07-20,0.0,16.8,35.4,26.1,2.2,8.6,37.0,63.0,20.0,11.5
2019-07-21,0.0,16.1,34.3,25.2,2.2,8.9,32.0,62.0,18.0,11.7
2019-07-22,0.0,16.2,34.1,25.2,2.5,8.9,30.0,66.0,14.0,11.9
2019-07-23,0.0,15.7,35.9,25.8,2.2,10.3,23.0,57.0,13.0,11.7
2019-07-24,0.0,15.8,37.2,26.5,3.1,10.0,25.0,52.0,12.0,12.1
2019-07-25,0.0,16.3,36.9,26.6,2.5,9.7,26.0,59.0,16.0,11.9
2019-07-26,0.0,17.9,38.2,28.0,3.6,12.8,25.0,64.0,10.0,10.6
2019-07-27,0.0,16.8,33.4,25.1,3.3,13.3,26.0,48.0,12.0,11.2
2019-07-28,0.0,18.1,33.8,26.0,3.3,9.2,34.0,60.0,21.0,11.7
2019-07-29,0.0,15.8,34.6,25.2,2.2,8.6,33.0,69.0,22.0,11.9
2019-07-30,0.0,16.9,36.3,26.6,2.5,10.8,31.0,80.0,13.0,12.4
2019-07-31,0.0,18.3,28.7,23.5,2.8,8.6,54.0,85.0,32.0,8.2
2019-08-01,0.2,14.7,35.0,24.8,2.2,6.7,36.0,72.0,22.0,11.6
2019-08-02,0.0,17.3,34.6,26.0,2.8,7.8,38.0,82.0,25.0,12.0
2019-08-03,0.0,18.6,34.2,26.4,1.7,9.2,48.0,89.0,32.0,11.2
2019-08-04,0.0,18.8,36.8,27.8,2.5,9.2,38.0,84.0,18.0,11.4
2019-08-05,0.0,18.9,36.3,27.6,2.2,9.2,40.0,82.0,25.0,11.2
2019-08-06,0.0,18.3,39.0,28.6,3.1,10.8,26.0,79.0,13.0,11.9
2019-08-07,0.0,17.7,38.9,28.3,2.8,8.3,16.0,50.0,7.0,8.2
2019-08-08,0.0,18.2,37.9,28.0,1.4,9.2,23.0,51.0,13.0,11.7
2019-08-09,0.0,17.7,40.9,29.3,3.1,8.1,14.0,42.0,5.0,11.9
2019-08-10,0.0,18.8,39.2,29.0,1.9,8.9,29.0,54.0,12.0,11.5
2019-08-11,0.0,19.0,35.5,27.2,1.9,7.2,42.0,75.0,26.0,8.2
2019-08-12,0.0,15.4,33.5,24.4,2.2,8.9,35.0,78.0,12.0,10.6
2019-08-13,0.0,18.7,29.7,24.2,2.8,9.7,55.0,81.0,40.0,5.4
2019-08-14,0.0,16.0,33.6,24.8,2.8,7.5,49.0,89.0,31.0,9.6
2019-08-15,0.0,16.6,35.2,25.9,2.5,8.9,35.0,73.0,18.0,11.3
2019-08-16,0.0,15.4,35.5,25.4,2.5,9.2,35.0,71.0,20.0,11.4
2019-08-17,0.0,17.5,39.1,28.3,2.8,10.0,31.0,66.0,15.0,11.5
2019-08-18,0.0,18.7,38.6,28.6,3.3,8.3,22.0,47.0,13.0,10.3
2019-08-19,0.0,18.9,36.6,27.8,3.1,10.6,32.0,84.0,14.0,10.7
2019-08-20,,,33.0,,,10.0,,,30.0,
2019-08-21,,,24.1,,,6.9,,,55.0,
2019-08-22,,15.6,29.3,22.4,2.2,6.9,61.0,92.0,34.0,10.9
2019-08-23,0.0,,,,2.5,,46.0,,,
2019-08-24,0.0,13.1,31.2,22.2,1.9,6.9,45.0,87.0,21.0,
2019-08-25,0.0,15.4,29.8,22.6,1.9,8.6,52.0,90.0,25.0,
2019-08-26,0.0,16.1,27.5,21.8,2.8,8.6,71.0,91.0,50.0,3.8
2019-08-27,0.4,14.8,28.3,21.6,1.7,7.5,70.0,87.0,38.0,5.8
2019-08-28,0.0,15.0,31.6,23.3,2.2,6.4,48.0,87.0,26.0,8.6
2019-08-29,0.0,15.6,32.0,23.8,2.2,8.9,51.0,87.0,31.0,8.2
2019-08-30,0.0,15.9,33.3,24.6,1.7,6.7,49.0,83.0,23.0,8.3
2019-08-31,0.0,16.5,33.4,25.0,2.5,7.5,42.0,78.0,20.0,9.2
2019-09-01,0.0,16.8,32.5,24.6,2.2,7.2,47.0,81.0,30.0,6.4
2019-09-02,0.0,16.7,30.0,23.4,1.7,6.7,65.0,88.0,39.0,4.2
2019-09-03,0.0,17.5,31.2,24.4,1.9,7.8,58.0,90.0,34.0,8.6
2019-09-04,0.0,16.8,31.1,24.0,1.7,7.8,55.0,89.0,38.0,7.8
2019-09-05,0.0,17.6,28.4,23.0,1.7,6.7,66.0,88.0,44.0,2.0
2019-09-06,0.6,17.9,29.1,23.5,1.9,7.2,57.0,85.0,35.0,6.2
2019-09-07,0.0,17.7,27.5,22.6,2.8,8.1,64.0,87.0,41.0,4.6
2019-09-08,0.0,13.1,26.2,19.6,1.4,6.1,60.0,90.0,37.0,7.3
2019-09-09,0.0,13.3,30.6,22.0,2.2,9.7,55.0,88.0,27.0,6.1
2019-09-10,0.0,14.2,25.1,19.6,2.2,12.2,37.0,74.0,15.0,7.1
2019-09-11,18.4,13.4,19.5,16.4,3.1,12.8,71.0,89.0,47.0,1.4
2019-09-12,,13.2,17.1,15.2,3.3,14.4,87.0,92.0,77.0,0.0
2019-09-13,,,21.6,,,11.4,,89.0,71.0,
2019-09-14,0.0,14.3,20.2,17.2,2.2,7.2,80.0,92.0,68.0,1.7
2019-09-15,0.0,18.1,26.0,22.0,2.2,6.7,76.0,90.0,57.0,3.8
2019-09-16,0.0,15.9,27.5,21.7,0.8,5.6,72.0,92.0,47.0,6.5
2019-09-17,0.0,16.5,26.7,21.6,1.4,5.0,76.0,91.0,53.0,4.1
2019-09-18,2.0,14.0,28.1,21.0,1.7,5.8,68.0,90.0,42.0,7.8
2019-09-19,0.0,14.5,27.2,20.8,1.9,7.5,67.0,91.0,39.0,7.8
2019-09-20,1.4,16.4,23.0,19.7,1.4,6.9,78.0,91.0,67.0,1.1
2019-09-21,0.0,15.1,25.2,20.2,1.1,4.7,77.0,92.0,55.0,4.6
2019-09-22,0.0,14.6,28.1,21.4,1.9,5.3,66.0,89.0,38.0,6.6
2019-09-23,0.0,11.6,26.0,18.8,1.7,5.8,65.0,91.0,41.0,7.7
2019-09-24,0.0,12.4,30.0,21.2,2.2,6.7,47.0,83.0,25.0,8.3
2019-09-25,0.0,12.7,29.1,20.9,1.7,6.4,52.0,87.0,32.0,8.4
2019-09-26,0.0,13.2,27.2,20.2,2.2,6.1,63.0,87.0,41.0,8.1
2019-09-27,0.0,13.6,29.6,21.6,1.9,6.1,53.0,91.0,27.0,8.1
2019-09-28,0.0,13.2,28.5,20.8,2.2,6.9,57.0,90.0,30.0,7.7
2019-09-29,0.0,12.8,29.8,21.3,1.7,7.2,60.0,91.0,29.0,7.8
2019-09-30,0.0,13.2,30.9,22.0,2.8,7.2,46.0,75.0,21.0,7.4
2019-10-01,0.0,13.1,31.3,22.2,2.2,7.5,33.0,71.0,14.0,6.2
2019-10-02,0.0,11.8,28.5,20.2,0.8,6.9,47.0,83.0,16.0,6.4
2019-10-03,0.2,10.1,27.4,18.8,2.2,6.4,42.0,73.0,22.0,7.2
2019-10-04,0.0,11.3,29.3,20.3,2.8,7.8,39.0,65.0,19.0,7.8
2019-10-05,0.0,12.0,29.2,20.6,3.1,7.5,44.0,77.0,23.0,7.6
2019-10-06,0.0,12.3,29.6,21.0,2.5,7.5,48.0,77.0,25.0,7.5
2019-10-07,0.0,13.4,30.8,22.1,1.7,9.2,48.0,89.0,20.0,7.3
2019-10-08,0.0,13.4,27.4,20.4,2.2,6.4,69.0,91.0,45.0,6.7
2019-10-09,0.0,12.6,27.6,20.1,1.4,6.1,70.0,92.0,44.0,7.6
2019-10-10,0.0,15.4,24.5,20.0,1.4,6.1,68.0,91.0,52.0,4.3
2019-10-11,0.0,13.6,25.2,19.4,1.4,5.3,70.0,90.0,47.0,6.8
2019-10-12,0.0,11.3,22.9,17.1,0.8,3.9,78.0,91.0,62.0,3.6
2019-10-13,0.0,14.5,27.5,21.0,1.9,8.1,68.0,92.0,44.0,6.6
2019-10-14,0.0,10.9,25.9,18.4,2.8,9.7,65.0,91.0,33.0,2.5
2019-10-15,0.0,6.6,20.6,13.6,1.9,8.6,47.0,79.0,25.0,6.7
2019-10-16,0.0,6.1,22.6,14.4,2.5,6.4,50.0,75.0,27.0,6.9
2019-10-17,0.0,8.2,24.4,16.3,2.8,7.8,35.0,63.0,18.0,6.7
2019-10-18,0.0,11.4,25.5,18.4,2.5,7.2,48.0,71.0,29.0,5.3
2019-10-19,0.4,9.9,26.7,18.3,3.1,10.8,53.0,86.0,30.0,6.6
2019-10-20,0.2,7.7,17.9,12.8,2.8,9.2,58.0,79.0,35.0,0.1
2019-10-21,14.0,5.4,17.9,11.6,1.7,6.7,64.0,81.0,44.0,6.0
2019-10-22,17.2,6.2,11.1,8.6,1.1,5.6,88.0,91.0,75.0,0.0
2019-10-23,0.0,4.8,16.2,10.5,2.8,10.3,67.0,92.0,42.0,5.1
2019-10-24,0.0,8.4,19.0,13.7,0.8,8.1,62.0,84.0,33.0,3.8
2019-10-25,0.0,6.8,22.6,14.7,2.2,6.9,66.0,91.0,38.0,6.4
2019-10-26,0.0,7.6,22.9,15.2,1.9,6.1,67.0,91.0,42.0,6.3
2019-10-27,0.0,7.8,20.4,14.1,1.4,5.8,79.0,91.0,58.0,5.3
2019-10-28,0.0,9.2,19.9,14.6,0.8,5.8,78.0,91.0,64.0,1.9
2019-10-29,0.0,10.7,22.5,16.6,2.5,6.1,62.0,87.0,41.0,5.8
2019-10-30,0.0,9.6,23.4,16.5,1.9,6.9,63.0,90.0,39.0,5.6
2019-10-31,0.0,13.2,24.8,19.0,1.4,8.1,61.0,85.0,39.0,4.5
2019-11-01,0.0,12.2,25.9,19.0,2.5,10.3,55.0,87.0,38.0,5.2
2019-11-02,0.6,12.8,22.5,17.6,2.8,14.2,54.0,87.0,35.0,3.2
2019-11-03,0.0,12.0,22.3,17.2,4.4,17.5,50.0,71.0,37.0,5.2
2019-11-04,0.0,11.3,23.1,17.2,3.1,11.4,53.0,82.0,32.0,4.9
2019-11-05,0.0,8.4,17.2,12.8,3.1,11.4,47.0,76.0,32.0,4.4
2019-11-06,0.0,6.8,18.2,12.5,1.7,8.9,55.0,72.0,29.0,4.9
2019-11-07,0.0,6.2,18.8,12.5,1.9,12.5,62.0,76.0,33.0,4.2
2019-11-08,0.0,4.2,14.4,9.3,2.2,15.0,42.0,71.0,27.0,4.5
2019-11-09,0.4,2.7,19.0,10.8,1.9,9.7,43.0,74.0,16.0,3.2
2019-11-10,0.0,7.1,12.9,10.0,4.2,16.1,50.0,72.0,32.0,4.6
2019-11-11,0.0,7.1,15.0,11.0,3.3,13.9,43.0,59.0,33.0,2.2
2019-11-12,0.0,3.8,16.6,10.2,2.2,10.6,42.0,74.0,26.0,4.9
2019-11-13,0.0,9.3,19.8,14.6,3.3,15.0,55.0,76.0,38.0,4.4
2019-11-14,0.0,8.0,15.8,11.9,5.8,19.2,48.0,82.0,38.0,2.0
2019-11-15,0.0,3.2,11.4,7.3,2.5,15.3,53.0,73.0,34.0,
2019-11-16,0.0,0.9,12.3,6.6,2.8,9.2,48.0,74.0,32.0,5.2
2019-11-17,6.0,-0.3,14.4,7.0,3.3,11.4,63.0,88.0,32.0,3.5
2019-11-18,0.0,3.1,12.9,8.0,2.8,11.1,56.0,90.0,39.0,4.8
2019-11-19,0.0,1.2,13.4,7.3,3.3,7.5,57.0,81.0,34.0,5.2
2019-11-20,0.4,-0.4,13.7,6.6,2.2,8.1,71.0,88.0,38.0,4.6
2019-11-21,0.6,3.6,15.0,9.3,1.7,7.2,74.0,90.0,57.0,0.0
2019-11-22,12.6,6.5,14.4,10.4,3.1,13.6,82.0,91.0,49.0,0.2
2019-11-23,0.0,6.8,14.1,10.4,4.2,21.1,47.0,84.0,34.0,4.9
2019-11-24,0.0,4.1,14.9,9.5,2.2,10.3,50.0,74.0,30.0,5.0
2019-11-25,0.0,4.9,19.2,12.0,3.6,13.3,62.0,85.0,47.0,3.3
2019-11-26,0.0,7.6,19.6,13.6,1.9,7.8,69.0,85.0,46.0,3.9
2019-11-27,0.0,7.6,19.3,13.4,2.2,9.7,60.0,83.0,34.0,4.6
2019-11-28,0.0,5.8,18.5,12.2,2.2,7.8,65.0,88.0,46.0,4.4
2019-11-29,0.0,4.7,19.6,12.2,1.4,6.1,70.0,88.0,46.0,4.6
2019-11-30,0.0,5.6,19.2,12.4,1.1,4.7,73.0,91.0,52.0,4.8
2019-12-01,7.4,7.5,15.7,11.6,2.2,8.9,68.0,89.0,50.0,3.9
2019-12-02,33.8,8.0,9.5,8.8,1.9,6.7,90.0,92.0,88.0,0.0
2019-12-03,11.2,6.2,8.7,7.4,3.1,10.0,89.0,92.0,81.0,0.0
2019-12-04,1.0,7.2,10.6,8.9,1.4,8.6,79.0,91.0,66.0,0.0
2019-12-05,1.0,7.1,11.8,9.4,0.8,4.7,79.0,90.0,67.0,0.9
2019-12-06,0.0,6.1,11.6,8.8,1.1,5.0,83.0,91.0,72.0,
2019-12-07,0.0,3.6,13.9,8.8,1.4,5.8,77.0,92.0,61.0,4.5
2019-12-08,0.0,4.4,17.4,10.9,2.5,7.2,66.0,85.0,40.0,4.7
2019-12-09,0.0,5.5,19.1,12.3,2.2,8.1,45.0,88.0,16.0,3.6
2019-12-10,0.0,2.0,17.2,9.6,1.4,7.8,51.0,74.0,25.0,4.6
2019-12-11,0.0,5.1,19.8,12.4,3.3,11.1,43.0,63.0,16.0,3.6
2019-12-12,0.0,,13.2,,,12.5,,,36.0,3.6
2019-12-13,0.0,,17.3,,,15.0,,,38.0,
2019-12-14,0.0,3.6,16.1,9.8,1.7,8.6,68.0,90.0,48.0,4.5
2019-12-15,0.0,2.6,13.5,8.0,2.2,6.4,67.0,90.0,47.0,4.1
2019-12-16,0.0,3.8,11.1,7.4,1.1,3.3,84.0,89.0,70.0,1.4
2019-12-17,0.0,4.6,13.5,9.0,1.1,6.1,76.0,88.0,57.0,2.0
2019-12-18,0.0,1.3,13.2,7.2,1.9,5.6,58.0,89.0,35.0,3.7
2019-12-19,0.0,2.9,16.6,9.8,3.3,13.3,69.0,81.0,55.0,0.0
2019-12-20,1.8,12.5,16.4,14.4,4.4,17.8,70.0,85.0,54.0,0.1
2019-12-21,0.0,11.5,22.1,16.8,4.2,24.7,62.0,88.0,34.0,1.7
2019-12-22,0.0,9.1,19.1,14.1,3.3,22.5,40.0,67.0,25.0,4.4
2019-12-23,0.0,7.0,20.5,13.8,3.3,10.0,53.0,77.0,32.0,4.2
2019-12-24,0.0,3.9,20.2,12.0,3.1,8.1,55.0,84.0,31.0,4.4
2019-12-25,0.0,3.2,18.4,10.8,1.1,8.1,52.0,67.0,30.0,4.5
2019-12-26,0.0,6.4,20.7,13.6,1.7,7.2,50.0,69.0,31.0,4.3
2019-12-27,0.0,5.0,15.6,10.3,1.9,7.2,66.0,86.0,46.0,4.2
2019-12-28,0.0,2.4,18.9,10.6,1.4,6.9,64.0,90.0,33.0,4.5
2019-12-29,0.0,1.6,13.2,7.4,1.7,7.8,75.0,92.0,51.0,4.0
2019-12-30,0.0,1.8,12.6,7.2,2.5,7.8,75.0,91.0,54.0,2.1
2019-12-31,0.0,0.1,10.4,5.2,1.9,5.6,80.0,92.0,64.0,4.5
2020-01-01,0.0,-0.4,14.8,7.2,1.4,5.8,73.0,93.0,45.0,4.6
2020-01-02,0.0,-0.7,9.0,4.2,1.4,5.3,85.0,92.0,66.0,4.4
2020-01-03,0.0,0.1,15.6,7.8,1.7,6.4,56.0,93.0,31.0,4.4
2020-01-04,0.0,-0.2,12.1,6.0,1.1,5.0,76.0,91.0,55.0,4.5
2020-01-05,0.0,0.0,13.0,6.5,2.2,6.4,63.0,87.0,46.0,4.6
2020-01-06,0.0,-0.1,14.9,7.4,1.9,7.2,53.0,78.0,30.0,4.7
2020-01-07,0.0,0.3,15.9,8.1,1.1,7.2,52.0,72.0,23.0,4.8
2020-01-08,0.0,2.3,15.1,8.7,2.5,7.5,46.0,78.0,25.0,4.8
2020-01-09,0.0,0.3,13.4,6.8,1.7,6.7,74.0,90.0,51.0,3.5
2020-01-10,0.0,2.0,13.2,7.6,3.3,10.8,57.0,84.0,40.0,4.1
2020-01-11,0.0,2.1,11.8,7.0,1.7,6.7,60.0,82.0,42.0,4.8
2020-01-12,0.0,0.0,13.6,6.8,2.2,7.5,54.0,77.0,29.0,5.0
2020-01-13,0.0,-0.5,13.1,6.3,2.2,6.7,59.0,73.0,33.0,4.6
2020-01-14,0.0,-1.5,14.4,6.4,2.2,7.5,51.0,69.0,29.0,4.9
2020-01-15,0.0,0.8,16.2,8.5,3.3,9.4,51.0,71.0,33.0,3.9
2020-01-16,0.0,1.9,16.9,9.4,2.2,8.1,52.0,70.0,20.0,5.2
2020-01-17,0.0,2.3,17.4,9.8,1.4,7.2,56.0,74.0,30.0,4.6
2020-01-18,0.2,5.8,14.0,9.9,2.5,7.8,66.0,85.0,55.0,0.2
2020-01-19,22.8,1.9,11.2,6.6,3.1,13.9,71.0,89.0,52.0,0.9
2020-01-20,43.8,1.1,4.5,2.8,3.9,14.2,87.0,90.0,75.0,0.0
2020-01-21,16.4,3.0,6.9,5.0,2.5,11.9,88.0,91.0,84.0,0.0
2020-01-22,0.4,3.6,9.3,6.4,0.8,6.4,85.0,93.0,74.0,0.2
2020-01-23,0.0,3.3,12.0,7.6,1.1,5.3,80.0,91.0,62.0,3.0
2020-01-24,0.0,4.9,8.8,6.8,1.1,4.7,89.0,91.0,87.0,0.0
2020-01-25,3.4,5.2,10.3,7.8,1.1,5.3,86.0,92.0,75.0,0.0
2020-01-26,0.0,4.2,13.5,8.8,2.8,8.1,65.0,90.0,44.0,4.4
2020-01-27,0.0,0.7,14.1,7.4,2.2,8.1,61.0,84.0,31.0,5.2
2020-01-28,0.0,6.3,17.6,12.0,2.5,7.5,60.0,77.0,45.0,4.2
2020-01-29,0.0,5.2,16.6,10.9,1.9,6.7,69.0,85.0,51.0,2.1
2020-01-30,0.0,5.9,18.6,12.2,1.4,6.1,59.0,79.0,33.0,4.9
2020-01-31,0.0,4.9,18.4,11.6,1.9,5.3,67.0,89.0,46.0,4.6
2020-02-01,0.0,8.3,21.7,15.0,2.2,8.6,62.0,82.0,45.0,3.3
2020-02-02,0.0,5.8,20.4,13.1,1.4,6.4,70.0,87.0,45.0,4.4
2020-02-03,0.0,7.2,23.4,15.3,2.8,7.8,49.0,79.0,30.0,5.2
2020-02-04,0.0,8.2,24.6,16.4,1.9,9.2,32.0,67.0,19.0,5.1
2020-02-05,0.0,6.2,12.3,9.2,1.7,5.8,79.0,84.0,55.0,0.7
2020-02-06,0.0,5.2,13.5,9.4,2.2,7.2,69.0,87.0,52.0,3.5
2020-02-07,0.0,4.4,13.7,9.0,1.7,5.8,76.0,89.0,57.0,3.5
2020-02-08,0.0,4.6,15.6,10.1,1.9,6.4,68.0,90.0,46.0,3.6
2020-02-09,0.0,4.4,16.9,10.6,1.7,6.4,62.0,81.0,36.0,5.5
2020-02-10,0.0,4.7,21.0,12.8,2.8,7.2,56.0,83.0,33.0,5.5
2020-02-11,0.0,6.1,22.0,14.0,1.9,6.7,60.0,83.0,32.0,5.7
2020-02-12,0.0,6.9,18.1,12.5,1.7,6.4,75.0,90.0,53.0,3.5
2020-02-13,0.0,6.4,16.8,11.6,0.8,6.7,71.0,91.0,51.0,3.0
2020-02-14,0.0,4.1,18.1,11.1,2.2,6.9,65.0,87.0,43.0,6.0
2020-02-15,0.0,4.5,18.6,11.6,2.5,5.8,68.0,88.0,49.0,5.9
2020-02-16,0.0,5.0,21.4,13.2,1.4,6.4,62.0,88.0,36.0,6.0
2020-02-17,0.0,5.6,22.1,13.8,2.5,7.8,44.0,80.0,24.0,6.3
2020-02-18,1.8,7.3,10.9,9.1,1.1,5.0,90.0,92.0,80.0,0.0
2020-02-19,0.2,5.3,14.9,10.1,1.7,5.8,81.0,93.0,64.0,1.5
2020-02-20,0.0,1.6,15.4,8.5,1.9,5.0,70.0,89.0,50.0,5.4
2020-02-21,0.0,0.6,16.4,8.5,2.2,6.7,56.0,91.0,23.0,6.7
2020-02-22,0.0,0.2,22.9,11.6,3.1,6.9,39.0,68.0,11.0,6.9
2020-02-23,0.0,1.7,21.7,11.7,1.4,6.1,47.0,77.0,13.0,6.8
2020-02-24,0.0,2.4,21.8,12.1,2.5,8.3,36.0,70.0,18.0,6.8
2020-02-25,0.0,6.1,23.4,14.8,2.5,12.5,28.0,57.0,12.0,6.5
2020-02-26,0.0,5.9,20.9,13.4,1.4,9.2,42.0,80.0,13.0,6.9
2020-02-27,0.0,3.4,22.2,12.8,2.2,7.5,41.0,77.0,15.0,7.0
2020-02-28,0.0,5.9,21.9,13.9,2.5,6.9,39.0,65.0,19.0,6.3
2020-02-29,0.0,4.5,23.2,13.8,1.9,10.3,40.0,75.0,19.0,4.7
2020-03-01,0.0,9.8,19.8,14.8,2.5,13.3,47.0,71.0,33.0,2.7
2020-03-02,0.0,9.5,20.6,15.0,6.4,23.1,37.0,71.0,23.0,5.9
2020-03-03,0.0,3.3,21.3,12.3,5.0,17.2,49.0,74.0,28.0,5.9
2020-03-04,0.0,8.4,23.6,16.0,2.2,10.0,53.0,79.0,30.0,7.0
2020-03-05,0.0,4.1,22.3,13.2,3.6,13.1,49.0,84.0,27.0,6.6
2020-03-06,0.0,6.4,15.3,10.8,3.6,13.9,39.0,62.0,27.0,6.7
2020-03-07,0.0,3.5,17.7,10.6,2.2,10.8,37.0,60.0,26.0,7.2
2020-03-08,0.0,3.6,22.5,13.0,2.8,6.9,34.0,70.0,8.0,7.6
2020-03-09,0.0,6.1,22.7,14.4,1.9,8.1,41.0,68.0,14.0,6.1
2020-03-10,0.0,6.8,23.5,15.2,2.5,7.8,42.0,65.0,24.0,7.3
2020-03-11,0.0,10.1,28.2,19.2,1.7,8.6,36.0,63.0,19.0,7.9
2020-03-12,0.0,8.3,28.2,18.2,2.2,6.4,38.0,73.0,19.0,7.4
2020-03-13,0.0,8.7,21.8,15.2,1.9,6.4,52.0,80.0,34.0,6.1
2020-03-14,0.0,6.1,20.4,13.2,1.9,6.7,62.0,88.0,44.0,7.4
2020-03-15,0.0,7.8,19.7,13.8,2.5,7.8,67.0,87.0,49.0,7.0
2020-03-16,1.0,0.9,12.8,6.8,2.2,8.9,80.0,90.0,62.0,0.8
2020-03-17,3.0,0.9,14.8,7.8,2.2,9.4,77.0,91.0,55.0,1.6
2020-03-18,0.0,9.1,14.7,11.9,2.2,7.8,70.0,87.0,61.0,1.9
2020-03-19,0.0,7.3,14.3,10.8,1.4,5.6,75.0,89.0,56.0,0.0
2020-03-20,0.6,6.4,12.2,9.3,1.4,5.8,75.0,90.0,61.0,0.5
2020-03-21,6.6,5.5,11.5,8.5,1.9,7.2,85.0,91.0,74.0,0.7
2020-03-22,0.6,4.4,10.2,7.3,1.4,5.8,88.0,92.0,81.0,0.0
2020-03-23,22.6,4.5,12.7,8.6,1.7,9.2,88.0,91.0,72.0,1.8
2020-03-24,16.4,6.6,9.4,8.0,3.3,11.4,87.0,91.0,81.0,0.0
2020-03-25,2.6,4.2,14.4,9.3,1.9,8.6,72.0,89.0,50.0,5.0
2020-03-26,2.2,2.6,18.3,10.4,3.3,11.9,52.0,93.0,25.0,7.2
2020-03-27,27.2,5.2,7.7,6.4,1.7,5.8,90.0,91.0,78.0,0.0
2020-03-28,0.0,3.5,13.8,8.6,1.7,7.2,63.0,91.0,34.0,6.2
2020-03-29,0.0,3.4,18.4,10.9,2.2,6.7,56.0,81.0,34.0,7.8
2020-03-30,21.6,6.6,18.4,12.5,2.8,8.3,78.0,93.0,42.0,5.2
2020-03-31,0.4,7.8,13.4,10.6,1.1,4.2,88.0,93.0,76.0,0.1
2020-04-01,16.8,6.5,18.2,12.4,1.9,7.5,77.0,92.0,47.0,6.2
2020-04-02,2.8,3.9,15.4,9.6,1.7,6.7,67.0,91.0,47.0,6.2
2020-04-03,0.0,4.0,18.2,11.1,2.2,7.2,66.0,92.0,42.0,6.6
2020-04-04,0.0,2.9,16.2,9.6,2.5,6.9,69.0,89.0,51.0,5.2
2020-04-05,0.0,4.1,17.8,11.0,1.9,6.4,68.0,87.0,50.0,8.3
2020-04-06,0.0,10.0,18.6,14.3,1.7,5.8,73.0,86.0,58.0,4.5
2020-04-07,0.0,7.9,16.6,12.2,1.7,5.0,76.0,91.0,62.0,0.1
2020-04-08,0.0,4.0,19.3,11.6,1.1,5.6,59.0,89.0,38.0,9.0
2020-04-09,0.0,6.0,16.6,11.3,1.4,5.0,56.0,90.0,37.0,0.8
2020-04-10,0.0,8.2,19.3,13.8,1.9,6.1,51.0,86.0,31.0,3.6
2020-04-11,0.0,6.1,20.2,13.2,1.4,9.2,47.0,79.0,26.0,7.6
2020-04-12,1.6,7.0,18.3,12.6,1.4,7.5,66.0,90.0,30.0,4.8
2020-04-13,23.4,8.7,21.5,15.1,1.7,7.8,74.0,91.0,49.0,4.6
2020-04-14,4.6,7.9,16.9,12.4,2.2,6.7,83.0,92.0,71.0,2.2
2020-04-15,0.2,11.2,17.1,14.2,2.5,8.6,80.0,92.0,63.0,1.5
2020-04-16,1.6,8.5,20.0,14.2,1.7,5.6,74.0,92.0,53.0,5.0
2020-04-17,0.0,10.0,18.5,14.2,1.9,5.0,78.0,91.0,67.0,2.2
2020-04-18,0.0,8.4,19.5,14.0,1.9,6.4,79.0,92.0,63.0,3.1
2020-04-19,0.6,11.7,18.9,15.3,1.4,8.6,75.0,91.0,54.0,0.0
2020-04-20,0.4,7.9,21.2,14.6,3.6,10.6,45.0,83.0,33.0,8.0
2020-04-21,0.0,5.5,18.4,12.0,1.4,10.8,51.0,89.0,36.0,7.7
2020-04-22,0.0,12.1,20.7,16.4,2.5,13.9,55.0,77.0,42.0,5.1
2020-04-23,0.0,8.3,18.7,13.5,1.9,5.6,66.0,90.0,52.0,4.8
2020-04-24,0.0,6.9,19.2,13.0,2.5,6.9,69.0,91.0,51.0,9.1
2020-04-25,0.4,7.8,15.7,11.8,1.4,6.4,71.0,86.0,58.0,0.2
2020-04-26,7.0,9.4,21.9,15.6,1.7,6.1,69.0,90.0,45.0,4.5
2020-04-27,0.0,8.5,22.5,15.5,3.1,11.1,55.0,91.0,34.0,6.9
2020-04-28,0.0,7.3,20.3,13.8,2.5,6.7,54.0,85.0,36.0,5.5
2020-04-29,0.0,6.8,24.4,15.6,2.2,7.8,47.0,80.0,28.0,9.5
2020-04-30,0.0,9.8,24.5,17.2,2.8,8.9,47.0,77.0,27.0,8.4
2020-05-01,0.0,8.0,28.2,18.1,1.9,8.9,47.0,89.0,27.0,11.2
2020-05-02,0.0,12.3,29.0,20.6,2.2,5.8,43.0,79.0,28.0,11.2
2020-05-03,0.0,12.7,29.4,21.0,1.7,7.8,46.0,72.0,27.0,11.4
2020-05-04,0.0,11.0,30.5,20.8,3.1,8.3,31.0,78.0,18.0,10.8
2020-05-05,0.0,11.9,29.4,20.6,2.2,7.5,42.0,78.0,28.0,11.6
2020-05-06,0.0,12.3,29.3,20.8,1.9,7.2,44.0,79.0,24.0,10.4
2020-05-07,0.0,12.2,24.9,18.6,2.2,9.2,41.0,79.0,28.0,8.2
2020-05-08,0.0,10.3,26.5,18.4,1.7,8.6,48.0,84.0,24.0,10.7
2020-05-09,0.2,12.7,25.3,19.0,2.2,8.3,63.0,90.0,48.0,8.3
2020-05-10,0.0,11.2,21.1,16.2,3.1,14.2,41.0,87.0,29.0,7.1
2020-05-11,0.0,10.4,25.3,17.8,3.1,14.4,39.0,79.0,25.0,8.8
2020-05-12,4.8,8.4,20.6,14.5,1.9,9.2,76.0,90.0,46.0,2.2
2020-05-13,5.0,7.0,23.2,15.1,2.8,7.5,47.0,85.0,22.0,10.2
2020-05-14,0.4,8.7,20.4,14.6,1.9,10.0,61.0,90.0,34.0,4.6
2020-05-15,5.0,9.3,14.8,12.0,0.8,6.4,81.0,91.0,61.0,0.7
2020-05-16,0.0,7.3,20.3,13.8,2.2,9.2,68.0,92.0,45.0,6.7
2020-05-17,0.8,10.6,21.0,15.8,0.8,7.2,68.0,87.0,47.0,2.3
2020-05-18,0.0,9.3,27.1,18.2,1.9,8.9,40.0,86.0,23.0,10.3
2020-05-19,0.0,11.0,29.9,20.4,1.7,6.1,39.0,83.0,23.0,9.6
2020-05-20,0.0,14.0,31.8,22.9,1.9,6.9,36.0,68.0,20.0,10.2
2020-05-21,0.0,13.9,32.5,23.2,1.4,7.8,38.0,73.0,21.0,10.9
2020-05-22,0.0,14.3,33.2,23.8,1.9,8.3,38.0,79.0,19.0,12.0
2020-05-23,0.0,13.5,32.0,22.8,1.9,7.5,38.0,82.0,23.0,12.4
2020-05-24,0.0,14.1,27.3,20.7,2.5,8.9,36.0,75.0,27.0,12.2
2020-05-25,0.0,13.2,25.5,19.4,2.2,7.5,48.0,78.0,28.0,7.3
2020-05-26,0.0,13.1,27.3,20.2,2.5,8.3,48.0,78.0,26.0,10.2
2020-05-27,0.0,10.9,27.0,19.0,2.5,8.9,44.0,84.0,27.0,11.3
2020-05-28,0.0,10.0,25.8,17.9,2.8,9.7,42.0,89.0,25.0,12.3
2020-05-29,0.0,8.7,28.1,18.4,2.5,7.8,30.0,67.0,21.0,12.4
2020-05-30,0.0,9.0,29.0,19.0,2.5,7.8,29.0,77.0,11.0,12.5
2020-05-31,0.0,10.1,27.8,19.0,1.7,7.8,37.0,77.0,19.0,8.9
2020-06-01,0.0,11.6,30.9,21.2,2.8,9.2,33.0,74.0,18.0,9.8
2020-06-02,0.0,10.3,30.2,20.2,2.5,8.1,34.0,71.0,21.0,11.1
2020-06-03,0.0,12.6,31.9,22.2,1.9,10.8,29.0,73.0,18.0,11.4
2020-06-04,0.4,13.9,26.5,20.2,2.5,13.6,44.0,85.0,30.0,6.3
2020-06-05,0.0,13.3,29.9,21.6,2.8,8.3,35.0,77.0,23.0,12.0
2020-06-06,0.0,13.7,32.4,23.0,1.7,9.7,35.0,70.0,19.0,12.1
2020-06-07,0.0,16.3,28.9,22.6,3.1,11.1,29.0,60.0,22.0,10.9
2020-06-08,3.2,13.5,25.6,19.6,1.7,10.6,58.0,84.0,36.0,5.7
2020-06-09,0.6,9.8,23.4,16.6,2.2,6.7,67.0,91.0,35.0,4.0
2020-06-10,0.0,10.2,28.2,19.2,2.8,7.2,44.0,88.0,29.0,10.3
2020-06-11,0.0,13.2,32.0,22.6,3.3,13.1,25.0,68.0,10.0,12.7
2020-06-12,0.0,13.5,27.2,20.4,4.4,11.7,26.0,56.0,13.0,11.9
2020-06-13,0.0,10.7,28.1,19.4,1.9,7.2,30.0,69.0,19.0,11.5
2020-06-14,0.0,13.1,29.8,21.4,1.7,6.7,34.0,63.0,19.0,8.2
2020-06-15,0.0,14.0,32.1,23.0,2.2,7.5,27.0,58.0,17.0,12.1
2020-06-16,0.0,14.7,32.0,23.4,2.5,10.8,30.0,58.0,16.0,8.4
2020-06-17,0.0,13.7,31.1,22.4,1.9,8.6,38.0,74.0,20.0,8.8
2020-06-18,3.2,14.3,30.4,22.4,2.2,9.2,49.0,89.0,27.0,8.7
2020-06-19,0.0,15.1,29.1,22.1,2.5,7.8,57.0,91.0,33.0,9.0
2020-06-20,0.0,13.3,32.7,23.0,2.5,7.8,35.0,89.0,21.0,11.3
2020-06-21,0.0,14.8,36.6,25.7,2.2,7.8,22.0,67.0,12.0,11.9
2020-06-22,0.0,15.1,32.9,24.0,2.5,9.2,36.0,77.0,25.0,12.6
2020-06-23,0.0,12.9,31.5,22.2,2.5,8.3,40.0,85.0,27.0,12.5
2020-06-24,0.0,13.9,30.6,22.2,2.2,7.8,40.0,82.0,21.0,5.6
2020-06-25,0.0,12.8,33.0,22.9,2.8,8.3,28.0,70.0,18.0,12.3
2020-06-26,0.0,14.0,33.4,23.7,2.2,9.4,33.0,66.0,20.0,11.6
2020-06-27,0.0,16.3,35.3,25.8,2.2,8.3,25.0,77.0,14.0,11.8
2020-06-28,0.0,15.3,35.0,25.2,2.5,8.9,27.0,60.0,16.0,12.6
2020-06-29,0.0,15.6,37.8,26.7,2.2,8.9,25.0,56.0,13.0,12.7
2020-06-30,0.0,16.1,34.4,25.2,1.7,7.5,30.0,64.0,19.0,12.0
2020-07-01,0.0,15.8,40.5,28.2,2.2,11.4,16.0,73.0,4.0,12.6
2020-07-02,0.0,17.4,39.8,28.6,3.1,12.2,14.0,72.0,5.0,12.0
2020-07-03,0.0,15.6,33.5,24.6,2.2,9.4,39.0,75.0,23.0,9.7
2020-07-04,0.0,15.9,33.2,24.6,2.5,8.3,54.0,88.0,32.0,10.1
2020-07-05,0.0,15.1,34.5,24.8,2.5,8.9,42.0,89.0,25.0,12.4
2020-07-06,0.0,15.3,36.3,25.8,2.5,7.8,32.0,74.0,19.0,12.4
2020-07-07,0.0,15.8,37.4,26.6,2.2,7.2,25.0,70.0,13.0,12.4
2020-07-08,0.0,16.4,33.3,24.8,2.5,9.7,42.0,74.0,29.0,8.2
2020-07-09,0.0,17.9,33.1,25.5,2.5,9.2,32.0,73.0,21.0,12.0
2020-07-10,0.0,16.0,34.2,25.1,2.5,8.6,36.0,75.0,19.0,12.4
2020-07-11,0.0,15.8,33.7,24.8,3.3,10.3,37.0,78.0,21.0,12.4
2020-07-12,0.0,18.6,34.0,26.3,2.2,10.3,39.0,68.0,23.0,10.2
2020-07-13,0.0,15.1,33.6,24.4,2.8,10.0,32.0,63.0,21.0,12.3
2020-07-14,6.2,17.6,30.1,23.8,3.1,10.8,61.0,88.0,39.0,5.7
2020-07-15,0.0,15.0,30.0,22.5,2.5,7.8,53.0,92.0,40.0,12.2
2020-07-16,0.0,14.8,32.1,23.4,2.2,8.1,42.0,89.0,28.0,12.6
2020-07-17,0.0,15.2,34.9,25.0,2.5,7.8,42.0,88.0,22.0,12.2
2020-07-18,0.0,17.0,32.9,25.0,1.9,7.5,54.0,87.0,33.0,10.6
2020-07-19,0.0,16.4,34.9,25.6,3.1,13.6,46.0,88.0,28.0,11.1
2020-07-20,0.0,16.8,35.4,26.1,1.9,12.8,38.0,81.0,19.0,10.0
2020-07-21,0.0,15.1,33.1,24.1,1.9,9.7,26.0,62.0,17.0,11.7
2020-07-22,0.0,16.6,33.3,25.0,2.2,9.2,36.0,65.0,24.0,10.9
2020-07-23,0.0,15.9,35.7,25.8,2.8,9.2,35.0,70.0,17.0,11.0
2020-07-24,0.0,18.8,37.0,27.9,1.7,9.7,37.0,72.0,23.0,8.9
2020-07-25,0.0,16.6,35.9,26.2,1.7,8.9,41.0,86.0,24.0,11.4
2020-07-26,0.0,16.6,39.0,27.8,2.2,9.4,30.0,74.0,15.0,12.0
2020-07-27,0.0,18.3,38.6,28.4,1.4,8.3,28.0,63.0,13.0,10.1
2020-07-28,0.0,17.7,37.7,27.7,2.5,9.2,30.0,71.0,14.0,11.8
2020-07-29,0.0,18.1,35.6,26.8,1.9,20.6,40.0,79.0,11.0,10.5
2020-07-30,0.0,18.0,38.1,28.0,1.9,11.4,35.0,74.0,21.0,9.6
2020-07-31,0.0,17.5,40.3,28.9,2.8,7.5,29.0,69.0,16.0,11.8
2020-08-01,0.0,22.3,41.5,31.9,2.5,8.3,19.0,39.0,11.0,6.8
2020-08-02,0.0,21.1,40.4,30.8,1.9,8.9,19.0,55.0,8.0,11.4
2020-08-03,0.0,17.0,34.2,25.6,1.7,9.2,46.0,78.0,23.0,7.4
2020-08-04,0.0,20.7,33.7,27.2,2.2,7.2,52.0,87.0,29.0,5.7
2020-08-05,0.0,16.6,34.9,25.8,2.8,8.1,49.0,88.0,27.0,10.6
2020-08-06,0.0,16.8,34.4,25.6,1.9,7.8,45.0,88.0,28.0,11.2
2020-08-07,0.0,17.0,36.3,26.6,1.7,6.7,34.0,76.0,16.0,10.8
2020-08-08,0.0,17.3,39.2,28.2,1.7,8.6,25.0,58.0,9.0,10.2
2020-08-09,0.0,19.4,39.5,29.4,3.1,9.7,19.0,56.0,9.0,11.2
2020-08-10,0.0,16.6,37.0,26.8,3.1,8.9,25.0,61.0,12.0,8.9
2020-08-11,0.0,19.7,33.1,26.4,3.6,9.7,47.0,77.0,24.0,8.3
2020-08-12,14.6,17.4,35.4,26.4,2.8,17.2,53.0,89.0,23.0,6.7
2020-08-13,0.0,16.6,34.1,25.4,2.5,8.1,41.0,82.0,23.0,10.6
2020-08-14,0.0,16.3,33.5,24.9,2.8,10.0,39.0,78.0,22.0,10.7
2020-08-15,0.0,16.3,34.0,25.2,2.2,8.1,40.0,81.0,17.0,10.5
2020-08-16,0.0,15.0,35.6,25.3,2.2,8.6,23.0,54.0,7.0,10.3
2020-08-17,0.0,14.4,35.7,25.0,2.8,8.1,20.0,55.0,10.0,10.6
2020-08-18,0.0,16.5,36.0,26.2,2.5,8.3,29.0,66.0,14.0,9.9
2020-08-19,0.0,15.7,36.7,26.2,2.2,12.2,31.0,70.0,11.0,10.5
2020-08-20,0.0,16.3,35.2,25.8,1.4,7.2,34.0,68.0,14.0,9.2
2020-08-21,0.0,18.1,37.0,27.6,3.3,7.2,29.0,65.0,18.0,10.3
2020-08-22,0.0,17.3,38.4,27.8,1.9,11.1,24.0,83.0,11.0,10.3
2020-08-23,0.0,17.0,33.1,25.0,2.2,10.0,59.0,85.0,39.0,7.2
2020-08-24,0.0,20.9,33.3,27.1,2.5,8.3,54.0,84.0,35.0,8.9
2020-08-25,0.0,17.6,35.5,26.6,1.7,7.5,41.0,84.0,22.0,10.2
2020-08-26,0.0,16.6,37.2,26.9,1.7,8.6,29.0,64.0,16.0,10.1
2020-08-27,0.0,18.4,38.3,28.4,2.8,8.1,23.0,49.0,15.0,9.8
2020-08-28,0.0,18.0,36.5,27.2,2.8,9.2,25.0,51.0,14.0,8.6
2020-08-29,0.0,16.8,33.4,25.1,2.2,15.6,21.0,55.0,8.0,9.1
2020-08-30,0.0,11.8,27.6,19.7,1.7,7.2,30.0,80.0,17.0,8.1
2020-08-31,0.0,10.5,29.3,19.9,2.5,8.3,45.0,85.0,21.0,9.0
2020-09-01,0.0,12.5,25.6,19.0,1.9,5.0,56.0,87.0,40.0,4.3
2020-09-02,0.0,14.5,28.9,21.7,2.2,8.9,53.0,87.0,34.0,7.5
2020-09-03,0.0,13.5,29.5,21.5,2.5,8.1,51.0,87.0,33.0,8.9
2020-09-04,0.0,11.7,28.6,20.2,3.1,7.5,53.0,89.0,34.0,9.2
2020-09-05,0.0,11.8,30.9,21.4,2.8,7.2,49.0,88.0,21.0,9.2
2020-09-06,0.0,13.2,30.1,21.6,1.9,6.7,51.0,90.0,32.0,8.2
2020-09-07,0.0,14.4,29.4,21.9,2.5,8.3,63.0,83.0,36.0,5.2
2020-09-08,0.0,14.5,27.1,20.8,2.2,7.8,54.0,86.0,31.0,6.4
2020-09-09,0.0,11.5,28.4,20.0,1.4,8.6,48.0,82.0,27.0,7.9
2020-09-10,0.0,12.5,30.7,21.6,2.2,7.2,44.0,81.0,23.0,7.9
2020-09-11,0.0,12.1,33.0,22.6,1.7,7.2,39.0,87.0,20.0,8.1
2020-09-12,0.0,13.2,32.0,22.6,2.2,8.6,41.0,72.0,23.0,8.6
2020-09-13,0.0,13.5,29.3,21.4,1.9,7.2,48.0,79.0,31.0,6.8
2020-09-14,0.2,12.9,29.7,21.3,2.2,6.7,52.0,82.0,32.0,7.0
2020-09-15,0.0,14.3,32.3,23.3,2.5,9.4,49.0,86.0,21.0,7.9
2020-09-16,0.0,13.5,31.0,22.2,1.7,8.3,48.0,81.0,28.0,7.2
2020-09-17,8.4,18.3,29.8,24.0,1.4,10.3,58.0,86.0,36.0,2.6
2020-09-18,1.6,15.5,23.8,19.6,3.1,13.3,79.0,89.0,43.0,0.5
2020-09-19,0.0,13.2,27.6,20.4,1.9,7.5,54.0,80.0,32.0,6.4
2020-09-20,0.0,13.1,29.3,21.2,2.2,7.5,45.0,75.0,26.0,7.3
2020-09-21,0.0,13.7,28.6,21.2,1.9,6.1,51.0,81.0,29.0,6.5
2020-09-22,0.0,14.4,30.1,22.2,1.9,6.4,45.0,67.0,25.0,6.4
2020-09-23,0.0,16.7,30.1,23.4,2.5,8.3,35.0,59.0,23.0,5.5
2020-09-24,0.0,15.4,31.2,23.3,3.9,15.6,40.0,74.0,22.0,3.1
2020-09-25,0.0,14.0,28.6,21.3,2.2,13.9,32.0,59.0,12.0,7.4
2020-09-26,0.0,10.5,26.4,18.4,1.7,8.9,31.0,53.0,17.0,7.4
2020-09-27,0.0,9.7,26.4,18.0,2.5,10.3,38.0,67.0,17.0,8.2
2020-09-28,0.0,9.6,27.8,18.7,1.4,6.4,33.0,65.0,15.0,8.3
2020-09-29,0.0,9.1,26.9,18.0,1.4,6.4,56.0,79.0,32.0,7.8
2020-09-30,0.0,10.1,26.1,18.1,1.4,6.1,57.0,85.0,35.0,5.0
2020-10-01,0.0,12.7,31.8,22.2,3.1,12.2,27.0,61.0,11.0,7.2
2020-10-02,2.8,9.3,23.8,16.6,3.6,16.7,53.0,81.0,37.0,2.7
2020-10-03,0.0,4.8,20.8,12.8,2.2,9.2,46.0,83.0,20.0,7.5
2020-10-04,0.0,4.9,24.9,14.9,2.8,9.7,42.0,79.0,23.0,7.7
2020-10-05,0.0,9.8,23.1,16.4,1.9,7.2,40.0,77.0,26.0,7.6
2020-10-06,0.0,9.1,26.5,17.8,2.2,7.5,38.0,64.0,22.0,7.7
2020-10-07,0.0,12.4,29.3,20.8,2.5,7.8,41.0,69.0,22.0,7.6
2020-10-08,0.0,9.3,27.0,18.2,1.4,6.4,63.0,89.0,35.0,7.4
2020-10-09,0.0,10.9,27.8,19.4,1.7,5.8,62.0,90.0,34.0,6.7
2020-10-10,0.0,9.9,24.2,17.0,1.4,6.4,71.0,90.0,53.0,6.4
2020-10-11,0.0,10.8,23.2,17.0,1.7,9.7,50.0,91.0,14.0,4.1
2020-10-12,0.0,4.2,20.6,12.4,1.9,7.2,45.0,72.0,24.0,7.2
2020-10-13,0.0,7.2,26.3,16.8,1.4,6.9,41.0,65.0,24.0,6.3
2020-10-14,0.0,8.6,23.6,16.1,2.5,10.6,37.0,62.0,24.0,6.2
2020-10-15,0.0,4.8,21.9,13.4,1.7,15.8,35.0,64.0,18.0,6.7
2020-10-16,0.0,3.2,20.6,11.9,1.9,6.7,43.0,72.0,22.0,6.9
2020-10-17,0.0,3.5,22.5,13.0,2.8,6.7,40.0,67.0,20.0,6.7
2020-10-18,0.0,5.4,23.0,14.2,2.5,6.7,43.0,66.0,20.0,6.7
2020-10-19,0.0,4.3,22.9,13.6,1.7,6.1,55.0,81.0,28.0,6.7
2020-10-20,0.0,8.1,22.5,15.3,2.2,6.7,55.0,89.0,41.0,2.6
2020-10-21,0.0,12.8,26.9,19.8,2.2,10.6,41.0,82.0,24.0,5.6
2020-10-22,3.2,13.0,17.9,15.4,1.9,6.7,78.0,87.0,52.0,0.0
2020-10-23,0.0,7.9,20.5,14.2,1.7,6.9,56.0,91.0,28.0,4.6
2020-10-24,0.0,7.0,22.0,14.5,2.8,6.7,53.0,77.0,28.0,6.4
2020-10-25,0.2,6.4,24.1,15.2,1.9,9.7,44.0,66.0,23.0,6.4
2020-10-26,0.0,5.9,17.0,11.4,3.1,12.8,43.0,84.0,28.0,4.7
2020-10-27,0.0,2.1,19.2,10.6,2.5,6.7,45.0,80.0,23.0,6.1
2020-10-28,0.0,4.0,22.4,13.2,1.9,5.8,51.0,82.0,23.0,5.9
2020-10-29,0.0,6.7,23.3,15.0,1.9,6.1,60.0,91.0,39.0,5.9
2020-10-30,0.0,6.5,24.6,15.6,1.7,5.6,59.0,88.0,31.0,5.9
2020-10-31,0.0,7.2,24.5,15.8,1.9,6.7,50.0,82.0,28.0,5.5
2020-11-01,0.0,9.5,25.9,17.7,2.8,6.7,43.0,70.0,21.0,5.7
2020-11-02,0.0,8.5,26.2,17.4,1.9,6.4,44.0,73.0,22.0,5.6
2020-11-03,0.0,8.6,23.5,16.0,1.9,6.4,58.0,83.0,28.0,5.6
2020-11-04,8.6,10.9,18.0,14.4,2.2,8.6,74.0,88.0,55.0,1.6
2020-11-05,26.2,11.6,16.6,14.1,2.2,9.4,88.0,93.0,78.0,0.0
2020-11-06,3.4,11.5,19.4,15.4,1.1,5.8,82.0,92.0,68.0,0.0
2020-11-07,0.0,8.7,21.0,14.8,2.8,14.7,69.0,90.0,41.0,3.9
2020-11-08,0.0,6.2,19.2,12.7,1.7,6.1,72.0,87.0,49.0,4.7
2020-11-09,0.0,7.2,19.6,13.4,1.9,5.8,62.0,88.0,39.0,5.0
2020-11-10,0.0,9.2,18.8,14.0,1.9,5.8,69.0,90.0,48.0,4.7
2020-11-11,0.0,7.4,18.2,12.8,1.7,5.8,75.0,92.0,50.0,3.2
2020-11-12,0.0,5.2,17.4,11.3,1.7,6.1,72.0,91.0,49.0,4.3
2020-11-13,0.2,10.4,19.1,14.8,1.4,5.3,73.0,89.0,51.0,4.1
2020-11-14,0.4,11.7,18.3,15.0,0.8,4.7,80.0,90.0,66.0,0.1
2020-11-15,0.0,9.7,23.2,16.4,2.8,6.7,65.0,90.0,43.0,4.9
2020-11-16,0.0,11.0,23.1,17.0,1.9,6.7,71.0,87.0,37.0,4.6
2020-11-17,0.0,8.3,20.3,14.3,1.9,5.8,73.0,90.0,56.0,4.8
2020-11-18,0.0,7.1,20.4,13.8,1.7,6.1,69.0,86.0,40.0,4.9
2020-11-19,0.0,6.8,18.4,12.6,1.9,7.5,72.0,90.0,50.0,4.9
2020-11-20,0.0,4.8,17.8,11.3,2.2,8.1,62.0,89.0,30.0,4.9
2020-11-21,0.0,5.2,16.5,10.8,1.4,6.1,68.0,88.0,42.0,4.4
2020-11-22,0.0,2.8,14.8,8.8,1.9,5.8,69.0,88.0,45.0,4.7
2020-11-23,0.0,0.9,17.3,9.1,1.9,6.4,65.0,85.0,32.0,4.5
2020-11-24,0.0,2.1,13.9,8.0,1.9,6.7,73.0,87.0,51.0,4.5
2020-11-25,0.0,2.2,14.0,8.1,1.4,6.7,72.0,88.0,49.0,4.4
2020-11-26,23.6,9.6,16.7,13.2,1.9,7.5,74.0,90.0,50.0,0.3
2020-11-27,10.4,8.6,11.9,10.2,1.1,11.9,89.0,91.0,87.0,0.0
2020-11-28,0.0,4.3,13.8,9.0,1.1,5.3,74.0,92.0,57.0,2.9
2020-11-29,0.0,3.3,14.5,8.9,1.7,6.1,71.0,87.0,51.0,3.7
2020-11-30,0.0,3.9,14.8,9.4,1.1,6.1,80.0,91.0,66.0,2.0
2020-12-01,0.0,5.6,16.3,11.0,1.9,6.7,71.0,92.0,50.0,4.3
2020-12-02,0.0,1.4,16.0,8.7,2.2,8.3,49.0,74.0,30.0,3.2
2020-12-03,0.0,-1.4,12.7,5.6,2.2,7.8,62.0,80.0,36.0,4.3
2020-12-04,1.2,2.7,10.7,6.7,2.2,12.2,67.0,81.0,50.0,0.4
2020-12-05,0.0,-0.6,9.2,4.3,1.7,12.2,57.0,82.0,36.0,4.0
2020-12-06,0.0,0.7,11.1,5.9,3.3,15.8,50.0,81.0,29.0,4.3
2020-12-07,0.0,1.4,16.0,8.7,6.4,18.9,56.0,80.0,38.0,2.1
2020-12-08,6.4,4.9,12.0,8.4,3.6,19.7,56.0,88.0,41.0,1.0
2020-12-09,0.0,0.9,11.3,6.1,2.2,10.3,50.0,75.0,30.0,4.4
2020-12-10,0.0,3.7,17.5,10.6,5.0,13.6,56.0,75.0,42.0,1.9
2020-12-11,0.0,11.0,20.6,15.8,5.3,21.9,52.0,80.0,45.0,0.0
2020-12-12,0.0,6.2,19.8,13.0,3.6,20.6,39.0,76.0,26.0,4.2
2020-12-13,0.0,5.6,18.3,12.0,1.4,8.1,62.0,80.0,39.0,4.2
2020-12-14,0.0,6.7,16.5,11.6,1.1,5.8,69.0,83.0,51.0,1.1
2020-12-15,0.0,4.3,17.0,10.6,2.5,6.4,69.0,84.0,40.0,3.3
2020-12-16,0.0,2.0,13.1,7.6,1.7,6.4,74.0,90.0,54.0,4.2
2020-12-17,0.0,2.7,15.1,8.9,1.9,6.9,69.0,91.0,52.0,3.8
2020-12-18,0.0,3.1,16.2,9.6,2.2,6.9,71.0,88.0,47.0,4.1
2020-12-19,0.2,3.2,15.8,9.5,0.8,6.1,70.0,89.0,50.0,4.3
2020-12-20,0.0,4.0,14.8,9.4,1.1,5.3,74.0,90.0,60.0,1.6
2020-12-21,0.0,3.1,15.3,9.2,2.5,6.7,63.0,83.0,39.0,4.1
2020-12-22,0.0,4.4,16.5,10.4,1.7,5.3,73.0,90.0,54.0,4.3
2020-12-23,0.0,4.5,17.8,11.2,1.7,6.4,74.0,92.0,51.0,4.2
2020-12-24,0.0,3.8,16.0,9.9,2.2,7.8,66.0,89.0,42.0,4.2
2020-12-25,0.0,-0.2,11.6,5.7,2.2,9.4,59.0,86.0,27.0,2.7
2020-12-26,0.0,-2.8,8.6,2.9,2.2,9.2,47.0,65.0,29.0,4.4
2020-12-27,0.0,-2.3,14.4,6.0,1.9,19.7,37.0,61.0,13.0,4.4
2020-12-28,0.0,3.5,15.5,9.5,3.9,18.6,46.0,60.0,21.0,2.9
2020-12-29,1.0,1.7,11.3,6.5,4.2,13.9,58.0,89.0,35.0,4.2
2020-12-30,0.0,-0.8,10.7,5.0,1.9,8.9,45.0,70.0,27.0,4.6
2020-12-31,1.6,-2.9,11.9,4.5,1.7,7.5,43.0,73.0,22.0,4.4
2021-01-01,0.2,-0.5,8.5,4.0,1.9,12.2,66.0,89.0,43.0,2.3
2021-01-02,0.0,-0.6,7.6,3.5,2.5,14.4,47.0,77.0,27.0,4.2
2021-01-03,0.0,-1.2,9.1,4.0,2.8,12.8,38.0,59.0,26.0,4.5
2021-01-04,0.0,-1.8,10.5,4.4,0.8,11.1,57.0,75.0,30.0,3.4
2021-01-05,0.0,-2.3,8.2,3.0,1.7,6.4,52.0,82.0,33.0,3.7
2021-01-06,13.4,-2.1,8.2,3.0,1.1,6.4,57.0,88.0,41.0,1.6
2021-01-07,14.2,0.4,3.4,1.9,0.6,6.7,90.0,91.0,88.0,0.0
2021-01-08,12.6,0.3,2.4,1.4,0.6,3.3,90.0,93.0,87.0,0.0
2021-01-09,0.0,-0.2,5.3,2.6,1.1,4.4,91.0,93.0,89.0,0.0
2021-01-10,0.0,-0.2,6.7,3.2,1.1,5.3,84.0,92.0,67.0,0.1
2021-01-11,0.0,-1.2,8.1,3.4,1.1,4.7,74.0,91.0,58.0,3.4
2021-01-12,0.0,-2.6,10.2,3.8,2.5,6.9,61.0,89.0,33.0,4.6
2021-01-13,0.0,-1.8,13.8,6.0,1.4,8.3,55.0,74.0,27.0,4.7
2021-01-14,0.0,1.0,15.6,8.3,2.2,7.8,49.0,72.0,24.0,4.4
2021-01-15,0.0,-1.4,14.3,6.4,1.4,6.4,55.0,78.0,28.0,4.7
2021-01-16,0.0,-0.6,11.9,5.6,1.7,6.7,51.0,71.0,28.0,4.9
2021-01-17,0.0,-0.3,17.9,8.8,2.2,8.3,35.0,68.0,15.0,4.7
2021-01-18,0.0,1.2,15.1,8.2,3.1,6.9,57.0,83.0,34.0,4.2
2021-01-19,0.0,-0.7,13.4,6.4,1.9,6.7,61.0,86.0,41.0,4.8
2021-01-20,0.0,-0.2,12.9,6.4,1.4,12.5,76.0,88.0,58.0,0.3
2021-01-21,0.0,5.6,16.5,11.0,3.1,12.8,58.0,82.0,39.0,4.5
2021-01-22,1.0,4.2,16.5,10.4,6.7,18.6,47.0,76.0,28.0,4.4
2021-01-23,0.0,1.3,15.8,8.6,3.9,15.3,54.0,83.0,30.0,5.0
2021-01-24,0.0,10.7,18.6,14.6,4.7,22.2,34.0,54.0,19.0,4.2
2021-01-25,0.0,10.1,18.0,14.0,3.3,15.8,58.0,75.0,47.0,3.2
2021-01-26,0.0,9.4,20.3,14.8,1.4,7.5,63.0,83.0,41.0,0.9
2021-01-27,0.0,7.6,22.4,15.0,1.9,8.9,67.0,91.0,41.0,4.8
2021-01-28,0.0,8.4,22.9,15.6,1.9,8.9,53.0,74.0,34.0,5.2
2021-01-29,0.0,6.0,24.3,15.2,1.9,7.5,40.0,65.0,22.0,5.1
2021-01-30,0.0,9.4,18.4,13.9,5.8,19.2,39.0,59.0,24.0,3.8
2021-01-31,0.0,7.6,18.1,12.8,3.6,20.6,49.0,57.0,36.0,2.5
2021-02-01,0.0,8.9,21.7,15.3,3.3,21.4,35.0,66.0,24.0,
2021-02-02,0.0,6.8,21.1,14.0,1.9,9.2,55.0,77.0,31.0,5.3
2021-02-03,0.0,3.2,15.9,9.6,0.8,4.4,67.0,78.0,51.0,3.8
2021-02-04,0.0,6.6,20.7,13.6,2.2,6.1,56.0,86.0,30.0,3.6
2021-02-05,0.2,4.8,14.1,9.4,1.7,4.7,77.0,91.0,65.0,0.4
2021-02-06,0.0,4.5,17.0,10.8,3.1,9.7,52.0,90.0,30.0,5.4
2021-02-07,0.0,3.3,15.6,9.4,3.1,10.8,53.0,83.0,36.0,3.9
2021-02-08,0.0,4.8,14.8,9.8,4.7,17.5,49.0,84.0,28.0,4.9
2021-02-09,0.2,4.3,16.9,10.6,3.6,13.6,55.0,87.0,38.0,0.6
2021-02-10,0.0,7.1,19.0,13.0,2.5,19.2,45.0,88.0,26.0,3.5
2021-02-11,0.0,8.0,20.5,14.2,2.2,6.1,63.0,84.0,47.0,5.8
2021-02-12,0.0,6.5,20.1,13.3,2.8,11.7,48.0,86.0,25.0,4.7
2021-02-13,0.0,5.0,18.2,11.6,1.7,5.3,50.0,80.0,28.0,2.8
2021-02-14,0.0,3.1,16.2,9.6,2.2,6.7,64.0,82.0,42.0,6.0
2021-02-15,0.0,4.4,14.8,9.6,2.2,7.8,62.0,80.0,46.0,1.0
2021-02-16,0.0,-0.4,17.1,8.4,1.7,6.4,63.0,90.0,39.0,6.4
2021-02-17,0.0,4.6,21.7,13.2,2.5,7.8,39.0,69.0,22.0,6.2
2021-02-18,0.0,1.7,20.0,10.8,2.2,7.5,45.0,78.0,25.0,6.5
2021-02-19,0.0,5.4,22.1,13.8,3.3,7.5,38.0,60.0,21.0,6.5
2021-02-20,0.0,3.8,18.2,11.0,2.2,6.4,60.0,86.0,21.0,5.7
2021-02-21,4.8,5.3,13.2,9.2,1.1,11.7,76.0,90.0,62.0,0.1
2021-02-22,0.0,3.1,14.5,8.8,1.9,12.5,51.0,89.0,32.0,6.0
2021-02-23,0.0,5.0,15.4,10.2,1.1,7.2,62.0,85.0,41.0,3.2
2021-02-24,0.0,6.4,15.4,10.9,2.2,7.8,66.0,86.0,47.0,3.4
2021-02-25,0.0,5.1,15.3,10.2,1.9,6.4,72.0,88.0,59.0,2.7
2021-02-26,0.0,6.1,12.6,9.4,1.7,4.7,77.0,90.0,60.0,0.0
2021-02-27,0.0,5.5,14.5,10.0,0.8,5.8,66.0,88.0,48.0,4.2
2021-02-28,0.2,7.1,10.3,8.7,1.7,6.4,79.0,86.0,70.0,0.0
2021-03-01,0.2,7.9,10.9,9.4,1.4,6.1,80.0,88.0,74.0,0.0
2021-03-02,0.0,8.9,14.2,11.6,2.8,7.5,72.0,85.0,61.0,0.4
2021-03-03,0.0,8.2,14.8,11.5,1.7,7.2,71.0,89.0,58.0,0.2
2021-03-04,0.0,4.9,15.0,10.0,1.9,7.2,65.0,89.0,39.0,3.8
2021-03-05,0.0,5.0,13.6,9.3,1.9,5.6,76.0,88.0,63.0,1.6
2021-03-06,21.8,8.5,12.1,10.3,1.4,6.1,79.0,90.0,63.0,0.6
2021-03-07,6.0,7.9,12.2,10.0,1.7,6.7,83.0,92.0,64.0,1.9
2021-03-08,3.0,5.6,14.2,9.9,1.7,5.3,77.0,91.0,55.0,2.2
2021-03-09,2.4,5.9,13.2,9.6,1.7,5.6,79.0,90.0,61.0,1.0
2021-03-10,0.0,2.9,17.3,10.1,1.4,6.1,61.0,92.0,34.0,7.8
2021-03-11,0.0,4.1,21.8,13.0,2.2,7.5,51.0,76.0,24.0,7.9
2021-03-12,0.0,6.6,21.6,14.1,2.5,11.7,54.0,78.0,33.0,7.6
2021-03-13,0.0,4.1,20.4,12.2,1.4,6.9,60.0,85.0,38.0,6.7
2021-03-14,0.0,5.2,18.1,11.6,1.9,12.5,47.0,75.0,30.0,8.3
2021-03-15,0.0,3.6,19.0,11.3,1.9,5.8,52.0,79.0,33.0,8.3
2021-03-16,0.0,2.7,17.4,10.0,1.9,6.9,58.0,87.0,38.0,8.6
2021-03-17,0.0,2.3,19.8,11.0,1.7,6.1,51.0,90.0,27.0,8.7
2021-03-18,0.0,1.1,11.1,6.1,1.9,10.6,76.0,88.0,55.0,1.8
2021-03-19,10.4,-0.2,11.3,5.6,1.4,8.6,60.0,91.0,38.0,4.9
2021-03-20,0.0,0.9,9.4,5.2,3.9,14.2,56.0,88.0,43.0,4.0
2021-03-21,0.0,-1.8,13.8,6.0,2.2,8.6,54.0,89.0,25.0,8.3
2021-03-22,0.0,2.5,16.8,9.6,1.9,6.1,47.0,72.0,31.0,8.7
2021-03-23,0.0,3.8,21.5,12.6,3.1,7.5,41.0,71.0,21.0,8.5
2021-03-24,0.0,6.4,21.1,13.8,2.8,7.2,46.0,69.0,30.0,8.1
2021-03-25,0.0,7.1,23.5,15.3,2.8,7.5,43.0,73.0,25.0,7.9
2021-03-26,0.0,6.2,23.2,14.7,2.2,6.7,47.0,81.0,27.0,7.0
2021-03-27,0.0,6.3,19.9,13.1,2.2,8.1,54.0,79.0,39.0,6.6
2021-03-28,0.0,3.2,18.8,11.0,3.1,8.3,54.0,89.0,31.0,6.2
2021-03-29,0.0,5.5,19.4,12.4,1.9,8.3,59.0,86.0,37.0,5.6
2021-03-30,0.0,4.9,19.9,12.4,1.9,10.0,60.0,92.0,34.0,7.9
2021-03-31,0.0,3.3,20.0,11.6,1.9,8.6,45.0,75.0,23.0,
2021-04-01,0.0,6.8,20.5,13.6,1.9,6.4,51.0,80.0,31.0,5.0
2021-04-02,0.0,5.8,24.5,15.2,1.9,8.9,42.0,89.0,24.0,7.8
2021-04-03,2.0,7.5,21.1,14.3,2.2,9.2,65.0,86.0,33.0,5.7
2021-04-04,0.0,5.7,20.4,13.0,1.9,8.6,65.0,89.0,37.0,8.1
2021-04-05,0.0,9.7,20.9,15.3,1.7,6.4,63.0,89.0,42.0,4.8
2021-04-06,0.0,8.9,26.5,17.7,2.2,7.2,35.0,78.0,19.0,7.2
2021-04-07,0.2,8.1,14.3,11.2,2.8,8.1,75.0,91.0,49.0,0.0
2021-04-08,1.0,5.5,13.1,9.3,1.4,5.3,74.0,91.0,61.0,0.0
2021-04-09,0.0,6.0,13.0,9.5,1.7,4.4,82.0,91.0,72.0,0.2
2021-04-10,1.0,7.6,19.9,13.8,2.8,7.5,77.0,91.0,53.0,2.3
2021-04-11,1.6,5.6,21.7,13.6,1.4,6.7,71.0,91.0,32.0,5.5
2021-04-12,0.2,8.5,18.4,13.4,1.4,6.7,70.0,88.0,52.0,1.2
2021-04-13,0.2,7.7,20.1,13.9,2.2,7.8,57.0,87.0,42.0,10.7
2021-04-14,2.0,7.2,16.4,11.8,1.9,6.4,76.0,90.0,54.0,1.2
2021-04-15,6.4,7.2,10.2,8.7,2.2,9.2,81.0,90.0,68.0,0.0
2021-04-16,1.2,3.0,17.8,10.4,1.9,11.4,67.0,91.0,27.0,9.0
2021-04-17,0.0,6.1,17.2,11.6,2.8,8.1,60.0,91.0,30.0,5.4
2021-04-18,0.0,1.3,18.7,10.0,2.5,11.7,55.0,90.0,27.0,12.0
2021-04-19,0.0,4.9,24.8,14.8,1.9,8.3,39.0,87.0,18.0,9.0
2021-04-20,0.0,10.5,21.7,16.1,2.2,7.2,50.0,89.0,32.0,5.9
2021-04-21,2.4,9.7,21.4,15.6,1.9,6.1,69.0,91.0,34.0,4.0
2021-04-22,14.4,10.8,19.0,14.9,0.8,6.4,80.0,91.0,52.0,2.4
2021-04-23,0.6,9.4,14.7,12.0,1.7,6.1,82.0,91.0,70.0,0.0
2021-04-24,4.4,9.2,14.1,11.6,1.4,7.5,80.0,89.0,67.0,1.7
2021-04-25,12.4,9.4,18.2,13.8,1.7,11.1,70.0,91.0,61.0,2.3
2021-04-26,29.6,10.5,19.8,15.2,1.7,10.8,81.0,91.0,56.0,6.0
2021-04-27,0.0,8.3,21.3,14.8,2.2,7.8,66.0,90.0,42.0,6.2
2021-04-28,1.0,8.1,21.9,15.0,3.6,7.8,62.0,90.0,41.0,6.5
2021-04-29,0.0,6.2,23.6,14.9,2.2,8.3,48.0,89.0,29.0,8.3
2021-04-30,5.8,7.1,21.2,14.2,2.2,6.9,61.0,90.0,38.0,7.9
2021-05-01,0.0,8.2,22.0,15.1,2.5,8.6,43.0,91.0,21.0,8.9
2021-05-02,0.0,7.2,21.2,14.2,2.5,10.0,51.0,84.0,28.0,11.0
2021-05-03,2.8,10.4,16.2,13.3,1.9,6.1,74.0,90.0,55.0,1.3
2021-05-04,0.0,9.0,22.7,15.8,1.7,6.9,59.0,90.0,40.0,10.2
2021-05-05,0.0,7.8,24.9,16.4,2.2,7.5,43.0,83.0,25.0,12.7
2021-05-06,0.0,9.3,28.4,18.8,1.7,8.3,40.0,86.0,24.0,11.8
2021-05-07,0.0,12.9,29.4,21.2,2.8,8.3,33.0,72.0,20.0,12.5
2021-05-08,0.4,10.7,29.0,19.8,2.5,9.2,37.0,80.0,21.0,11.6
2021-05-09,0.2,13.5,28.4,21.0,2.8,17.2,50.0,77.0,15.0,9.3
2021-05-10,0.0,10.7,21.6,16.2,2.8,11.9,46.0,78.0,23.0,7.1
2021-05-11,0.0,6.3,21.9,14.1,2.5,13.9,29.0,74.0,20.0,12.9
2021-05-12,0.0,8.1,26.2,17.2,2.8,11.7,34.0,62.0,21.0,12.1
2021-05-13,0.0,9.7,26.9,18.3,2.2,9.2,33.0,76.0,21.0,11.4
2021-05-14,0.0,10.2,26.8,18.5,2.2,8.9,38.0,72.0,19.0,12.9
2021-05-15,0.0,10.9,31.7,21.3,1.7,7.5,29.0,70.0,18.0,13.0
2021-05-16,0.0,10.8,35.0,22.9,2.2,8.9,21.0,66.0,9.0,13.3
2021-05-17,0.0,11.5,29.9,20.7,2.8,11.7,45.0,83.0,27.0,11.8
2021-05-18,0.0,9.7,28.8,19.2,2.2,6.9,50.0,92.0,31.0,12.9
2021-05-19,0.0,14.4,28.5,21.4,2.8,8.9,47.0,81.0,27.0,12.8
2021-05-20,0.0,14.0,27.3,20.6,1.9,6.9,46.0,90.0,27.0,11.9
2021-05-21,0.0,12.2,29.8,21.0,1.7,7.5,38.0,78.0,23.0,12.9
2021-05-22,0.0,14.6,29.1,21.8,2.8,9.4,39.0,74.0,20.0,10.0
2021-05-23,47.9,10.4,15.7,13.0,1.9,7.2,85.0,91.0,70.0,0.0
2021-05-24,0.0,7.5,26.1,16.8,1.7,6.9,45.0,91.0,26.0,12.4
2021-05-25,0.0,9.7,24.5,17.1,3.3,8.9,57.0,87.0,33.0,10.1
2021-05-26,0.0,12.8,24.1,18.4,1.9,7.8,53.0,89.0,39.0,12.4
2021-05-27,1.0,9.7,22.2,16.0,1.4,7.5,61.0,86.0,32.0,4.4
2021-05-28,0.0,12.3,23.2,17.8,1.4,7.5,58.0,88.0,43.0,
2021-05-29,0.0,11.1,29.0,20.0,1.9,8.6,44.0,90.0,22.0,13.1
2021-05-30,0.0,12.9,27.3,20.1,2.2,6.9,49.0,88.0,34.0,7.5
2021-05-31,0.0,13.3,25.1,19.2,0.8,6.7,58.0,85.0,40.0,3.2
2021-06-01,0.0,13.9,26.4,20.2,1.7,10.3,64.0,88.0,46.0,6.3
2021-06-02,0.0,13.1,26.9,20.0,2.2,8.9,60.0,87.0,43.0,10.5
2021-06-03,0.4,12.8,26.4,19.6,2.5,8.1,68.0,91.0,45.0,7.2
2021-06-04,0.6,15.1,27.3,21.2,1.7,8.3,62.0,89.0,37.0,5.9
2021-06-05,15.2,12.8,22.0,17.4,1.9,7.8,82.0,91.0,62.0,0.8
2021-06-06,0.0,11.6,27.4,19.5,3.1,8.6,54.0,90.0,32.0,13.2
2021-06-07,0.0,12.2,30.6,21.4,1.7,8.3,46.0,91.0,30.0,13.4
2021-06-08,0.0,12.4,33.4,22.9,1.7,8.6,38.0,80.0,18.0,10.9
2021-06-09,0.0,14.7,33.9,24.3,2.8,7.5,29.0,69.0,16.0,13.2
2021-06-10,0.0,12.8,31.4,22.1,2.8,8.1,32.0,83.0,25.0,13.3
2021-06-11,0.0,14.5,29.8,22.2,2.8,9.7,37.0,70.0,25.0,12.4
2021-06-12,0.0,12.6,29.1,20.8,2.8,12.2,37.0,79.0,23.0,13.1
2021-06-13,0.0,13.0,30.3,21.6,2.8,10.0,34.0,82.0,23.0,13.1
2021-06-14,0.0,13.4,33.1,23.2,2.2,7.8,28.0,67.0,16.0,11.9
2021-06-15,0.0,14.8,30.4,22.6,3.3,9.2,33.0,65.0,25.0,9.7
2021-06-16,21.4,16.1,30.9,23.5,2.2,8.1,46.0,72.0,24.0,6.0
2021-06-17,0.2,15.4,28.2,21.8,1.9,11.9,55.0,90.0,25.0,9.1
2021-06-18,0.0,14.1,24.7,19.4,1.9,7.2,59.0,83.0,49.0,1.2
2021-06-19,0.2,15.8,25.5,20.6,2.2,6.7,67.0,89.0,49.0,5.2
2021-06-20,0.2,13.6,27.6,20.6,1.9,7.2,44.0,89.0,29.0,10.3
2021-06-21,0.0,13.6,31.6,22.6,3.1,10.0,33.0,79.0,14.0,12.7
2021-06-22,0.0,11.3,28.8,20.0,1.7,8.1,33.0,79.0,24.0,10.0
2021-06-23,0.0,11.7,28.1,19.9,2.5,10.0,43.0,83.0,29.0,10.1
2021-06-24,0.0,15.2,28.3,21.8,2.5,9.4,48.0,87.0,33.0,13.2
2021-06-25,0.0,11.8,29.3,20.6,2.2,7.8,41.0,81.0,31.0,13.6
2021-06-26,0.0,13.2,32.9,23.0,2.5,12.2,31.0,72.0,17.0,13.3
2021-06-27,0.0,14.8,33.5,24.2,2.2,8.1,30.0,64.0,22.0,12.8
2021-06-28,0.0,15.4,33.7,24.6,2.5,11.1,25.0,62.0,16.0,13.6
2021-06-29,0.0,13.5,32.8,23.2,1.9,10.0,26.0,85.0,12.0,13.6
2021-06-30,0.0,14.8,30.7,22.8,2.8,8.6,55.0,90.0,36.0,11.2
2021-07-01,0.0,14.4,32.9,23.6,2.8,8.1,47.0,88.0,27.0,13.1
2021-07-02,0.0,16.7,36.0,26.4,2.5,7.8,29.0,80.0,20.0,13.4
2021-07-03,0.0,16.6,37.9,27.2,3.1,8.6,18.0,59.0,10.0,13.5
2021-07-04,0.0,18.9,39.9,29.4,1.9,8.9,20.0,40.0,12.0,13.2
2021-07-05,0.0,17.4,37.2,27.3,2.5,9.7,29.0,55.0,17.0,13.5
2021-07-06,0.0,17.4,39.9,28.6,2.2,9.7,20.0,60.0,8.0,13.4
2021-07-07,0.0,16.3,31.7,24.0,2.2,8.1,45.0,77.0,28.0,6.4
2021-07-08,0.0,14.4,31.1,22.8,2.2,9.4,49.0,83.0,34.0,12.1
2021-07-09,0.0,16.9,29.8,23.4,3.3,8.6,54.0,89.0,36.0,9.9
2021-07-10,0.0,15.0,35.3,25.2,2.2,7.5,31.0,78.0,16.0,12.4
2021-07-11,0.0,18.5,35.0,26.8,1.4,6.9,42.0,69.0,16.0,10.0
2021-07-12,0.0,20.0,39.0,29.5,5.0,15.0,13.0,28.0,6.0,11.6
2021-07-13,0.0,14.7,31.1,22.9,3.3,8.9,28.0,77.0,16.0,13.4
2021-07-14,0.0,12.9,31.5,22.2,2.2,8.6,46.0,81.0,27.0,11.5
2021-07-15,0.0,13.8,29.3,21.6,2.5,8.6,45.0,82.0,32.0,12.5
2021-07-16,0.0,13.2,34.8,24.0,2.2,8.9,40.0,84.0,20.0,13.3
2021-07-17,0.0,15.1,36.0,25.6,2.2,7.5,36.0,76.0,21.0,13.0
2021-07-18,0.0,14.1,36.6,25.4,2.8,7.5,35.0,76.0,19.0,11.2
2021-07-19,0.0,16.6,34.3,25.4,2.5,8.9,39.0,86.0,26.0,12.2
2021-07-20,0.0,16.7,36.8,26.8,2.5,8.6,37.0,84.0,17.0,12.5
2021-07-21,0.0,15.8,38.5,27.2,1.4,13.3,33.0,78.0,12.0,13.0
2021-07-22,0.0,16.1,37.4,26.8,3.1,10.3,23.0,64.0,13.0,13.1
2021-07-23,0.0,17.7,41.5,29.6,1.7,6.9,26.0,55.0,10.0,9.1
2021-07-24,0.0,19.9,42.0,31.0,3.3,13.9,19.0,55.0,8.0,12.0
2021-07-25,0.0,17.8,35.4,26.6,2.8,8.3,22.0,69.0,11.0,
2021-07-26,15.8,16.9,29.6,23.2,1.9,9.7,55.0,89.0,31.0,6.5
2021-07-27,0.0,15.8,31.8,23.8,2.2,8.9,54.0,90.0,34.0,12.8
2021-07-28,0.0,16.9,33.3,25.1,2.5,10.0,46.0,86.0,31.0,13.0
2021-07-29,0.0,15.4,33.2,24.3,2.2,8.1,48.0,86.0,34.0,12.6
2021-07-30,0.0,17.6,38.0,27.8,2.8,8.1,28.0,85.0,12.0,12.2
2021-07-31,0.0,15.5,36.1,25.8,3.1,12.8,19.0,59.0,9.0,12.7
2021-08-01,0.0,15.2,32.0,23.6,3.1,10.0,36.0,77.0,21.0,9.1
2021-08-02,0.0,17.2,28.2,22.7,2.5,8.3,61.0,88.0,38.0,5.8
2021-08-03,0.0,15.2,32.2,23.7,1.7,9.4,45.0,89.0,19.0,12.8
2021-08-04,0.0,18.9,37.7,28.3,3.1,8.6,29.0,73.0,14.0,10.9
2021-08-05,0.0,17.0,35.6,26.3,2.2,7.5,34.0,62.0,24.0,12.8
2021-08-06,0.0,20.0,39.2,29.6,3.6,9.7,18.0,49.0,11.0,12.8
2021-08-07,0.0,20.3,39.3,29.8,3.3,10.0,17.0,48.0,9.0,12.8
2021-08-08,0.0,16.9,32.8,24.8,2.8,11.9,43.0,77.0,24.0,10.5
2021-08-09,0.0,19.2,31.4,25.3,2.5,7.5,55.0,86.0,36.0,7.8
2021-08-10,0.2,17.4,31.4,24.4,1.1,6.7,53.0,76.0,32.0,4.6
2021-08-11,0.2,19.4,35.1,27.2,2.5,7.2,45.0,74.0,30.0,8.1
2021-08-12,0.0,21.1,41.7,31.4,2.5,10.3,30.0,61.0,11.0,6.2
2021-08-13,0.0,20.9,40.8,30.8,1.9,8.1,26.0,56.0,13.0,10.6
2021-08-14,0.0,20.4,43.9,32.2,1.4,10.6,27.0,63.0,6.0,9.2
2021-08-15,0.0,21.6,44.6,33.1,3.3,17.5,18.0,53.0,7.0,7.8
2021-08-16,1.4,22.3,43.9,33.1,2.5,10.6,35.0,84.0,8.0,7.6
2021-08-17,0.0,22.7,31.8,27.2,2.8,9.2,52.0,81.0,38.0,11.2
2021-08-18,0.0,20.8,34.2,27.5,2.2,9.7,53.0,82.0,29.0,7.5
2021-08-19,0.0,17.3,30.4,23.8,2.2,7.2,64.0,88.0,46.0,7.6
2021-08-20,0.0,17.8,33.1,25.4,2.5,10.0,53.0,88.0,32.0,11.9
2021-08-21,0.0,15.9,34.7,25.3,2.2,7.2,45.0,87.0,20.0,10.8
2021-08-22,0.0,18.1,34.8,26.4,2.5,8.6,29.0,75.0,14.0,5.0
2021-08-23,0.0,16.7,32.6,24.6,2.2,8.3,39.0,72.0,19.0,6.7
2021-08-24,0.6,16.8,29.2,23.0,2.5,7.2,58.0,80.0,32.0,6.4
2021-08-25,0.0,18.3,32.1,25.2,2.5,8.9,48.0,84.0,31.0,8.6
2021-08-26,0.0,15.8,33.9,24.8,1.9,7.8,44.0,87.0,26.0,11.7
2021-08-27,0.0,15.8,37.9,26.8,1.9,9.7,31.0,70.0,13.0,11.9
2021-08-28,0.0,18.5,37.0,27.8,1.4,9.7,34.0,67.0,16.0,9.6
2021-08-29,1.0,16.5,33.4,25.0,1.9,8.1,49.0,83.0,28.0,8.1
2021-08-30,9.2,17.1,32.8,25.0,1.7,8.9,68.0,89.0,33.0,8.5
2021-08-31,0.2,17.9,29.2,23.6,1.9,8.6,67.0,91.0,45.0,8.9
2021-09-01,3.4,16.7,28.6,22.6,2.2,7.2,65.0,88.0,44.0,5.1
2021-09-02,3.8,15.8,29.2,22.5,1.7,8.9,80.0,90.0,46.0,6.8
2021-09-03,0.0,17.4,30.5,24.0,2.5,6.9,54.0,89.0,33.0,11.2
2021-09-04,0.0,15.6,31.4,23.5,1.9,9.2,54.0,87.0,28.0,11.5
2021-09-05,0.0,15.7,32.1,23.9,2.8,8.3,45.0,84.0,32.0,11.8
2021-09-06,0.0,17.6,34.4,26.0,1.4,6.9,42.0,75.0,17.0,9.1
2021-09-07,0.0,18.6,34.7,26.6,2.5,7.5,37.0,79.0,21.0,8.8
2021-09-08,0.0,16.0,33.1,24.6,1.9,7.8,38.0,82.0,19.0,11.5
2021-09-09,0.0,17.3,31.3,24.3,1.9,8.9,35.0,64.0,23.0,9.3
2021-09-10,0.0,16.9,32.0,24.4,2.8,7.2,37.0,67.0,20.0,7.7
2021-09-11,0.0,14.5,32.6,23.6,2.8,8.6,40.0,76.0,23.0,10.2
2021-09-12,0.0,14.3,33.0,23.6,2.5,9.2,44.0,75.0,22.0,11.5
2021-09-13,1.8,19.0,30.6,24.8,1.9,8.6,57.0,87.0,29.0,2.5
2021-09-14,0.0,16.9,25.4,21.2,1.4,9.2,68.0,89.0,47.0,2.0
2021-09-15,0.0,15.5,32.0,23.8,2.5,7.2,44.0,81.0,24.0,8.3
2021-09-16,0.0,14.0,28.9,21.4,1.7,10.0,55.0,88.0,34.0,8.5
2021-09-17,0.0,15.1,29.3,22.2,1.9,6.1,51.0,82.0,30.0,7.2
2021-09-18,0.0,14.3,30.5,22.4,1.7,8.6,47.0,80.0,28.0,7.8
2021-09-19,0.0,13.6,28.5,21.0,2.2,8.3,52.0,85.0,28.0,10.0
2021-09-20,6.6,14.1,28.7,21.4,1.9,7.5,68.0,90.0,38.0,6.0
2021-09-21,8.2,14.2,20.3,17.2,1.9,8.3,78.0,90.0,58.0,1.4
2021-09-22,0.0,14.2,22.7,18.4,2.2,8.3,68.0,90.0,52.0,4.3
2021-09-23,0.0,15.0,23.8,19.4,1.9,8.6,70.0,89.0,53.0,3.4
2021-09-24,0.6,18.2,26.3,22.2,1.9,11.1,64.0,89.0,51.0,3.5
2021-09-25,0.0,16.2,30.2,23.2,3.1,8.6,64.0,89.0,33.0,6.5
2021-09-26,0.0,13.0,26.9,20.0,2.2,5.8,52.0,86.0,31.0,9.8
2021-09-27,0.0,12.7,30.0,21.4,1.4,6.9,48.0,83.0,21.0,9.4
2021-09-28,0.0,10.8,28.4,19.6,1.4,7.8,50.0,79.0,27.0,9.9
2021-09-29,0.0,11.9,30.0,21.0,2.8,8.9,47.0,87.0,22.0,9.6
2021-09-30,0.0,14.6,28.4,21.5,2.5,6.9,62.0,89.0,34.0,8.3
2021-10-01,0.0,13.2,27.5,20.4,1.4,6.1,65.0,90.0,40.0,7.8
2021-10-02,0.0,12.1,27.0,19.6,1.9,7.2,63.0,83.0,41.0,8.2
2021-10-03,11.4,11.5,28.8,20.2,1.1,13.6,52.0,89.0,22.0,8.4
2021-10-04,0.0,10.1,22.1,16.1,2.2,6.9,40.0,73.0,25.0,6.5
2021-10-05,0.0,8.3,25.8,17.0,2.5,7.5,46.0,74.0,24.0,9.4
2021-10-06,0.0,11.7,26.6,19.2,2.2,6.9,58.0,85.0,32.0,9.0
2021-10-07,0.0,12.4,25.3,18.8,2.5,5.8,64.0,91.0,44.0,5.7
2021-10-08,0.0,9.4,25.4,17.4,2.2,6.7,66.0,88.0,44.0,6.5
2021-10-09,0.0,14.4,26.0,20.2,2.2,6.9,68.0,90.0,39.0,7.5
2021-10-10,0.0,12.8,25.3,19.0,1.7,6.4,61.0,88.0,39.0,5.5
2021-10-11,0.0,12.7,22.7,17.7,1.7,6.7,68.0,90.0,46.0,3.1
2021-10-12,0.0,12.9,24.7,18.8,1.7,6.4,65.0,87.0,43.0,7.3
2021-10-13,0.0,10.0,24.8,17.4,1.4,6.9,60.0,90.0,36.0,9.7
2021-10-14,0.0,13.4,25.5,19.4,1.9,6.9,57.0,86.0,34.0,7.5
2021-10-15,0.0,9.7,25.3,17.5,2.5,6.4,57.0,86.0,29.0,8.6
2021-10-16,0.0,10.4,28.2,19.3,2.5,7.2,43.0,79.0,18.0,8.5
2021-10-17,0.0,13.1,26.1,19.6,1.4,6.1,52.0,81.0,29.0,4.6
2021-10-18,0.0,9.4,25.0,17.2,1.1,6.1,66.0,91.0,39.0,8.2
2021-10-19,0.0,9.8,23.4,16.6,1.7,6.4,67.0,90.0,46.0,6.0
2021-10-20,0.0,6.0,26.3,16.2,2.5,6.4,42.0,87.0,22.0,9.3
2021-10-21,0.0,12.5,27.6,20.0,2.8,7.2,45.0,77.0,28.0,7.4
2021-10-22,0.0,10.2,16.1,13.2,2.2,6.4,80.0,87.0,77.0,0.0
2021-10-23,0.0,9.0,20.7,14.8,1.7,6.7,67.0,90.0,41.0,7.1
2021-10-24,0.0,7.2,22.2,14.7,1.9,6.4,58.0,88.0,29.0,9.2
2021-10-25,0.0,6.1,22.3,14.2,1.4,6.1,56.0,86.0,24.0,9.3
2021-10-26,0.4,7.6,19.6,13.6,1.4,5.3,73.0,90.0,50.0,3.1
2021-10-27,0.0,10.4,21.0,15.7,0.6,4.7,70.0,91.0,44.0,4.1
2021-10-28,0.0,8.4,21.6,15.0,3.1,7.2,63.0,87.0,38.0,6.4
2021-10-29,0.0,10.8,23.9,17.4,1.9,7.8,56.0,82.0,27.0,4.5
2021-10-30,0.8,17.6,21.9,19.8,3.3,13.6,59.0,72.0,55.0,0.0
2021-10-31,0.0,16.8,24.4,20.6,2.8,12.5,59.0,86.0,42.0,0.7
2021-11-01,0.0,16.2,24.3,20.2,2.5,10.8,53.0,70.0,43.0,1.1
2021-11-02,0.0,10.3,23.2,16.8,3.3,12.5,42.0,68.0,29.0,4.0
2021-11-03,0.0,5.3,16.9,11.1,3.9,17.2,41.0,71.0,25.0,7.5
2021-11-04,0.0,2.8,15.3,9.0,1.9,9.4,55.0,80.0,29.0,5.1
2021-11-05,0.4,2.5,14.7,8.6,1.9,10.8,49.0,78.0,33.0,8.0
2021-11-06,0.0,1.8,15.0,8.4,2.2,10.8,45.0,78.0,17.0,7.2
2021-11-07,0.0,-0.9,17.2,8.2,1.1,8.3,46.0,79.0,16.0,8.5
2021-11-08,0.0,1.7,18.5,10.1,1.7,8.6,51.0,71.0,30.0,7.6
2021-11-09,0.0,2.7,18.0,10.4,1.4,6.1,58.0,82.0,37.0,8.6
2021-11-10,0.0,3.1,18.6,10.8,1.7,7.5,58.0,87.0,33.0,4.7
2021-11-11,0.0,5.4,20.6,13.0,2.8,6.9,44.0,68.0,27.0,8.2
2021-11-12,0.0,3.8,18.9,11.4,1.9,8.6,58.0,81.0,37.0,6.7
2021-11-13,0.0,6.2,20.6,13.4,1.9,5.8,52.0,79.0,33.0,8.0
2021-11-14,0.0,4.3,21.6,13.0,1.7,7.5,52.0,86.0,22.0,8.0
2021-11-15,0.0,6.0,15.8,10.9,2.2,11.4,44.0,61.0,29.0,7.1
2021-11-16,0.0,2.8,16.8,9.8,2.5,7.5,49.0,74.0,29.0,8.0
2021-11-17,1.0,1.5,16.0,8.8,1.7,6.9,64.0,86.0,42.0,8.0
2021-11-18,3.4,7.8,11.7,9.8,1.4,8.3,87.0,90.0,76.0,0.1
2021-11-19,13.2,8.8,11.5,10.2,1.4,5.8,85.0,90.0,77.0,0.0
2021-11-20,26.8,10.3,11.8,11.0,2.8,7.5,90.0,92.0,85.0,0.0
2021-11-21,0.4,9.5,15.0,12.2,1.1,4.2,76.0,92.0,64.0,0.3
2021-11-22,5.0,7.4,14.5,11.0,1.4,7.5,81.0,90.0,59.0,1.8
2021-11-23,2.2,1.4,12.1,6.8,1.4,6.4,68.0,90.0,44.0,7.9
2021-11-24,0.0,2.6,11.0,6.8,2.8,9.2,65.0,91.0,41.0,4.1
2021-11-25,0.0,2.4,14.1,8.2,2.2,12.2,58.0,90.0,39.0,5.5
2021-11-26,0.0,1.4,13.0,7.2,1.9,8.3,58.0,85.0,37.0,6.0
2021-11-27,1.2,2.7,13.6,8.2,2.5,14.7,45.0,87.0,33.0,7.0
2021-11-28,0.0,3.8,10.0,6.9,4.7,15.0,40.0,53.0,30.0,7.9
2021-11-29,0.0,5.6,17.1,11.4,1.9,12.5,53.0,73.0,32.0,7.1
2021-11-30,0.0,3.2,15.2,9.2,1.9,7.2,61.0,85.0,41.0,7.9
2021-12-01,1.0,2.3,17.8,10.0,2.8,10.6,49.0,84.0,24.0,7.9
2021-12-02,0.0,6.1,11.7,8.9,3.6,14.7,54.0,89.0,33.0,5.0
2021-12-03,0.0,2.1,15.1,8.6,2.5,9.7,44.0,70.0,27.0,8.0
2021-12-04,0.0,2.8,18.7,10.8,2.2,8.6,51.0,77.0,26.0,7.0
2021-12-05,0.0,1.9,16.1,9.0,2.5,13.3,49.0,86.0,18.0,7.7
2021-12-06,0.0,7.3,17.2,12.2,2.5,9.7,42.0,58.0,22.0,7.8
2021-12-07,0.0,4.8,21.3,13.0,2.2,8.9,54.0,80.0,32.0,7.6
2021-12-08,0.0,8.7,15.5,12.1,3.1,14.2,49.0,74.0,31.0,6.5
2021-12-09,0.0,4.9,16.5,10.7,3.6,14.4,47.0,60.0,30.0,7.4
2021-12-10,0.0,10.1,17.5,13.8,4.4,13.9,51.0,60.0,41.0,4.3
2021-12-11,0.0,9.5,20.6,15.0,1.7,10.0,44.0,68.0,30.0,7.7
2021-12-12,0.0,4.6,17.0,10.8,1.7,5.8,65.0,84.0,42.0,7.6
2021-12-13,0.0,1.2,16.2,8.7,1.4,5.8,72.0,91.0,42.0,7.6
2021-12-14,0.0,1.4,15.4,8.4,1.9,5.8,60.0,89.0,37.0,7.5
2021-12-15,0.0,-0.7,12.5,5.9,1.1,4.7,76.0,91.0,56.0,2.6
2021-12-16,0.0,2.8,11.3,7.0,0.8,4.7,78.0,91.0,65.0,0.0
2021-12-17,1.6,7.1,11.2,9.2,1.4,4.4,81.0,91.0,65.0,0.7
2021-12-18,1.0,7.0,9.0,8.0,0.8,5.0,89.0,92.0,85.0,0.0
2021-12-19,0.0,5.2,10.7,8.0,0.8,6.4,85.0,91.0,76.0,0.0
2021-12-20,0.0,2.3,15.7,9.0,1.1,6.4,75.0,89.0,46.0,7.0
2021-12-21,0.0,7.0,17.1,12.0,1.9,8.1,69.0,86.0,56.0,1.3
2021-12-22,0.0,5.3,17.1,11.2,0.6,6.4,70.0,89.0,53.0,4.2
2021-12-23,0.0,7.7,11.4,9.6,2.2,5.8,82.0,89.0,77.0,0.0
2021-12-24,0.2,7.3,16.4,11.8,0.6,7.2,84.0,91.0,59.0,0.7
2021-12-25,0.0,5.4,16.2,10.8,2.8,10.0,65.0,83.0,51.0,2.1
2021-12-26,0.0,9.0,18.5,13.8,1.9,9.4,59.0,83.0,42.0,2.5
2021-12-27,0.0,10.8,21.8,16.3,4.2,12.5,44.0,81.0,28.0,6.7
2021-12-28,0.0,6.7,22.9,14.8,1.4,10.0,45.0,73.0,18.0,6.9
2021-12-29,0.0,4.1,17.5,10.8,2.5,6.7,54.0,77.0,31.0,7.6
2021-12-30,0.0,4.5,21.5,13.0,1.7,7.5,30.0,48.0,17.0,7.6
2021-12-31,0.0,7.7,23.4,15.6,1.9,7.8,31.0,53.0,15.0,7.7
2022-01-01,0.0,,22.8,,,7.5,,,19.0,
2022-01-02,0.0,,23.6,,,7.8,,,14.0,
2022-01-03,0.0,5.8,21.1,13.4,2.8,8.1,36.0,62.0,19.0,7.8
2022-01-04,0.8,7.4,21.7,14.6,3.3,12.8,44.0,82.0,26.0,7.5
2022-01-05,2.4,3.9,11.8,7.8,3.1,13.3,51.0,87.0,37.0,5.3
2022-01-06,0.0,-0.5,12.3,5.9,1.4,7.8,61.0,91.0,19.0,7.6
2022-01-07,0.0,-0.7,13.4,6.4,1.4,8.6,55.0,77.0,28.0,7.7
2022-01-08,0.0,0.3,14.4,7.4,1.9,7.5,44.0,76.0,27.0,7.2
2022-01-09,0.0,1.6,19.1,10.4,3.3,12.2,26.0,53.0,14.0,7.8
2022-01-10,0.0,10.8,19.9,15.4,3.3,11.9,44.0,63.0,31.0,5.0
2022-01-11,0.0,2.8,13.6,8.2,1.1,7.2,69.0,88.0,51.0,4.0
2022-01-12,0.8,2.3,13.6,8.0,2.5,5.8,65.0,92.0,37.0,7.1
2022-01-13,0.2,2.2,11.2,6.7,1.9,6.7,72.0,91.0,45.0,4.2
2022-01-14,0.0,1.3,9.8,5.6,0.8,5.6,70.0,90.0,46.0,4.2
2022-01-15,0.0,-0.3,12.0,5.8,1.7,5.8,64.0,86.0,39.0,8.0
2022-01-16,0.0,-2.2,12.8,5.3,2.5,6.9,57.0,85.0,35.0,8.0
2022-01-17,0.0,-2.5,12.8,5.2,1.9,6.4,55.0,81.0,31.0,8.0
2022-01-18,0.0,-3.5,13.0,4.8,1.7,6.1,47.0,77.0,20.0,8.1
2022-01-19,0.0,-2.6,11.6,4.5,1.9,6.7,55.0,76.0,40.0,8.1
2022-01-20,0.0,-2.8,11.4,4.3,2.2,7.5,55.0,85.0,34.0,7.8
2022-01-21,0.2,-1.8,11.8,5.0,1.9,6.7,59.0,87.0,33.0,8.1
2022-01-22,0.6,3.1,7.5,5.3,0.6,4.2,88.0,91.0,81.0,0.1
2022-01-23,0.6,3.8,7.7,5.8,0.8,4.7,86.0,92.0,77.0,0.0
2022-01-24,2.6,2.3,9.4,5.8,1.1,5.0,79.0,91.0,64.0,2.4
2022-01-25,4.6,5.1,9.1,7.1,1.4,5.0,86.0,91.0,74.0,0.1
2022-01-26,0.0,5.2,7.9,6.6,1.1,4.2,83.0,87.0,78.0,0.0
2022-01-27,0.2,3.4,10.6,7.0,1.1,4.2,81.0,90.0,66.0,1.7
2022-01-28,0.0,0.0,12.8,6.4,1.7,6.1,66.0,92.0,43.0,8.1
2022-01-29,0.0,-1.3,15.8,7.2,3.1,6.9,37.0,75.0,17.0,8.5
2022-01-30,0.0,-0.5,18.9,9.2,2.8,7.2,30.0,65.0,11.0,8.6
2022-01-31,0.0,2.3,21.3,11.8,3.6,11.9,25.0,58.0,12.0,8.2
2022-02-01,0.0,4.4,14.9,9.6,3.1,11.1,41.0,64.0,28.0,8.7
2022-02-02,0.0,2.6,23.4,13.0,2.5,8.1,37.0,70.0,19.0,8.7
2022-02-03,0.0,2.9,22.8,12.8,2.8,8.1,31.0,67.0,14.0,8.4
2022-02-04,0.0,5.0,21.1,13.0,2.2,7.8,28.0,46.0,18.0,7.4
2022-02-05,0.0,8.1,14.6,11.4,1.4,5.8,59.0,82.0,38.0,0.4
2022-02-06,0.6,4.2,14.8,9.5,1.1,5.0,79.0,89.0,56.0,1.9
2022-02-07,0.0,2.7,18.6,10.6,2.8,7.2,48.0,89.0,24.0,8.4
2022-02-08,0.0,0.6,14.3,7.4,1.7,6.4,72.0,89.0,51.0,7.6
2022-02-09,0.0,1.3,13.8,7.6,1.9,6.1,64.0,87.0,47.0,4.4
2022-02-10,0.0,1.5,15.2,8.4,2.5,6.7,61.0,88.0,37.0,8.7
2022-02-11,0.0,2.2,16.9,9.6,2.2,8.3,47.0,81.0,15.0,7.5
2022-02-12,0.0,-0.3,15.2,7.4,1.9,5.8,58.0,83.0,30.0,7.6
2022-02-13,0.0,0.3,16.5,8.4,2.2,6.1,62.0,85.0,41.0,6.2
2022-02-14,0.0,4.7,15.9,10.3,2.5,10.8,45.0,84.0,25.0,7.3
2022-02-15,0.0,0.6,17.0,8.8,2.2,7.2,42.0,76.0,18.0,8.6
2022-02-16,0.0,1.4,20.8,11.1,1.9,8.1,34.0,64.0,19.0,8.6
2022-02-17,0.0,3.9,22.6,13.2,2.5,6.4,40.0,66.0,24.0,9.4
2022-02-18,0.0,5.5,23.2,14.4,2.2,7.2,39.0,66.0,21.0,9.3
2022-02-19,6.0,7.9,13.9,10.9,2.2,7.2,62.0,90.0,44.0,1.2
2022-02-20,0.0,4.3,15.0,9.6,1.4,6.4,72.0,90.0,45.0,3.1
2022-02-21,0.0,2.6,21.4,12.0,2.8,8.3,42.0,85.0,18.0,8.8
2022-02-22,0.0,2.6,20.0,11.3,1.7,7.2,25.0,49.0,13.0,9.5
2022-02-23,0.0,1.1,17.1,9.1,1.9,6.4,42.0,73.0,23.0,6.0
2022-02-24,0.0,1.8,21.1,11.4,2.8,6.9,34.0,79.0,17.0,9.4
2022-02-25,0.6,8.7,13.0,10.8,2.8,7.8,66.0,85.0,47.0,0.1
2022-02-26,2.0,6.4,9.1,7.8,1.4,7.8,82.0,90.0,63.0,0.0
2022-02-27,0.6,4.3,13.7,9.0,1.4,5.6,67.0,90.0,44.0,5.5
2022-02-28,0.0,2.5,16.1,9.3,1.9,6.7,62.0,92.0,31.0,8.6
2022-03-01,0.0,4.1,20.1,12.1,2.8,7.8,44.0,77.0,21.0,
2022-03-02,0.0,,21.1,,2.8,9.4,48.0,,28.0,9.2
2022-03-03,,,19.4,,,7.2,,,24.0,
2022-03-04,,,10.0,,,8.9,,,74.0,
2022-03-05,1.4,6.6,13.6,10.1,1.1,5.3,72.0,86.0,48.0,1.0
2022-03-06,5.2,6.5,8.6,7.6,2.2,7.5,87.0,89.0,83.0,0.0
2022-03-07,1.4,5.2,12.2,8.7,1.7,5.3,77.0,90.0,67.0,1.2
2022-03-08,0.0,3.8,13.6,8.7,1.7,6.7,68.0,90.0,45.0,2.4
2022-03-09,0.0,2.8,16.9,9.8,2.5,6.9,58.0,83.0,38.0,8.8
2022-03-10,0.0,2.0,16.8,9.4,1.4,6.7,64.0,88.0,45.0,8.2
2022-03-11,3.4,5.2,15.1,10.2,1.4,7.8,76.0,90.0,60.0,0.8
2022-03-12,0.0,4.8,18.9,11.8,1.7,8.9,49.0,88.0,25.0,9.0
2022-03-13,3.2,8.2,18.1,13.2,2.5,6.9,55.0,76.0,35.0,6.3
2022-03-14,0.2,7.6,14.8,11.2,2.5,8.6,76.0,89.0,54.0,0.0
2022-03-15,1.0,12.8,16.4,14.6,2.8,10.8,61.0,72.0,36.0,0.0
2022-03-16,43.0,9.3,15.3,12.3,3.1,10.0,86.0,91.0,43.0,0.0
2022-03-17,24.6,8.5,10.2,9.4,3.9,11.7,86.0,90.0,82.0,0.0
2022-03-18,2.2,7.5,10.8,9.2,2.5,8.6,82.0,88.0,76.0,0.0
2022-03-19,4.6,7.8,11.5,9.6,1.9,7.8,82.0,90.0,72.0,0.0
2022-03-20,12.2,7.9,10.5,9.2,1.7,6.9,90.0,92.0,88.0,0.0
2022-03-21,8.2,9.0,12.8,10.9,1.4,5.3,89.0,92.0,82.0,0.1
2022-03-22,29.0,7.8,11.3,9.6,3.6,9.4,90.0,92.0,87.0,0.0
2022-03-23,36.0,7.7,9.3,8.5,3.3,9.2,90.0,92.0,88.0,0.0
2022-03-24,5.2,9.2,12.6,10.9,2.5,8.9,87.0,92.0,74.0,0.0
2022-03-25,22.4,8.4,9.9,9.2,3.3,11.7,88.0,91.0,82.0,0.0
2022-03-26,4.8,8.4,11.2,9.8,3.1,9.2,84.0,89.0,76.0,0.0
2022-03-27,0.2,8.1,13.1,10.6,1.1,5.3,76.0,87.0,68.0,0.5
2022-03-28,0.0,5.7,13.0,9.4,1.1,6.7,81.0,90.0,71.0,0.0
2022-03-29,0.0,8.0,18.6,13.3,1.9,8.9,68.0,89.0,47.0,7.1
2022-03-30,12.0,9.2,14.4,11.8,1.4,9.2,79.0,88.0,61.0,0.6
2022-03-31,0.8,7.1,15.7,11.4,3.1,10.3,51.0,78.0,36.0,5.8
2022-04-01,0.0,2.4,14.7,8.6,2.2,11.1,50.0,86.0,32.0,5.1
2022-04-02,0.0,0.5,13.1,6.8,3.1,10.8,31.0,74.0,23.0,11.8
2022-04-03,0.0,-1.8,11.9,5.0,2.5,8.1,48.0,78.0,23.0,10.8
2022-04-04,11.8,3.1,5.8,4.4,3.3,12.2,84.0,88.0,56.0,0.0
2022-04-05,24.2,3.3,5.3,4.3,2.5,10.8,86.0,90.0,84.0,0.0
2022-04-06,0.2,1.4,15.7,8.6,1.9,8.3,65.0,91.0,41.0,6.1
2022-04-07,0.0,5.0,22.0,13.5,1.9,7.5,45.0,73.0,22.0,12.0
2022-04-08,0.0,5.7,24.9,15.3,2.2,10.0,33.0,75.0,14.0,10.3
2022-04-09,0.0,8.4,22.4,15.4,2.5,8.1,51.0,81.0,38.0,5.9
2022-04-10,0.0,7.6,19.8,13.7,2.2,7.8,68.0,89.0,55.0,11.5
2022-04-11,5.8,5.3,19.7,12.5,1.9,7.5,71.0,91.0,49.0,10.4
2022-04-12,14.6,8.5,16.9,12.7,2.2,11.1,80.0,89.0,51.0,2.7
2022-04-13,3.6,8.0,16.5,12.2,1.7,11.4,68.0,89.0,51.0,1.9
2022-04-14,0.0,10.3,18.8,14.6,1.7,10.0,61.0,83.0,45.0,3.2
2022-04-15,0.0,10.4,20.2,15.3,1.9,11.1,41.0,70.0,34.0,9.8
2022-04-16,0.0,9.3,26.1,17.7,2.8,8.6,46.0,76.0,27.0,9.5
2022-04-17,0.0,10.7,26.1,18.4,1.9,7.8,44.0,73.0,18.0,12.2
2022-04-18,5.0,8.1,25.7,16.9,1.4,6.9,53.0,88.0,32.0,10.9
2022-04-19,0.0,9.2,24.2,16.7,2.2,9.2,71.0,89.0,42.0,11.0
2022-04-20,4.0,7.0,15.2,11.1,2.8,14.2,58.0,84.0,38.0,2.0
2022-04-21,0.0,5.3,18.7,12.0,2.8,11.1,39.0,77.0,29.0,11.4
2022-04-22,0.4,7.2,18.0,12.6,4.4,14.2,51.0,75.0,36.0,2.4
2022-04-23,0.0,6.2,16.2,11.2,6.4,18.6,45.0,77.0,29.0,9.3
2022-04-24,0.0,3.0,22.5,12.8,2.5,7.5,39.0,84.0,23.0,12.6
2022-04-25,0.0,6.9,22.8,14.8,2.8,9.2,44.0,77.0,26.0,12.4
2022-04-26,2.4,4.8,22.0,13.4,1.7,6.9,39.0,83.0,15.0,10.2
2022-04-27,5.2,9.4,13.7,11.6,0.8,5.0,83.0,90.0,51.0,0.0
2022-04-28,4.6,9.2,11.9,10.6,1.9,6.7,84.0,90.0,74.0,0.3
2022-04-29,0.0,6.4,20.5,13.4,3.1,10.0,44.0,89.0,32.0,11.8
2022-04-30,0.0,5.7,24.9,15.3,2.2,8.6,46.0,87.0,25.0,11.1
2022-05-01,0.0,9.5,26.0,17.8,1.4,7.5,52.0,86.0,32.0,4.5
2022-05-02,58.8,9.1,22.8,16.0,2.8,10.0,68.0,92.0,36.0,7.7
2022-05-03,14.2,7.8,19.4,13.6,1.7,6.1,77.0,93.0,50.0,5.7
2022-05-04,16.6,10.3,12.9,11.6,2.5,9.7,88.0,91.0,78.0,0.0
2022-05-05,0.0,10.0,21.5,15.8,1.7,7.5,61.0,89.0,43.0,8.2
2022-05-06,0.0,7.8,23.5,15.6,2.2,8.3,50.0,88.0,24.0,12.7
2022-05-07,0.0,8.4,23.6,16.0,1.9,7.2,48.0,88.0,34.0,12.8
2022-05-08,0.0,9.1,25.4,17.2,1.9,6.7,42.0,82.0,30.0,12.8
2022-05-09,0.0,8.3,23.8,16.0,2.5,8.3,47.0,87.0,28.0,12.9
2022-05-10,0.0,9.2,24.9,17.0,2.2,8.1,48.0,86.0,28.0,12.8
2022-05-11,0.0,8.8,25.4,17.1,2.2,6.7,43.0,84.0,27.0,12.9
2022-05-12,0.0,6.8,24.5,15.6,1.7,6.4,46.0,85.0,29.0,11.7
2022-05-13,0.0,10.3,28.9,19.6,1.7,7.2,44.0,89.0,26.0,10.4
2022-05-14,0.0,11.4,29.9,20.6,1.9,8.1,40.0,83.0,21.0,12.1
2022-05-15,0.0,10.8,28.3,19.6,1.7,6.7,42.0,78.0,22.0,12.4
2022-05-16,0.0,13.5,30.0,21.8,2.2,7.2,45.0,83.0,27.0,12.8
2022-05-17,0.0,14.0,31.2,22.6,2.5,6.9,41.0,82.0,26.0,12.8
2022-05-18,0.0,14.9,32.8,23.8,1.9,7.5,41.0,81.0,19.0,12.3
2022-05-19,0.0,11.1,29.8,20.4,2.5,7.8,36.0,78.0,22.0,12.6
2022-05-20,0.0,12.6,29.5,21.0,2.5,7.8,40.0,77.0,27.0,11.5
2022-05-21,0.0,12.4,32.4,22.4,1.7,6.1,41.0,77.0,14.0,9.5
2022-05-22,0.0,15.6,35.3,25.4,1.9,9.4,26.0,67.0,12.0,10.0
2022-05-23,0.0,12.0,31.3,21.6,1.7,6.9,37.0,81.0,21.0,12.9
2022-05-24,0.0,14.1,32.4,23.2,2.2,10.3,28.0,70.0,11.0,11.2
2022-05-25,0.0,9.0,22.8,15.9,3.9,10.8,34.0,75.0,24.0,13.3
2022-05-26,0.0,7.7,24.7,16.2,2.2,8.1,41.0,86.0,28.0,13.3
2022-05-27,0.0,10.0,30.4,20.2,2.5,7.5,31.0,77.0,19.0,13.4
2022-05-28,0.0,11.1,33.7,22.4,1.9,9.2,31.0,73.0,17.0,13.2
2022-05-29,0.0,16.3,34.0,25.2,3.1,9.7,20.0,55.0,9.0,12.7
2022-05-30,0.0,14.0,29.6,21.8,1.9,7.2,30.0,66.0,21.0,13.3
2022-05-31,0.0,13.7,32.0,22.8,2.5,10.0,37.0,70.0,23.0,13.4
2022-06-01,0.0,13.2,31.3,22.2,2.2,11.1,40.0,82.0,27.0,13.3
2022-06-02,0.0,13.5,32.1,22.8,1.1,7.8,40.0,82.0,18.0,8.8
2022-06-03,0.0,13.6,30.3,22.0,2.8,8.3,43.0,80.0,26.0,11.8
2022-06-04,0.0,14.2,31.5,22.8,2.5,9.2,35.0,68.0,25.0,12.5
2022-06-05,0.0,12.0,30.0,21.0,1.9,7.2,31.0,66.0,20.0,12.1
2022-06-06,0.0,12.9,32.7,22.8,2.8,8.1,28.0,65.0,16.0,13.0
2022-06-07,0.0,13.0,35.5,24.2,2.5,8.6,22.0,64.0,13.0,13.0
2022-06-08,0.0,16.4,36.7,26.6,2.5,10.6,27.0,51.0,14.0,12.1
2022-06-09,0.0,18.5,31.8,25.2,3.1,7.5,35.0,70.0,29.0,13.5
2022-06-10,0.0,16.1,34.0,25.0,2.5,8.6,40.0,83.0,20.0,13.6
2022-06-11,0.0,13.3,32.7,23.0,2.8,9.2,32.0,84.0,19.0,13.6
2022-06-12,0.0,13.3,36.2,24.8,1.9,7.8,22.0,63.0,10.0,12.8
2022-06-13,0.0,13.9,36.3,25.1,1.9,10.0,25.0,50.0,14.0,9.8
2022-06-14,0.0,16.8,40.1,28.4,1.9,7.5,22.0,55.0,10.0,10.1
2022-06-15,0.0,20.1,37.7,28.9,2.2,8.9,25.0,58.0,14.0,9.6
2022-06-16,0.0,18.4,37.2,27.8,1.7,8.9,29.0,60.0,15.0,11.4
2022-06-17,0.0,16.6,37.1,26.8,2.5,9.2,23.0,55.0,13.0,12.5
2022-06-18,0.0,17.3,38.2,27.8,2.5,8.9,22.0,49.0,13.0,12.4
2022-06-19,0.0,15.6,34.4,25.0,2.5,8.3,32.0,72.0,20.0,12.5
2022-06-20,0.0,15.0,33.9,24.4,2.2,8.3,40.0,77.0,25.0,11.4
2022-06-21,7.8,17.0,31.8,24.4,1.9,9.4,59.0,85.0,29.0,3.5
2022-06-22,0.0,13.9,30.8,22.4,3.9,13.6,34.0,90.0,10.0,13.4
2022-06-23,0.0,12.1,31.8,22.0,3.3,11.1,28.0,73.0,13.0,13.6
2022-06-24,0.0,12.3,31.9,22.1,1.7,8.3,29.0,75.0,17.0,13.5
2022-06-25,0.0,13.8,34.7,24.2,3.3,9.7,26.0,66.0,11.0,13.5
2022-06-26,0.0,14.1,33.4,23.8,2.2,9.7,30.0,69.0,17.0,13.5
2022-06-27,0.0,14.1,31.5,22.8,2.2,10.0,32.0,83.0,15.0,12.1
2022-06-28,0.0,16.4,32.9,24.6,2.2,9.4,45.0,86.0,26.0,
2022-06-29,0.0,15.4,34.0,24.7,2.8,10.0,30.0,73.0,21.0,13.4
2022-06-30,0.0,14.9,33.5,24.2,2.5,8.6,35.0,69.0,20.0,
2022-07-01,0.0,14.8,29.7,22.2,3.1,9.7,50.0,82.0,37.0,13.4
2022-07-02,0.0,15.3,30.5,22.9,2.5,8.3,49.0,85.0,34.0,12.2
2022-07-03,0.0,16.8,36.4,26.6,2.2,9.7,44.0,85.0,26.0,11.7
2022-07-04,0.0,18.1,35.6,26.8,2.8,8.3,46.0,78.0,24.0,9.4
2022-07-05,0.4,19.5,32.7,26.1,2.2,7.8,55.0,78.0,41.0,8.5
2022-07-06,0.0,21.0,32.7,26.8,3.1,9.2,60.0,85.0,38.0,9.5
2022-07-07,0.0,17.5,31.9,24.7,1.9,6.9,48.0,87.0,33.0,9.2
2022-07-08,0.0,17.0,33.6,25.3,2.2,8.6,39.0,82.0,24.0,13.4
2022-07-09,0.0,14.6,33.8,24.2,2.2,8.3,30.0,69.0,19.0,13.4
2022-07-10,0.0,15.6,35.4,25.5,2.2,8.1,35.0,78.0,19.0,13.4
2022-07-11,0.0,15.7,35.5,25.6,2.8,9.4,27.0,58.0,16.0,13.2
2022-07-12,0.0,14.5,34.9,24.7,2.8,7.5,24.0,64.0,17.0,13.4
2022-07-13,0.0,16.4,37.5,27.0,2.5,8.1,21.0,58.0,10.0,13.2
2022-07-14,0.0,17.5,40.0,28.8,1.7,7.8,19.0,46.0,10.0,13.0
2022-07-15,0.0,15.9,36.4,26.2,1.9,8.3,25.0,55.0,15.0,13.1
2022-07-16,0.0,15.7,36.6,26.2,2.5,7.8,25.0,58.0,14.0,13.0
2022-07-17,0.0,16.8,35.8,26.3,2.8,9.2,23.0,59.0,14.0,13.2
2022-07-18,0.0,15.3,36.5,25.9,2.8,9.4,25.0,60.0,17.0,13.1
2022-07-19,0.0,16.4,36.9,26.6,1.9,8.9,28.0,62.0,14.0,12.1
2022-07-20,0.0,16.5,35.3,25.9,3.1,9.4,29.0,75.0,18.0,13.0
2022-07-21,0.0,15.4,35.1,25.2,1.7,9.7,36.0,74.0,23.0,13.0
2022-07-22,0.0,17.6,37.1,27.4,2.5,6.9,30.0,64.0,18.0,11.4
2022-07-23,0.0,17.2,37.3,27.2,2.2,8.6,28.0,61.0,16.0,12.5
2022-07-24,0.0,17.3,38.9,28.1,3.1,8.1,21.0,55.0,13.0,12.7
2022-07-25,0.0,21.8,41.3,31.6,1.4,6.7,20.0,43.0,9.0,7.4
2022-07-26,0.0,18.8,36.2,27.5,2.5,9.2,39.0,79.0,14.0,11.4
2022-07-27,0.0,19.5,34.3,26.9,2.8,9.4,53.0,87.0,35.0,8.3
2022-07-28,0.0,17.8,35.6,26.7,2.5,9.2,46.0,86.0,29.0,11.1
2022-07-29,0.0,17.4,36.5,27.0,2.8,8.6,45.0,83.0,29.0,12.8
2022-07-30,0.0,21.1,33.7,27.4,2.5,8.3,59.0,83.0,41.0,4.9
2022-07-31,0.0,17.8,34.7,26.2,1.9,8.6,47.0,86.0,28.0,12.2
2022-08-01,0.0,18.7,35.4,27.0,1.9,9.2,45.0,85.0,30.0,11.9
2022-08-02,0.0,18.3,36.8,27.6,1.9,7.2,33.0,79.0,19.0,10.1
2022-08-03,0.0,17.9,38.8,28.4,3.1,8.3,25.0,54.0,13.0,12.4
2022-08-04,0.0,17.6,35.6,26.6,2.2,8.9,29.0,59.0,17.0,11.5
2022-08-05,0.0,15.8,36.5,26.2,2.2,10.0,28.0,63.0,14.0,12.3
2022-08-06,0.0,15.2,36.9,26.0,1.7,9.7,32.0,68.0,16.0,12.6
2022-08-07,0.0,15.7,37.4,26.6,2.5,8.9,31.0,74.0,13.0,12.6
2022-08-08,0.0,14.9,35.4,25.2,2.5,10.3,35.0,77.0,20.0,12.5
2022-08-09,0.6,17.1,35.6,26.4,2.5,10.0,39.0,80.0,22.0,10.6
2022-08-10,0.0,17.3,34.1,25.7,3.1,10.6,44.0,86.0,26.0,11.8
2022-08-11,0.0,15.7,34.7,25.2,1.9,10.8,34.0,58.0,21.0,12.3
2022-08-12,6.0,18.6,38.1,28.4,1.7,15.8,33.0,82.0,15.0,7.8
2022-08-13,0.0,19.8,34.1,27.0,3.1,12.8,44.0,77.0,23.0,5.2
2022-08-14,0.0,19.3,34.6,27.0,1.1,7.2,37.0,69.0,20.0,6.6
2022-08-15,0.0,16.3,36.7,26.5,3.6,9.2,22.0,53.0,9.0,12.5
2022-08-16,0.0,17.7,36.8,27.2,2.8,10.8,21.0,45.0,7.0,12.4
2022-08-17,0.8,15.9,34.4,25.2,1.7,8.6,29.0,71.0,15.0,10.7
2022-08-18,0.0,12.5,31.7,22.1,1.9,7.5,32.0,76.0,18.0,12.0
2022-08-19,0.0,14.0,33.2,23.6,2.2,7.2,36.0,77.0,22.0,12.3
2022-08-20,0.0,14.0,35.5,24.8,2.5,7.2,38.0,81.0,17.0,12.4
2022-08-21,0.0,17.9,38.8,28.4,1.4,8.3,24.0,68.0,10.0,12.4
2022-08-22,0.0,17.3,35.0,26.2,2.2,8.3,33.0,76.0,21.0,12.3
2022-08-23,0.0,16.2,35.2,25.7,1.7,9.7,45.0,83.0,25.0,12.3
2022-08-24,0.0,15.9,37.4,26.6,1.7,7.2,37.0,85.0,16.0,11.3
2022-08-25,0.0,17.3,36.0,26.6,2.8,9.4,42.0,78.0,20.0,10.4
2022-08-26,7.4,15.3,32.4,23.8,1.9,13.9,65.0,90.0,37.0,7.3
2022-08-27,0.2,15.7,32.4,24.0,2.2,7.8,56.0,90.0,35.0,
2022-08-28,0.0,16.5,32.3,24.4,2.8,8.9,59.0,91.0,34.0,11.2
2022-08-29,0.0,18.0,32.3,25.2,2.5,10.0,35.0,76.0,24.0,2.7
2022-08-30,2.8,17.6,35.6,26.6,3.1,10.3,40.0,85.0,25.0,6.7
2022-08-31,0.2,17.1,31.6,24.4,2.5,10.0,59.0,90.0,32.0,8.2
2022-09-01,0.0,18.7,36.0,27.4,2.2,7.5,43.0,64.0,11.0,8.9
2022-09-02,0.0,19.7,34.9,27.3,1.1,8.3,33.0,54.0,15.0,5.7
2022-09-03,0.0,17.3,32.9,25.1,1.7,6.7,39.0,68.0,20.0,7.4
2022-09-04,0.0,14.8,34.5,24.6,1.9,8.9,33.0,60.0,15.0,12.1
2022-09-05,0.0,14.5,35.9,25.2,1.9,6.9,30.0,68.0,9.0,11.8
2022-09-06,0.0,14.5,33.5,24.0,1.9,7.5,27.0,56.0,16.0,11.8
2022-09-07,0.0,15.0,34.1,24.6,1.7,6.7,27.0,59.0,15.0,10.6
2022-09-08,0.0,14.5,33.7,24.1,1.9,7.2,25.0,57.0,14.0,11.8
2022-09-09,0.0,15.3,34.4,24.8,2.5,6.4,34.0,63.0,22.0,10.0
2022-09-10,0.0,15.4,33.5,24.4,1.7,8.3,40.0,80.0,19.0,11.6
2022-09-11,0.0,16.0,34.2,25.1,1.7,7.5,46.0,82.0,19.0,10.0
2022-09-12,0.8,19.0,33.7,26.4,1.7,11.1,34.0,62.0,21.0,3.4
2022-09-13,2.8,19.9,25.7,22.8,0.8,6.9,70.0,87.0,51.0,0.3
2022-09-14,0.0,18.2,27.5,22.8,1.9,7.5,49.0,85.0,35.0,4.9
2022-09-15,0.0,14.2,29.5,21.8,1.9,6.4,47.0,75.0,28.0,8.0
2022-09-16,0.0,14.9,31.3,23.1,1.4,7.5,50.0,78.0,27.0,7.9
2022-09-17,0.0,14.5,30.1,22.3,2.8,8.9,54.0,84.0,31.0,7.8
2022-09-18,2.6,17.7,24.7,21.2,1.9,8.3,77.0,89.0,62.0,1.4
2022-09-19,0.0,16.2,28.3,22.2,1.1,5.8,59.0,89.0,32.0,7.6
2022-09-20,0.0,13.0,29.6,21.3,1.7,7.5,57.0,89.0,29.0,8.7
2022-09-21,3.8,13.9,25.0,19.4,1.7,8.3,67.0,88.0,45.0,3.4
2022-09-22,5.2,14.3,29.6,22.0,1.7,8.3,66.0,89.0,30.0,8.7
2022-09-23,0.0,14.3,27.1,20.7,2.2,8.1,67.0,91.0,40.0,6.4
2022-09-24,0.0,12.8,30.2,21.5,2.5,6.7,49.0,87.0,30.0,6.9
2022-09-25,1.2,12.7,24.7,18.7,2.2,10.0,74.0,89.0,51.0,4.6
2022-09-26,0.8,11.8,24.9,18.4,1.4,8.6,73.0,90.0,40.0,4.3
2022-09-27,0.0,11.8,27.8,19.8,2.5,8.3,38.0,71.0,18.0,9.0
2022-09-28,0.0,12.6,29.0,20.8,2.5,10.0,33.0,59.0,18.0,9.2
2022-09-29,0.8,12.7,25.8,19.2,2.5,10.3,40.0,78.0,21.0,5.2
2022-09-30,0.0,11.1,21.5,16.3,2.5,11.7,40.0,70.0,26.0,9.0
2022-10-01,0.0,7.6,24.8,16.2,2.2,7.2,38.0,75.0,16.0,9.0
2022-10-02,0.0,7.8,27.1,17.4,1.4,6.4,53.0,79.0,27.0,8.7
2022-10-03,1.2,13.7,27.3,20.5,2.2,10.6,57.0,82.0,29.0,4.8
2022-10-04,0.0,13.6,28.0,20.8,1.9,5.6,43.0,85.0,25.0,4.8
2022-10-05,0.6,12.2,25.1,18.6,1.1,7.8,66.0,88.0,50.0,6.6
2022-10-06,2.0,13.6,23.3,18.4,2.2,7.2,77.0,91.0,55.0,2.2
2022-10-07,0.0,11.9,23.9,17.9,1.4,6.1,68.0,91.0,45.0,6.9
2022-10-08,0.0,11.6,24.4,18.0,1.7,6.4,67.0,91.0,41.0,6.6
2022-10-09,0.0,12.2,24.0,18.1,1.1,6.4,69.0,89.0,52.0,5.5
2022-10-10,16.8,12.2,24.2,18.2,1.4,7.8,75.0,91.0,51.0,3.0
2022-10-11,0.2,10.4,21.4,15.9,1.7,7.2,75.0,92.0,55.0,4.7
2022-10-12,1.4,12.1,22.5,17.3,1.4,6.9,77.0,91.0,48.0,6.0
2022-10-13,0.0,10.7,24.0,17.4,1.9,6.1,57.0,91.0,31.0,8.2
2022-10-14,0.0,11.1,27.4,19.2,2.5,6.4,48.0,78.0,25.0,8.3
2022-10-15,0.0,11.1,27.6,19.4,2.5,6.7,44.0,75.0,30.0,8.1
2022-10-16,0.0,12.6,27.0,19.8,2.5,10.0,46.0,70.0,18.0,5.3
2022-10-17,0.0,14.2,27.0,20.6,1.9,6.4,60.0,89.0,29.0,7.2
2022-10-18,0.0,12.6,28.2,20.4,1.4,6.7,66.0,87.0,41.0,7.6
2022-10-19,0.0,14.2,28.9,21.6,1.1,6.1,56.0,83.0,35.0,6.0
2022-10-20,0.0,16.7,24.2,20.4,1.4,5.3,69.0,87.0,52.0,0.2
2022-10-21,0.0,12.6,29.1,20.8,3.1,12.2,35.0,87.0,18.0,4.5
2022-10-22,0.0,13.5,26.9,20.2,2.2,6.7,53.0,73.0,37.0,5.1
2022-10-23,0.0,15.7,28.3,22.0,3.1,7.2,38.0,61.0,19.0,3.3
2022-10-24,0.0,16.2,31.1,23.6,3.6,10.3,25.0,43.0,11.0,7.5
2022-10-25,0.0,13.3,31.5,22.4,3.3,10.8,24.0,52.0,12.0,5.8
2022-10-26,0.0,14.9,29.8,22.4,2.5,6.7,30.0,52.0,19.0,4.8
2022-10-27,0.0,10.3,28.5,19.4,1.4,6.9,43.0,74.0,19.0,7.7
2022-10-28,0.0,9.2,26.7,18.0,2.2,6.1,46.0,81.0,25.0,7.3
2022-10-29,0.0,7.4,23.6,15.5,1.7,6.7,65.0,87.0,40.0,7.1
2022-10-30,0.0,12.5,23.8,18.2,2.2,6.1,72.0,89.0,45.0,3.6
2022-10-31,0.0,10.8,22.9,16.8,1.4,6.1,72.0,87.0,50.0,4.7
2022-11-01,0.0,11.3,25.4,18.4,1.9,5.8,50.0,86.0,31.0,6.8
2022-11-02,0.0,11.5,23.0,17.2,1.4,5.8,71.0,90.0,53.0,3.6
2022-11-03,0.0,11.1,23.5,17.3,1.9,5.8,59.0,84.0,35.0,4.8
2022-11-04,0.0,8.3,24.0,16.2,2.5,10.3,50.0,80.0,29.0,5.8
2022-11-05,0.0,4.4,21.9,13.2,2.2,6.4,41.0,81.0,19.0,7.3
2022-11-06,0.0,4.8,23.6,14.2,2.8,7.2,28.0,71.0,13.0,7.2
2022-11-07,0.0,5.7,23.0,14.4,2.5,6.9,35.0,67.0,17.0,7.0
2022-11-08,0.0,7.5,20.8,14.2,1.9,6.4,49.0,64.0,29.0,4.1
2022-11-09,0.0,8.1,23.3,15.7,3.1,8.6,55.0,87.0,34.0,5.7
2022-11-10,0.2,5.1,18.9,12.0,1.9,6.4,63.0,91.0,39.0,6.9
2022-11-11,2.2,7.7,16.7,12.2,1.1,5.8,77.0,90.0,63.0,0.9
2022-11-12,0.0,12.6,19.5,16.0,1.1,6.7,77.0,89.0,64.0,0.9
2022-11-13,0.0,10.3,20.2,15.2,1.7,6.4,73.0,91.0,56.0,6.2
2022-11-14,0.0,7.8,23.1,15.4,1.9,6.4,56.0,84.0,30.0,6.7
2022-11-15,0.4,9.5,21.0,15.2,3.3,11.4,55.0,82.0,37.0,1.1
2022-11-16,0.2,14.1,18.9,16.5,3.6,18.6,61.0,87.0,41.0,1.7
2022-11-17,0.0,12.6,23.0,17.8,3.3,14.7,53.0,73.0,33.0,5.9
2022-11-18,1.6,9.0,16.3,12.6,3.1,11.9,61.0,84.0,47.0,0.0
2022-11-19,0.0,3.5,12.3,7.9,3.6,16.1,47.0,80.0,35.0,6.6
2022-11-20,0.0,3.0,19.5,11.2,3.1,10.8,45.0,77.0,31.0,6.7
2022-11-21,0.6,8.3,19.1,13.7,2.5,21.9,63.0,82.0,35.0,2.7
2022-11-22,0.0,5.5,16.9,11.2,3.1,13.9,52.0,68.0,31.0,3.6
2022-11-23,0.0,11.8,20.9,16.4,3.3,12.2,55.0,76.0,41.0,0.1
2022-11-24,0.0,8.7,22.6,15.6,3.1,7.8,61.0,87.0,40.0,6.5
2022-11-25,0.0,5.1,21.4,13.2,2.2,6.9,52.0,83.0,29.0,4.1
2022-11-26,0.0,2.0,18.8,10.4,2.2,7.2,37.0,72.0,18.0,6.4
2022-11-27,0.0,2.4,18.0,10.2,1.9,6.7,32.0,54.0,19.0,6.0
2022-11-28,0.0,3.4,16.7,10.0,2.2,12.5,42.0,72.0,21.0,6.3
2022-11-29,0.0,0.4,16.4,8.4,2.8,8.1,44.0,74.0,25.0,6.3
2022-11-30,0.0,1.8,14.7,8.2,2.5,6.7,50.0,73.0,33.0,5.1
2022-12-01,0.2,2.6,11.3,7.0,1.7,5.8,76.0,87.0,59.0,0.7
2022-12-02,0.6,7.5,9.8,8.6,2.2,7.2,75.0,83.0,70.0,0.0
2022-12-03,0.2,3.8,16.8,10.3,1.9,6.1,65.0,87.0,30.0,5.9
2022-12-04,0.2,4.0,18.6,11.3,2.5,9.2,66.0,89.0,37.0,4.6
2022-12-05,3.2,5.2,15.0,10.1,1.1,6.4,77.0,90.0,60.0,1.9
2022-12-06,0.2,9.4,14.2,11.8,1.1,4.2,85.0,91.0,75.0,0.2
2022-12-07,0.0,8.3,16.3,12.3,1.7,5.3,77.0,87.0,59.0,3.7
2022-12-08,0.0,7.8,15.9,11.8,2.2,7.8,78.0,90.0,65.0,0.1
2022-12-09,1.0,8.0,16.1,12.0,4.7,11.9,69.0,90.0,58.0,1.0
2022-12-10,0.0,6.8,16.9,11.8,3.1,12.5,56.0,87.0,39.0,1.5
2022-12-11,2.2,8.2,19.8,14.0,3.1,13.3,68.0,88.0,44.0,1.0
2022-12-12,0.0,11.0,20.8,15.9,3.9,13.6,58.0,75.0,39.0,2.8
2022-12-13,0.0,15.1,22.0,18.6,4.7,16.4,62.0,75.0,43.0,1.5
2022-12-14,4.8,11.6,19.5,15.6,2.2,13.9,69.0,89.0,43.0,1.2
2022-12-15,0.0,4.7,16.0,10.4,3.1,9.2,72.0,88.0,50.0,1.7
2022-12-16,0.0,3.7,15.5,9.6,1.9,7.2,73.0,90.0,53.0,3.7
2022-12-17,0.0,4.6,16.9,10.8,2.8,7.2,68.0,85.0,46.0,3.0
2022-12-18,0.0,3.1,16.4,9.8,2.8,7.2,70.0,90.0,45.0,6.1
2022-12-19,0.0,2.1,16.3,9.2,1.9,6.1,75.0,90.0,50.0,5.9
2022-12-20,0.0,2.0,16.7,9.4,1.1,6.4,68.0,90.0,41.0,4.9
2022-12-21,0.0,6.0,18.9,12.4,1.1,6.9,58.0,84.0,34.0,3.5
2022-12-22,0.0,5.5,19.1,12.3,2.2,6.7,67.0,88.0,43.0,
2022-12-23,0.0,5.3,20.9,13.1,1.7,6.4,61.0,86.0,39.0,5.9
2022-12-24,0.0,6.2,21.6,13.9,2.8,7.5,51.0,76.0,30.0,5.9
2022-12-25,0.0,7.4,21.5,14.4,2.8,8.1,41.0,65.0,23.0,6.0
2022-12-26,0.0,5.1,20.0,12.6,1.9,6.9,51.0,76.0,29.0,5.8
2022-12-27,0.0,5.4,19.7,12.6,2.2,7.2,47.0,69.0,28.0,6.1
2022-12-28,0.0,3.9,18.5,11.2,2.2,8.9,49.0,68.0,29.0,5.4
2022-12-29,0.0,4.6,19.4,12.0,3.1,9.2,42.0,66.0,23.0,5.5
2022-12-30,0.0,6.1,20.2,13.2,1.9,11.7,41.0,75.0,21.0,5.5
2022-12-31,0.0,5.6,19.3,12.4,1.9,8.1,53.0,74.0,33.0,5.6
2023-01-01,0.0,3.2,20.1,11.6,1.7,7.2,35.0,61.0,14.0,5.0
2023-01-02,0.0,5.7,18.2,12.0,2.8,7.2,37.0,61.0,26.0,3.8
2023-01-03,0.0,6.3,17.4,11.8,1.7,5.3,64.0,84.0,44.0,4.8
2023-01-04,0.0,2.2,12.4,7.3,1.4,6.1,81.0,91.0,70.0,3.0
2023-01-05,0.0,2.5,14.4,8.4,1.4,6.1,68.0,91.0,42.0,5.7
2023-01-06,0.0,0.9,16.8,8.8,2.2,6.4,56.0,87.0,33.0,6.3
2023-01-07,0.0,1.7,17.6,9.6,3.1,7.5,55.0,74.0,30.0,6.4
2023-01-08,0.0,7.9,19.6,13.8,5.0,12.2,56.0,70.0,41.0,0.7
2023-01-09,0.0,7.2,20.5,13.8,1.9,11.1,57.0,81.0,33.0,4.9
2023-01-10,0.0,4.9,18.6,11.8,2.2,7.2,57.0,83.0,38.0,6.2
2023-01-11,0.0,3.2,17.5,10.4,1.7,8.6,60.0,85.0,41.0,6.4
2023-01-12,0.0,4.3,17.1,10.7,1.9,6.9,66.0,90.0,44.0,5.0
2023-01-13,0.0,1.8,16.2,9.0,2.5,6.9,52.0,83.0,31.0,5.9
2023-01-14,0.0,1.3,19.2,10.2,2.2,7.2,45.0,72.0,23.0,6.1
2023-01-15,0.0,5.2,20.2,12.7,1.7,11.1,45.0,66.0,26.0,6.4
2023-01-16,0.0,3.8,15.4,9.6,6.7,18.9,40.0,67.0,28.0,5.9
2023-01-17,3.4,7.6,17.7,12.6,6.4,23.6,41.0,61.0,28.0,5.3
2023-01-18,0.8,1.7,8.9,5.3,4.7,20.0,48.0,85.0,38.0,6.5
2023-01-19,0.0,-1.0,12.4,5.7,3.3,13.6,41.0,74.0,20.0,6.6
2023-01-20,0.0,6.2,16.4,11.3,1.9,11.7,52.0,75.0,33.0,4.1
2023-01-21,0.0,3.2,15.0,9.1,2.2,9.4,50.0,84.0,28.0,2.7
2023-01-22,0.0,2.4,9.8,6.1,3.6,12.5,26.0,36.0,17.0,6.7
2023-01-23,0.0,-1.5,8.0,3.2,1.9,10.8,37.0,68.0,26.0,6.6
2023-01-24,0.0,-3.6,8.1,2.2,1.4,6.9,59.0,83.0,41.0,5.3
2023-01-25,0.0,-4.0,9.2,2.6,1.9,8.9,62.0,90.0,43.0,2.2
2023-01-26,0.0,0.1,8.1,4.1,3.1,9.2,51.0,65.0,43.0,0.0
2023-01-27,0.0,-1.8,12.1,5.2,2.8,10.0,45.0,70.0,23.0,6.8
2023-01-28,0.0,-4.2,10.4,3.1,1.7,5.3,46.0,78.0,29.0,6.3
2023-01-29,0.0,-4.8,9.2,2.2,2.2,6.7,61.0,82.0,39.0,6.9
2023-01-30,0.0,-1.0,12.0,5.5,1.7,5.3,59.0,88.0,37.0,6.8
2023-01-31,0.0,-2.3,16.0,6.8,2.5,7.8,34.0,79.0,13.0,6.9
2023-02-01,0.0,-2.4,14.1,5.8,1.9,7.2,46.0,87.0,21.0,6.9
2023-02-02,0.0,-0.9,13.8,6.4,2.8,6.4,45.0,90.0,20.0,6.9
2023-02-03,0.0,-0.2,15.8,7.8,2.8,8.1,28.0,67.0,16.0,7.1
2023-02-04,0.0,-1.9,20.1,9.1,2.5,8.1,20.0,69.0,10.0,7.0
2023-02-05,0.0,0.1,17.2,8.6,2.2,7.8,39.0,71.0,14.0,7.2
2023-02-06,8.4,-0.7,11.8,5.6,1.9,10.3,69.0,90.0,51.0,5.2
2023-02-07,0.4,4.0,7.2,5.6,1.9,6.7,82.0,90.0,75.0,0.1
2023-02-08,2.8,3.1,10.8,7.0,1.9,5.6,76.0,90.0,59.0,0.9
2023-02-09,1.8,4.7,7.0,5.8,0.8,5.3,85.0,90.0,77.0,0.0
2023-02-10,1.6,0.0,8.8,4.4,1.7,7.5,75.0,93.0,46.0,1.5
2023-02-11,15.6,3.0,6.1,4.6,1.9,9.7,90.0,91.0,87.0,0.0
2023-02-12,0.0,4.7,7.6,6.2,1.1,3.6,85.0,91.0,78.0,0.0
2023-02-13,0.0,3.3,8.9,6.1,0.8,4.4,83.0,91.0,73.0,0.0
2023-02-14,0.0,5.9,7.9,6.9,0.8,4.2,84.0,88.0,79.0,0.0
2023-02-15,0.0,5.1,9.8,7.4,1.1,4.2,78.0,88.0,71.0,0.0
2023-02-16,0.0,1.3,14.5,7.9,2.2,5.3,67.0,91.0,40.0,5.4
2023-02-17,0.0,1.9,13.1,7.5,1.7,6.1,70.0,90.0,43.0,4.2
2023-02-18,0.0,5.2,15.1,10.2,0.8,4.7,73.0,89.0,48.0,4.1
2023-02-19,0.0,2.3,16.7,9.5,1.4,5.3,59.0,87.0,35.0,6.1
2023-02-20,0.0,2.5,18.4,10.4,1.4,5.3,52.0,80.0,27.0,5.4
2023-02-21,10.4,4.4,20.1,12.2,2.2,11.9,64.0,87.0,34.0,5.2
2023-02-22,0.0,5.4,19.4,12.4,2.5,6.9,55.0,82.0,36.0,6.4
2023-02-23,0.0,3.1,16.1,9.6,1.9,7.2,70.0,84.0,47.0,8.1
2023-02-24,0.0,0.3,12.2,6.2,1.4,5.3,55.0,84.0,33.0,3.1
2023-02-25,0.6,0.1,12.7,6.4,2.5,10.3,59.0,78.0,31.0,2.9
2023-02-26,0.0,0.4,12.7,6.6,2.2,11.4,50.0,81.0,33.0,8.2
2023-02-27,0.0,-0.7,9.1,4.2,2.5,12.2,33.0,69.0,17.0,8.3
2023-02-28,0.0,0.1,13.9,7.0,1.4,10.3,31.0,48.0,14.0,8.3
2023-03-01,0.0,-3.1,12.2,4.6,3.1,8.3,40.0,70.0,24.0,7.8
2023-03-02,0.0,0.2,11.7,6.0,1.9,10.8,36.0,51.0,21.0,7.1
2023-03-03,0.0,-0.1,15.8,7.8,2.2,7.2,35.0,74.0,20.0,8.4
2023-03-04,0.0,-1.6,16.3,7.4,2.2,6.1,51.0,84.0,22.0,8.3
2023-03-05,2.2,0.9,18.4,9.6,2.2,6.9,43.0,88.0,22.0,4.9
2023-03-06,0.0,4.0,16.4,10.2,2.2,9.2,59.0,91.0,36.0,2.7
2023-03-07,0.0,7.7,20.3,14.0,1.9,10.0,49.0,84.0,23.0,4.7
2023-03-08,0.0,6.9,26.4,16.6,3.3,11.4,45.0,85.0,28.0,7.7
2023-03-09,0.0,10.6,22.0,16.3,2.5,12.8,54.0,71.0,36.0,1.0
2023-03-10,0.0,8.8,23.9,16.4,3.1,13.1,32.0,72.0,21.0,7.9
2023-03-11,0.0,8.3,28.8,18.6,2.2,7.8,32.0,68.0,12.0,8.5
2023-03-12,0.0,9.6,27.3,18.4,1.7,6.1,45.0,76.0,26.0,9.0
2023-03-13,0.0,11.8,29.8,20.8,3.3,10.6,31.0,66.0,6.0,8.8
2023-03-14,0.0,7.5,24.9,16.2,2.5,8.6,28.0,65.0,9.0,8.5
2023-03-15,0.0,5.3,23.0,14.2,1.7,6.4,33.0,61.0,18.0,9.2
2023-03-16,0.0,5.1,23.6,14.4,2.2,7.8,42.0,74.0,18.0,9.1
2023-03-17,0.0,4.8,22.1,13.4,2.2,7.8,42.0,72.0,22.0,7.4
2023-03-18,0.4,7.2,17.4,12.3,1.9,7.5,62.0,75.0,43.0,2.9
2023-03-19,0.0,4.5,20.0,12.2,1.7,7.8,49.0,78.0,24.0,9.0
2023-03-20,0.0,2.8,21.7,12.2,2.2,6.7,39.0,86.0,16.0,10.1
2023-03-21,0.0,4.7,24.6,14.6,2.5,7.5,30.0,69.0,14.0,9.4
2023-03-22,0.0,6.4,25.2,15.8,2.8,7.2,31.0,63.0,17.0,10.1
2023-03-23,0.0,6.0,28.1,17.0,2.5,7.5,28.0,67.0,11.0,10.3
2023-03-24,0.0,9.0,27.8,18.4,3.1,10.3,26.0,52.0,12.0,9.2
2023-03-25,0.0,8.1,26.9,17.5,1.9,6.7,38.0,69.0,21.0,10.6
2023-03-26,0.0,9.7,29.8,19.8,2.8,10.3,29.0,75.0,9.0,10.7
2023-03-27,0.0,6.2,24.1,15.2,1.7,8.6,30.0,72.0,14.0,11.0
2023-03-28,0.0,3.6,22.3,13.0,1.9,8.3,47.0,78.0,26.0,11.3
2023-03-29,0.0,3.7,25.0,14.4,1.7,6.1,41.0,86.0,18.0,11.3
2023-03-30,0.0,8.7,31.1,19.9,1.7,8.3,22.0,56.0,6.0,10.7
2023-03-31,0.0,13.0,28.0,20.5,3.1,11.9,24.0,43.0,10.0,5.9
2023-04-01,0.0,11.5,26.6,19.0,3.6,11.7,37.0,62.0,17.0,8.8
2023-04-02,0.0,9.1,22.3,15.7,2.8,11.4,20.0,56.0,14.0,11.8
2023-04-03,0.0,2.6,22.3,12.4,2.8,8.3,26.0,69.0,12.0,11.8
2023-04-04,0.0,4.5,21.3,12.9,2.2,7.8,52.0,86.0,25.0,10.8
2023-04-05,0.0,1.4,20.1,10.8,3.1,7.5,47.0,85.0,16.0,10.4
2023-04-06,0.0,1.8,20.7,11.2,3.3,7.8,32.0,83.0,19.0,11.4
2023-04-07,0.0,1.9,23.3,12.6,1.7,6.9,29.0,66.0,12.0,12.0
2023-04-08,0.0,6.7,28.4,17.6,3.1,7.8,18.0,59.0,9.0,12.1
2023-04-09,0.0,3.7,28.4,16.0,1.9,7.8,25.0,60.0,13.0,10.8
2023-04-10,0.0,13.0,31.0,22.0,3.3,11.7,17.0,44.0,9.0,11.6
2023-04-11,0.0,11.6,27.3,19.4,2.2,8.1,27.0,43.0,15.0,11.9
2023-04-12,0.0,9.9,30.2,20.0,2.8,11.9,22.0,59.0,8.0,10.5
2023-04-13,0.0,8.8,25.0,16.9,1.9,8.3,32.0,64.0,11.0,10.8
2023-04-14,0.0,5.9,26.2,16.0,2.8,10.0,24.0,53.0,14.0,11.9
2023-04-15,0.0,10.8,28.3,19.6,2.2,9.7,26.0,62.0,11.0,12.2
2023-04-16,0.0,8.2,22.8,15.5,2.5,8.9,35.0,76.0,15.0,12.3
2023-04-17,0.0,5.4,23.2,14.3,1.9,9.4,41.0,84.0,25.0,12.2
2023-04-18,0.0,2.8,21.6,12.2,2.5,10.8,46.0,80.0,33.0,11.9
2023-04-19,0.0,3.0,22.2,12.6,2.5,8.6,39.0,84.0,18.0,10.5
2023-04-20,0.0,6.6,29.1,17.8,2.8,9.2,24.0,68.0,12.0,11.9
2023-04-21,0.0,9.7,30.1,19.9,3.3,11.7,23.0,54.0,13.0,11.9
2023-04-22,0.0,9.2,25.6,17.4,2.2,10.0,34.0,63.0,20.0,6.5
2023-04-23,0.0,7.5,28.0,17.8,2.5,7.2,28.0,71.0,16.0,12.4
2023-04-24,0.0,8.5,28.9,18.7,3.3,8.6,25.0,62.0,18.0,11.6
2023-04-25,0.0,10.4,34.1,22.2,2.5,7.8,20.0,57.0,10.0,12.5
2023-04-26,0.0,12.7,33.6,23.2,2.2,9.7,21.0,50.0,10.0,12.5
2023-04-27,0.0,10.6,31.9,21.2,2.2,6.7,31.0,66.0,21.0,12.2
2023-04-28,0.0,12.1,32.0,22.0,1.9,7.2,32.0,64.0,14.0,5.9
2023-04-29,0.0,18.2,31.8,25.0,2.8,13.6,33.0,54.0,14.0,3.6
2023-04-30,1.4,14.9,27.6,21.2,2.2,10.0,49.0,81.0,27.0,6.7
2023-05-01,0.0,9.1,29.1,19.1,3.3,8.6,41.0,87.0,16.0,12.3
2023-05-02,0.0,9.2,30.1,19.6,1.9,9.2,31.0,85.0,10.0,11.0
2023-05-03,0.0,8.8,29.9,19.4,1.9,7.8,33.0,84.0,10.0,10.7
2023-05-04,0.0,8.4,30.1,19.2,1.9,7.5,26.0,78.0,15.0,10.1
2023-05-05,0.0,10.0,29.8,19.9,2.5,10.0,30.0,66.0,18.0,12.6
2023-05-06,0.0,11.5,29.1,20.3,2.5,8.6,26.0,58.0,12.0,10.5
2023-05-07,0.2,13.7,26.5,20.1,2.2,8.6,47.0,70.0,27.0,6.8
2023-05-08,0.0,10.1,30.0,20.0,1.7,7.5,34.0,73.0,17.0,12.2
2023-05-09,0.0,11.4,33.5,22.4,2.5,8.9,24.0,73.0,14.0,11.5
2023-05-10,0.0,15.3,28.0,21.6,1.9,7.8,40.0,84.0,28.0,7.6
2023-05-11,0.0,12.0,24.9,18.4,1.7,9.4,51.0,84.0,36.0,5.3
2023-05-12,16.2,10.7,24.6,17.6,2.2,10.0,64.0,90.0,26.0,6.2
2023-05-13,1.4,7.1,19.8,13.4,1.7,10.3,54.0,90.0,29.0,9.0
2023-05-14,0.0,6.3,22.2,14.2,1.9,9.4,38.0,84.0,22.0,8.2
2023-05-15,0.0,9.5,25.3,17.4,2.8,12.5,24.0,72.0,12.0,10.3
2023-05-16,0.0,8.9,25.8,17.4,3.1,10.8,21.0,74.0,10.0,13.1
2023-05-17,0.0,9.0,22.6,15.8,2.2,7.8,43.0,81.0,26.0,10.3
2023-05-18,0.2,9.2,21.1,15.2,1.4,9.2,66.0,84.0,35.0,5.1
2023-05-19,1.8,7.7,19.1,13.4,1.4,10.3,66.0,87.0,44.0,4.3
2023-05-20,3.4,8.6,21.0,14.8,1.9,11.1,60.0,86.0,34.0,6.4
2023-05-21,1.6,8.1,20.6,14.4,2.2,8.6,59.0,89.0,40.0,5.9
2023-05-22,63.2,11.0,18.5,14.8,1.9,8.6,76.0,91.0,55.0,0.4
2023-05-23,12.8,11.7,14.7,13.2,2.2,8.6,89.0,91.0,85.0,0.2
2023-05-24,8.0,10.4,19.5,15.0,1.9,7.2,74.0,92.0,59.0,4.0
2023-05-25,6.0,9.4,23.0,16.2,1.4,11.4,65.0,91.0,37.0,6.5
2023-05-26,5.2,13.3,22.3,17.8,2.8,9.4,72.0,91.0,52.0,3.6
2023-05-27,8.4,12.3,22.2,17.2,3.1,9.2,69.0,90.0,51.0,4.9
2023-05-28,2.4,9.9,22.5,16.2,1.1,11.4,71.0,91.0,44.0,7.1
2023-05-29,30.2,11.3,23.4,17.4,1.1,6.7,74.0,91.0,40.0,6.2
2023-05-30,2.6,10.5,21.4,16.0,2.2,7.5,74.0,92.0,46.0,5.5
2023-05-31,12.2,12.5,22.9,17.7,1.9,11.9,75.0,89.0,49.0,4.1
2023-06-01,45.4,10.0,22.7,16.4,1.9,10.0,78.0,92.0,45.0,5.3
2023-06-02,3.2,11.1,21.1,16.1,1.1,9.2,79.0,92.0,58.0,
2023-06-03,0.0,11.7,22.5,17.1,2.8,11.9,69.0,91.0,49.0,6.6
2023-06-04,0.0,10.7,25.0,17.8,1.4,7.2,62.0,91.0,40.0,9.2
2023-06-05,0.0,12.4,24.2,18.3,1.7,7.5,62.0,91.0,45.0,8.2
2023-06-06,1.2,13.4,26.4,19.9,1.9,8.6,56.0,89.0,42.0,11.8
2023-06-07,5.4,13.9,17.7,15.8,0.8,3.9,85.0,90.0,72.0,0.0
2023-06-08,5.0,16.0,24.9,20.4,1.1,7.5,80.0,90.0,61.0,4.4
2023-06-09,0.0,14.0,27.5,20.8,0.8,7.8,55.0,91.0,35.0,7.7
2023-06-10,0.0,15.0,28.9,22.0,2.2,7.8,46.0,86.0,34.0,10.8
2023-06-11,1.6,14.9,29.3,22.1,2.2,8.1,59.0,80.0,31.0,9.0
2023-06-12,0.0,15.6,30.1,22.8,1.4,6.7,57.0,88.0,33.0,10.1
2023-06-13,0.0,14.6,28.6,21.6,2.5,11.1,53.0,87.0,30.0,8.0
2023-06-14,0.0,17.3,28.4,22.8,2.2,10.3,41.0,75.0,30.0,8.1
2023-06-15,0.0,14.0,31.2,22.6,1.7,6.9,41.0,85.0,27.0,12.7
2023-06-16,0.0,14.3,31.9,23.1,2.5,8.6,41.0,86.0,27.0,12.9
2023-06-17,0.0,15.1,33.7,24.4,2.5,8.9,34.0,77.0,21.0,13.1
2023-06-18,0.0,16.1,29.6,22.8,2.5,10.3,46.0,76.0,31.0,2.6
2023-06-19,0.2,15.3,30.7,23.0,2.2,8.3,40.0,74.0,27.0,11.0
2023-06-20,0.0,16.9,31.1,24.0,1.9,8.9,47.0,82.0,31.0,12.1
2023-06-21,57.4,15.4,32.4,23.9,2.5,15.8,69.0,93.0,29.0,5.7
2023-06-22,0.0,14.5,29.8,22.2,2.5,6.7,52.0,92.0,35.0,13.3
2023-06-23,0.0,15.6,28.9,22.2,2.5,8.3,51.0,88.0,35.0,13.4
2023-06-24,0.0,14.6,31.1,22.8,2.5,7.8,43.0,88.0,27.0,13.5
2023-06-25,0.0,16.1,34.6,25.4,2.5,6.7,38.0,87.0,22.0,13.5
2023-06-26,2.0,19.9,34.5,27.2,2.5,12.5,50.0,76.0,26.0,8.6
2023-06-27,0.0,17.3,34.0,25.6,1.4,6.9,41.0,77.0,22.0,12.9
2023-06-28,0.0,15.6,33.4,24.5,1.4,8.9,46.0,79.0,28.0,12.3
2023-06-29,0.0,16.2,32.5,24.4,1.4,7.5,54.0,87.0,38.0,12.1
2023-06-30,0.0,20.1,30.2,25.2,1.9,7.8,65.0,88.0,48.0,5.4
2023-07-01,0.0,20.3,31.3,25.8,2.5,6.9,55.0,85.0,32.0,11.5
2023-07-02,0.0,19.9,32.6,26.2,3.1,8.3,53.0,86.0,33.0,10.0
2023-07-03,0.0,19.0,33.9,26.4,2.8,8.9,42.0,80.0,26.0,11.8
2023-07-04,0.0,17.2,35.9,26.6,1.9,8.3,36.0,86.0,18.0,11.9
2023-07-05,0.0,14.9,31.4,23.2,2.2,9.4,50.0,83.0,36.0,11.1
2023-07-06,0.0,20.0,31.8,25.9,2.2,10.8,58.0,86.0,35.0,11.2
2023-07-07,0.0,19.4,32.0,25.7,1.7,9.2,49.0,86.0,31.0,11.6
2023-07-08,0.0,17.5,34.0,25.8,2.8,8.9,45.0,90.0,26.0,13.1
2023-07-09,0.0,19.5,35.5,27.5,1.9,7.8,47.0,86.0,29.0,12.6
2023-07-10,0.0,18.2,37.1,27.6,1.9,11.9,45.0,87.0,31.0,10.6
2023-07-11,0.0,18.6,39.0,28.8,1.4,9.7,38.0,85.0,18.0,9.7
2023-07-12,0.0,22.9,42.0,32.4,3.3,13.3,19.0,62.0,7.0,12.4
2023-07-13,0.0,18.0,35.2,26.6,3.3,10.3,41.0,79.0,19.0,12.9
2023-07-14,0.0,20.4,34.1,27.2,2.2,8.1,56.0,87.0,35.0,10.7
2023-07-15,0.0,17.5,39.5,28.5,3.6,11.1,30.0,82.0,7.0,13.0
2023-07-16,0.0,19.2,33.4,26.3,2.8,8.9,50.0,86.0,23.0,10.9
2023-07-17,0.0,19.3,39.6,29.4,1.7,8.9,50.0,89.0,16.0,12.6
2023-07-18,0.0,17.5,39.4,28.4,1.7,7.2,33.0,88.0,20.0,11.1
2023-07-19,0.2,22.9,40.5,31.7,1.9,9.7,26.0,55.0,15.0,10.1
2023-07-20,0.4,22.9,36.5,29.7,2.5,18.6,34.0,57.0,19.0,3.2
2023-07-21,0.0,16.7,36.3,26.5,2.2,7.8,24.0,51.0,13.0,8.8
2023-07-22,0.0,15.9,33.1,24.5,1.4,10.0,46.0,83.0,32.0,11.7
2023-07-23,0.0,18.9,36.9,27.9,1.9,7.5,53.0,85.0,26.0,11.0
2023-07-24,0.0,21.6,37.8,29.7,2.5,10.3,29.0,74.0,9.0,5.9
2023-07-25,0.0,18.7,37.4,28.0,2.8,9.4,26.0,53.0,8.0,12.8
2023-07-26,0.0,15.1,32.2,23.6,2.5,10.3,55.0,80.0,40.0,10.8
2023-07-27,0.0,18.9,34.7,26.8,2.5,8.9,47.0,87.0,26.0,10.4
2023-07-28,0.0,16.0,34.8,25.4,2.2,9.7,36.0,76.0,18.0,12.5
2023-07-29,0.0,17.1,36.8,27.0,2.2,8.9,32.0,79.0,19.0,12.8
2023-07-30,0.0,17.5,38.1,27.8,2.8,9.7,33.0,72.0,14.0,
2023-07-31,0.0,17.2,36.0,26.6,2.2,8.3,37.0,82.0,26.0,12.7
2023-08-01,0.0,18.3,39.4,28.8,2.8,8.3,20.0,53.0,11.0,12.7
2023-08-02,0.0,19.2,40.1,29.6,2.8,7.8,20.0,46.0,9.0,12.6
2023-08-03,0.0,18.2,39.7,29.0,1.9,12.5,26.0,82.0,7.0,12.7
2023-08-04,0.0,19.6,31.7,25.6,2.8,10.0,42.0,85.0,12.0,10.6
2023-08-05,0.0,15.2,34.1,24.6,2.8,9.4,28.0,87.0,8.0,12.5
2023-08-06,0.0,15.1,36.4,25.8,1.7,9.7,32.0,79.0,14.0,12.5
2023-08-07,0.0,16.3,32.1,24.2,1.9,9.2,52.0,87.0,37.0,12.4
2023-08-08,0.0,19.8,34.4,27.1,1.9,7.8,47.0,79.0,21.0,10.8
2023-08-09,0.0,17.5,37.2,27.4,1.9,7.5,44.0,86.0,26.0,10.5
2023-08-10,0.0,22.5,42.8,32.6,2.8,11.9,23.0,58.0,7.0,11.4
2023-08-11,0.0,17.9,36.6,27.2,1.9,8.9,38.0,72.0,24.0,12.3
2023-08-12,0.0,18.3,35.4,26.8,1.9,8.6,47.0,87.0,31.0,12.3
2023-08-13,0.0,17.3,34.6,26.0,1.9,10.3,49.0,85.0,30.0,12.2
2023-08-14,0.0,16.9,35.2,26.0,2.5,9.7,49.0,89.0,25.0,11.7
2023-08-15,0.0,16.9,35.9,26.4,2.8,11.1,46.0,86.0,31.0,10.9
2023-08-16,0.0,18.9,37.0,28.0,1.9,10.0,51.0,86.0,22.0,11.3
2023-08-17,0.0,17.8,35.9,26.8,2.5,8.3,37.0,78.0,22.0,12.2
2023-08-18,0.0,19.0,38.6,28.8,1.9,7.8,22.0,55.0,10.0,12.0
2023-08-19,0.0,18.0,39.2,28.6,1.9,9.2,24.0,65.0,11.0,12.2
2023-08-20,0.0,18.5,37.5,28.0,2.5,8.6,39.0,75.0,22.0,12.0
2023-08-21,0.0,19.4,36.1,27.8,2.5,10.8,33.0,82.0,14.0,12.1
2023-08-22,0.0,16.6,35.5,26.0,3.3,9.4,28.0,60.0,18.0,12.1
2023-08-23,0.0,15.2,35.8,25.5,2.2,8.9,27.0,67.0,14.0,12.2
2023-08-24,0.0,16.1,38.3,27.2,1.9,8.3,27.0,59.0,11.0,12.0
2023-08-25,0.0,18.8,40.6,29.7,1.7,7.5,27.0,61.0,11.0,8.7
2023-08-26,2.2,22.1,38.1,30.1,2.2,17.2,40.0,79.0,13.0,6.1
2023-08-27,0.0,17.0,27.8,22.4,3.3,15.0,23.0,60.0,17.0,11.0
2023-08-28,0.0,12.9,30.9,21.9,2.2,10.3,23.0,57.0,15.0,12.2
2023-08-29,0.0,12.7,33.6,23.2,2.2,8.1,27.0,62.0,14.0,10.9
2023-08-30,0.0,14.5,29.1,21.8,2.5,10.3,50.0,85.0,27.0,7.1
2023-08-31,0.0,13.3,31.7,22.5,3.1,7.2,45.0,85.0,24.0,12.0
2023-09-01,0.0,16.4,32.5,24.4,1.9,7.5,38.0,74.0,20.0,10.1
2023-09-02,23.8,16.0,28.4,22.2,3.1,10.6,56.0,89.0,40.0,5.0
2023-09-03,1.2,14.8,23.3,19.0,2.8,12.2,86.0,92.0,77.0,0.0
2023-09-04,0.0,20.8,29.3,25.0,2.8,8.6,69.0,88.0,53.0,5.8
2023-09-05,0.0,17.4,30.1,23.8,1.1,5.8,60.0,89.0,39.0,8.3
2023-09-06,0.0,17.4,29.5,23.4,2.2,8.6,62.0,87.0,42.0,7.7
2023-09-07,0.0,16.2,29.3,22.8,2.5,6.9,62.0,90.0,44.0,9.4
2023-09-08,0.0,17.5,29.0,23.2,1.7,8.1,68.0,91.0,49.0,7.1
2023-09-09,0.0,15.0,29.5,22.2,1.9,8.3,61.0,90.0,38.0,8.6
2023-09-10,0.0,12.3,28.3,20.3,1.9,7.2,60.0,89.0,44.0,10.1
2023-09-11,0.0,14.8,30.1,22.4,1.4,9.4,62.0,92.0,37.0,9.0
2023-09-12,0.2,16.6,29.9,23.2,1.9,9.7,55.0,87.0,32.0,7.7
2023-09-13,0.2,17.8,27.7,22.8,2.5,9.7,69.0,86.0,41.0,6.2
2023-09-14,0.4,19.5,27.3,23.4,2.8,7.5,64.0,86.0,46.0,2.1
2023-09-15,4.2,15.8,28.0,21.9,1.7,10.0,78.0,90.0,32.0,4.6
2023-09-16,7.2,15.5,25.7,20.6,1.4,6.7,74.0,91.0,57.0,4.3
2023-09-17,0.0,17.2,29.9,23.6,2.5,9.2,63.0,90.0,44.0,8.5
2023-09-18,0.0,13.9,28.2,21.0,2.2,7.8,57.0,91.0,34.0,8.7
2023-09-19,0.0,13.7,24.3,19.0,2.5,7.8,66.0,84.0,51.0,3.2
2023-09-20,0.0,11.7,29.8,20.8,1.4,6.4,49.0,88.0,21.0,8.7
2023-09-21,0.0,14.4,30.5,22.4,2.8,10.3,42.0,69.0,9.0,8.5
2023-09-22,0.0,11.9,25.6,18.8,1.7,9.2,47.0,81.0,28.0,7.7
2023-09-23,0.0,9.7,26.3,18.0,1.4,6.4,48.0,80.0,26.0,9.1
2023-09-24,0.0,10.9,27.3,19.1,1.7,6.7,56.0,89.0,34.0,8.9
2023-09-25,0.0,10.5,28.6,19.6,1.9,7.2,49.0,88.0,18.0,8.8
2023-09-26,0.0,10.0,28.3,19.2,2.2,7.2,58.0,90.0,37.0,7.7
2023-09-27,0.0,11.9,27.9,19.9,1.4,6.4,61.0,90.0,38.0,
2023-09-28,0.0,12.8,29.7,21.2,1.7,6.7,58.0,88.0,31.0,8.4
2023-09-29,0.0,13.2,29.9,21.6,1.7,7.8,53.0,88.0,27.0,8.5
2023-09-30,0.0,11.2,31.2,21.2,1.7,7.2,40.0,79.0,20.0,8.4
2023-10-01,0.0,11.6,32.3,22.0,1.7,6.9,41.0,74.0,22.0,8.4
2023-10-02,0.0,11.6,31.0,21.3,1.9,6.9,45.0,77.0,25.0,8.3
2023-10-03,0.0,12.4,31.0,21.7,1.9,6.7,48.0,86.0,25.0,8.1
2023-10-04,0.0,14.2,28.2,21.2,1.4,5.8,58.0,87.0,40.0,7.2
2023-10-05,0.0,11.8,29.8,20.8,1.1,6.9,56.0,89.0,29.0,8.1
2023-10-06,0.0,12.5,31.1,21.8,2.2,7.5,47.0,83.0,20.0,8.1
2023-10-07,0.0,12.0,30.1,21.0,1.4,6.7,50.0,82.0,23.0,8.0
2023-10-08,0.0,11.4,28.4,19.9,1.7,6.4,60.0,88.0,31.0,8.0
2023-10-09,0.0,13.6,25.6,19.6,1.1,7.5,61.0,87.0,31.0,7.3
2023-10-10,0.0,12.8,26.0,19.4,1.7,6.9,58.0,87.0,36.0,8.0
2023-10-11,0.0,12.3,27.0,19.6,1.9,7.5,56.0,90.0,31.0,8.0
2023-10-12,0.0,9.0,27.8,18.4,1.7,6.9,45.0,86.0,22.0,8.0
2023-10-13,0.0,11.7,29.0,20.4,1.7,7.2,53.0,82.0,29.0,7.9
2023-10-14,0.6,14.1,22.2,18.2,1.4,7.5,58.0,83.0,44.0,2.2
2023-10-15,0.0,12.1,27.8,20.0,2.8,7.2,50.0,80.0,24.0,7.6
2023-10-16,0.0,15.3,27.9,21.6,1.7,7.5,51.0,72.0,27.0,6.9
2023-10-17,0.0,11.7,29.3,20.5,1.9,11.4,58.0,87.0,30.0,4.2
2023-10-18,0.0,14.7,27.7,21.2,1.7,12.5,45.0,74.0,26.0,5.9
2023-10-19,4.4,12.7,25.3,19.0,5.8,20.8,55.0,85.0,37.0,3.6
2023-10-20,0.0,9.4,20.7,15.0,3.3,19.7,45.0,85.0,34.0,7.3
2023-10-21,0.0,7.9,21.6,14.8,1.9,12.5,47.0,75.0,26.0,7.0
2023-10-22,0.0,6.7,18.4,12.6,1.9,8.1,72.0,84.0,55.0,1.1
2023-10-23,0.0,10.6,23.3,17.0,2.2,8.9,60.0,84.0,38.0,4.4
2023-10-24,0.0,8.5,22.7,15.6,2.8,8.9,45.0,86.0,20.0,7.0
2023-10-25,0.0,10.6,25.9,18.2,1.7,13.9,51.0,80.0,23.0,5.9
2023-10-26,0.0,14.5,25.0,19.8,4.2,15.8,50.0,75.0,37.0,4.5
2023-10-27,0.0,10.8,22.5,16.6,2.2,9.4,42.0,85.0,20.0,1.3
2023-10-28,0.0,9.6,23.6,16.6,2.8,8.1,51.0,72.0,28.0,6.9
2023-10-29,0.0,7.3,22.5,14.9,2.8,8.1,46.0,75.0,25.0,6.9
2023-10-30,0.0,8.8,24.1,16.4,2.8,13.6,48.0,69.0,30.0,4.6
2023-10-31,0.0,7.2,16.3,11.8,1.1,7.2,51.0,76.0,38.0,0.6
2023-11-01,0.0,7.9,24.4,16.2,2.8,10.8,47.0,82.0,23.0,4.8
2023-11-02,0.0,12.2,25.0,18.6,6.7,27.5,47.0,73.0,30.0,4.8
2023-11-03,0.0,10.7,18.2,14.4,2.5,20.3,43.0,62.0,31.0,5.7
2023-11-04,0.0,11.1,22.6,16.8,4.2,16.7,48.0,67.0,24.0,5.9
2023-11-05,0.0,8.2,20.0,14.1,1.9,17.5,41.0,64.0,26.0,6.7
2023-11-06,0.0,4.7,19.9,12.3,1.7,8.6,42.0,73.0,23.0,6.4
2023-11-07,0.0,2.6,18.1,10.4,1.7,7.8,50.0,83.0,23.0,6.8
2023-11-08,0.0,2.3,16.7,9.5,2.2,8.3,53.0,78.0,32.0,5.3
2023-11-09,0.0,7.0,22.4,14.7,1.7,9.4,48.0,71.0,25.0,4.9
2023-11-10,0.0,6.9,22.0,14.4,1.9,10.0,51.0,74.0,23.0,6.2
2023-11-11,0.0,9.1,24.8,17.0,2.8,10.6,48.0,87.0,29.0,5.4
2023-11-12,0.0,9.7,24.9,17.3,1.9,11.7,55.0,75.0,33.0,6.3
2023-11-13,0.0,7.3,23.5,15.4,1.9,7.8,59.0,83.0,36.0,6.6
2023-11-14,0.0,7.8,27.1,17.4,2.5,7.2,34.0,72.0,18.0,5.8
2023-11-15,0.0,7.5,24.6,16.0,1.7,6.1,48.0,70.0,23.0,6.4
2023-11-16,0.0,8.0,25.2,16.6,2.5,6.7,33.0,74.0,21.0,4.9
2023-11-17,0.0,8.3,23.6,16.0,1.7,6.9,54.0,79.0,32.0,6.0
2023-11-18,0.0,7.6,22.6,15.1,2.5,7.5,61.0,84.0,36.0,6.1
2023-11-19,0.0,6.1,22.0,14.0,1.4,6.1,63.0,88.0,38.0,6.0
2023-11-20,0.0,6.9,23.3,15.1,2.2,6.7,45.0,81.0,28.0,5.9
2023-11-21,0.0,8.8,18.9,13.8,2.2,13.9,46.0,78.0,20.0,4.4
2023-11-22,0.0,5.9,16.2,11.0,2.5,11.7,40.0,57.0,29.0,6.1
2023-11-23,0.0,0.5,16.0,8.2,1.9,8.1,50.0,87.0,22.0,5.8
2023-11-24,0.0,1.7,21.2,11.4,2.5,9.4,30.0,53.0,13.0,
2023-11-25,0.0,4.2,20.9,12.6,3.3,10.3,31.0,63.0,19.0,5.9
2023-11-26,0.0,1.3,17.5,9.4,1.4,8.1,58.0,79.0,33.0,5.6
2023-11-27,0.0,6.2,21.1,13.6,3.3,8.1,34.0,56.0,21.0,5.5
2023-11-28,0.0,9.5,17.5,13.5,1.7,11.4,56.0,76.0,35.0,0.7
2023-11-29,0.0,8.4,22.4,15.4,2.8,8.6,60.0,79.0,36.0,5.0
2023-11-30,0.0,11.4,23.5,17.4,3.3,12.2,55.0,84.0,34.0,2.0
2023-12-01,0.4,5.5,18.3,11.9,2.8,14.4,58.0,79.0,29.0,2.0
2023-12-02,0.0,2.2,15.7,9.0,1.7,10.3,51.0,78.0,25.0,5.2
2023-12-03,0.0,-0.1,14.7,7.3,1.9,7.2,52.0,77.0,25.0,5.2
2023-12-04,0.0,3.2,13.4,8.3,2.2,9.2,50.0,74.0,38.0,0.0
2023-12-05,1.0,1.4,14.1,7.8,2.5,7.5,57.0,82.0,40.0,4.2
2023-12-06,0.0,7.2,13.0,10.1,1.4,4.4,79.0,89.0,66.0,1.1
2023-12-07,0.0,4.9,17.3,11.1,1.1,6.9,73.0,92.0,50.0,4.6
2023-12-08,0.0,3.6,16.7,10.2,1.9,16.4,46.0,77.0,31.0,1.8
2023-12-09,0.0,2.9,20.8,11.8,1.7,9.2,62.0,79.0,38.0,5.0
2023-12-10,0.0,6.4,19.9,13.2,1.7,6.7,62.0,86.0,42.0,4.9
2023-12-11,0.0,4.2,22.7,13.4,1.1,7.5,52.0,88.0,26.0,5.1
2023-12-12,0.0,10.0,26.6,18.3,2.8,13.3,28.0,48.0,15.0,4.2
2023-12-13,0.0,4.8,16.3,10.6,2.2,10.0,56.0,82.0,35.0,0.1
2023-12-14,0.0,3.2,14.0,8.6,1.9,11.4,50.0,74.0,27.0,5.1
2023-12-15,0.0,-0.1,14.9,7.4,1.7,8.3,53.0,83.0,27.0,5.1
2023-12-16,0.0,1.2,14.8,8.0,2.8,8.6,51.0,71.0,31.0,5.1
2023-12-17,0.0,-1.2,12.7,5.8,1.4,6.7,58.0,85.0,36.0,5.0
2023-12-18,0.0,-1.9,13.4,5.8,2.8,7.5,48.0,84.0,31.0,4.8
2023-12-19,0.0,-1.3,16.6,7.6,1.9,9.2,29.0,62.0,13.0,5.0
2023-12-20,0.0,2.8,18.9,10.8,3.6,13.6,36.0,64.0,21.0,4.4
2023-12-21,0.0,0.0,15.2,7.6,1.9,7.5,53.0,78.0,33.0,5.1
2023-12-22,0.0,3.3,17.1,10.2,1.9,8.9,48.0,75.0,26.0,5.0
2023-12-23,0.0,1.4,17.4,9.4,2.5,7.2,51.0,80.0,28.0,5.1
2023-12-24,0.0,0.7,16.3,8.5,1.9,7.2,49.0,80.0,27.0,5.0
2023-12-25,0.0,-0.2,16.4,8.1,1.4,7.5,49.0,75.0,26.0,5.0
2023-12-26,0.0,-0.5,15.9,7.7,1.4,8.3,46.0,79.0,22.0,5.0
2023-12-27,0.0,-1.6,15.0,6.7,1.7,7.2,44.0,64.0,21.0,5.0
2023-12-28,0.0,0.7,17.2,9.0,1.4,7.5,43.0,66.0,21.0,3.2
2023-12-29,0.0,5.3,15.6,10.4,1.4,6.1,31.0,50.0,22.0,0.2
2023-12-30,0.0,4.5,16.8,10.6,1.9,8.9,34.0,53.0,22.0,4.9
2023-12-31,0.0,4.1,17.8,11.0,2.2,10.0,42.0,62.0,29.0,4.5
2024-01-01,0.0,3.5,14.9,9.2,1.7,7.5,55.0,71.0,38.0,2.5
2024-01-02,0.0,3.1,17.2,10.2,1.9,8.3,32.0,47.0,17.0,4.9
2024-01-03,0.0,6.8,22.1,14.4,2.2,10.0,43.0,72.0,23.0,4.6
2024-01-04,2.2,6.4,16.3,11.4,1.1,8.9,77.0,89.0,62.0,0.3
2024-01-05,0.0,6.3,12.1,9.2,2.5,16.4,55.0,90.0,41.0,3.6
2024-01-06,0.0,4.2,12.1,8.2,3.1,19.4,44.0,62.0,32.0,5.1
2024-01-07,0.0,1.4,12.9,7.2,2.2,10.3,44.0,68.0,26.0,4.4
2024-01-08,0.0,-1.0,13.2,6.1,1.7,6.4,47.0,72.0,23.0,5.3
2024-01-09,8.2,3.3,14.3,8.8,1.4,5.3,61.0,88.0,35.0,4.1
2024-01-10,0.0,6.0,12.8,9.4,1.7,6.4,72.0,92.0,45.0,2.6
2024-01-11,0.4,4.7,11.6,8.2,1.4,6.7,68.0,90.0,60.0,1.8
2024-01-12,0.0,4.0,11.2,7.6,2.2,7.8,78.0,91.0,58.0,1.4
2024-01-13,0.0,0.7,13.1,6.9,1.1,7.5,74.0,91.0,38.0,3.6
2024-01-14,0.0,8.9,22.5,15.7,3.6,12.5,24.0,56.0,11.0,4.0
2024-01-15,0.0,10.1,20.9,15.5,2.2,13.9,46.0,80.0,28.0,0.3
2024-01-16,0.0,8.1,21.9,15.0,3.1,16.9,42.0,87.0,19.0,4.8
2024-01-17,0.0,10.6,19.7,15.2,7.5,22.5,43.0,70.0,30.0,4.7
2024-01-18,0.0,9.5,20.0,14.8,2.8,11.9,48.0,71.0,34.0,5.0
2024-01-19,0.0,6.6,19.0,12.8,2.8,14.7,56.0,78.0,34.0,1.2
2024-01-20,0.0,6.4,10.3,8.4,1.4,5.6,79.0,89.0,71.0,0.0
2024-01-21,0.0,3.8,13.8,8.8,1.4,7.5,69.0,86.0,52.0,2.0
2024-01-22,0.0,0.7,17.8,9.2,2.5,8.1,48.0,86.0,22.0,6.1
2024-01-23,0.0,5.5,19.8,12.6,1.4,6.9,58.0,81.0,37.0,6.1
2024-01-24,0.0,5.7,22.6,14.2,3.1,7.5,53.0,85.0,29.0,6.3
2024-01-25,0.0,6.2,25.2,15.7,1.9,8.1,36.0,59.0,20.0,6.4
2024-01-26,0.0,7.9,23.6,15.8,2.2,8.1,34.0,62.0,21.0,6.2
2024-01-27,0.0,4.9,21.6,13.2,2.2,6.1,46.0,75.0,27.0,6.4
2024-01-28,0.0,3.0,19.4,11.2,1.9,6.7,53.0,86.0,31.0,6.4
2024-01-29,0.0,4.5,11.6,8.0,1.1,3.9,78.0,91.0,72.0,0.0
2024-01-30,0.0,7.9,14.5,11.2,1.4,6.1,66.0,83.0,52.0,1.9
2024-01-31,0.0,3.3,14.3,8.8,1.1,5.3,71.0,88.0,52.0,0.7
2024-02-01,0.0,2.2,16.9,9.6,2.2,7.5,56.0,89.0,23.0,6.4
2024-02-02,0.0,3.2,16.9,10.0,2.8,7.5,43.0,80.0,26.0,6.6
2024-02-03,0.0,0.5,17.0,8.8,1.7,6.1,63.0,91.0,37.0,6.2
2024-02-04,0.0,1.2,18.7,10.0,2.5,6.9,36.0,81.0,19.0,6.8
2024-02-05,0.0,1.6,20.4,11.0,2.2,6.9,30.0,66.0,15.0,6.8
2024-02-06,0.0,7.3,21.3,14.3,2.5,7.8,29.0,60.0,13.0,4.9
2024-02-07,0.0,7.3,20.4,13.8,2.8,9.2,33.0,63.0,23.0,6.7
2024-02-08,0.0,5.7,20.7,13.2,3.1,18.1,36.0,74.0,12.0,5.4
2024-02-09,1.6,9.2,17.1,13.2,5.3,22.2,68.0,85.0,46.0,0.8
2024-02-10,0.0,6.8,14.0,10.4,5.3,22.5,46.0,74.0,35.0,6.1
2024-02-11,5.2,1.6,12.3,7.0,1.9,9.4,58.0,83.0,34.0,1.0
2024-02-12,0.0,5.5,20.3,12.9,3.1,16.9,57.0,93.0,32.0,6.3
2024-02-13,0.0,7.9,21.5,14.7,1.9,6.1,56.0,77.0,33.0,6.7
2024-02-14,0.0,8.5,22.8,15.6,2.2,7.5,54.0,82.0,32.0,3.7
2024-02-15,0.2,7.0,20.1,13.6,1.4,15.0,63.0,85.0,34.0,3.6
2024-02-16,0.0,8.1,18.6,13.4,2.5,11.9,46.0,72.0,31.0,5.7
2024-02-17,0.0,6.6,16.7,11.6,1.9,12.8,39.0,68.0,24.0,7.1
2024-02-18,0.0,4.2,20.7,12.4,1.9,7.2,48.0,80.0,25.0,7.1
2024-02-19,0.0,4.8,21.2,13.0,1.9,10.3,50.0,75.0,30.0,7.2
2024-02-20,0.0,5.0,23.0,14.0,2.5,8.6,44.0,83.0,15.0,7.4
2024-02-21,0.0,4.0,23.6,13.8,3.1,6.7,33.0,59.0,14.0,7.6
2024-02-22,0.0,11.9,24.7,18.3,3.1,14.2,27.0,52.0,12.0,5.4
2024-02-23,2.0,4.0,15.8,9.9,2.8,14.2,34.0,87.0,20.0,6.9
2024-02-24,0.0,2.6,12.7,7.6,2.5,19.4,54.0,86.0,31.0,6.9
2024-02-25,0.0,1.8,18.7,10.2,4.4,19.7,49.0,80.0,32.0,5.0
2024-02-26,0.4,7.5,15.9,11.7,3.3,20.8,46.0,67.0,28.0,4.0
2024-02-27,0.0,6.7,12.9,9.8,4.7,21.7,40.0,47.0,32.0,5.9
2024-02-28,0.0,5.2,15.2,10.2,2.5,13.3,34.0,50.0,26.0,7.6
2024-02-29,0.0,1.4,20.9,11.2,2.8,12.2,38.0,77.0,13.0,7.9
2024-03-01,0.0,5.7,19.1,12.4,1.7,15.0,23.0,43.0,13.0,8.0
2024-03-02,3.6,1.8,16.7,9.2,5.3,21.1,45.0,80.0,27.0,7.4
2024-03-03,0.0,3.4,12.3,7.8,3.9,16.4,45.0,84.0,31.0,6.7
2024-03-04,0.0,1.8,18.0,9.9,2.8,10.8,53.0,83.0,32.0,3.2
2024-03-05,0.0,3.8,18.7,11.2,1.9,11.7,44.0,81.0,23.0,8.0
2024-03-06,0.0,1.9,19.0,10.4,2.5,7.5,50.0,78.0,27.0,8.0
2024-03-07,0.0,4.3,19.4,11.8,2.2,11.1,57.0,78.0,31.0,7.0
2024-03-08,0.0,3.1,16.6,9.8,2.5,14.4,46.0,73.0,26.0,7.6
2024-03-09,7.4,2.7,11.2,7.0,4.7,15.3,74.0,89.0,54.0,0.0
2024-03-10,0.0,1.9,15.9,8.9,4.4,17.5,51.0,84.0,36.0,7.3
2024-03-11,0.0,5.7,16.7,11.2,2.2,11.7,46.0,72.0,28.0,6.5
2024-03-12,0.0,3.8,19.7,11.8,2.8,7.5,44.0,76.0,23.0,8.4
2024-03-13,0.0,1.8,20.0,10.9,1.7,6.9,48.0,85.0,26.0,8.4
2024-03-14,0.0,6.1,24.3,15.2,2.2,7.8,35.0,71.0,21.0,8.3
2024-03-15,0.0,5.8,23.7,14.8,2.2,7.2,45.0,87.0,26.0,8.4
2024-03-16,0.0,8.4,24.4,16.4,2.5,7.8,45.0,76.0,27.0,8.4
2024-03-17,0.0,7.5,26.3,16.9,1.4,6.7,41.0,78.0,21.0,8.3
2024-03-18,0.0,9.9,29.5,19.7,1.9,8.1,29.0,61.0,13.0,8.2
2024-03-19,0.0,11.1,28.5,19.8,2.2,10.3,24.0,56.0,13.0,4.1
2024-03-20,0.0,9.7,23.8,16.8,2.5,7.2,43.0,67.0,26.0,4.6
2024-03-21,0.0,11.8,19.9,15.8,2.8,10.0,57.0,77.0,44.0,3.7
2024-03-22,0.0,8.5,25.0,16.8,2.5,9.4,35.0,75.0,16.0,7.9
2024-03-23,0.0,10.1,23.0,16.6,1.9,8.1,39.0,64.0,24.0,1.9
2024-03-24,2.0,8.9,17.5,13.2,1.9,8.1,52.0,83.0,33.0,0.1
2024-03-25,1.8,10.3,16.3,13.3,1.7,10.8,77.0,90.0,54.0,0.7
2024-03-26,1.4,5.6,12.3,9.0,3.3,18.6,49.0,81.0,38.0,3.6
2024-03-27,0.0,5.8,18.8,12.3,7.8,28.1,42.0,81.0,29.0,9.8
2024-03-28,0.0,12.6,22.0,17.3,6.1,16.4,46.0,68.0,32.0,7.2
2024-03-29,2.0,5.2,22.3,13.8,4.2,19.4,43.0,76.0,27.0,7.3
2024-03-30,0.2,5.0,16.6,10.8,4.4,16.1,55.0,72.0,33.0,4.7
2024-03-31,6.8,5.9,14.2,10.0,4.7,15.3,72.0,89.0,55.0,1.1
2024-04-01,0.0,3.1,18.6,10.8,3.6,14.2,48.0,87.0,24.0,9.8
2024-04-02,0.0,5.3,20.7,13.0,2.5,10.3,42.0,74.0,25.0,8.0
2024-04-03,0.0,7.1,26.3,16.7,1.9,8.3,39.0,74.0,14.0,11.0
2024-04-04,0.0,8.5,26.8,17.6,2.8,8.1,40.0,78.0,18.0,11.3
2024-04-05,0.0,8.4,29.8,19.1,2.2,7.5,32.0,65.0,14.0,11.1
2024-04-06,0.0,8.6,28.3,18.4,2.5,8.3,35.0,61.0,20.0,5.2
2024-04-07,0.0,15.3,26.8,21.0,1.7,6.4,38.0,58.0,26.0,3.2
2024-04-08,0.0,13.1,29.3,21.2,3.1,11.9,34.0,64.0,9.0,7.9
2024-04-09,0.0,6.4,21.1,13.8,2.8,11.4,24.0,68.0,11.0,12.1
2024-04-10,0.0,3.9,23.6,13.8,2.2,10.6,27.0,63.0,13.0,12.1
2024-04-11,0.0,8.2,23.0,15.6,2.5,10.6,33.0,73.0,19.0,12.1
2024-04-12,0.0,5.8,23.4,14.6,2.2,8.3,35.0,73.0,20.0,11.9
2024-04-13,0.0,6.7,27.2,17.0,2.2,10.6,30.0,70.0,11.0,12.0
2024-04-14,0.0,6.6,25.7,16.2,3.1,9.4,29.0,69.0,15.0,12.1
2024-04-15,0.0,10.0,29.6,19.8,3.3,10.8,27.0,60.0,16.0,9.8
2024-04-16,0.0,12.9,32.0,22.4,1.9,9.7,28.0,71.0,13.0,12.0
2024-04-17,0.0,10.2,24.3,17.2,2.5,8.3,50.0,82.0,33.0,12.2
2024-04-18,0.0,8.7,25.0,16.8,2.2,8.1,54.0,89.0,25.0,9.1
2024-04-19,0.2,7.3,15.1,11.2,1.4,6.4,72.0,87.0,59.0,0.0
2024-04-20,0.0,5.6,21.4,13.5,1.9,7.5,53.0,91.0,23.0,9.5
2024-04-21,0.0,4.1,21.8,13.0,2.5,7.2,43.0,80.0,27.0,12.1
2024-04-22,0.0,5.2,21.7,13.4,1.9,13.1,60.0,86.0,37.0,9.3
2024-04-23,0.0,5.1,19.0,12.0,3.1,14.2,29.0,89.0,15.0,11.3
2024-04-24,0.0,3.7,22.2,13.0,2.2,7.2,30.0,69.0,10.0,12.4
2024-04-25,0.0,6.4,25.2,15.8,2.8,8.9,28.0,67.0,13.0,8.0
2024-04-26,0.0,9.7,25.2,17.4,2.5,14.4,30.0,68.0,8.0,9.8
2024-04-27,0.0,9.3,22.3,15.8,4.2,14.4,38.0,72.0,27.0,6.7
2024-04-28,1.2,7.3,16.6,12.0,1.7,7.5,63.0,86.0,40.0,1.2
2024-04-29,6.2,8.4,14.6,11.5,1.7,5.8,76.0,90.0,52.0,0.1
2024-04-30,0.0,8.3,20.2,14.2,3.1,9.7,47.0,90.0,24.0,3.7
2024-05-01,1.0,9.5,17.2,13.4,4.4,18.1,46.0,77.0,27.0,7.8
2024-05-02,0.0,2.5,21.9,12.2,2.2,13.9,26.0,80.0,12.0,12.5
2024-05-03,0.0,4.9,25.4,15.2,1.9,8.3,27.0,73.0,12.0,12.2
2024-05-04,0.0,7.7,28.9,18.3,1.9,8.3,22.0,56.0,15.0,12.5
2024-05-05,0.0,11.0,30.9,21.0,3.6,14.2,20.0,48.0,10.0,11.9
2024-05-06,6.2,12.4,23.0,17.7,1.9,7.5,44.0,83.0,29.0,3.8
2024-05-07,0.0,8.0,25.3,16.6,2.2,7.5,44.0,87.0,30.0,10.8
2024-05-08,0.0,8.4,24.6,16.5,3.1,7.5,39.0,83.0,26.0,12.5
2024-05-09,0.0,6.0,26.1,16.0,2.5,8.9,33.0,85.0,20.0,12.1
2024-05-10,0.0,7.6,26.1,16.8,2.5,10.6,34.0,77.0,23.0,11.6
2024-05-11,0.0,10.7,26.7,18.7,2.5,9.2,36.0,68.0,21.0,10.7
2024-05-12,0.0,8.5,28.2,18.4,2.2,9.4,32.0,72.0,21.0,12.0
2024-05-13,0.0,11.2,28.1,19.6,2.5,8.1,38.0,81.0,27.0,9.4
2024-05-14,0.0,12.4,28.8,20.6,2.8,12.5,24.0,72.0,10.0,10.7
2024-05-15,0.0,8.7,25.1,16.9,1.9,10.3,24.0,62.0,13.0,12.2
2024-05-16,0.0,7.7,26.3,17.0,2.2,10.3,22.0,61.0,12.0,13.0
2024-05-17,0.0,11.1,28.8,20.0,3.1,11.4,29.0,56.0,14.0,12.0
2024-05-18,0.0,9.8,28.1,19.0,2.2,9.2,26.0,66.0,14.0,12.2
2024-05-19,0.0,8.2,25.2,16.7,2.5,10.3,49.0,72.0,29.0,9.2
2024-05-20,0.8,10.5,26.3,18.4,1.7,7.8,42.0,66.0,17.0,4.5
2024-05-21,0.0,8.8,27.1,18.0,2.2,10.3,30.0,69.0,16.0,7.7
2024-05-22,0.0,10.7,29.5,20.1,3.6,11.7,26.0,61.0,10.0,13.2
2024-05-23,0.0,10.3,25.8,18.0,1.9,10.3,33.0,63.0,23.0,6.2
2024-05-24,0.0,9.6,28.1,18.8,2.5,8.9,28.0,70.0,17.0,12.6
2024-05-25,0.0,10.2,30.7,20.4,2.5,8.6,39.0,87.0,24.0,13.0
2024-05-26,1.8,12.6,33.1,22.8,1.9,10.6,35.0,77.0,20.0,10.1
2024-05-27,0.0,14.0,31.8,22.9,2.5,7.8,42.0,82.0,24.0,11.1
2024-05-28,0.0,16.2,28.7,22.4,2.8,10.0,50.0,85.0,33.0,11.9
2024-05-29,0.0,11.8,32.4,22.1,2.2,8.6,37.0,88.0,19.0,13.1
2024-05-30,0.0,13.2,35.1,24.2,2.8,9.4,22.0,65.0,13.0,12.9
2024-05-31,0.0,14.5,27.0,20.8,3.3,11.4,45.0,79.0,31.0,11.9
2024-06-01,0.0,14.4,24.1,19.2,3.1,9.7,62.0,81.0,40.0,2.7
2024-06-02,0.0,11.5,26.0,18.8,3.1,10.8,48.0,84.0,34.0,10.8
2024-06-03,0.0,10.6,25.8,18.2,2.5,8.6,39.0,72.0,30.0,12.2
2024-06-04,0.0,12.2,30.3,21.2,2.2,8.3,31.0,77.0,19.0,12.4
2024-06-05,0.0,14.3,34.7,24.5,2.5,11.7,23.0,50.0,13.0,13.2
2024-06-06,0.2,14.7,35.0,24.8,1.9,10.8,22.0,49.0,12.0,9.3
2024-06-07,0.0,17.4,31.5,24.4,1.9,8.9,30.0,49.0,23.0,10.0
2024-06-08,11.6,15.0,31.5,23.2,0.8,14.7,50.0,87.0,25.0,5.9
2024-06-09,0.0,13.4,29.2,21.3,2.5,10.3,36.0,79.0,24.0,9.9
2024-06-10,1.2,14.8,30.1,22.4,2.5,13.9,52.0,88.0,25.0,8.1
2024-06-11,12.4,13.9,23.4,18.6,1.4,8.1,74.0,90.0,52.0,3.2
2024-06-12,7.6,13.1,24.4,18.8,2.5,10.8,71.0,91.0,51.0,5.8
2024-06-13,0.2,11.8,26.7,19.2,1.9,7.2,55.0,91.0,37.0,13.2
2024-06-14,0.0,14.1,31.7,22.9,1.9,8.1,38.0,88.0,21.0,13.3
2024-06-15,0.0,16.9,32.6,24.8,2.5,8.9,32.0,71.0,22.0,7.6
2024-06-16,0.0,14.1,30.8,22.4,3.1,9.2,37.0,70.0,26.0,11.9
2024-06-17,0.0,13.1,31.4,22.2,2.8,10.8,38.0,80.0,25.0,13.3
2024-06-18,0.0,14.2,31.5,22.8,2.2,9.7,39.0,77.0,30.0,13.5
2024-06-19,0.0,15.3,25.7,20.5,1.9,6.9,45.0,86.0,31.0,3.0
2024-06-20,0.0,,,,,6.9,,,,
2024-06-21,0.0,12.3,29.8,21.0,2.2,7.8,35.0,73.0,24.0,13.5
2024-06-22,0.0,12.7,32.7,22.7,2.5,6.7,31.0,75.0,21.0,12.3
2024-06-23,0.0,16.2,30.9,23.6,3.3,7.8,42.0,78.0,31.0,12.9
2024-06-24,0.0,15.2,29.4,22.3,3.3,10.8,52.0,85.0,41.0,13.2
2024-06-25,0.0,16.4,32.0,24.2,2.5,7.8,45.0,85.0,31.0,13.3
2024-06-26,0.0,13.9,29.9,21.9,2.5,9.4,42.0,92.0,28.0,10.9
2024-06-27,0.0,15.2,29.5,22.4,2.5,10.8,48.0,84.0,36.0,11.7
2024-06-28,9.2,16.1,28.8,22.4,1.4,17.2,78.0,99.0,50.0,2.1
2024-06-29,0.2,12.6,29.9,21.2,3.1,6.9,47.0,98.0,31.0,12.9
2024-06-30,0.0,14.5,32.0,23.2,2.2,11.1,47.0,91.0,28.0,11.4
2024-07-01,0.0,15.4,29.9,22.6,1.9,7.8,51.0,95.0,33.0,9.0
2024-07-02,0.0,14.4,33.2,23.8,2.2,,44.0,97.0,27.0,
2024-07-03,0.0,15.4,35.5,25.4,2.2,8.9,40.0,86.0,23.0,13.4
2024-07-04,0.0,16.3,35.8,26.0,2.5,9.2,30.0,75.0,14.0,13.3
2024-07-05,0.0,14.2,32.8,23.5,2.2,7.8,24.0,64.0,15.0,12.8
2024-07-06,0.0,15.4,33.1,24.2,1.9,12.5,39.0,71.0,29.0,10.0
2024-07-07,2.4,16.1,32.9,24.5,1.9,10.8,69.0,99.0,33.0,6.2
2024-07-08,0.0,17.0,30.9,24.0,2.5,9.2,61.0,100.0,40.0,11.6
2024-07-09,0.0,16.6,33.9,25.2,2.2,9.4,57.0,98.0,35.0,12.8
2024-07-10,0.0,16.6,37.2,26.9,3.1,7.5,31.0,86.0,18.0,13.1
2024-07-11,0.0,18.3,37.2,27.8,2.5,8.1,33.0,66.0,22.0,13.2
2024-07-12,0.0,19.3,40.7,30.0,1.7,13.1,35.0,85.0,14.0,13.0
2024-07-13,0.0,21.2,32.0,26.6,3.3,9.2,61.0,89.0,43.0,9.9
2024-07-14,0.0,20.5,34.1,27.3,2.8,8.9,53.0,86.0,37.0,11.9
2024-07-15,0.0,18.6,40.0,29.3,2.2,9.2,22.0,54.0,6.0,13.0
2024-07-16,0.0,17.7,37.1,27.4,1.9,9.4,33.0,87.0,20.0,13.1
2024-07-17,0.0,18.7,31.8,25.2,3.1,8.6,61.0,95.0,44.0,10.6
2024-07-18,0.0,17.5,34.9,26.2,1.9,7.5,39.0,88.0,22.0,10.5
2024-07-19,0.0,19.1,38.5,28.8,2.5,8.1,29.0,64.0,19.0,12.2
2024-07-20,0.0,20.0,41.6,30.8,3.6,13.3,16.0,48.0,8.0,12.4
2024-07-21,0.0,21.1,37.1,29.1,2.5,11.1,34.0,76.0,20.0,13.0
2024-07-22,0.0,19.8,33.4,26.6,2.8,8.6,49.0,94.0,36.0,12.0
2024-07-23,0.0,16.5,36.6,26.6,2.2,8.6,38.0,79.0,22.0,12.9
2024-07-24,0.0,18.0,38.4,28.2,1.9,7.8,28.0,61.0,17.0,12.8
2024-07-25,0.0,17.7,36.5,27.1,3.1,8.1,30.0,89.0,20.0,12.3
2024-07-26,0.0,19.7,32.8,26.2,2.8,8.9,56.0,94.0,39.0,12.0
2024-07-27,0.0,,35.0,,,8.3,,,20.0,
2024-07-28,0.0,,34.6,,,7.8,,,17.0,
2024-07-29,0.0,,,,,8.9,,,,
2024-07-30,0.0,,37.2,,3.3,9.2,,,16.0,
2024-07-31,0.0,16.9,40.1,28.5,1.7,7.2,26.0,51.0,15.0,12.5
2024-08-01,0.0,21.5,41.8,31.6,2.2,9.7,26.0,60.0,13.0,12.0
2024-08-02,0.0,20.1,39.5,29.8,3.1,10.0,21.0,77.0,8.0,12.5
2024-08-03,0.0,20.6,35.8,28.2,2.8,9.2,43.0,85.0,27.0,10.8
2024-08-04,0.0,17.5,37.4,27.4,2.8,8.6,40.0,88.0,21.0,12.1
2024-08-05,0.0,18.8,38.8,28.8,1.7,10.3,26.0,55.0,15.0,11.3
2024-08-06,0.0,18.4,38.5,28.4,2.8,10.0,24.0,61.0,13.0,12.4
2024-08-07,0.0,18.8,35.6,27.2,3.1,9.4,30.0,57.0,19.0,12.3
2024-08-08,0.0,16.8,35.4,26.1,2.8,8.3,26.0,50.0,17.0,12.3
2024-08-09,0.0,16.5,34.4,25.4,3.1,8.9,31.0,49.0,21.0,12.4
2024-08-10,0.0,16.9,34.8,25.8,3.1,10.0,29.0,65.0,18.0,12.3
2024-08-11,0.0,16.1,34.5,25.3,2.5,9.4,33.0,59.0,24.0,12.3
2024-08-12,0.0,16.5,35.6,26.0,2.8,8.9,33.0,62.0,23.0,12.3
2024-08-13,0.2,16.3,35.2,25.8,1.9,11.1,39.0,70.0,22.0,9.1
2024-08-14,0.0,16.6,32.6,24.6,1.9,13.1,43.0,78.0,28.0,8.9
2024-08-15,0.0,15.3,30.3,22.8,1.9,9.7,56.0,92.0,38.0,9.6
2024-08-16,0.0,,31.9,,1.7,7.5,48.0,,33.0,12.2
2024-08-17,0.0,,,,,,,,,
2024-08-18,0.0,,,,,,,,,
2024-08-19,0.0,,35.6,,,8.9,,,23.0,
2024-08-20,0.0,17.8,34.3,26.0,2.2,6.4,51.0,88.0,36.0,
2024-08-21,0.2,19.2,31.6,25.4,2.2,7.8,56.0,90.0,42.0,7.8
2024-08-22,0.0,18.1,35.2,26.6,1.1,6.4,52.0,92.0,27.0,6.5
2024-08-23,0.0,18.8,34.4,26.6,2.5,10.8,52.0,84.0,34.0,8.3
2024-08-24,0.0,16.4,34.3,25.4,1.9,7.8,52.0,95.0,32.0,10.9
2024-08-25,0.0,18.6,33.3,26.0,2.2,7.8,60.0,86.0,40.0,7.8
2024-08-26,0.0,19.5,32.4,26.0,1.9,7.8,67.0,95.0,41.0,7.7
2024-08-27,0.0,18.4,33.0,25.7,2.2,7.2,62.0,97.0,38.0,7.4
2024-08-28,0.0,17.9,34.2,26.0,2.2,8.9,63.0,97.0,27.0,10.6
2024-08-29,0.2,17.9,30.7,24.3,2.2,8.3,63.0,87.0,44.0,6.2
2024-08-30,0.0,17.0,28.7,22.8,2.5,8.6,72.0,98.0,47.0,5.1
2024-08-31,,16.9,29.4,23.2,2.2,9.2,63.0,95.0,48.0,9.0
2024-09-01,,16.6,31.4,24.0,1.4,10.6,65.0,98.0,46.0,8.3
2024-09-02,,19.1,29.1,24.1,1.9,5.8,81.0,98.0,58.0,7.2
2024-09-03,,18.6,29.7,24.2,2.2,8.1,71.0,99.0,52.0,5.9
2024-09-04,0.0,16.0,29.9,23.0,1.9,9.7,63.0,98.0,32.0,10.3
2024-09-05,0.0,18.8,29.4,24.1,3.1,8.3,60.0,92.0,39.0,8.4
2024-09-06,0.0,18.9,33.0,26.0,2.5,11.4,48.0,88.0,12.0,10.6
2024-09-07,4.6,13.3,32.9,23.1,2.5,14.7,55.0,93.0,16.0,7.6
2024-09-08,0.2,17.7,30.3,24.0,2.8,10.0,56.0,93.0,29.0,8.2
2024-09-09,0.0,15.3,30.9,23.1,2.2,7.5,34.0,67.0,22.0,10.6
2024-09-10,0.0,13.1,31.4,22.2,1.7,8.3,38.0,81.0,25.0,10.3
2024-09-11,0.0,13.4,30.5,22.0,1.7,7.2,55.0,86.0,28.0,7.2
2024-09-12,0.0,13.5,30.8,22.2,1.9,6.4,46.0,87.0,27.0,9.4
2024-09-13,2.2,15.9,25.1,20.5,2.8,8.3,66.0,91.0,40.0,2.2
2024-09-14,0.0,13.8,23.5,18.6,1.4,6.1,76.0,98.0,52.0,1.8
2024-09-15,0.0,10.7,28.7,19.7,1.9,6.4,51.0,98.0,29.0,9.5
2024-09-16,0.0,11.0,29.3,20.2,2.2,6.9,52.0,94.0,31.0,8.9
2024-09-17,0.0,13.0,26.8,19.9,1.7,7.5,60.0,98.0,30.0,7.7
2024-09-18,0.0,15.7,23.5,19.6,2.2,7.8,69.0,87.0,50.0,4.2
2024-09-19,7.0,14.6,22.1,18.4,1.4,8.3,81.0,99.0,61.0,0.5
2024-09-20,0.4,14.1,24.9,19.5,2.2,7.8,79.0,99.0,55.0,5.4
2024-09-21,0.0,16.1,25.1,20.6,2.8,7.2,75.0,97.0,56.0,3.9
2024-09-22,0.0,12.6,27.1,19.8,1.4,8.6,60.0,98.0,34.0,6.9
2024-09-23,0.0,13.1,27.2,20.2,1.9,7.8,48.0,86.0,32.0,6.5
2024-09-24,0.0,11.6,24.9,18.2,1.9,6.4,51.0,81.0,31.0,3.8
2024-09-25,0.0,11.6,28.8,20.2,1.7,6.9,40.0,72.0,31.0,7.1
2024-09-26,0.0,15.8,32.4,24.1,3.6,12.8,39.0,79.0,19.0,8.7
2024-09-27,0.0,15.6,29.2,22.4,1.9,10.6,45.0,85.0,15.0,8.4
2024-09-28,0.0,9.8,23.9,16.8,1.9,8.3,49.0,93.0,36.0,7.8
2024-09-29,0.0,8.9,25.1,17.0,2.5,7.2,60.0,98.0,43.0,8.5
2024-09-30,0.0,10.7,27.3,19.0,1.7,6.4,59.0,96.0,35.0,8.4
2024-10-01,0.0,10.2,30.2,20.2,2.2,6.1,42.0,92.0,27.0,8.1
2024-10-02,0.0,13.9,32.7,23.3,2.2,15.3,36.0,61.0,20.0,7.4
2024-10-03,0.4,17.6,27.8,22.7,1.9,11.7,59.0,94.0,36.0,2.3
2024-10-04,0.0,13.3,27.2,20.2,1.7,6.1,58.0,91.0,35.0,6.7
2024-10-05,0.0,11.5,28.9,20.2,2.2,7.2,53.0,95.0,30.0,8.1
2024-10-06,0.0,16.1,31.3,23.7,2.5,8.3,47.0,77.0,26.0,7.6
2024-10-07,0.0,16.5,30.3,23.4,1.7,11.9,46.0,66.0,20.0,3.8
2024-10-08,0.0,10.6,25.7,18.2,1.7,10.3,48.0,88.0,23.0,6.8
2024-10-09,0.0,13.5,28.4,21.0,3.3,12.2,47.0,65.0,21.0,2.0
2024-10-10,0.0,12.0,23.1,17.6,2.2,9.2,46.0,67.0,29.0,4.6
2024-10-11,0.0,8.9,22.8,15.8,1.9,6.4,55.0,78.0,37.0,4.6
2024-10-12,6.0,14.0,23.8,18.9,3.3,9.4,68.0,98.0,45.0,5.5
2024-10-13,0.0,13.0,24.1,18.6,1.9,8.1,78.0,98.0,53.0,6.8
2024-10-14,2.0,13.9,24.6,19.2,1.7,6.7,81.0,98.0,59.0,5.2
2024-10-15,0.0,14.9,24.0,19.4,1.7,7.2,79.0,98.0,49.0,4.2
2024-10-16,0.0,13.0,27.9,20.4,3.1,11.1,62.0,87.0,39.0,6.7
2024-10-17,0.0,12.3,19.6,16.0,2.8,13.6,49.0,74.0,38.0,3.1
2024-10-18,0.0,8.7,20.6,14.6,1.4,9.2,50.0,85.0,27.0,6.9
2024-10-19,0.0,9.8,24.5,17.2,1.4,6.9,54.0,75.0,32.0,4.5
2024-10-20,0.0,9.0,24.6,16.8,2.2,5.8,55.0,88.0,37.0,7.2
2024-10-21,0.0,9.8,23.7,16.8,1.9,6.1,62.0,96.0,45.0,7.2
2024-10-22,2.6,12.6,21.7,17.2,1.9,6.9,70.0,95.0,51.0,4.1
2024-10-23,5.4,14.0,17.4,15.7,1.1,5.3,94.0,98.0,75.0,0.0
2024-10-24,0.2,11.6,20.6,16.1,1.4,5.8,84.0,99.0,58.0,4.9
2024-10-25,3.4,12.3,20.5,16.4,2.8,6.4,85.0,97.0,70.0,4.2
2024-10-26,0.6,8.1,17.4,12.8,2.5,9.4,55.0,96.0,30.0,7.1
2024-10-27,2.2,5.8,12.9,9.4,1.4,6.9,86.0,99.0,61.0,0.8
2024-10-28,80.6,7.1,15.0,11.0,1.9,10.0,82.0,99.0,65.0,2.0
2024-10-29,77.8,11.9,17.5,14.7,3.9,13.6,95.0,99.0,82.0,0.0
2024-10-30,0.0,8.7,18.7,13.7,1.4,6.1,73.0,96.0,48.0,6.2
2024-10-31,0.0,7.3,20.2,13.8,1.1,5.0,70.0,97.0,45.0,6.2
2024-11-01,0.0,11.4,20.9,16.2,1.4,5.3,79.0,97.0,59.0,4.7
2024-11-02,0.0,10.7,19.7,15.2,1.4,5.0,82.0,99.0,59.0,5.4
2024-11-03,4.4,12.0,15.7,13.8,1.4,4.4,95.0,99.0,87.0,0.0
2024-11-04,0.2,10.8,19.1,15.0,0.8,4.2,88.0,99.0,70.0,2.0
2024-11-05,0.0,10.6,21.4,16.0,1.9,6.1,75.0,99.0,45.0,6.6
2024-11-06,0.0,8.8,18.5,13.6,1.9,4.7,86.0,99.0,67.0,1.8
2024-11-07,0.0,10.6,19.6,15.1,1.1,4.2,84.0,99.0,60.0,2.5
2024-11-08,0.0,9.7,17.2,13.4,1.4,5.6,88.0,99.0,76.0,0.0
2024-11-09,0.0,9.7,20.1,14.9,2.5,7.2,62.0,93.0,47.0,4.0
2024-11-10,0.0,8.8,20.4,14.6,1.4,7.5,64.0,89.0,32.0,6.6
2024-11-11,0.0,7.5,17.6,12.6,1.7,5.3,79.0,99.0,52.0,6.2
2024-11-12,6.2,5.1,18.0,11.6,2.2,6.4,75.0,99.0,52.0,5.7
2024-11-13,8.4,6.6,10.2,8.4,1.7,7.5,96.0,99.0,64.0,0.0
2024-11-14,7.0,9.3,15.8,12.6,2.2,7.8,93.0,99.0,83.0,0.0
2024-11-15,0.4,11.9,13.9,12.9,0.8,7.2,93.0,98.0,82.0,0.0
2024-11-16,0.0,9.1,15.9,12.5,0.8,6.4,90.0,98.0,76.0,0.4
2024-11-17,0.0,6.4,19.2,12.8,1.4,6.1,74.0,99.0,49.0,4.1
2024-11-18,0.0,10.2,21.2,15.7,2.2,6.4,59.0,85.0,37.0,5.7
2024-11-19,0.0,8.9,20.3,14.6,1.7,6.4,63.0,91.0,44.0,5.2
2024-11-20,0.0,7.1,21.8,14.4,1.9,8.3,55.0,94.0,27.0,5.6
2024-11-21,0.0,9.0,19.6,14.3,2.8,10.3,54.0,77.0,42.0,4.2
2024-11-22,0.2,9.1,17.0,13.0,1.9,10.6,68.0,90.0,53.0,0.2
2024-11-23,0.0,8.3,18.7,13.5,2.2,6.4,74.0,98.0,55.0,3.8
2024-11-24,0.0,6.8,17.1,12.0,1.4,4.2,86.0,99.0,65.0,4.9
2024-11-25,0.0,7.9,23.6,15.8,4.4,14.7,60.0,99.0,30.0,2.5
2024-11-26,0.0,6.1,15.6,10.8,1.1,4.7,82.0,99.0,63.0,5.2
2024-11-27,0.0,10.7,16.9,13.8,1.1,6.1,82.0,96.0,63.0,1.8
2024-11-28,0.0,6.7,17.7,12.2,1.9,6.7,82.0,98.0,60.0,4.0
2024-11-29,0.4,6.3,22.2,14.2,2.2,6.4,60.0,94.0,44.0,4.7
2024-11-30,0.0,9.1,20.4,14.8,2.5,6.9,57.0,75.0,41.0,4.8
2024-12-01,0.0,7.0,20.3,13.6,1.1,6.1,63.0,82.0,36.0,4.3
2024-12-02,0.8,8.5,20.2,14.4,1.7,6.1,58.0,86.0,42.0,4.0
2024-12-03,0.0,8.3,19.5,13.9,2.8,9.2,55.0,85.0,40.0,4.1
2024-12-04,0.0,5.0,15.0,10.0,2.2,11.1,64.0,83.0,49.0,0.0
2024-12-05,0.0,3.2,17.9,10.6,2.2,7.2,56.0,89.0,35.0,2.6
2024-12-06,0.0,9.3,22.2,15.8,1.7,8.6,59.0,80.0,38.0,4.8
2024-12-07,0.0,7.9,22.5,15.2,2.5,11.9,45.0,82.0,23.0,3.6
2024-12-08,0.0,2.8,13.0,7.9,1.7,10.0,40.0,74.0,28.0,4.9
2024-12-09,0.0,2.7,10.8,6.8,2.5,11.9,46.0,66.0,35.0,4.6
2024-12-10,0.0,1.7,11.5,6.6,1.4,9.2,61.0,82.0,40.0,4.7
2024-12-11,0.0,-0.1,10.4,5.2,2.2,5.8,73.0,91.0,51.0,2.9
2024-12-12,0.0,1.0,10.7,5.8,1.9,6.7,74.0,97.0,56.0,3.9
2024-12-13,0.0,2.0,13.2,7.6,1.9,6.4,80.0,97.0,54.0,4.3
2024-12-14,0.0,1.3,12.3,6.8,1.7,6.7,73.0,93.0,55.0,4.8
2024-12-15,0.0,-0.7,13.7,6.5,2.2,8.3,58.0,94.0,30.0,4.9
2024-12-16,0.0,-1.2,12.7,5.8,2.2,6.9,71.0,92.0,50.0,4.8
2024-12-17,0.0,-0.9,13.2,6.2,0.8,6.4,83.0,99.0,48.0,4.6
2024-12-18,0.0,5.8,23.9,14.8,2.8,7.5,50.0,81.0,36.0,4.7
2024-12-19,0.0,7.8,20.0,13.9,3.3,10.8,46.0,77.0,29.0,0.2
2024-12-20,0.0,-0.1,12.8,6.4,1.4,6.9,59.0,84.0,31.0,4.8
2024-12-21,0.0,-2.1,11.4,4.6,1.9,7.2,65.0,93.0,41.0,4.8
2024-12-22,0.0,0.7,17.5,9.1,2.2,7.2,53.0,84.0,29.0,4.9
2024-12-23,0.0,1.5,16.0,8.8,3.1,12.8,37.0,80.0,20.0,4.9
2024-12-24,0.0,-0.4,14.3,7.0,1.4,7.8,59.0,77.0,36.0,4.9
2024-12-25,0.0,2.3,16.2,9.2,2.5,7.5,62.0,94.0,39.0,5.0
2024-12-26,0.0,2.1,12.5,7.3,2.5,5.8,80.0,97.0,66.0,4.9
2024-12-27,0.0,1.2,12.3,6.8,1.9,5.3,72.0,99.0,54.0,4.2
2024-12-28,0.0,3.2,12.6,7.9,1.4,4.7,76.0,97.0,51.0,2.5
2024-12-29,0.0,0.8,11.1,6.0,1.1,6.4,86.0,99.0,65.0,0.3
2024-12-30,1.6,1.0,11.3,6.2,1.7,4.7,83.0,99.0,62.0,1.7
2024-12-31,1.6,4.0,9.9,7.0,0.8,4.7,91.0,99.0,72.0,0.4
2025-01-01,0.2,2.3,8.8,5.6,1.1,3.6,93.0,99.0,84.0,0.0
2025-01-02,0.0,0.8,13.4,7.1,2.8,6.7,70.0,98.0,46.0,4.8
2025-01-03,0.0,1.3,16.1,8.7,2.5,7.8,45.0,85.0,25.0,5.1
2025-01-04,0.0,1.8,15.5,8.6,2.5,7.8,41.0,65.0,24.0,3.7
2025-01-05,0.0,1.8,14.4,8.1,2.8,8.9,55.0,72.0,36.0,3.5
2025-01-06,0.2,4.1,13.4,8.8,2.8,11.9,66.0,97.0,44.0,0.0
2025-01-07,0.0,0.2,14.4,7.3,1.4,8.3,61.0,92.0,34.0,5.1
2025-01-08,0.0,1.4,17.0,9.2,0.8,5.8,66.0,91.0,35.0,4.9
2025-01-09,0.0,6.9,19.4,13.2,1.7,11.1,57.0,92.0,26.0,4.5
2025-01-10,0.0,3.8,17.3,10.6,2.2,7.5,65.0,91.0,41.0,5.2
2025-01-11,0.0,3.9,20.0,12.0,2.5,11.4,59.0,89.0,44.0,2.5
2025-01-12,0.0,2.1,15.8,9.0,3.9,13.3,30.0,79.0,20.0,2.2
2025-01-13,0.0,-2.5,10.5,4.0,2.2,6.4,50.0,83.0,26.0,5.2
2025-01-14,0.0,-2.9,10.6,3.8,2.2,7.5,57.0,91.0,22.0,5.1
2025-01-15,0.0,-2.1,14.2,6.0,2.2,7.5,28.0,52.0,14.0,5.4
2025-01-16,3.4,-2.3,10.4,4.0,1.9,8.1,45.0,95.0,22.0,4.8
2025-01-17,0.4,3.4,7.9,5.6,2.8,8.1,79.0,94.0,71.0,0.1
2025-01-18,0.0,2.1,11.8,7.0,1.9,6.1,66.0,96.0,39.0,4.8
2025-01-19,0.0,0.1,13.0,6.6,2.8,7.5,58.0,89.0,38.0,5.4
2025-01-20,2.6,0.8,16.7,8.8,1.9,7.8,60.0,98.0,40.0,5.4
2025-01-21,0.0,6.7,17.9,12.3,3.9,9.4,60.0,99.0,37.0,0.6
2025-01-22,0.0,10.3,20.4,15.4,5.0,16.7,34.0,50.0,22.0,3.4
2025-01-23,0.2,6.5,20.5,13.5,1.9,6.9,60.0,78.0,37.0,3.9
2025-01-24,0.0,5.9,19.3,12.6,3.1,7.5,66.0,83.0,38.0,5.9
2025-01-25,0.0,4.2,16.5,10.4,0.6,7.8,65.0,84.0,46.0,0.8
2025-01-26,0.0,0.9,18.3,9.6,1.7,6.9,71.0,96.0,43.0,6.0
2025-01-27,0.0,10.6,22.5,16.6,5.6,24.2,49.0,84.0,32.0,3.8
2025-01-28,2.2,5.1,12.5,8.8,6.4,24.4,53.0,89.0,33.0,3.2
2025-01-29,0.0,2.1,13.7,7.9,3.3,11.1,65.0,83.0,40.0,2.0
2025-01-30,0.0,1.1,12.6,6.8,2.5,16.1,59.0,89.0,40.0,6.4
2025-01-31,0.0,2.4,12.2,7.3,2.5,10.6,55.0,80.0,44.0,2.8
2025-02-01,0.0,0.7,15.9,8.3,2.8,8.9,48.0,79.0,31.0,6.5
2025-02-02,0.0,-0.6,13.7,6.6,1.4,5.3,65.0,94.0,32.0,5.8
2025-02-03,0.0,-0.8,12.0,5.6,1.1,7.5,78.0,96.0,48.0,5.6
2025-02-04,0.0,-0.4,13.0,6.3,1.7,6.1,60.0,98.0,33.0,6.9
2025-02-05,0.0,0.1,15.1,7.6,2.2,6.7,49.0,81.0,24.0,6.9
2025-02-06,0.0,-1.2,13.7,6.2,1.7,6.1,63.0,87.0,39.0,6.9
2025-02-07,0.0,0.7,16.4,8.6,2.2,7.2,54.0,91.0,24.0,6.9
2025-02-08,0.0,2.5,17.0,9.8,1.4,5.8,61.0,95.0,37.0,6.9
2025-02-09,0.0,0.3,16.5,8.4,1.9,7.2,59.0,94.0,32.0,6.9
2025-02-10,0.0,0.5,14.9,7.7,1.1,6.4,77.0,98.0,53.0,4.2
2025-02-11,0.0,4.0,16.4,10.2,1.9,5.8,73.0,95.0,50.0,6.4
2025-02-12,0.0,3.9,17.2,10.6,2.8,11.1,63.0,95.0,32.0,5.9
2025-02-13,0.0,2.5,16.5,9.5,2.2,8.9,56.0,86.0,31.0,7.1
2025-02-14,0.0,4.3,19.9,12.1,2.8,7.5,52.0,74.0,33.0,7.1
2025-02-15,0.0,4.0,21.2,12.6,2.5,6.9,51.0,86.0,29.0,7.1
2025-02-16,0.0,3.6,20.8,12.2,2.2,5.3,43.0,89.0,18.0,6.7
2025-02-17,0.0,3.3,20.6,12.0,1.7,7.5,52.0,82.0,28.0,7.1
2025-02-18,0.0,2.4,15.2,8.8,1.4,5.3,81.0,98.0,58.0,5.6
2025-02-19,0.0,4.4,19.9,12.2,1.9,6.9,63.0,98.0,36.0,7.2
2025-02-20,0.0,5.5,20.4,13.0,1.9,6.7,63.0,90.0,36.0,7.2
2025-02-21,0.0,3.7,17.7,10.7,3.1,7.2,77.0,99.0,49.0,4.0
2025-02-22,5.2,5.0,12.3,8.6,0.8,7.2,94.0,98.0,57.0,0.0
2025-02-23,0.2,3.3,16.2,9.8,1.9,7.8,68.0,97.0,34.0,7.2
2025-02-24,0.2,3.0,17.1,10.0,2.5,6.1,67.0,96.0,41.0,6.3
2025-02-25,0.0,4.9,18.9,11.9,2.2,8.1,52.0,71.0,36.0,2.5
2025-02-26,0.0,2.8,16.1,9.4,1.4,6.7,53.0,86.0,28.0,7.6
2025-02-27,0.0,2.5,16.7,9.6,1.9,6.7,56.0,88.0,35.0,6.0
2025-02-28,0.0,4.0,13.0,8.5,2.2,6.4,72.0,96.0,50.0,1.8
2025-03-01,19.6,5.4,8.5,7.0,3.3,9.4,89.0,95.0,76.0,0.0
2025-03-02,30.4,5.4,8.7,7.0,1.7,8.9,95.0,98.0,87.0,0.0
2025-03-03,6.6,8.4,11.2,9.8,1.4,6.7,96.0,98.0,91.0,0.0
2025-03-04,14.8,8.5,12.7,10.6,2.5,9.2,88.0,97.0,78.0,0.0
2025-03-05,97.0,9.6,10.7,10.2,2.8,11.4,96.0,99.0,92.0,0.0
2025-03-06,92.4,9.5,11.0,10.2,1.4,6.9,98.0,99.0,94.0,0.0
2025-03-07,3.4,9.6,12.3,11.0,0.8,5.8,95.0,99.0,88.0,0.0
2025-03-08,2.4,5.2,13.9,9.6,1.7,9.2,90.0,98.0,70.0,0.2
2025-03-09,0.0,3.2,13.7,8.4,3.6,9.7,65.0,96.0,45.0,6.3
2025-03-10,1.0,4.2,16.6,10.4,2.5,9.7,67.0,97.0,48.0,6.6
2025-03-11,1.6,7.2,18.0,12.6,3.1,13.6,71.0,96.0,43.0,7.0
2025-03-12,0.0,5.9,16.4,11.2,2.5,10.3,52.0,94.0,31.0,4.5
2025-03-13,2.0,5.1,14.4,9.8,3.3,10.8,79.0,94.0,59.0,1.9
2025-03-14,6.0,5.6,15.0,10.3,1.9,8.3,88.0,97.0,55.0,2.1
2025-03-15,0.0,2.7,12.4,7.6,1.4,7.8,74.0,96.0,52.0,1.6
2025-03-16,0.4,2.9,15.3,9.1,2.5,14.7,64.0,85.0,41.0,7.0
2025-03-17,10.4,7.3,11.5,9.4,1.1,5.3,93.0,99.0,71.0,0.0
2025-03-18,12.0,7.4,13.1,10.2,1.4,5.0,97.0,99.0,85.0,0.2
2025-03-19,0.0,3.8,16.0,9.9,1.7,6.1,86.0,100.0,60.0,6.8
2025-03-20,0.8,8.4,17.6,13.0,1.9,5.3,79.0,97.0,63.0,2.8
2025-03-21,0.0,9.3,17.8,13.6,4.2,14.7,53.0,97.0,30.0,6.5
2025-03-22,0.0,3.6,16.3,10.0,4.4,15.8,52.0,91.0,37.0,6.8
2025-03-23,1.8,2.5,14.6,8.6,1.4,9.4,67.0,95.0,42.0,4.9
2025-03-24,0.0,5.9,15.5,10.7,1.7,8.3,48.0,70.0,34.0,5.5
2025-03-25,2.8,5.2,14.9,10.0,1.7,6.9,73.0,95.0,54.0,3.7
2025-03-26,0.2,4.7,18.3,11.5,1.7,8.6,55.0,97.0,32.0,5.9
2025-03-27,0.0,6.5,19.2,12.8,1.9,8.1,54.0,83.0,30.0,4.8
2025-03-28,0.0,4.6,19.9,12.2,2.2,8.9,51.0,94.0,25.0,9.0
2025-03-29,0.0,6.5,21.5,14.0,2.2,11.4,33.0,71.0,17.0,9.9
2025-03-30,0.0,0.4,17.6,9.0,1.9,6.4,41.0,80.0,21.0,10.4
2025-03-31,0.0,2.7,23.8,13.2,2.5,7.8,36.0,74.0,17.0,10.7
2025-04-01,0.0,5.1,23.2,14.2,1.9,6.4,44.0,79.0,23.0,10.0
2025-04-02,0.0,4.8,19.9,12.4,1.9,7.5,66.0,94.0,37.0,9.0
2025-04-03,1.4,10.0,15.8,12.9,0.8,5.6,78.0,95.0,65.0,0.2
2025-04-04,0.4,7.8,21.1,14.4,4.4,12.2,67.0,99.0,35.0,
2025-04-05,0.0,5.9,19.4,12.6,1.9,5.8,53.0,93.0,38.0,7.3
2025-04-06,0.0,5.4,20.5,13.0,1.4,7.8,50.0,89.0,34.0,7.0
2025-04-07,0.0,8.5,22.9,15.7,1.9,6.7,46.0,75.0,27.0,11.1
2025-04-08,0.0,6.4,23.3,14.8,1.9,8.3,41.0,84.0,28.0,11.3
2025-04-09,0.0,4.3,22.3,13.3,1.9,7.2,50.0,87.0,34.0,11.5
2025-04-10,0.0,6.0,18.9,12.4,2.8,7.8,55.0,94.0,33.0,7.9
2025-04-11,0.0,8.6,14.9,11.8,2.2,6.4,79.0,95.0,72.0,0.3
2025-04-12,4.2,9.3,16.4,12.8,3.1,10.3,84.0,97.0,70.0,0.0
2025-04-13,2.6,7.9,19.5,13.7,1.7,11.9,78.0,97.0,56.0,4.2
2025-04-14,1.8,8.1,20.9,14.5,1.7,9.2,67.0,94.0,43.0,4.8
2025-04-15,1.8,6.1,16.5,11.3,3.3,12.2,57.0,90.0,38.0,7.6
2025-04-16,0.0,3.3,16.5,9.9,3.3,15.3,48.0,93.0,29.0,
2025-04-17,0.0,6.0,22.8,14.4,1.7,10.8,47.0,96.0,30.0,11.5
2025-04-18,0.0,7.1,23.8,15.4,2.2,7.8,56.0,91.0,23.0,10.4
2025-04-19,0.0,5.4,16.9,11.2,4.2,15.3,41.0,82.0,28.0,8.1
2025-04-20,0.6,4.4,17.1,10.8,2.5,10.3,52.0,84.0,35.0,5.7
2025-04-21,0.2,7.2,21.5,14.4,2.2,10.3,46.0,76.0,28.0,9.6
2025-04-22,8.2,8.7,19.5,14.1,1.7,7.2,75.0,97.0,50.0,6.6
2025-04-23,0.0,6.4,22.1,14.2,1.7,6.7,56.0,98.0,33.0,12.3
2025-04-24,0.0,8.6,26.3,17.4,1.9,6.7,46.0,93.0,31.0,12.3
2025-04-25,0.0,8.7,26.2,17.4,1.4,6.4,54.0,93.0,34.0,9.1
2025-04-26,0.0,9.7,25.3,17.5,1.7,7.8,44.0,94.0,26.0,11.3
2025-04-27,0.0,7.3,22.5,14.9,2.8,7.8,53.0,96.0,24.0,12.4
2025-04-28,0.0,5.4,20.6,13.0,3.1,10.0,59.0,99.0,42.0,12.3
2025-04-29,0.0,7.6,17.2,12.4,1.9,7.5,72.0,97.0,59.0,1.2
2025-04-30,0.0,8.5,20.5,14.5,2.5,9.2,69.0,98.0,48.0,9.4
2025-05-01,0.0,10.3,24.2,17.2,1.9,7.5,66.0,94.0,48.0,9.4
2025-05-02,0.0,12.6,26.6,19.6,1.9,7.8,74.0,98.0,51.0,6.0
2025-05-03,0.0,13.8,25.2,19.5,1.4,9.2,63.0,98.0,34.0,7.5
2025-05-04,0.0,8.8,23.2,16.0,3.6,11.7,46.0,90.0,29.0,9.9
2025-05-05,0.2,10.2,21.8,16.0,1.9,10.0,54.0,86.0,37.0,7.4
2025-05-06,0.0,9.1,21.8,15.4,2.5,7.2,59.0,97.0,45.0,8.2
2025-05-07,5.4,9.3,20.1,14.7,1.9,7.5,79.0,98.0,52.0,2.1
2025-05-08,21.0,8.1,19.4,13.8,1.7,8.6,84.0,99.0,61.0,5.2
2025-05-09,0.0,6.1,20.2,13.2,2.2,6.9,65.0,99.0,54.0,8.0
2025-05-10,0.2,8.1,21.7,14.9,1.7,8.3,77.0,99.0,51.0,8.6
2025-05-11,0.6,8.5,21.3,14.9,1.4,6.7,70.0,95.0,45.0,6.1
2025-05-12,0.0,9.2,22.9,16.0,1.9,8.3,44.0,84.0,26.0,10.7
2025-05-13,9.8,7.2,21.2,14.2,1.4,9.4,67.0,98.0,32.0,8.7
2025-05-14,1.4,9.3,20.3,14.8,2.5,12.2,80.0,98.0,45.0,7.2
2025-05-15,2.8,9.3,21.1,15.2,1.1,11.7,82.0,98.0,42.0,3.7
2025-05-16,0.0,6.9,23.8,15.4,2.2,6.4,57.0,99.0,39.0,10.0
2025-05-17,0.0,9.1,26.0,17.6,2.5,6.9,45.0,92.0,31.0,12.7
2025-05-18,0.0,7.4,27.0,17.2,1.9,6.7,44.0,96.0,28.0,11.0
2025-05-19,0.0,10.1,26.7,18.4,2.2,8.3,46.0,87.0,22.0,10.3
2025-05-20,0.0,9.0,26.2,17.6,2.2,7.5,38.0,86.0,26.0,13.0
2025-05-21,0.0,10.1,26.9,18.5,1.9,6.4,44.0,87.0,33.0,11.9
2025-05-22,16.0,10.8,27.5,19.2,1.7,10.0,58.0,98.0,33.0,7.3
2025-05-23,0.4,11.1,18.4,14.8,1.4,9.4,85.0,98.0,63.0,1.8
2025-05-24,0.0,9.1,24.9,17.0,1.9,7.8,56.0,98.0,36.0,12.6
2025-05-25,0.0,9.8,29.1,19.4,2.8,7.2,36.0,82.0,20.0,13.1
2025-05-26,0.0,12.5,30.0,21.2,2.5,7.8,39.0,78.0,25.0,12.4
2025-05-27,0.0,10.8,28.7,19.8,1.7,7.2,41.0,89.0,29.0,12.9
2025-05-28,0.0,11.2,31.2,21.2,1.9,7.2,39.0,94.0,25.0,13.0
2025-05-29,0.0,13.1,33.6,23.4,1.9,6.9,32.0,82.0,19.0,13.1
2025-05-30,0.0,14.2,34.1,24.2,2.5,8.6,34.0,75.0,23.0,8.8
2025-05-31,0.0,14.2,34.4,24.3,1.9,8.9,36.0,78.0,18.0,11.5
2025-06-01,0.0,15.9,34.6,25.2,2.2,7.2,35.0,77.0,21.0,11.8
2025-06-02,0.0,13.2,30.1,21.6,2.5,8.9,35.0,81.0,22.0,12.3
2025-06-03,0.0,12.0,29.1,20.6,1.4,7.2,55.0,93.0,28.0,8.5
2025-06-04,0.0,12.4,29.5,21.0,1.9,9.2,41.0,75.0,23.0,12.1
2025-06-05,0.0,12.3,30.7,21.5,2.2,7.5,40.0,77.0,26.0,12.4
2025-06-06,0.0,13.1,30.5,21.8,1.9,7.2,41.0,86.0,30.0,11.1
2025-06-07,0.0,13.2,34.3,23.8,1.9,6.7,35.0,84.0,21.0,13.2
2025-06-08,0.0,14.0,31.0,22.5,2.2,7.5,47.0,91.0,31.0,12.8
2025-06-09,0.0,14.2,30.6,22.4,1.9,6.9,58.0,98.0,45.0,9.6
2025-06-10,0.0,15.1,30.9,23.0,1.9,6.9,53.0,90.0,42.0,4.8
2025-06-11,0.0,15.6,32.2,23.9,3.1,9.7,42.0,75.0,23.0,10.3
2025-06-12,0.0,15.1,33.0,24.0,2.2,9.2,45.0,74.0,31.0,11.6
2025-06-13,0.0,15.3,31.1,23.2,2.2,8.3,55.0,87.0,45.0,11.5
2025-06-14,0.0,16.1,31.7,23.9,1.9,6.9,53.0,89.0,42.0,10.6
2025-06-15,0.0,16.0,34.4,25.2,1.9,8.3,51.0,84.0,27.0,8.2
2025-06-16,0.0,16.7,33.5,25.1,1.7,7.2,46.0,84.0,31.0,10.1
2025-06-17,5.0,17.4,35.8,26.6,1.7,10.0,66.0,94.0,21.0,6.9
2025-06-18,1.0,17.3,34.8,26.0,2.5,9.2,60.0,91.0,33.0,9.5
2025-06-19,0.0,16.1,32.9,24.5,1.9,7.2,53.0,90.0,38.0,7.4
2025-06-20,0.0,17.1,34.8,26.0,1.4,8.6,43.0,80.0,28.0,10.3
2025-06-21,0.0,16.6,37.3,27.0,1.4,10.0,35.0,71.0,19.0,8.8
2025-06-22,0.0,17.8,36.8,27.3,1.7,6.9,36.0,72.0,17.0,12.1
2025-06-23,0.0,16.7,37.0,26.8,2.5,8.1,30.0,59.0,14.0,11.5
2025-06-24,0.0,16.0,36.0,26.0,3.6,10.3,27.0,70.0,13.0,12.6
2025-06-25,0.0,14.7,35.8,25.2,2.5,8.1,34.0,62.0,21.0,12.1
2025-06-26,0.0,14.7,36.4,25.6,1.7,11.4,26.0,73.0,15.0,13.3
2025-06-27,0.0,15.4,35.6,25.5,2.5,9.2,40.0,71.0,24.0,13.2
2025-06-28,0.0,16.1,36.6,26.4,1.9,8.1,36.0,77.0,22.0,13.1
2025-06-29,0.0,17.1,36.8,27.0,2.8,8.6,28.0,59.0,18.0,12.8
2025-06-30,0.0,18.4,37.3,27.8,2.2,7.8,30.0,63.0,17.0,13.0
2025-07-01,0.0,18.2,35.7,27.0,2.2,8.9,32.0,64.0,18.0,11.5
2025-07-02,0.0,17.2,36.1,26.6,2.2,8.6,35.0,76.0,18.0,11.2
2025-07-03,0.0,18.9,33.9,26.4,2.5,9.4,38.0,75.0,29.0,12.7
2025-07-04,0.0,16.9,35.8,26.4,2.2,7.8,39.0,83.0,23.0,13.0
2025-07-05,0.4,16.4,34.7,25.6,3.1,10.0,37.0,80.0,25.0,12.6
2025-07-06,0.0,19.5,35.0,27.2,1.9,12.5,35.0,73.0,24.0,11.1
2025-07-07,2.0,18.7,35.9,27.3,2.2,9.4,48.0,92.0,32.0,10.9
2025-07-08,0.0,17.3,32.6,25.0,1.9,8.6,58.0,93.0,43.0,11.0
2025-07-09,0.0,22.5,33.6,28.0,2.2,8.6,59.0,85.0,40.0,6.8
2025-07-10,0.0,17.9,34.1,26.0,3.1,8.6,62.0,97.0,42.0,9.6
2025-07-11,0.0,17.9,33.5,25.7,2.8,10.3,63.0,92.0,40.0,7.3
2025-07-12,0.0,16.5,34.4,25.4,2.8,10.3,30.0,92.0,13.0,11.5
2025-07-13,0.0,16.9,34.4,25.6,2.2,9.2,44.0,94.0,27.0,13.0
2025-07-14,0.0,16.5,34.1,25.3,2.2,8.3,43.0,85.0,26.0,12.3
2025-07-15,0.0,17.2,36.6,26.9,2.2,7.5,42.0,84.0,24.0,12.8
2025-07-16,0.0,17.8,36.3,27.0,1.9,9.2,49.0,96.0,30.0,12.8
2025-07-17,0.0,18.4,39.6,29.0,2.2,8.9,30.0,73.0,17.0,12.5
2025-07-18,0.0,21.0,40.3,30.6,3.3,11.1,26.0,55.0,15.0,10.2
2025-07-19,0.0,17.7,35.8,26.8,1.9,7.5,24.0,50.0,16.0,12.9
2025-07-20,0.0,16.7,36.9,26.8,2.2,7.5,26.0,57.0,17.0,13.0
2025-07-21,0.0,16.0,35.4,25.7,2.2,8.9,35.0,68.0,23.0,13.0
2025-07-22,0.0,15.6,32.9,24.2,2.2,9.4,49.0,83.0,41.0,12.6
2025-07-23,0.0,16.6,34.4,25.5,1.9,7.8,44.0,91.0,31.0,10.7
2025-07-24,21.6,14.5,30.1,22.3,1.9,13.9,76.0,99.0,48.0,2.5
2025-07-25,0.0,17.0,25.7,21.4,2.5,6.4,70.0,97.0,56.0,2.6
2025-07-26,0.0,14.3,31.1,22.7,1.9,7.5,54.0,99.0,30.0,12.6
2025-07-27,0.0,14.7,34.2,24.4,2.5,6.1,45.0,98.0,27.0,12.6
2025-07-28,0.0,19.0,34.6,26.8,1.9,8.3,42.0,85.0,22.0,12.6
2025-07-29,0.0,17.3,27.8,22.6,2.8,8.3,65.0,94.0,50.0,7.7
2025-07-30,0.0,16.8,30.3,23.6,2.8,9.4,60.0,96.0,45.0,10.4
2025-07-31,0.0,15.4,30.4,22.9,2.5,8.3,55.0,98.0,40.0,12.5
2025-08-01,4.6,15.2,30.8,23.0,2.5,10.8,59.0,96.0,32.0,7.4
2025-08-02,0.0,15.3,32.9,24.1,2.2,8.1,52.0,96.0,33.0,12.4
2025-08-03,0.0,15.0,32.0,23.5,1.9,9.4,50.0,92.0,30.0,12.4
2025-08-04,0.0,15.8,33.8,24.8,1.4,7.8,54.0,97.0,37.0,12.3
2025-08-05,0.0,15.4,37.2,26.3,1.1,6.9,41.0,87.0,18.0,12.0
2025-08-06,0.0,16.2,35.9,26.0,1.4,7.2,36.0,71.0,21.0,12.0
2025-08-07,0.0,15.6,36.1,25.8,1.7,7.8,38.0,79.0,18.0,12.4
2025-08-08,0.0,16.3,34.5,25.4,2.8,7.8,38.0,85.0,21.0,12.1
2025-08-09,0.0,16.0,35.3,25.6,2.2,8.9,39.0,81.0,23.0,12.1
2025-08-10,0.0,15.8,35.6,25.7,1.9,7.2,40.0,76.0,22.0,12.3
2025-08-11,0.0,17.6,37.6,27.6,2.2,6.9,34.0,79.0,18.0,12.2
2025-08-12,0.0,20.3,37.9,29.1,1.9,8.1,37.0,61.0,19.0,9.6
2025-08-13,0.0,20.6,35.1,27.8,2.8,7.5,41.0,67.0,27.0,7.1
2025-08-14,0.0,16.9,35.4,26.2,2.8,8.9,36.0,76.0,20.0,12.0
2025-08-15,0.0,16.2,36.3,26.2,1.4,6.4,33.0,69.0,14.0,12.1
2025-08-16,0.0,17.9,38.8,28.4,2.5,8.1,27.0,64.0,15.0,11.3
2025-08-17,0.0,19.8,40.7,30.2,2.8,7.8,24.0,55.0,9.0,10.8
2025-08-18,0.0,23.5,42.2,32.8,2.8,13.1,23.0,44.0,11.0,6.4
2025-08-19,0.0,20.1,33.3,26.7,2.8,8.9,54.0,78.0,26.0,10.4
2025-08-20,0.0,15.6,33.6,24.6,1.9,6.9,30.0,90.0,17.0,11.7
2025-08-21,0.0,15.8,31.4,23.6,2.2,7.5,55.0,87.0,32.0,9.2
2025-08-22,0.2,16.7,31.1,23.9,2.5,7.8,63.0,92.0,36.0,8.4
2025-08-23,0.0,18.6,32.5,25.6,1.9,8.6,56.0,96.0,31.0,9.7
2025-08-24,0.0,15.8,34.1,25.0,2.2,8.3,47.0,95.0,23.0,8.8
2025-08-25,0.0,18.8,32.5,25.6,2.2,7.8,59.0,95.0,26.0,8.7
2025-08-26,0.0,19.5,35.3,27.4,2.2,8.3,56.0,93.0,33.0,10.1
2025-08-27,0.0,18.4,34.4,26.4,1.7,6.7,50.0,82.0,31.0,10.0
2025-08-28,0.0,19.5,34.0,26.8,2.5,11.7,31.0,66.0,13.0,11.1
2025-08-29,0.0,15.3,32.2,23.8,1.7,10.0,23.0,47.0,14.0,11.9
2025-08-30,0.0,17.4,33.9,25.6,2.5,7.8,34.0,58.0,22.0,11.7
2025-08-31,0.0,13.8,35.9,24.8,1.9,9.4,35.0,74.0,15.0,11.3
2025-09-01,0.0,13.3,29.4,21.4,2.5,8.6,31.0,61.0,18.0,11.3
2025-09-02,0.0,12.4,29.5,21.0,1.1,7.2,33.0,56.0,18.0,11.6
2025-09-03,0.0,12.3,34.0,23.2,2.2,9.4,29.0,66.0,14.0,11.8
2025-09-04,0.0,13.3,34.0,23.6,2.8,7.5,26.0,58.0,18.0,11.1
2025-09-05,0.0,13.7,29.1,21.4,2.8,9.7,55.0,92.0,37.0,11.6
2025-09-06,0.0,16.2,28.5,22.4,0.8,8.6,70.0,98.0,50.0,5.7
2025-09-07,6.8,17.7,29.4,23.6,1.9,10.8,80.0,96.0,46.0,2.0
2025-09-08,9.6,16.1,31.5,23.8,1.4,7.2,74.0,98.0,37.0,4.9
2025-09-09,4.0,14.2,26.8,20.5,1.4,9.7,76.0,97.0,45.0,4.4
2025-09-10,0.0,12.1,29.6,20.8,1.7,9.7,39.0,95.0,24.0,11.5
2025-09-11,0.0,15.7,31.9,23.8,1.7,7.8,47.0,84.0,29.0,11.6
2025-09-12,0.0,14.4,32.6,23.5,1.9,8.3,42.0,79.0,27.0,11.6
2025-09-13,0.0,12.7,32.9,22.8,1.4,7.5,50.0,90.0,25.0,11.5
2025-09-14,0.0,15.7,30.9,23.3,2.8,8.3,48.0,97.0,25.0,11.3
2025-09-15,0.0,17.5,30.9,24.2,1.9,7.5,64.0,98.0,45.0,10.9
2025-09-16,0.0,14.8,30.4,22.6,1.4,6.4,61.0,95.0,45.0,11.5
2025-09-17,0.0,14.0,32.3,23.2,2.2,7.2,48.0,95.0,27.0,11.4
2025-09-18,0.0,13.8,34.6,24.2,1.7,6.4,50.0,87.0,21.0,10.9
2025-09-19,0.0,13.1,30.5,21.8,1.4,6.9,61.0,96.0,43.0,11.2
2025-09-20,0.0,18.1,29.8,24.0,1.7,6.1,66.0,94.0,47.0,7.9
2025-09-21,0.0,17.8,30.1,24.0,1.1,9.7,67.0,95.0,35.0,6.0
2025-09-22,0.0,10.2,25.3,17.8,1.4,7.8,41.0,88.0,24.0,10.8
2025-09-23,0.0,10.7,23.5,17.1,1.9,6.9,51.0,94.0,33.0,5.6
2025-09-24,0.0,11.8,24.6,18.2,1.7,7.8,61.0,96.0,43.0,5.6
2025-09-25,0.0,12.8,24.7,18.8,1.9,7.5,64.0,94.0,46.0,8.5
2025-09-26,0.0,12.8,27.4,20.1,3.1,6.7,60.0,92.0,32.0,9.0
2025-09-27,0.0,11.4,30.1,20.8,3.1,7.8,41.0,81.0,18.0,9.3
2025-09-28,0.0,13.3,29.6,21.4,1.7,10.8,49.0,80.0,16.0,8.9
2025-09-29,9.6,13.9,21.7,17.8,2.2,7.8,78.0,98.0,62.0,1.3
2025-09-30,0.2,12.8,22.5,17.6,1.9,5.6,81.0,98.0,60.0,2.6
2025-10-01,0.0,11.6,24.6,18.1,1.7,5.8,73.0,99.0,41.0,8.3
2025-10-02,0.0,11.3,26.7,19.0,1.4,6.1,70.0,96.0,41.0,8.8
2025-10-03,0.0,12.1,30.0,21.0,2.2,6.9,49.0,96.0,30.0,8.9
2025-10-04,0.0,16.3,30.6,23.4,1.7,6.7,45.0,75.0,27.0,8.1
2025-10-05,8.2,15.0,28.5,21.8,3.1,7.5,50.0,89.0,31.0,8.9
2025-10-06,1.4,16.4,21.0,18.7,1.4,6.4,93.0,98.0,77.0,0.5
2025-10-07,0.0,13.3,26.1,19.7,1.7,5.3,77.0,99.0,47.0,6.7
2025-10-08,1.0,11.8,24.3,18.0,1.9,5.8,80.0,98.0,63.0,6.3
2025-10-09,0.2,14.7,21.3,18.0,1.1,7.8,90.0,98.0,71.0,1.3
2025-10-10,0.6,14.1,17.6,15.8,1.9,7.2,87.0,96.0,74.0,0.0
2025-10-11,0.8,14.1,21.5,17.8,1.7,6.9,77.0,98.0,56.0,3.0
2025-10-12,0.0,13.8,22.0,17.9,1.7,6.1,80.0,98.0,61.0,4.0
2025-10-13,0.0,14.7,22.3,18.5,1.4,5.0,79.0,96.0,59.0,3.5
2025-10-14,0.0,11.2,24.9,18.0,1.4,5.6,73.0,99.0,46.0,8.0
2025-10-15,0.0,12.8,24.3,18.6,1.1,5.3,72.0,98.0,47.0,4.2
2025-10-16,0.0,14.1,21.2,17.6,1.4,4.7,79.0,98.0,56.0,1.4
2025-10-17,0.0,11.2,22.3,16.8,1.4,5.6,78.0,98.0,51.0,6.3
2025-10-18,0.0,9.8,23.3,16.6,1.9,5.0,69.0,98.0,40.0,8.0
2025-10-19,0.0,8.6,22.9,15.8,2.2,5.6,66.0,98.0,45.0,7.3
2025-10-20,0.0,10.2,26.1,18.2,1.7,7.5,55.0,89.0,33.0,5.9
2025-10-21,0.0,13.6,26.9,20.2,3.6,11.1,55.0,79.0,40.0,7.9
2025-10-22,0.0,13.6,25.6,19.6,2.5,11.1,57.0,95.0,34.0,6.6
2025-10-23,0.0,16.4,27.9,22.2,3.1,16.1,50.0,74.0,35.0,8.0
2025-10-24,0.0,14.7,28.5,21.6,1.9,7.5,60.0,82.0,34.0,7.5
2025-10-25,0.0,12.9,30.9,21.9,1.9,8.6,53.0,86.0,18.0,7.3
2025-10-26,1.0,12.0,19.3,15.6,1.9,6.1,77.0,99.0,54.0,0.1
2025-10-27,0.0,8.2,21.1,14.6,1.7,6.1,75.0,99.0,46.0,6.5
2025-10-28,0.6,5.8,20.8,13.3,1.9,6.9,65.0,96.0,41.0,7.0
2025-10-29,0.2,12.0,23.3,17.6,2.5,10.0,73.0,97.0,47.0,5.3
2025-10-30,0.0,9.1,23.4,16.2,1.1,5.0,70.0,98.0,46.0,6.5
2025-10-31,0.0,9.1,22.3,15.7,1.7,6.1,68.0,93.0,39.0,6.0
2025-11-01,0.2,7.0,22.5,14.8,1.4,6.7,65.0,96.0,40.0,7.1
2025-11-02,0.0,9.0,24.2,16.6,3.3,8.9,50.0,87.0,29.0,5.7
2025-11-03,0.0,6.3,20.2,13.2,2.5,6.1,68.0,92.0,42.0,7.2
2025-11-04,0.0,10.0,21.2,15.6,1.9,6.9,71.0,97.0,48.0,5.8
2025-11-05,0.0,9.4,20.4,14.9,2.8,6.9,72.0,96.0,52.0,5.1
2025-11-06,0.0,5.8,17.8,11.8,2.5,11.7,53.0,98.0,35.0,6.7
2025-11-07,0.0,4.6,20.7,12.6,1.7,6.7,50.0,87.0,30.0,7.0
2025-11-08,0.0,6.0,19.0,12.5,2.8,10.3,43.0,89.0,29.0,6.1
2025-11-09,0.0,2.6,18.1,10.4,1.9,6.1,52.0,90.0,29.0,7.1
2025-11-10,0.0,3.6,20.1,11.8,2.5,6.7,49.0,83.0,28.0,6.6
2025-11-11,0.0,4.1,20.5,12.3,3.1,7.2,51.0,89.0,29.0,7.0
2025-11-12,0.0,3.8,21.4,12.6,1.4,5.0,63.0,96.0,31.0,6.8
2025-11-13,0.0,5.8,19.4,12.6,1.1,5.6,83.0,96.0,63.0,3.6
2025-11-14,0.0,10.6,20.2,15.4,4.2,11.7,59.0,90.0,41.0,2.8
2025-11-15,0.6,10.5,20.3,15.4,3.1,8.9,68.0,89.0,48.0,3.8
2025-11-16,0.0,7.7,19.8,13.8,3.6,10.0,60.0,96.0,35.0,6.0
2025-11-17,0.2,5.8,16.6,11.2,1.4,5.8,67.0,92.0,47.0,4.1
2025-11-18,0.0,3.6,16.0,9.8,1.7,5.3,70.0,97.0,45.0,6.5
2025-11-19,0.0,2.2,18.2,10.2,2.2,6.4,61.0,96.0,38.0,6.4
2025-11-20,0.0,0.9,14.8,7.8,1.9,8.6,64.0,95.0,35.0,5.5
2025-11-21,0.0,-1.0,12.4,5.7,2.2,10.3,43.0,85.0,28.0,4.7
2025-11-22,0.0,-2.7,13.8,5.6,1.1,9.2,43.0,76.0,14.0,6.4
2025-11-23,0.0,1.3,19.4,10.4,2.8,7.2,45.0,57.0,29.0,5.9
2025-11-24,0.0,7.0,18.1,12.6,3.9,13.1,48.0,68.0,33.0,1.6
2025-11-25,0.0,8.2,15.7,12.0,3.3,11.7,49.0,83.0,27.0,3.6
2025-11-26,0.0,2.4,13.1,7.8,2.5,14.4,36.0,61.0,23.0,6.1
2025-11-27,0.0,-1.5,14.6,6.6,1.9,8.6,41.0,74.0,14.0,5.7
2025-11-28,0.0,0.4,15.6,8.0,1.7,7.2,46.0,75.0,25.0,5.6
2025-11-29,0.0,2.3,17.4,9.8,2.2,7.2,52.0,75.0,32.0,5.1
2025-11-30,0.0,2.6,13.4,8.0,1.9,7.8,65.0,89.0,46.0,2.3
2025-12-01,0.0,2.6,14.9,8.8,1.1,5.3,71.0,97.0,45.0,5.6
2025-12-02,3.2,3.3,16.1,9.7,2.5,9.7,60.0,81.0,42.0,4.8
2025-12-03,2.2,1.4,11.8,6.6,1.7,12.5,76.0,97.0,51.0,3.1
2025-12-04,0.0,2.7,14.1,8.4,2.5,13.3,62.0,81.0,41.0,3.1
2025-12-05,0.0,1.2,16.8,9.0,3.1,9.7,55.0,89.0,42.0,4.2
2025-12-06,0.0,5.4,20.0,12.7,1.9,7.5,68.0,94.0,43.0,4.1
2025-12-07,0.0,3.3,16.8,10.0,2.2,6.9,70.0,98.0,44.0,5.6
2025-12-08,0.0,1.1,16.1,8.6,1.4,6.7,72.0,97.0,49.0,5.5
2025-12-09,0.0,3.1,18.7,10.9,1.9,6.4,49.0,86.0,28.0,5.5
2025-12-10,0.0,3.8,17.9,10.8,1.4,7.2,60.0,85.0,34.0,4.6
2025-12-11,0.0,2.5,12.5,7.5,1.1,6.1,81.0,98.0,66.0,0.4
2025-12-12,8.2,3.4,12.8,8.1,1.4,7.2,90.0,98.0,65.0,1.3
2025-12-13,3.8,9.1,12.9,11.0,1.9,6.7,84.0,97.0,73.0,0.5
2025-12-14,42.4,7.7,10.1,8.9,1.4,6.1,96.0,99.0,83.0,0.0
2025-12-15,10.2,5.4,13.7,9.6,1.7,7.8,90.0,99.0,68.0,1.1
2025-12-16,2.2,5.3,11.9,8.6,1.7,6.4,90.0,99.0,74.0,0.2
2025-12-17,0.6,4.7,12.3,8.5,1.4,5.0,93.0,99.0,76.0,0.4
2025-12-18,0.0,4.1,13.3,8.7,1.1,4.7,89.0,99.0,68.0,4.8
2025-12-19,0.2,2.8,13.4,8.1,1.1,6.7,89.0,98.0,61.0,2.8
2025-12-20,1.6,4.2,14.6,9.4,1.1,5.6,84.0,99.0,60.0,4.4
2025-12-21,1.0,2.4,11.1,6.8,1.9,10.6,81.0,96.0,64.0,1.0
2025-12-22,0.0,-2.0,10.6,4.3,1.7,7.8,73.0,98.0,39.0,5.3
2025-12-23,0.0,-0.6,10.9,5.2,2.2,10.3,71.0,96.0,44.0,4.0
2025-12-24,0.0,-0.6,10.8,5.1,1.1,5.0,80.0,99.0,54.0,4.6
2025-12-25,4.0,1.4,6.0,3.7,1.1,4.4,94.0,99.0,87.0,0.0
2025-12-26,0.0,2.1,12.2,7.2,1.7,7.2,70.0,99.0,48.0,4.3
2025-12-27,7.4,-0.7,10.2,4.8,1.7,4.7,83.0,97.0,59.0,4.0
2025-12-28,31.6,6.2,9.2,7.7,1.9,7.5,88.0,98.0,79.0,0.3
2025-12-29,0.4,3.4,10.9,7.2,1.4,4.4,91.0,99.0,71.0,0.5
2025-12-30,0.0,2.0,14.1,8.0,1.9,5.8,65.0,95.0,44.0,4.9
2025-12-31,0.0,1.7,12.7,7.2,1.9,7.2,72.0,97.0,45.0,5.6
2026-01-01,0.0,1.2,12.1,6.6,2.5,6.9,80.0,97.0,65.0,3.9
2026-01-02,0.0,3.3,16.4,9.8,1.4,5.8,80.0,98.0,52.0,2.5
2026-01-03,0.6,5.1,12.2,8.6,1.9,6.7,78.0,98.0,69.0,0.0
2026-01-04,21.6,6.7,9.5,8.1,1.9,6.7,96.0,99.0,94.0,0.0
2026-01-05,8.0,3.6,7.0,5.3,0.8,5.3,97.0,98.0,93.0,0.0
2026-01-06,0.0,-1.9,6.4,2.2,2.2,11.7,63.0,97.0,46.0,3.5
2026-01-07,0.0,-1.9,10.6,4.4,1.9,10.8,47.0,79.0,29.0,5.5
2026-01-08,0.0,-0.1,16.3,8.1,2.8,8.1,63.0,86.0,36.0,5.7
2026-01-09,0.0,3.2,16.1,9.6,3.3,20.3,56.0,83.0,39.0,3.9
2026-01-10,0.0,1.2,13.2,7.2,1.7,6.4,63.0,88.0,39.0,5.6
2026-01-11,0.0,0.7,14.6,7.6,2.8,6.9,53.0,79.0,26.0,5.6
2026-01-12,0.0,1.6,16.1,8.8,1.1,6.9,70.0,91.0,41.0,5.8
2026-01-13,0.0,0.2,13.5,6.8,1.7,5.8,81.0,97.0,50.0,5.4
2026-01-14,0.0,3.4,16.5,10.0,2.8,7.2,67.0,92.0,45.0,2.7
2026-01-15,0.8,1.6,14.5,8.0,2.5,6.7,72.0,97.0,52.0,5.8
2026-01-16,0.0,5.3,13.4,9.4,1.9,8.6,85.0,95.0,66.0,2.0
2026-01-17,0.0,0.6,12.1,6.4,1.7,5.3,78.0,94.0,56.0,3.2
2026-01-18,0.0,-2.1,10.0,4.0,1.7,6.4,71.0,97.0,48.0,5.4
2026-01-19,0.0,-1.0,11.5,5.2,1.9,10.0,72.0,98.0,54.0,2.4
2026-01-20,0.0,5.3,13.9,9.6,1.9,11.7,45.0,67.0,32.0,6.1
2026-01-21,0.8,5.5,11.9,8.7,2.2,8.9,61.0,80.0,42.0,3.3
2026-01-22,0.0,6.0,12.3,9.2,3.1,16.7,55.0,81.0,42.0,5.5
2026-01-23,0.2,5.1,14.2,9.6,4.4,12.8,48.0,94.0,31.0,5.7
2026-01-24,0.0,3.0,10.7,6.8,4.7,18.3,49.0,85.0,32.0,6.5
2026-01-25,2.2,6.3,15.3,10.8,5.3,17.8,60.0,94.0,37.0,5.4
2026-01-26,0.0,8.0,18.2,13.1,2.5,16.4,67.0,83.0,40.0,3.7
2026-01-27,5.8,5.6,16.6,11.1,5.8,17.5,59.0,88.0,47.0,4.9
2026-01-28,5.6,3.8,14.6,9.2,4.7,19.2,55.0,95.0,35.0,3.9
2026-01-29,0.0,7.2,21.7,14.4,4.2,26.1,60.0,88.0,36.0,3.4
2026-01-30,3.8,5.9,16.3,11.1,4.2,16.4,50.0,86.0,20.0,5.2
2026-01-31,0.0,3.3,14.0,8.6,4.2,16.1,45.0,86.0,33.0,6.7
2026-02-01,0.0,1.8,14.9,8.4,2.2,8.3,65.0,90.0,53.0,2.0
2026-02-02,0.0,5.6,16.8,11.2,4.4,17.5,63.0,82.0,44.0,2.2
2026-02-03,8.4,1.8,11.4,6.6,2.8,7.8,69.0,88.0,54.0,2.1
2026-02-04,17.8,5.0,11.7,8.4,3.6,13.1,88.0,99.0,65.0,0.7
2026-02-05,2.6,8.4,18.5,13.4,6.1,23.1,67.0,99.0,33.0,4.7
2026-02-06,0.2,4.9,15.7,10.3,6.9,18.9,56.0,80.0,45.0,6.9
2026-02-07,0.6,2.0,13.9,8.0,2.8,13.3,63.0,94.0,41.0,5.5
2026-02-08,0.0,4.2,12.9,8.6,3.3,16.4,53.0,84.0,42.0,6.3
2026-02-09,0.0,4.9,19.1,12.0,2.8,14.2,59.0,85.0,37.0,7.1
2026-02-10,0.4,10.4,21.0,15.7,3.1,12.2,61.0,86.0,47.0,2.0
2026-02-11,0.0,14.3,22.8,18.6,4.4,20.8,50.0,72.0,42.0,3.3
2026-02-12,0.0,8.3,18.0,13.2,5.0,18.9,35.0,73.0,24.0,7.5
2026-02-13,6.0,7.2,14.3,10.8,7.2,25.8,61.0,90.0,47.0,3.1
2026-02-14,0.0,6.2,11.7,9.0,5.0,17.5,44.0,72.0,34.0,7.5
2026-02-15,0.0,6.0,18.7,12.4,3.1,13.6,36.0,75.0,23.0,7.1
2026-02-16,0.0,5.3,18.9,12.1,4.7,11.4,55.0,83.0,46.0,6.7
2026-02-17,0.0,6.7,20.6,13.6,2.5,9.2,58.0,91.0,34.0,8.2
2026-02-18,0.0,4.6,22.5,13.6,3.1,10.3,37.0,82.0,16.0,8.2
2026-02-19,0.0,3.7,15.5,9.6,1.1,13.3,47.0,77.0,24.0,8.2
2026-02-20,0.0,0.2,17.9,9.0,2.2,6.7,48.0,88.0,25.0,8.3
2026-02-21,0.0,3.0,18.8,10.9,1.9,7.2,51.0,84.0,28.0,8.4
2026-02-22,0.0,2.0,21.2,11.6,1.7,5.8,56.0,89.0,32.0,8.2
2026-02-23,0.0,4.4,21.8,13.1,1.9,7.2,53.0,83.0,28.0,8.4
2026-02-24,0.0,5.1,22.4,13.8,2.5,7.2,53.0,81.0,25.0,8.1
2026-02-25,0.0,4.2,21.5,12.8,2.2,6.4,51.0,81.0,30.0,8.4
2026-02-26,0.0,3.5,19.3,11.4,1.4,5.8,52.0,85.0,28.0,8.6
2026-02-27,0.0,2.7,18.9,10.8,1.7,6.7,54.0,81.0,32.0,5.5
2026-02-28,0.0,1.9,13.5,7.7,1.1,4.7,86.0,97.0,61.0,2.2
2026-03-01,0.0,4.3,13.8,9.0,1.1,5.0,76.0,97.0,56.0,0.6
2026-03-02,0.8,3.0,10.4,6.7,1.1,5.6,88.0,98.0,80.0,0.0
2026-03-03,0.0,9.0,14.3,11.6,3.9,10.0,79.0,92.0,68.0,1.2
2026-03-04,0.4,8.4,14.4,11.4,3.9,11.1,76.0,93.0,69.0,0.4
2026-03-05,6.2,7.5,12.7,10.1,1.4,6.4,84.0,96.0,67.0,0.0
2026-03-06,30.4,4.4,15.6,10.0,2.8,10.3,81.0,97.0,55.0,5.3
2026-03-07,0.2,3.1,12.9,8.0,1.4,5.3,78.0,98.0,58.0,2.7
2026-03-08,5.0,4.4,12.6,8.5,1.4,5.6,87.0,98.0,65.0,0.6
2026-03-09,0.0,3.2,14.7,9.0,1.7,6.4,75.0,98.0,57.0,6.2
2026-03-10,9.8,4.5,9.5,7.0,1.1,5.0,95.0,97.0,79.0,0.0
2026-03-11,0.2,5.6,14.9,10.2,2.2,6.7,84.0,97.0,62.0,2.2
2026-03-12,0.0,3.9,17.6,10.8,1.7,5.8,71.0,98.0,44.0,9.6
2026-03-13,0.0,6.5,20.1,13.3,2.8,6.9,60.0,91.0,37.0,9.6
2026-03-14,2.6,7.5,16.0,11.8,3.1,12.5,57.0,92.0,45.0,0.8
2026-03-15,0.0,5.7,15.4,10.6,3.6,13.6,43.0,91.0,32.0,10.4
2026-03-16,0.0,0.5,17.5,9.0,1.4,6.9,57.0,93.0,31.0,10.4
2026-03-17,0.0,1.4,21.4,11.4,3.1,8.1,37.0,83.0,18.0,10.7
2026-03-18,0.0,0.6,17.6,9.1,1.7,6.7,50.0,78.0,20.0,4.8
2026-03-19,0.0,3.5,16.2,9.8,2.5,8.6,73.0,97.0,42.0,9.7
2026-03-20,3.0,7.9,12.1,10.0,2.2,6.4,79.0,94.0,68.0,0.0
2026-03-21,0.2,6.8,10.4,8.6,0.8,4.2,87.0,97.0,73.0,0.0
2026-03-22,0.0,4.3,17.0,10.6,1.4,7.2,69.0,98.0,30.0,10.9
2026-03-23,0.0,3.9,16.8,10.4,3.3,7.8,63.0,90.0,47.0,7.8
2026-03-24,0.0,3.2,15.8,9.5,3.1,7.5,55.0,89.0,32.0,11.3
2026-03-25,0.0,1.7,20.4,11.0,1.9,7.2,51.0,96.0,26.0,10.3
2026-03-26,0.0,4.4,18.3,11.4,1.9,8.6,55.0,91.0,21.0,11.5
2026-03-27,0.0,1.8,16.1,9.0,1.4,7.2,63.0,97.0,40.0,11.6
2026-03-28,0.0,3.5,18.1,10.8,1.9,7.8,66.0,98.0,47.0,8.8
2026-03-29,0.0,5.7,13.2,9.4,5.0,18.6,27.0,69.0,18.0,10.7
2026-03-30,0.0,-2.1,16.0,7.0,1.9,10.3,42.0,81.0,23.0,11.6
2026-03-31,0.0,5.9,21.9,13.9,2.5,10.3,40.0,92.0,25.0,11.7
2026-04-01,0.0,3.1,20.4,11.8,2.2,11.7,45.0,86.0,24.0,11.5
2026-04-02,0.0,9.1,20.3,14.7,2.8,15.3,25.0,38.0,16.0,11.0
2026-04-03,0.0,1.7,19.7,10.7,2.5,9.2,37.0,82.0,21.0,11.7
2026-04-04,0.0,3.1,21.7,12.4,2.2,5.8,45.0,85.0,32.0,11.7
2026-04-05,0.0,5.9,22.7,14.3,2.2,7.5,46.0,79.0,29.0,11.7
2026-04-06,0.0,3.9,21.9,12.9,1.7,6.7,52.0,89.0,35.0,11.7
2026-04-07,0.0,4.9,21.0,13.0,1.9,6.9,53.0,93.0,35.0,10.0
2026-04-08,0.0,8.6,22.2,15.4,1.9,8.6,61.0,92.0,42.0,8.9
2026-04-09,0.0,8.3,23.6,16.0,2.2,7.8,46.0,91.0,28.0,11.0
2026-04-10,0.0,8.5,25.2,16.8,1.9,8.6,40.0,69.0,20.0,8.8
2026-04-11,0.2,11.6,20.4,16.0,1.1,6.1,45.0,68.0,24.0,0.4
2026-04-12,7.2,9.3,16.7,13.0,3.1,9.7,84.0,98.0,51.0,1.2
2026-04-13,0.0,7.8,16.5,12.2,2.8,12.5,39.0,72.0,28.0,11.2
2026-04-14,0.0,6.5,19.9,13.2,2.2,11.4,44.0,66.0,36.0,10.2
2026-04-15,0.0,7.4,24.2,15.8,1.9,9.7,48.0,86.0,33.0,10.5
2026-04-16,0.0,8.0,23.7,15.8,2.2,7.8,53.0,90.0,41.0,12.0
2026-04-17,0.0,8.0,26.1,17.0,1.4,8.3,47.0,94.0,31.0,12.0
2026-04-18,0.0,6.6,26.5,16.6,1.4,7.2,41.0,87.0,27.0,11.7
2026-04-19,0.0,7.5,26.5,17.0,1.4,8.6,41.0,81.0,27.0,12.1
2026-04-20,0.0,7.9,26.9,17.4,1.9,7.5,39.0,84.0,18.0,11.9
2026-04-21,0.0,6.9,25.7,16.3,2.2,6.9,42.0,77.0,25.0,11.3
2026-04-22,0.0,10.9,30.2,20.6,1.4,9.7,42.0,77.0,23.0,10.7
2026-04-23,0.0,8.3,23.9,16.1,2.5,8.3,47.0,87.0,35.0,10.9
2026-04-24,6.2,7.5,17.1,12.3,1.1,4.2,78.0,98.0,60.0,2.3
2026-04-25,0.4,8.6,14.2,11.4,1.4,5.0,81.0,99.0,57.0,0.0
2026-04-26,0.0,6.2,21.1,13.6,1.9,6.9,40.0,97.0,17.0,12.1
2026-04-27,0.0,5.5,21.6,13.6,2.5,8.6,49.0,90.0,26.0,12.1
2026-04-28,0.4,6.4,20.0,13.2,1.4,5.8,66.0,95.0,41.0,5.0
2026-04-29,0.0,9.3,23.7,16.5,2.5,7.8,69.0,98.0,52.0,6.4
2026-04-30,8.2,10.6,24.9,17.8,1.7,7.8,67.0,98.0,44.0,7.1
2026-05-01,0.0,12.6,22.0,17.3,1.7,6.4,83.0,98.0,61.0,3.8
2026-05-02,0.0,13.5,19.9,16.7,1.9,6.7,81.0,97.0,66.0,1.0
2026-05-03,0.2,13.2,22.7,18.0,1.9,6.9,74.0,95.0,55.0,3.6
2026-05-04,0.0,10.2,24.9,17.6,2.8,10.3,47.0,96.0,27.0,7.5
2026-05-05,0.0,7.4,23.3,15.4,1.7,7.8,44.0,91.0,29.0,8.8
2026-05-06,4.0,6.5,22.1,14.3,1.7,9.7,62.0,98.0,32.0,8.7
2026-05-07,22.2,7.7,16.2,12.0,0.8,6.9,92.0,99.0,73.0,1.6
2026-05-08,0.0,6.5,19.6,13.0,1.9,7.8,72.0,98.0,51.0,5.3
2026-05-09,1.0,8.3,21.2,14.8,2.5,9.7,71.0,98.0,53.0,4.2
2026-05-10,0.0,8.3,23.9,16.1,3.3,10.3,48.0,93.0,34.0,10.0
2026-05-11,0.0,6.9,24.4,15.6,2.2,6.4,47.0,95.0,24.0,12.6
2026-05-12,0.0,8.4,22.6,15.5,3.6,11.7,47.0,89.0,26.0,11.0
2026-05-13,0.0,9.6,24.1,16.8,2.2,9.2,42.0,83.0,28.0,11.2
2026-05-14,0.0,12.2,25.9,19.0,2.2,10.0,43.0,71.0,25.0,9.4
2026-05-15,0.0,8.6,22.2,15.4,2.5,13.9,49.0,83.0,32.0,6.2
2026-05-16,0.0,4.3,22.8,13.6,2.8,8.6,42.0,89.0,25.0,11.0
2026-05-17,6.4,6.4,19.9,13.2,1.4,7.2,80.0,97.0,48.0,6.2
2026-05-18,0.2,7.6,24.8,16.2,1.9,6.4,57.0,97.0,31.0,9.2
2026-05-19,0.0,9.1,27.4,18.2,2.2,6.9,41.0,94.0,30.0,12.6
2026-05-20,0.0,10.7,28.2,19.4,3.1,8.9,35.0,81.0,25.0,12.7
2026-05-21,0.0,8.2,28.1,18.2,2.8,8.9,36.0,90.0,21.0,12.9
2026-05-22,0.0,9.5,28.2,18.8,2.8,10.0,38.0,78.0,27.0,12.9
2026-05-23,0.0,9.1,27.9,18.5,2.2,7.8,35.0,80.0,20.0,12.9
2026-05-24,0.0,8.8,28.2,18.5,2.5,8.9,32.0,77.0,22.0,12.9
2026-05-25,0.0,8.2,28.3,18.2,2.5,8.6,41.0,87.0,25.0,12.9
2026-05-26,0.0,9.7,28.0,18.8,2.5,9.2,38.0,81.0,27.0,12.9
2026-05-27,0.0,7.9,30.0,19.0,2.2,6.9,32.0,90.0,14.0,12.9
2026-05-28,0.0,9.9,31.3,20.6,1.9,7.5,31.0,78.0,15.0,12.9
2026-05-29,0.0,9.8,33.5,21.6,3.1,7.5,28.0,75.0,16.0,13.0
2026-05-30,0.0,14.6,35.2,24.9,2.8,8.9,25.0,51.0,15.0,11.9
2026-05-31,2.4,16.5,33.6,25.0,2.2,12.2,34.0,89.0,23.0,9.6
2026-06-01,0.0,13.3,35.3,24.3,1.7,7.5,37.0,88.0,20.0,11.5
2026-06-02,0.0,17.7,36.6,27.2,3.1,9.7,24.0,64.0,13.0,12.5
2026-06-03,0.0,15.4,29.4,22.4,2.5,7.5,51.0,86.0,41.0,11.3
2026-06-04,0.0,14.7,34.3,24.5,1.9,9.4,32.0,87.0,11.0,12.6
2026-06-05,0.0,13.9,26.9,20.4,2.8,8.9,65.0,90.0,33.0,5.2
2026-06-06,0.0,15.6,30.0,22.8,2.5,9.2,55.0,92.0,29.0,10.8
2026-06-07,0.0,14.7,27.6,21.2,3.1,10.3,58.0,97.0,38.0,11.6
2026-06-08,0.0,13.0,33.2,23.1,2.5,7.8,44.0,87.0,31.0,12.9
2026-06-09,0.0,15.4,29.3,22.4,3.3,7.5,58.0,89.0,44.0,12.5
2026-06-10,0.0,18.3,28.7,23.5,2.5,8.9,66.0,83.0,45.0,8.2
2026-06-11,0.0,14.6,26.3,20.4,2.5,7.5,63.0,88.0,49.0,7.0
2026-06-12,0.0,12.0,27.3,19.6,2.8,9.2,49.0,96.0,30.0,13.1
2026-06-13,0.0,12.0,28.7,20.4,2.2,8.1,38.0,71.0,25.0,10.8
2026-06-14,0.0,11.1,32.6,21.8,1.4,7.8,34.0,72.0,19.0,8.6
2026-06-15,0.0,14.3,32.9,23.6,2.2,7.5,37.0,73.0,21.0,8.9
2026-06-16,0.0,14.4,31.9,23.2,2.8,8.6,34.0,79.0,25.0,13.1
2026-06-17,0.0,13.1,31.8,22.4,2.8,8.3,29.0,77.0,17.0,12.2
2026-06-18,0.0,14.4,31.8,23.1,1.7,9.4,31.0,62.0,23.0,12.1
2026-06-19,0.0,14.0,31.3,22.6,2.5,8.3,40.0,64.0,34.0,12.4
2026-06-20,0.0,16.1,33.2,24.6,3.1,10.0,50.0,74.0,32.0,10.8
2026-06-21,0.0,16.2,35.7,26.0,3.1,9.7,39.0,80.0,26.0,12.3
2026-06-22,0.0,15.7,36.1,25.9,2.8,10.0,28.0,66.0,16.0,13.1
2026-06-23,0.0,15.8,35.5,25.6,3.1,9.7,27.0,57.0,19.0,12.8
2026-06-24,0.0,16.4,34.9,25.6,3.3,11.1,30.0,67.0,20.0,13.1
2026-06-25,0.0,14.5,33.9,24.2,2.8,11.1,34.0,82.0,22.0,13.0
2026-06-26,0.0,16.3,34.2,25.2,2.5,9.7,42.0,90.0,23.0,13.1
2026-06-27,0.0,15.7,33.9,24.8,2.5,8.9,54.0,95.0,37.0,12.7
2026-06-28,0.0,17.3,34.1,25.7,1.9,8.6,59.0,94.0,31.0,7.1
2026-06-29,0.0,19.1,32.5,25.8,2.5,8.3,48.0,95.0,27.0,11.1
2026-06-30,0.0,17.3,34.5,25.9,2.5,8.3,38.0,71.0,21.0,13.0
2026-07-01,0.0,18.9,37.2,28.0,2.2,9.2,33.0,63.0,21.0,12.9
2026-07-02,0.0,16.7,32.5,24.6,2.2,9.2,54.0,91.0,42.0,12.6
2026-07-03,0.0,16.1,33.3,24.7,2.5,8.6,41.0,96.0,24.0,12.8
2026-07-04,0.0,14.9,35.9,25.4,1.9,8.1,27.0,62.0,19.0,13.0
2026-07-05,0.0,14.9,34.6,24.8,2.2,9.2,34.0,79.0,25.0,13.0
2026-07-06,0.0,16.7,36.6,26.6,1.7,8.6,23.0,58.0,13.0,13.0
2026-07-07,0.0,15.1,38.8,27.0,2.2,8.3,18.0,42.0,9.0,12.8
2026-07-08,0.0,16.8,40.8,28.8,1.7,10.3,15.0,42.0,7.0,12.9
2026-07-09,0.0,20.0,40.1,30.0,3.9,10.3,17.0,34.0,9.0,12.1
2026-07-10,0.0,17.2,37.0,27.1,2.5,8.9,18.0,62.0,12.0,12.7
2026-07-11,0.0,17.2,35.8,26.5,2.5,9.4,39.0,75.0,20.0,9.5
2026-07-12,0.0,17.3,34.1,25.7,3.3,9.2,55.0,89.0,40.0,9.2
2026-07-13,0.0,19.5,35.8,27.6,2.5,9.7,53.0,95.0,33.0,10.6
2026-07-14,0.0,18.0,39.4,28.7,2.2,8.1,40.0,86.0,17.0,11.0
2026-07-15,0.0,22.8,42.1,32.4,1.9,12.5,30.0,64.0,12.0,8.9
2026-07-16,0.0,22.7,41.1,31.9,2.8,11.1,27.0,56.0,14.0,11.4
2026-07-17,0.0,20.5,40.5,30.5,3.1,8.6,26.0,59.0,15.0,9.2
2026-07-18,0.0,20.9,38.8,29.8,1.9,8.3,36.0,77.0,21.0,9.7
2026-07-19,0.0,19.0,37.0,28.0,2.2,7.2,42.0,80.0,27.0,6.1
2026-07-20,0.0,22.5,40.8,31.6,2.8,17.2,39.0,78.0,11.0,5.1
2026-07-21,0.2,21.3,39.7,30.5,2.2,8.6,35.0,71.0,16.0,6.5
2026-07-22,0.0,19.3,37.9,28.6,1.9,13.1,34.0,64.0,19.0,8.4
2026-07-23,0.0,20.0,,,2.5,18.6,21.0,66.0,8.0,8.7
