fecha,prec_mm,tmin,tmax,tmed,velmedia_ms,racha_ms,hrMedia,hrMax,hrMin,sol_h
1984-04-01,0.7,11.7,20.1,16.2,4.95,18.9,50,76,31,12.0
1984-04-02,0.0,13.2,24.2,18.0,4.83,15.7,50,64,31,12.0
1984-04-03,1.2,15.0,24.1,19.4,3.41,14.3,58,80,39,11.3
1984-04-04,0.0,13.9,24.2,19.3,3.81,13.6,51,80,27,12.0
1984-04-05,0.0,11.7,23.5,17.9,4.07,13.1,37,63,18,12.1
1984-04-06,0.0,8.6,23.3,16.0,2.04,12.0,46,74,26,12.1
1984-04-07,0.0,7.2,21.7,14.9,2.02,9.2,59,92,29,12.2
1984-04-08,0.0,6.3,21.7,14.8,1.99,9.8,56,88,31,12.0
1984-04-09,0.0,8.3,21.9,15.1,2.05,9.4,58,89,31,10.0
1984-04-10,0.1,11.0,22.8,16.5,1.25,9.5,64,85,41,11.1
1984-04-11,0.0,10.4,26.9,18.8,1.51,8.8,63,97,26,12.2
1984-04-12,0.0,12.9,21.2,16.5,2.17,10.5,80,99,52,6.6
1984-04-13,0.0,13.0,22.3,16.8,2.46,11.6,67,96,34,12.1
1984-04-14,5.6,12.2,18.9,15.0,2.83,12.5,63,86,39,7.6
1984-04-15,1.9,11.0,21.0,15.4,1.72,7.9,63,77,42,11.5
1984-04-16,0.0,8.1,23.3,15.9,2.23,10.2,62,92,26,12.3
1984-04-17,0.0,9.1,21.9,15.6,1.8,10.5,67,97,31,12.1
1984-04-18,0.0,9.1,20.4,14.6,2.09,9.4,65,94,38,12.7
1984-04-19,0.0,6.9,22.3,14.8,1.81,9.3,54,90,24,12.9
1984-04-20,0.0,7.7,22.3,15.0,2.2,11.1,57,83,30,13.0
1984-04-21,0.0,7.2,22.1,14.7,2.95,13.2,56,88,22,13.0
1984-04-22,0.0,6.6,22.6,15.2,2.6,11.4,54,79,28,12.9
1984-04-23,0.0,9.3,24.4,17.1,2.18,11.2,56,87,32,12.1
1984-04-24,0.0,10.5,24.5,17.4,2.11,10.3,57,86,32,12.5
1984-04-25,0.0,9.6,24.8,17.4,2.27,10.6,55,91,23,12.8
1984-04-26,0.1,11.0,22.8,17.0,3.41,13.0,54,79,25,13.0
1984-04-27,0.0,9.7,22.6,16.4,2.78,11.8,55,89,24,13.0
1984-04-28,0.0,12.2,24.3,18.3,2.45,9.9,43,65,23,12.2
1984-04-29,1.9,11.9,22.8,17.4,1.86,10.3,61,88,37,8.8
1984-04-30,8.7,12.2,21.6,16.2,1.76,7.2,69,93,45,9.0
1984-05-01,0.6,11.6,24.4,18.0,2.22,11.9,69,100,33,13.1
1984-05-02,1.7,13.7,21.0,17.7,1.97,8.5,64,84,42,11.2
1984-05-03,0.5,9.9,21.9,16.4,1.37,7.2,64,93,36,11.9
1984-05-04,0.0,11.0,24.4,17.2,2.78,10.0,54,87,23,13.6
1984-05-05,0.0,9.9,24.6,17.9,2.01,8.8,55,86,31,11.9
1984-05-06,1.0,11.8,26.1,19.0,1.29,7.6,63,92,37,13.6
1984-05-07,0.0,13.1,20.5,17.0,2.58,10.4,69,85,51,8.3
1984-05-08,3.9,13.3,17.5,15.3,1.65,7.6,77,90,61,1.0
1984-05-09,0.3,12.6,19.0,15.9,1.05,6.2,69,89,49,8.8
1984-05-10,5.0,13.0,18.5,15.4,1.18,8.1,79,94,68,9.5
1984-05-11,2.6,12.1,21.6,16.4,1.31,6.5,70,95,42,12.6
1984-05-12,0.0,9.5,22.2,15.7,2.65,12.7,57,89,26,13.8
1984-05-13,0.0,9.9,19.0,14.6,2.27,9.4,63,81,41,9.1
1984-05-14,1.4,11.4,18.9,14.9,2.48,11.1,71,93,50,10.5
1984-05-15,1.4,8.2,20.3,14.3,3.86,15.3,50,71,31,13.8
1984-05-16,0.1,7.5,20.8,15.5,1.89,7.2,55,86,36,14.0
1984-05-17,0.0,8.3,20.3,15.3,2.55,11.6,59,84,37,12.9
1984-05-18,0.2,12.5,20.7,16.5,3.33,13.5,55,87,21,10.4
1984-05-19,8.3,11.0,14.7,12.9,1.1,5.6,70,82,52,0.6
1984-05-20,0.0,10.3,21.7,15.8,3.68,13.9,57,90,34,14.0
1984-05-21,0.0,10.1,22.0,17.0,2.7,10.3,47,76,27,12.8
1984-05-22,0.0,9.9,20.9,16.2,3.16,12.6,44,80,21,14.0
1984-05-23,0.0,7.9,22.4,16.2,2.94,10.5,46,82,24,14.0
1984-05-24,0.0,10.6,22.0,17.3,4.09,13.8,46,74,32,14.0
1984-05-25,0.0,13.5,23.8,18.7,2.95,11.1,48,69,26,14.0
1984-05-26,0.0,10.0,27.6,19.7,1.99,10.4,49,84,25,14.0
1984-05-27,0.0,15.0,26.5,20.4,2.58,10.0,44,66,24,14.0
1984-05-28,0.0,11.3,27.9,20.0,1.81,10.2,56,92,24,14.0
1984-05-29,13.3,14.0,21.8,17.2,2.24,11.0,75,90,55,6.9
1984-05-30,11.4,13.9,17.6,15.4,1.49,8.9,84,95,65,0.6
1984-05-31,0.5,10.2,24.0,17.2,2.05,10.3,70,94,41,14.0
1984-06-01,0.0,10.8,26.2,19.3,1.98,9.3,65,91,43,14.0
1984-06-02,0.1,12.9,26.1,19.9,2.2,10.0,63,90,42,12.0
1984-06-03,0.0,14.5,22.9,18.8,3.76,11.1,41,56,24,13.3
1984-06-04,0.0,15.7,27.8,21.8,3.91,15.0,48,68,35,13.4
1984-06-05,0.0,16.3,25.2,20.2,3.32,10.8,45,61,21,11.9
1984-06-06,1.5,11.3,24.0,18.5,2.54,13.0,43,75,25,14.0
1984-06-07,0.0,9.8,25.7,18.7,2.21,11.9,49,79,26,14.0
1984-06-08,0.0,13.8,26.2,20.2,1.69,8.9,56,84,31,14.0
1984-06-09,0.0,13.5,27.2,20.5,1.97,11.0,53,86,26,14.0
1984-06-10,0.0,14.1,28.0,21.1,2.03,10.4,47,73,28,14.0
1984-06-11,0.0,14.0,28.0,21.1,2.16,11.7,46,72,25,14.0
1984-06-12,0.0,13.8,27.2,20.6,2.38,11.5,50,75,27,14.0
1984-06-13,0.0,12.0,28.1,21.1,2.99,12.5,48,82,25,14.0
1984-06-14,0.0,13.4,29.3,22.3,2.94,12.0,40,68,20,14.0
1984-06-15,0.0,12.9,30.7,22.8,1.88,9.6,38,70,15,14.0
1984-06-16,0.0,13.6,32.4,24.0,1.97,10.4,37,67,18,14.0
1984-06-17,0.0,18.1,28.9,23.4,2.24,11.2,49,66,36,13.2
1984-06-18,4.5,17.9,25.6,21.8,3.39,16.8,61,81,47,12.3
1984-06-19,0.6,18.4,30.4,23.4,3.23,11.9,60,75,37,10.6
1984-06-20,0.0,16.4,31.9,24.4,1.92,8.3,61,94,34,14.0
1984-06-21,0.0,19.1,33.5,26.5,1.52,6.7,56,90,31,14.0
1984-06-22,0.0,19.3,29.2,24.9,2.91,11.8,55,76,41,14.0
1984-06-23,0.0,18.2,29.1,23.5,2.4,10.9,64,89,39,14.0
1984-06-24,0.0,15.6,31.5,24.1,2.22,10.5,55,92,27,14.0
1984-06-25,0.0,17.4,28.3,23.1,2.77,12.2,53,76,36,14.0
1984-06-26,0.0,15.7,29.5,23.1,2.29,11.0,50,81,26,14.0
1984-06-27,0.0,15.9,30.7,23.8,2.06,9.7,44,70,23,14.0
1984-06-28,0.0,16.0,32.6,24.6,1.78,9.5,51,81,28,14.0
1984-06-29,0.0,19.4,31.3,24.8,2.01,11.2,56,77,33,14.0
1984-06-30,0.0,17.4,31.1,23.7,2.06,10.9,59,88,31,14.0
1984-07-01,0.0,17.5,34.4,25.4,1.45,9.2,53,82,24,14.0
1984-07-02,0.0,19.5,32.9,26.2,2.43,10.7,55,81,32,14.0
1984-07-03,0.0,19.3,29.3,24.2,2.53,12.0,56,80,34,14.0
1984-07-04,0.0,17.6,29.4,23.5,2.31,10.5,53,78,30,14.0
1984-07-05,0.0,16.9,29.9,23.5,2.18,10.2,51,81,28,14.0
1984-07-06,0.0,16.7,30.7,24.0,2.07,10.7,48,75,24,14.0
1984-07-07,0.0,16.9,33.7,25.4,1.85,10.6,51,89,19,14.0
1984-07-08,0.0,15.8,35.0,26.3,2.08,10.3,44,72,20,14.0
1984-07-09,0.0,17.9,36.5,27.5,1.79,9.2,49,83,21,14.0
1984-07-10,0.0,19.9,35.9,28.3,1.94,9.8,48,75,27,12.8
1984-07-11,0.0,20.4,38.6,29.6,1.14,6.0,50,83,24,14.0
1984-07-12,0.0,21.1,35.0,28.0,2.31,10.6,44,77,20,14.0
1984-07-13,0.0,19.8,33.2,26.3,2.22,11.2,64,93,34,14.0
1984-07-14,0.0,19.3,31.1,25.4,2.3,11.0,59,90,33,14.0
1984-07-15,0.0,19.0,33.9,25.7,1.76,9.6,55,82,25,14.0
1984-07-16,0.0,20.4,31.5,24.8,2.42,10.6,63,82,37,14.0
1984-07-17,0.0,19.4,29.8,24.1,2.39,10.7,66,89,40,14.0
1984-07-18,0.0,18.5,30.2,24.2,2.14,10.0,63,92,37,14.0
1984-07-19,0.0,18.0,33.5,25.9,1.87,9.0,56,89,30,14.0
1984-07-20,0.0,18.8,36.6,28.1,1.81,9.2,50,85,21,13.6
1984-07-21,0.0,19.4,35.7,27.9,1.79,9.1,53,83,28,13.9
1984-07-22,0.0,19.8,35.5,27.7,1.64,8.4,54,86,26,13.9
1984-07-23,0.0,20.1,36.3,28.5,1.81,9.7,53,85,25,13.9
1984-07-24,0.0,20.8,40.7,31.2,1.45,8.5,41,76,15,13.9
1984-07-25,0.0,25.3,36.9,31.1,1.93,9.1,39,51,27,13.7
1984-07-26,0.0,22.7,31.0,26.6,2.75,11.8,59,85,39,13.6
1984-07-27,0.0,20.0,31.1,25.3,2.2,9.5,61,89,36,13.7
1984-07-28,0.0,19.2,32.7,25.9,2.08,10.0,54,87,27,13.7
1984-07-29,0.0,19.2,33.2,26.4,2.22,11.2,48,82,21,13.7
1984-07-30,0.0,17.2,33.8,25.7,2.24,10.0,49,74,25,13.8
1984-07-31,0.0,19.3,35.9,27.4,0.94,7.0,59,96,23,13.5
1984-08-01,0.0,21.8,31.6,26.7,2.82,11.6,57,84,38,13.5
1984-08-02,0.0,18.7,32.9,26.0,1.89,9.9,55,88,28,13.6
1984-08-03,0.0,18.4,33.3,26.1,1.92,9.8,55,92,24,13.6
1984-08-04,0.0,18.2,31.9,25.5,2.14,9.6,65,92,42,12.6
1984-08-05,0.0,20.2,30.9,25.4,2.59,13.1,66,91,41,12.5
1984-08-06,0.0,19.9,30.2,24.6,2.6,10.8,59,81,35,13.1
1984-08-07,0.0,18.7,30.9,24.7,2.09,9.8,60,85,36,13.2
1984-08-08,1.0,18.9,33.4,25.3,2.06,12.4,69,96,36,13.1
1984-08-09,0.0,20.7,26.7,23.8,2.53,8.6,55,67,45,11.7
1984-08-10,0.0,18.4,29.7,23.4,2.22,9.7,59,84,34,13.0
1984-08-11,0.0,16.9,29.9,23.4,2.83,12.5,58,84,32,12.8
1984-08-12,0.0,17.3,30.1,23.8,2.39,10.3,60,88,35,13.1
1984-08-13,0.0,16.6,30.4,23.8,1.77,9.3,62,91,35,13.1
1984-08-14,0.0,18.3,33.8,26.0,1.76,8.9,61,90,32,13.0
1984-08-15,0.0,20.2,31.8,26.0,2.01,9.4,68,93,46,13.0
1984-08-16,0.0,20.4,33.5,26.1,1.52,8.6,67,96,33,12.9
1984-08-17,0.5,20.8,30.4,25.1,2.28,10.2,69,91,44,12.3
1984-08-18,0.0,20.9,29.8,25.0,2.27,10.2,69,95,42,12.8
1984-08-19,0.0,17.3,31.4,24.3,2.4,11.3,59,91,26,12.9
1984-08-20,0.0,16.2,31.1,23.9,2.43,10.9,52,79,25,12.9
1984-08-21,0.0,17.3,30.3,23.8,2.02,10.2,65,89,42,12.4
1984-08-22,0.0,19.5,31.8,25.5,1.57,10.8,65,95,37,12.6
1984-08-23,0.0,18.3,32.4,25.7,2.39,9.3,44,67,27,12.6
1984-08-24,0.0,19.2,32.5,25.8,2.21,9.1,39,66,24,12.4
1984-08-25,0.0,18.5,34.1,26.2,1.68,7.3,53,82,26,12.2
1984-08-26,0.0,21.4,31.4,25.8,2.29,9.5,57,81,36,11.3
1984-08-27,1.2,19.6,26.1,23.4,2.26,9.6,70,83,59,8.8
1984-08-28,3.4,19.3,26.3,22.7,1.87,8.4,77,95,57,11.1
1984-08-29,0.0,18.7,28.5,23.3,2.11,9.1,73,97,47,12.0
1984-08-30,0.0,17.3,29.7,23.3,1.96,9.3,69,97,37,12.1
1984-08-31,0.0,15.6,31.3,23.4,1.72,8.2,64,96,30,12.1
1984-09-01,0.0,15.1,32.8,24.4,1.72,8.4,55,93,21,12.1
1984-09-02,0.0,16.7,34.5,25.9,1.73,9.5,44,74,16,12.0
1984-09-03,0.0,17.2,36.0,26.8,1.65,8.9,46,80,14,12.0
1984-09-04,0.0,18.2,33.3,25.9,1.75,8.8,57,85,31,12.0
1984-09-05,0.2,18.8,31.8,24.6,2.2,10.6,63,85,34,10.5
1984-09-06,0.0,19.5,26.0,22.7,2.46,9.9,57,71,43,11.4
1984-09-07,3.1,19.5,25.9,22.1,2.43,10.5,69,83,61,5.4
1984-09-08,0.0,19.1,28.6,23.8,1.88,7.4,72,91,48,12.0
1984-09-09,0.1,20.1,30.6,24.5,1.34,8.6,74,98,40,11.8
1984-09-10,0.0,17.7,34.0,25.3,2.36,11.0,61,94,19,12.0
1984-09-11,1.5,19.4,25.7,22.7,2.72,10.2,73,88,54,10.5
1984-09-12,0.0,17.6,27.5,22.5,2.54,10.2,69,94,43,12.0
1984-09-13,0.0,15.6,29.2,22.2,1.74,8.5,68,95,35,12.0
1984-09-14,0.0,15.3,29.6,22.4,1.43,7.3,67,95,37,12.0
1984-09-15,0.0,18.0,30.1,23.5,1.44,8.5,70,96,40,12.0
1984-09-16,0.3,18.9,26.2,22.4,1.88,8.3,75,97,54,11.8
1984-09-17,0.0,18.8,29.4,23.3,1.79,9.9,67,85,40,11.7
1984-09-18,0.0,17.3,34.2,25.7,2.41,13.1,56,98,17,12.0
1984-09-19,0.0,17.3,28.5,22.5,3.49,14.3,37,60,20,12.0
1984-09-20,0.0,13.5,29.4,21.7,1.43,8.4,56,84,27,12.0
1984-09-21,0.0,15.2,32.9,24.3,1.5,8.0,55,92,22,12.0
1984-09-22,0.0,17.2,28.5,23.2,2.14,9.3,52,71,38,12.0
1984-09-23,0.0,14.7,34.5,24.7,2.61,11.6,47,88,17,11.9
1984-09-24,0.0,21.1,29.6,24.8,2.67,11.0,39,59,22,10.7
1984-09-25,0.0,14.3,27.4,21.2,2.2,9.3,36,72,15,11.9
1984-09-26,0.0,17.2,26.2,21.1,2.17,8.9,60,78,36,11.4
1984-09-27,0.0,13.5,27.1,20.0,1.57,8.9,64,94,30,9.7
1984-09-28,0.0,15.4,26.8,21.1,1.72,10.3,72,95,48,11.5
1984-09-29,1.6,16.0,24.8,20.5,3.05,15.0,61,94,30,11.7
1984-09-30,0.0,16.7,27.8,21.6,3.26,12.0,38,54,19,11.5
1984-10-01,0.0,14.3,30.1,22.1,2.09,9.4,47,68,25,10.9
1984-10-02,0.4,16.4,25.1,21.0,1.45,8.5,56,74,42,6.4
1984-10-03,1.3,14.1,26.3,20.1,1.69,8.3,61,87,27,9.5
1984-10-04,0.2,14.2,29.2,21.3,3.1,16.6,65,97,38,11.2
1984-10-05,0.0,14.0,22.7,18.3,4.32,15.6,38,47,26,11.3
1984-10-06,0.0,13.4,21.7,17.3,4.57,15.5,34,49,18,11.3
1984-10-07,0.0,11.6,21.6,16.3,3.13,11.7,32,44,18,11.3
1984-10-08,0.0,7.8,22.6,15.4,1.54,5.1,47,68,24,10.9
1984-10-09,0.0,8.5,22.1,15.9,1.6,7.9,60,92,30,10.7
1984-10-10,0.0,11.3,23.5,17.1,2.1,9.1,59,85,34,10.9
1984-10-11,0.0,9.3,25.9,17.5,1.39,5.9,57,83,25,10.7
1984-10-12,0.0,10.5,26.5,18.4,1.24,7.1,65,91,32,10.9
1984-10-13,0.0,10.4,24.7,17.8,1.55,7.4,73,99,38,10.7
1984-10-14,0.0,11.2,23.8,17.5,2.13,9.2,75,98,44,10.3
1984-10-15,0.0,12.8,22.8,17.7,1.74,7.2,76,95,49,10.1
1984-10-16,0.0,10.9,24.6,17.7,1.44,7.1,73,99,34,10.6
1984-10-17,0.0,10.7,23.4,17.3,1.41,7.2,77,100,43,10.5
1984-10-18,0.0,12.1,23.6,17.3,1.32,7.3,79,100,46,10.0
1984-10-19,2.2,11.6,23.7,17.6,1.49,9.0,79,100,50,9.5
1984-10-20,0.3,13.9,24.6,19.0,1.14,5.8,75,96,44,10.0
1984-10-21,3.7,15.2,21.7,18.0,1.54,5.6,83,96,63,8.7
1984-10-22,0.0,15.0,22.0,18.0,1.3,6.1,78,93,55,10.0
1984-10-23,0.0,11.1,23.3,17.3,1.17,7.0,81,100,51,10.1
1984-10-24,0.0,13.5,22.2,17.1,1.22,6.6,82,100,53,9.7
1984-10-25,0.0,11.1,23.3,16.6,1.12,5.9,83,100,54,10.0
1984-10-26,0.0,11.5,24.9,17.8,1.65,6.0,70,95,40,9.6
1984-10-27,0.3,12.6,23.4,17.9,1.05,6.7,74,94,47,10.0
1984-10-28,0.0,13.3,23.0,17.8,1.84,6.7,76,93,48,10.0
1984-10-29,0.0,10.8,22.2,16.6,1.44,7.1,81,100,53,10.0
1984-10-30,0.3,12.0,19.9,16.3,1.96,8.1,78,96,53,10.0
1984-10-31,1.8,13.8,20.1,16.7,1.94,9.6,85,95,72,7.5
1984-11-01,2.6,15.0,21.1,17.4,1.67,7.1,86,98,67,9.5
1984-11-02,0.0,15.3,21.7,18.0,0.86,5.2,82,97,55,9.0
1984-11-03,0.0,12.1,20.1,15.8,2.59,9.1,58,92,28,10.0
1984-11-04,4.0,9.3,19.7,14.6,1.72,14.2,81,97,57,8.5
1984-11-05,7.6,10.8,16.7,14.0,2.6,10.4,77,97,51,2.4
1984-11-06,5.1,6.1,18.6,11.9,2.07,11.0,77,92,50,7.0
1984-11-07,1.5,11.4,20.9,15.5,1.64,9.9,82,95,57,9.4
1984-11-08,0.4,13.7,20.9,16.7,2.01,11.1,77,95,56,9.2
1984-11-09,3.3,13.1,18.5,15.5,0.97,5.1,85,98,62,2.7
1984-11-10,39.9,11.3,15.7,13.2,3.33,13.3,86,93,78,1.4
1984-11-11,16.1,12.8,17.3,14.6,2.36,9.8,92,96,86,4.7
1984-11-12,0.8,10.8,18.0,14.6,1.53,5.2,87,97,69,6.6
1984-11-13,3.7,9.1,15.8,14.1,2.83,11.8,87,98,61,0.4
1984-11-14,0.0,5.2,16.3,10.5,2.47,12.9,71,90,47,9.8
1984-11-15,0.5,9.4,17.2,12.4,2.95,10.2,62,77,42,9.1
1984-11-16,1.1,11.2,20.2,15.6,2.76,8.9,76,85,65,6.5
1984-11-17,0.0,11.5,22.7,16.1,1.68,6.0,82,92,60,9.0
1984-11-18,0.0,10.0,20.8,15.2,2.46,10.3,75,94,46,9.8
1984-11-19,0.0,11.2,18.3,14.2,3.55,15.7,65,81,50,9.8
1984-11-20,0.0,9.0,18.0,12.9,3.07,12.1,71,89,50,9.8
1984-11-21,0.0,8.1,19.1,12.6,2.63,9.6,73,87,51,9.7
1984-11-22,0.0,8.8,21.6,13.7,2.04,5.8,78,91,52,9.7
1984-11-23,0.0,7.8,21.7,13.3,1.7,5.2,80,94,51,9.7
1984-11-24,0.0,6.9,21.3,12.5,1.75,5.7,72,95,41,9.7
1984-11-25,0.0,7.0,20.6,12.4,1.5,5.0,75,93,46,8.9
1984-11-26,0.0,8.1,21.1,13.3,1.18,5.4,75,92,49,9.0
1984-11-27,0.0,6.1,15.7,11.1,1.41,5.5,82,95,67,9.6
1984-11-28,0.0,6.2,15.0,10.2,1.2,5.2,86,100,62,9.2
1984-11-29,0.0,6.8,14.3,10.8,1.26,4.9,90,98,78,1.4
1984-11-30,1.3,9.8,15.7,12.3,1.5,8.6,90,100,68,6.2
1984-12-01,3.0,8.2,15.7,12.5,1.85,10.2,77,97,43,9.6
1984-12-02,0.0,4.6,14.9,9.3,2.4,11.1,70,92,42,9.1
1984-12-03,0.0,4.0,17.3,9.7,1.62,5.4,80,95,57,9.2
1984-12-04,0.0,9.2,18.4,13.1,2.2,8.7,79,92,52,9.3
1984-12-05,0.0,7.2,15.9,11.6,1.26,5.4,87,97,73,8.4
1984-12-06,0.0,9.3,15.3,12.2,1.52,6.1,86,100,63,7.7
1984-12-07,1.6,11.7,16.1,13.3,2.67,10.4,86,95,70,7.0
1984-12-08,0.3,9.9,16.5,12.8,2.24,7.4,85,97,62,9.2
1984-12-09,0.8,7.3,16.2,11.3,2.2,7.6,88,97,73,9.4
1984-12-10,0.0,8.8,15.6,11.5,2.01,8.8,89,97,72,8.4
1984-12-11,0.0,8.2,15.0,11.2,1.44,5.1,86,98,66,8.2
1984-12-12,0.0,6.7,14.7,10.3,0.94,4.0,89,99,69,8.3
1984-12-13,0.0,3.9,18.8,10.1,1.81,7.4,80,98,50,9.4
1984-12-14,0.0,5.6,15.5,10.2,1.78,6.1,80,93,63,9.0
1984-12-15,0.0,7.2,15.1,10.9,1.44,6.3,86,96,71,2.7
1984-12-16,0.0,8.0,15.6,11.4,1.7,6.5,88,97,71,6.3
1984-12-17,0.0,7.3,16.6,11.3,1.75,5.4,83,97,57,9.3
1984-12-18,0.0,4.1,15.9,9.6,1.6,7.0,81,97,58,8.6
1984-12-19,0.0,7.5,14.0,10.9,1.52,7.1,74,92,56,8.4
1984-12-20,0.0,2.4,15.6,8.1,2.32,9.1,69,96,32,8.9
1984-12-21,1.2,7.9,15.8,11.5,1.74,6.3,77,90,67,3.9
1984-12-22,0.0,5.7,17.2,10.8,1.4,5.2,80,97,52,9.3
1984-12-23,0.0,7.1,13.7,10.4,1.51,7.4,83,94,65,6.0
1984-12-24,0.0,4.9,15.8,10.2,1.74,7.7,77,99,48,8.3
1984-12-25,0.0,6.5,12.3,9.0,2.99,10.3,61,78,44,9.3
1984-12-26,0.0,3.5,14.3,7.9,2.14,6.6,65,83,43,9.0
1984-12-27,0.0,2.0,11.6,6.7,4.26,14.4,64,88,38,9.2
1984-12-28,0.0,6.8,12.4,8.8,4.56,14.4,50,59,36,9.4
1984-12-29,0.0,3.2,11.8,6.8,3.29,10.3,51,67,32,9.4
1984-12-30,0.0,1.0,11.2,5.1,2.41,7.3,52,75,32,9.4
1984-12-31,0.0,-1.8,13.5,4.8,2.72,8.7,63,82,34,9.4
1985-01-01,0.0,3.0,13.7,7.8,2.21,8.7,71,90,46,9.2
1985-01-02,0.0,6.2,15.8,9.6,3.67,12.3,63,79,42,9.3
1985-01-03,0.0,1.5,14.1,7.3,1.69,5.0,78,92,52,9.3
1985-01-04,0.0,1.7,13.5,7.4,1.29,5.5,84,98,60,8.4
1985-01-05,4.1,5.0,14.2,9.3,1.45,8.0,89,99,64,5.2
1985-01-06,6.0,6.0,8.6,6.9,1.69,8.0,90,99,78,0.2
1985-01-07,2.1,0.8,8.0,5.6,1.83,5.6,76,97,49,9.1
1985-01-08,0.0,-2.0,7.9,2.1,3.31,11.4,58,78,34,9.5
1985-01-09,0.0,-2.4,7.2,2.0,2.41,8.1,44,66,29,9.5
1985-01-10,0.0,-3.6,9.7,2.1,1.77,5.4,64,82,40,9.5
1985-01-11,0.0,-2.3,9.8,3.0,1.62,4.9,71,89,46,9.6
1985-01-12,0.0,-2.2,8.9,3.0,1.23,3.8,78,92,57,9.5
1985-01-13,0.0,-3.0,8.5,1.8,2.49,10.1,63,88,33,9.6
1985-01-14,0.0,-2.8,8.5,2.2,3.21,11.6,56,75,37,9.6
1985-01-15,0.0,-1.0,5.4,1.5,4.17,13.1,39,49,25,9.5
1985-01-16,0.0,-2.3,7.8,1.8,3.27,11.6,49,73,30,9.5
1985-01-17,0.4,-2.0,12.5,4.4,1.23,6.6,75,84,58,5.7
1985-01-18,0.0,2.2,14.6,7.9,3.51,17.3,68,94,38,9.6
1985-01-19,0.4,0.1,12.6,6.6,1.78,8.0,74,92,48,7.2
1985-01-20,0.0,4.7,17.5,10.6,1.46,5.0,86,96,67,8.1
1985-01-21,0.9,5.7,17.7,10.9,1.63,8.9,87,100,65,8.6
1985-01-22,2.0,9.7,18.4,13.3,2.55,9.3,78,94,53,6.5
1985-01-23,0.7,5.6,17.9,11.2,1.41,5.8,82,97,57,8.2
1985-01-24,0.0,3.3,14.0,8.5,1.84,7.6,83,97,57,8.1
1985-01-25,0.0,2.9,15.5,9.3,1.5,5.4,81,99,51,9.7
1985-01-26,0.4,4.3,15.1,9.1,1.9,10.8,77,95,50,3.5
1985-01-27,0.0,7.0,15.7,10.4,3.54,11.3,60,83,38,9.7
1985-01-28,0.0,2.2,18.2,9.5,2.38,7.6,67,92,34,9.7
1985-01-29,0.0,6.9,18.4,11.3,2.46,7.3,70,86,47,9.7
1985-01-30,0.0,3.6,16.3,10.1,1.29,5.6,83,98,58,9.7
1985-01-31,0.0,3.5,19.2,10.6,1.25,4.4,81,100,50,9.8
1985-02-01,0.0,3.3,18.4,10.8,1.24,4.5,82,98,56,9.8
1985-02-02,0.0,2.4,19.4,9.9,1.39,4.5,77,99,39,9.9
1985-02-03,0.0,3.3,18.8,9.8,1.67,5.1,75,92,45,9.9
1985-02-04,0.0,0.9,17.2,8.7,1.29,5.2,76,97,43,10.0
1985-02-05,0.0,3.7,18.8,10.9,1.04,4.2,74,96,43,10.1
1985-02-06,0.0,4.2,18.8,11.3,1.21,5.3,75,96,46,9.9
1985-02-07,0.0,5.0,22.7,13.1,1.21,5.8,73,96,39,8.1
1985-02-08,3.0,9.9,18.7,14.1,2.83,11.1,65,93,34,9.9
1985-02-09,0.5,7.7,19.9,13.7,1.85,9.0,68,85,52,7.4
1985-02-10,1.0,7.3,18.5,13.2,2.14,12.7,76,96,46,7.9
1985-02-11,1.0,7.7,22.3,14.7,4.0,20.4,70,95,42,10.3
1985-02-12,0.0,13.9,22.4,17.3,6.13,18.8,51,60,40,10.3
1985-02-13,0.0,12.4,20.4,15.8,4.47,14.0,48,68,31,10.4
1985-02-14,0.0,6.4,22.1,13.8,1.45,6.2,73,93,48,10.6
1985-02-15,0.0,6.5,20.9,13.1,1.6,5.8,71,94,41,10.2
1985-02-16,0.0,6.8,23.5,14.9,1.04,5.0,70,94,43,10.5
1985-02-17,2.8,8.9,19.8,13.7,1.37,8.3,78,95,52,8.5
1985-02-18,0.0,5.2,18.5,11.7,1.63,7.4,71,95,36,10.7
1985-02-19,0.6,7.2,14.4,10.7,2.1,9.3,81,92,66,8.6
1985-02-20,2.0,9.0,12.5,10.7,4.45,15.2,76,90,55,4.2
1985-02-21,24.3,7.2,9.3,8.5,3.73,14.4,83,89,69,0.0
1985-02-22,6.7,6.8,12.1,9.2,3.08,9.2,78,90,63,2.1
1985-02-23,0.2,2.7,12.8,8.0,2.5,11.1,76,93,56,10.1
1985-02-24,0.5,8.3,12.7,10.3,3.12,11.7,74,89,59,7.5
1985-02-25,9.9,7.5,12.9,10.0,2.0,8.7,86,95,75,0.7
1985-02-26,0.6,7.4,15.8,11.3,1.39,4.9,84,98,59,10.2
1985-02-27,0.0,4.5,16.3,10.5,1.3,5.2,85,100,58,9.1
1985-02-28,0.0,5.6,16.5,10.8,1.35,6.6,86,100,62,10.9
1985-03-01,0.8,5.2,19.2,12.2,1.16,5.7,84,99,60,10.0
1985-03-02,0.0,9.1,17.1,12.8,4.54,13.9,51,85,31,10.9
1985-03-03,0.0,4.2,17.8,10.6,1.94,6.4,68,87,43,10.8
1985-03-04,0.0,6.4,16.5,11.2,2.97,10.2,66,94,35,10.9
1985-03-05,0.9,6.3,14.2,9.7,2.95,10.9,57,89,38,11.0
1985-03-06,0.0,2.3,14.3,8.1,2.22,8.6,67,91,40,11.1
1985-03-07,0.0,2.7,16.3,9.2,2.77,11.7,58,84,33,11.2
1985-03-08,0.0,5.7,15.0,10.0,1.7,6.8,70,91,45,10.9
1985-03-09,0.0,4.6,17.3,10.7,2.3,10.6,70,94,42,10.1
1985-03-10,2.4,4.9,13.2,9.3,1.9,9.4,81,92,62,9.4
1985-03-11,0.0,2.5,17.7,9.6,2.03,6.6,70,96,36,11.4
1985-03-12,0.0,6.9,14.6,10.4,2.6,8.4,64,86,39,11.4
1985-03-13,4.3,5.1,11.3,7.8,2.7,13.3,74,91,60,11.1
1985-03-14,0.0,0.2,16.1,8.0,1.84,6.1,67,92,32,11.6
1985-03-15,0.0,1.7,17.4,9.6,1.82,7.4,64,90,31,11.2
1985-03-16,0.0,2.9,18.4,10.8,2.12,7.2,67,90,35,11.7
1985-03-17,0.0,5.8,17.9,11.5,2.69,9.2,57,88,31,11.7
1985-03-18,0.0,8.1,20.1,13.3,3.9,13.7,44,55,30,11.7
1985-03-19,0.0,7.7,20.9,14.5,3.11,14.6,62,91,39,10.1
1985-03-20,0.1,9.1,17.8,13.2,5.35,16.7,47,61,28,11.8
1985-03-21,0.0,9.7,20.4,14.9,3.6,19.4,56,77,38,10.9
1985-03-22,0.0,10.0,21.7,15.8,3.39,14.7,59,84,35,11.8
1985-03-23,0.0,6.2,20.1,13.3,2.05,8.0,63,89,33,11.5
1985-03-24,0.0,8.8,19.7,14.0,1.38,9.8,69,91,39,11.9
1985-03-25,0.7,6.9,21.4,14.4,1.66,7.5,69,99,35,11.8
1985-03-26,0.0,6.3,21.5,13.9,2.28,9.1,64,88,33,11.9
1985-03-27,0.0,5.0,23.2,14.3,2.1,10.6,62,96,28,12.0
1985-03-28,1.7,9.7,16.5,12.9,3.68,13.0,49,74,30,9.0
1985-03-29,0.0,2.4,17.2,10.2,1.94,8.0,63,91,31,12.0
1985-03-30,0.0,4.6,17.3,11.1,1.89,8.7,67,96,36,12.0
1985-03-31,0.0,3.9,23.7,13.6,1.71,8.4,62,94,27,12.1
1985-04-01,0.0,5.8,25.0,16.4,1.27,6.8,60,91,32,12.0
1985-04-02,0.0,11.0,27.0,18.4,2.32,9.4,47,72,23,12.0
1985-04-03,0.0,9.2,29.8,19.7,1.93,7.5,48,82,20,12.1
1985-04-04,0.0,10.3,26.0,18.4,2.28,11.3,56,84,34,12.0
1985-04-05,0.0,13.0,22.2,17.7,2.69,10.2,47,79,28,11.0
1985-04-06,0.0,11.1,23.8,18.0,2.12,11.7,55,77,39,12.1
1985-04-07,0.0,9.6,26.8,18.5,1.76,8.8,61,94,30,12.1
1985-04-08,0.0,9.5,28.2,19.4,1.71,8.3,55,91,26,12.0
1985-04-09,0.0,12.4,21.4,17.2,2.87,9.8,46,72,27,10.8
1985-04-10,0.0,9.5,20.8,15.4,2.78,9.2,41,63,23,12.2
1985-04-11,0.0,8.8,23.3,15.7,2.0,9.0,45,72,18,12.3
1985-04-12,0.0,10.1,24.6,16.8,2.65,9.9,49,79,25,12.3
1985-04-13,0.0,9.4,21.9,15.9,1.89,9.6,65,95,38,12.4
1985-04-14,0.6,9.0,21.1,15.1,1.98,10.3,64,92,35,12.4
1985-04-15,0.0,6.7,24.0,15.5,1.97,8.4,52,90,16,12.6
1985-04-16,0.0,7.9,22.2,15.2,2.08,10.3,62,91,33,12.6
1985-04-17,0.0,8.0,24.9,17.1,1.88,9.4,54,91,27,12.8
1985-04-18,0.0,9.5,26.4,17.9,2.64,12.6,50,75,26,12.7
1985-04-19,0.0,11.0,21.5,15.6,2.55,11.4,66,97,37,11.7
1985-04-20,0.0,8.2,20.5,14.8,2.66,13.2,55,83,31,12.7
1985-04-21,1.3,11.0,20.1,15.6,2.24,11.4,60,81,38,12.0
1985-04-22,0.2,9.2,22.1,15.9,1.69,9.3,64,94,34,10.6
1985-04-23,0.0,8.7,21.6,15.5,2.11,9.3,59,92,30,13.0
1985-04-24,1.6,10.4,19.1,14.4,2.35,11.9,74,98,44,11.0
1985-04-25,1.2,11.7,20.4,15.2,1.47,9.1,72,93,44,11.6
1985-04-26,0.0,7.9,21.2,15.2,1.83,10.3,69,99,42,12.8
1985-04-27,0.3,8.4,20.9,15.1,1.92,10.0,69,93,45,12.7
1985-04-28,3.5,11.0,18.1,14.8,1.18,6.9,76,94,56,7.1
1985-04-29,0.0,8.4,23.5,16.5,1.64,10.0,73,99,43,13.4
1985-04-30,0.0,10.4,23.8,16.6,1.86,9.3,73,100,38,12.7
1985-05-01,0.2,9.1,22.8,16.6,2.15,10.3,63,95,36,12.5
1985-05-02,0.0,12.3,24.7,18.7,1.61,10.0,61,83,45,12.3
1985-05-03,0.0,13.3,26.9,20.3,2.15,8.3,59,95,28,13.6
1985-05-04,11.3,13.6,21.8,17.2,2.16,10.2,69,96,48,9.5
1985-05-05,0.8,12.5,21.3,16.9,2.27,11.2,71,98,43,12.9
1985-05-06,0.0,10.7,17.8,14.6,5.87,20.4,36,51,20,13.5
1985-05-07,0.0,9.0,20.7,15.0,4.48,13.4,37,58,16,13.8
1985-05-08,0.0,12.1,24.3,17.7,3.53,12.4,34,44,20,13.8
1985-05-09,0.0,10.6,25.5,18.0,2.27,9.8,41,65,19,13.8
1985-05-10,5.6,10.9,22.3,16.4,2.1,12.6,71,89,49,11.8
1985-05-11,8.3,10.0,17.5,13.2,1.86,8.8,68,88,44,11.7
1985-05-12,0.0,6.6,18.4,13.1,1.87,8.1,69,95,44,12.7
1985-05-13,0.0,7.7,20.6,15.1,1.59,10.1,68,95,43,12.9
1985-05-14,0.1,9.2,21.0,16.1,1.45,7.7,67,96,42,13.7
1985-05-15,0.0,9.0,22.0,16.0,2.02,11.1,64,94,36,13.3
1985-05-16,1.1,12.6,21.3,16.7,2.81,12.0,55,84,29,12.2
1985-05-17,0.0,10.4,21.8,16.0,2.38,9.3,56,81,37,14.0
1985-05-18,0.0,9.6,21.3,15.6,2.28,10.9,69,95,42,11.2
1985-05-19,0.7,11.0,22.5,16.3,1.75,8.5,67,91,37,12.3
1985-05-20,0.3,11.5,24.3,18.2,1.6,8.9,73,100,44,13.7
1985-05-21,0.0,11.9,28.2,20.2,2.26,11.7,60,92,29,13.3
1985-05-22,0.0,14.3,25.2,19.8,2.11,10.1,56,83,35,14.0
1985-05-23,2.9,13.8,20.4,16.9,0.91,5.1,73,94,54,4.5
1985-05-24,0.0,12.9,26.3,19.6,2.22,9.9,61,91,32,14.0
1985-05-25,0.0,15.0,25.2,19.8,2.4,10.9,63,86,40,13.8
1985-05-26,1.1,12.0,25.8,19.3,1.99,9.4,66,94,38,10.7
1985-05-27,0.1,15.7,25.9,20.7,1.62,7.8,62,91,36,12.6
1985-05-28,0.0,14.7,25.5,20.3,2.4,10.4,63,88,40,12.6
1985-05-29,0.0,13.3,25.7,19.5,2.42,9.8,67,94,38,13.0
1985-05-30,0.3,12.1,26.4,19.7,2.98,13.2,60,94,31,14.0
1985-05-31,0.0,16.2,26.6,21.4,4.01,15.5,49,67,36,13.0
1985-06-01,0.6,15.4,28.5,21.7,2.53,12.2,59,80,40,14.0
1985-06-02,0.1,15.8,28.6,22.0,1.51,8.0,67,94,40,13.0
1985-06-03,0.0,17.1,28.1,22.2,2.11,9.5,62,87,35,14.0
1985-06-04,0.0,16.3,27.7,21.9,2.14,10.0,61,89,36,14.0
1985-06-05,0.5,15.7,29.1,22.4,1.84,9.8,61,89,38,14.0
1985-06-06,0.0,16.4,31.1,24.1,1.6,8.8,57,91,33,11.8
1985-06-07,0.0,19.5,31.5,25.0,2.94,10.9,39,52,22,13.7
1985-06-08,0.0,16.6,30.4,23.8,2.3,10.3,43,64,25,14.0
1985-06-09,0.4,17.7,26.1,21.4,2.5,10.8,63,83,44,11.1
1985-06-10,2.5,16.4,27.0,21.2,1.87,8.1,69,96,38,12.8
1985-06-11,0.0,15.3,29.4,22.8,2.04,10.7,53,87,28,14.0
1985-06-12,0.0,15.1,32.1,24.2,1.88,9.2,45,77,21,14.0
1985-06-13,0.0,16.1,33.9,25.9,1.93,10.5,49,84,26,14.0
1985-06-14,0.0,19.3,34.6,27.2,1.69,10.5,47,72,28,14.0
1985-06-15,0.0,19.3,31.6,25.9,2.84,11.2,49,81,28,14.0
1985-06-16,0.0,19.0,30.1,24.1,1.61,8.9,67,94,42,13.6
1985-06-17,0.0,18.2,28.9,23.6,2.48,10.7,66,90,46,14.0
1985-06-18,0.0,17.9,30.8,24.2,2.81,11.2,60,91,31,12.8
1985-06-19,0.0,20.0,32.4,26.6,2.62,11.7,45,65,32,13.8
1985-06-20,0.0,20.6,28.3,24.7,2.58,10.0,56,75,42,14.0
1985-06-21,0.0,17.9,30.4,23.6,2.14,10.1,64,93,36,14.0
1985-06-22,0.0,17.6,34.8,26.2,1.83,8.6,56,90,25,14.0
1985-06-23,0.0,19.7,30.7,24.4,2.26,10.1,66,89,40,13.4
1985-06-24,0.0,19.9,29.9,24.7,2.33,10.4,64,86,46,14.0
1985-06-25,0.0,18.5,29.8,23.9,2.38,10.7,60,92,34,14.0
1985-06-26,0.0,17.0,30.6,24.2,1.8,7.6,57,83,36,14.0
1985-06-27,0.1,19.5,32.7,25.7,1.84,11.0,60,88,35,13.2
1985-06-28,0.0,19.1,30.0,24.1,2.47,10.5,63,88,35,14.0
1985-06-29,0.0,17.5,30.9,24.2,2.39,11.3,61,93,33,14.0
1985-06-30,0.0,17.8,32.3,25.3,2.08,9.4,53,81,31,14.0
1985-07-01,0.0,18.3,32.4,25.9,1.82,8.8,57,89,35,14.0
1985-07-02,0.0,19.3,32.1,26.2,1.5,10.0,58,88,35,14.0
1985-07-03,0.1,21.7,31.4,26.3,2.66,10.2,41,62,24,13.8
1985-07-04,0.0,17.6,33.5,25.9,2.09,8.4,41,59,23,14.0
1985-07-05,0.0,17.8,32.7,25.9,2.61,11.9,47,77,25,14.0
1985-07-06,0.0,18.1,31.2,25.1,2.46,11.0,50,73,30,13.8
1985-07-07,0.0,17.2,33.1,25.9,2.07,9.9,48,78,26,14.0
1985-07-08,0.0,18.2,34.2,26.7,2.19,10.8,47,79,22,14.0
1985-07-09,0.0,19.2,38.6,29.4,1.26,8.9,45,79,18,14.0
1985-07-10,0.0,19.9,33.4,27.1,2.66,11.1,48,72,35,14.0
1985-07-11,0.0,19.2,32.0,25.6,2.5,11.4,63,93,35,14.0
1985-07-12,0.0,18.6,31.8,25.3,2.42,11.7,58,87,32,14.0
1985-07-13,0.0,17.5,32.9,25.6,2.39,11.3,56,89,29,14.0
1985-07-14,0.0,18.8,34.7,26.9,2.15,10.0,47,73,22,14.0
1985-07-15,0.0,18.1,33.8,26.6,2.16,10.1,49,81,23,13.9
1985-07-16,0.0,17.7,33.7,26.3,2.05,9.4,54,82,31,14.0
1985-07-17,0.0,19.1,32.8,26.5,2.25,10.0,54,87,29,14.0
1985-07-18,0.0,18.1,33.3,26.3,1.87,9.4,55,87,28,14.0
1985-07-19,0.0,19.8,34.8,27.3,1.57,9.6,63,93,33,14.0
1985-07-20,0.0,21.7,32.8,27.0,1.87,9.8,65,92,38,14.0
1985-07-21,0.0,20.3,31.1,25.9,2.31,11.5,65,91,46,13.9
1985-07-22,0.0,18.6,31.7,25.4,2.02,9.6,63,92,38,13.9
1985-07-23,0.0,17.6,34.2,26.3,1.78,8.6,55,92,26,13.9
1985-07-24,0.0,18.9,34.3,26.9,1.73,8.7,56,87,29,13.9
1985-07-25,0.0,17.7,34.2,26.6,1.97,10.0,57,92,25,13.9
1985-07-26,0.0,17.6,33.8,26.2,1.76,9.9,60,93,29,13.9
1985-07-27,0.0,19.5,34.7,27.6,1.89,10.3,56,94,28,13.9
1985-07-28,0.0,18.0,37.3,28.3,1.71,8.8,49,90,19,13.9
1985-07-29,0.0,20.8,35.4,28.3,2.13,8.0,28,45,17,13.8
1985-07-30,0.0,22.8,34.7,28.3,1.51,12.2,46,67,27,12.9
1985-07-31,0.0,20.1,31.2,25.8,3.02,12.0,65,93,42,13.6
1985-08-01,0.0,21.1,30.6,25.5,2.32,10.4,66,93,39,13.1
1985-08-02,0.0,20.6,29.5,24.9,2.19,9.8,68,87,49,13.3
1985-08-03,0.0,17.9,33.0,25.6,1.7,7.9,62,96,32,13.6
1985-08-04,0.0,19.6,36.6,28.0,1.87,9.5,57,91,28,13.6
1985-08-05,0.0,20.4,36.5,29.5,2.24,12.8,51,85,27,13.6
1985-08-06,0.0,22.7,32.3,28.0,3.8,13.1,31,58,12,13.3
1985-08-07,0.0,19.5,28.1,23.6,2.17,9.1,53,66,39,13.2
1985-08-08,0.0,15.8,29.6,22.9,2.18,9.4,60,89,34,13.4
1985-08-09,0.0,16.5,31.9,24.4,1.68,8.8,59,94,28,13.3
1985-08-10,0.0,17.9,35.7,26.9,1.61,8.8,55,91,24,13.3
1985-08-11,0.0,20.3,31.1,25.1,1.78,8.3,70,99,42,12.8
1985-08-12,0.0,18.4,32.0,25.3,1.72,8.5,64,95,37,13.2
1985-08-13,0.0,19.6,32.2,25.4,1.71,9.1,67,94,39,13.0
1985-08-14,0.0,19.0,33.8,26.2,1.5,8.5,64,94,34,13.1
1985-08-15,0.0,19.3,33.5,26.2,1.55,8.3,62,90,36,12.8
1985-08-16,0.0,21.3,31.8,26.0,1.86,8.7,67,86,45,13.0
1985-08-17,0.0,19.9,31.9,25.8,1.85,9.0,68,98,37,12.9
1985-08-18,0.0,18.6,32.7,25.6,1.67,7.9,66,96,35,13.0
1985-08-19,0.0,20.0,35.9,27.8,1.5,8.3,64,95,34,12.9
1985-08-20,0.0,21.3,32.6,27.3,2.14,10.1,66,94,43,12.8
1985-08-21,0.0,19.0,34.0,26.6,1.65,8.5,61,95,30,12.8
1985-08-22,0.0,19.0,35.9,27.4,1.58,8.7,61,91,32,12.5
1985-08-23,0.0,21.1,31.1,25.8,2.06,9.2,73,95,47,12.5
1985-08-24,0.0,21.3,33.7,26.8,1.69,9.1,70,96,37,12.4
1985-08-25,0.0,19.7,35.0,26.8,2.13,11.4,61,95,20,12.3
1985-08-26,0.0,21.6,27.8,23.9,2.96,10.4,63,85,39,11.6
1985-08-27,0.0,18.8,28.7,23.6,2.16,9.7,64,92,40,12.3
1985-08-28,0.0,16.2,29.5,23.0,1.84,9.3,62,91,36,12.3
1985-08-29,0.0,17.4,31.2,24.3,1.5,9.1,61,92,32,12.2
1985-08-30,0.0,19.1,31.3,24.9,1.43,8.3,64,85,44,12.1
1985-08-31,0.0,18.5,32.3,25.5,1.55,8.4,57,90,28,12.1
1985-09-01,0.0,18.5,34.0,26.1,1.68,8.8,56,89,29,12.1
1985-09-02,0.0,17.5,32.2,25.2,1.9,8.8,58,90,32,12.0
1985-09-03,0.0,18.2,35.9,27.2,1.37,7.5,60,92,30,12.0
1985-09-04,0.0,20.5,31.5,25.7,2.37,10.6,71,95,44,12.0
1985-09-05,0.0,19.8,30.4,24.5,1.86,9.2,72,96,43,12.0
1985-09-06,0.0,18.1,30.7,24.2,1.78,9.3,70,96,43,12.0
1985-09-07,0.0,17.7,32.3,24.8,1.51,8.3,64,97,30,12.0
1985-09-08,0.0,17.9,33.0,25.3,1.5,7.5,61,89,30,12.0
1985-09-09,0.0,18.6,32.3,25.9,1.48,8.4,62,94,34,12.0
1985-09-10,0.0,18.8,32.4,26.0,1.81,9.9,59,88,36,12.0
1985-09-11,0.0,17.7,31.1,24.4,2.15,9.4,63,92,29,12.0
1985-09-12,0.0,16.6,31.5,24.0,1.54,8.0,67,94,34,12.0
1985-09-13,0.0,18.5,30.4,24.5,1.65,7.9,74,99,46,11.2
1985-09-14,0.0,19.3,30.5,24.9,1.61,8.7,72,99,42,12.0
1985-09-15,0.0,18.5,31.1,24.4,1.46,8.5,74,99,45,12.0
1985-09-16,0.2,20.6,25.9,22.8,2.28,9.2,74,94,47,6.4
1985-09-17,0.0,17.5,26.2,21.8,1.94,9.1,70,95,48,12.0
1985-09-18,0.0,15.0,27.1,21.3,1.89,8.8,66,91,42,12.0
1985-09-19,0.0,16.1,28.9,22.4,1.64,7.7,70,95,37,12.0
1985-09-20,0.0,17.4,28.4,22.8,1.71,8.4,74,99,45,11.5
1985-09-21,0.0,16.3,27.9,22.0,1.97,8.8,75,99,46,12.0
1985-09-22,9.4,18.8,26.1,21.6,1.62,8.5,79,95,54,10.0
1985-09-23,4.1,18.4,24.7,20.8,1.4,9.3,85,96,71,9.6
1985-09-24,1.2,16.7,26.2,21.4,1.25,5.7,81,99,59,11.9
1985-09-25,0.8,15.5,26.9,21.4,1.14,6.6,81,100,57,11.6
1985-09-26,0.1,16.2,27.1,21.7,1.3,6.1,74,100,44,11.8
1985-09-27,0.0,16.0,27.4,21.8,1.37,6.8,75,94,52,11.7
1985-09-28,0.0,17.4,27.6,22.1,1.13,5.6,78,99,49,11.6
1985-09-29,2.3,17.6,27.7,22.2,1.29,7.5,83,100,59,11.5
1985-09-30,0.0,17.3,27.0,21.8,1.71,7.8,79,99,54,11.7
1985-10-01,0.0,16.0,28.3,21.6,1.59,7.0,80,99,52,10.3
1985-10-02,0.0,15.9,29.4,22.7,1.8,8.0,76,99,51,11.5
1985-10-03,0.0,16.0,31.1,23.3,1.56,7.3,67,95,34,11.4
1985-10-04,0.2,16.2,30.8,23.8,1.3,6.1,67,96,37,11.2
1985-10-05,0.0,17.1,28.3,22.5,1.96,8.9,56,89,32,11.3
1985-10-06,0.0,14.1,27.6,21.0,1.51,6.7,59,92,31,11.1
1985-10-07,0.0,15.7,28.4,21.6,1.3,6.8,76,100,37,11.2
1985-10-08,0.0,13.6,27.7,20.7,2.11,9.5,68,98,28,11.0
1985-10-09,0.7,16.7,23.9,20.1,1.54,7.7,83,98,63,10.1
1985-10-10,0.0,15.0,24.5,20.1,2.23,9.0,75,97,46,10.8
1985-10-11,0.0,17.3,24.9,20.7,2.76,12.0,72,89,48,10.5
1985-10-12,0.0,16.0,25.9,20.2,1.8,6.6,74,95,45,10.2
1985-10-13,0.0,13.5,28.1,20.6,1.12,5.3,69,96,32,10.8
1985-10-14,0.1,13.1,27.3,20.2,2.05,9.9,72,96,38,10.7
1985-10-15,0.0,15.9,25.5,20.4,1.65,6.6,74,95,46,10.5
1985-10-16,0.0,12.5,28.0,20.1,1.39,6.7,71,98,33,10.7
1985-10-17,0.0,13.2,25.5,19.6,1.77,7.7,76,98,45,9.7
1985-10-18,0.0,14.4,25.0,19.8,1.37,6.1,77,98,49,10.3
1985-10-19,0.7,14.3,26.1,19.8,1.15,7.7,78,100,43,10.2
1985-10-20,0.9,14.0,25.2,19.1,1.17,6.7,80,100,50,10.4
1985-10-21,0.8,15.7,22.8,18.9,1.46,7.3,82,98,60,9.8
1985-10-22,0.4,15.6,24.0,19.4,1.47,7.0,80,99,57,10.0
1985-10-23,0.7,13.5,23.9,18.1,1.5,9.6,81,99,47,10.2
1985-10-24,1.5,14.3,21.6,17.3,1.55,7.1,83,97,64,10.0
1985-10-25,0.0,14.5,22.1,17.8,1.64,7.6,81,97,58,9.8
1985-10-26,11.0,14.4,22.7,17.4,1.28,6.7,83,97,58,10.0
1985-10-27,1.1,11.2,20.7,15.6,2.18,8.6,72,99,38,9.9
1985-10-28,1.2,13.9,19.4,16.5,4.11,13.6,64,73,57,6.7
1985-10-29,0.7,13.7,20.9,17.0,2.16,8.2,65,79,47,10.1
1985-10-30,0.2,10.0,19.6,15.2,1.24,6.7,83,97,67,10.0
1985-10-31,0.0,10.6,21.2,15.4,1.53,6.6,85,100,60,9.8
1985-11-01,0.0,11.1,23.8,17.1,1.32,5.3,74,99,39,10.0
1985-11-02,1.8,10.6,21.4,15.5,1.37,10.2,75,89,47,6.0
1985-11-03,0.0,10.3,23.2,16.0,2.21,8.1,71,97,29,10.0
1985-11-04,0.0,11.0,22.8,16.6,1.64,8.0,73,92,51,5.8
1985-11-05,0.6,15.2,28.0,20.6,2.0,8.6,68,90,42,9.9
1985-11-06,0.0,18.3,27.8,22.8,4.61,16.4,62,83,45,9.8
1985-11-07,0.0,19.2,28.3,23.2,3.72,13.2,46,59,31,9.9
1985-11-08,0.0,13.3,27.8,19.8,1.64,5.8,62,85,33,9.9
1985-11-09,0.0,10.9,28.9,19.1,1.36,6.0,64,91,29,9.9
1985-11-10,0.0,11.7,29.6,19.6,1.4,4.4,61,87,27,9.9
1985-11-11,0.0,12.0,23.8,17.4,2.16,8.9,76,92,50,9.9
1985-11-12,0.0,13.9,22.5,18.2,2.03,12.1,72,99,30,7.9
1985-11-13,0.0,7.4,18.6,13.2,1.97,7.9,66,91,38,9.8
1985-11-14,1.5,12.3,15.8,13.6,3.39,10.2,63,82,47,1.4
1985-11-15,36.7,9.3,12.3,11.1,4.14,18.5,87,92,82,0.0
1985-11-16,7.9,10.1,12.8,11.1,3.09,12.7,80,83,73,4.0
1985-11-17,0.0,9.6,14.4,11.4,3.2,10.7,70,78,58,8.3
1985-11-18,0.0,5.3,14.6,9.3,1.89,8.0,75,94,44,6.3
1985-11-19,0.0,3.0,12.1,7.1,3.29,13.5,61,91,34,9.8
1985-11-20,0.0,-0.0,12.9,6.0,2.39,8.7,63,86,41,9.8
1985-11-21,0.0,1.2,13.0,6.7,3.21,11.2,56,80,33,9.7
1985-11-22,0.0,4.5,13.0,7.9,3.9,12.0,48,57,36,9.7
1985-11-23,0.0,4.2,13.1,8.1,2.95,10.3,55,82,42,9.7
1985-11-24,0.0,0.7,13.1,6.6,1.48,4.6,71,91,46,9.0
1985-11-25,4.2,6.1,12.6,9.5,1.18,5.2,82,95,65,6.0
1985-11-26,5.5,9.8,15.9,12.2,1.03,9.0,90,98,74,8.6
1985-11-27,4.2,4.6,15.2,9.7,1.17,6.7,90,99,72,8.7
1985-11-28,0.0,4.1,15.5,10.1,1.52,6.1,78,99,52,9.6
1985-11-29,0.0,7.7,14.9,11.4,0.71,3.4,79,94,66,6.4
1985-11-30,0.0,3.9,16.3,9.5,1.22,4.1,82,98,58,8.9
1985-12-01,0.0,4.5,18.4,10.9,1.02,3.7,84,98,60,9.6
1985-12-02,0.0,5.0,18.1,11.2,1.15,4.8,85,98,62,9.5
1985-12-03,0.0,6.1,17.1,11.1,1.2,3.7,87,100,64,9.5
1985-12-04,0.0,5.7,16.4,10.7,1.39,6.3,89,98,71,9.4
1985-12-05,0.3,8.0,16.8,11.4,1.6,8.8,88,100,64,8.2
1985-12-06,0.0,7.0,16.9,11.2,3.06,10.9,75,91,51,9.5
1985-12-07,0.0,3.4,14.7,8.4,1.54,4.6,83,95,59,8.9
1985-12-08,1.7,3.1,14.1,8.3,1.46,5.0,84,97,60,8.1
1985-12-09,0.0,6.2,13.5,9.2,2.49,9.6,77,93,52,8.2
1985-12-10,0.0,4.0,14.5,7.8,2.43,8.1,67,85,37,9.4
1985-12-11,0.0,3.3,15.4,10.1,3.48,11.7,68,85,56,8.3
1985-12-12,0.0,6.6,14.2,10.3,2.13,8.0,69,84,54,9.2
1985-12-13,0.0,2.7,15.6,8.2,1.75,5.0,76,95,42,9.4
1985-12-14,0.0,3.9,13.5,8.5,1.81,8.7,79,95,57,7.7
1985-12-15,0.0,1.5,15.8,7.9,1.45,4.9,73,95,41,9.4
1985-12-16,0.0,1.9,18.5,8.3,1.95,5.5,73,92,41,9.4
1985-12-17,0.0,3.6,18.7,9.4,1.94,5.4,72,89,42,9.4
1985-12-18,0.0,4.2,17.3,9.8,1.35,4.2,74,91,47,7.3
1985-12-19,0.0,3.4,15.3,9.3,1.26,4.4,80,94,58,9.1
1985-12-20,0.0,2.6,14.6,8.0,1.28,4.6,83,98,60,9.3
1985-12-21,0.0,2.5,14.0,7.9,1.17,4.5,87,98,67,9.0
1985-12-22,1.7,4.1,14.8,8.5,1.85,8.8,88,100,66,6.9
1985-12-23,0.0,3.1,13.5,8.2,2.56,12.6,74,94,43,8.9
1985-12-24,0.0,2.0,17.5,9.2,1.88,7.9,77,91,58,6.8
1985-12-25,0.0,6.8,20.4,13.0,1.83,7.0,80,96,54,9.1
1985-12-26,0.0,5.1,17.1,10.4,1.51,6.1,76,97,44,7.9
1985-12-27,0.0,2.2,15.3,8.4,1.32,6.1,86,98,65,9.3
1985-12-28,0.0,8.8,18.1,12.6,0.99,5.8,85,99,57,8.5
1985-12-29,18.5,6.5,15.1,10.4,1.58,8.0,91,97,73,1.3
1985-12-30,2.7,9.0,11.2,10.4,2.03,8.1,82,95,72,0.3
1985-12-31,0.7,2.7,15.0,8.5,2.79,13.5,77,100,45,9.1
1986-01-01,0.0,5.1,16.1,10.9,2.6,10.0,71,91,60,7.9
1986-01-02,0.0,8.4,17.8,12.0,2.24,9.7,75,91,48,8.9
1986-01-03,0.0,3.8,14.7,8.2,2.42,8.8,72,90,41,9.3
1986-01-04,0.0,4.2,12.8,8.2,3.66,12.5,64,86,44,9.4
1986-01-05,0.1,1.6,15.8,8.0,2.29,9.1,71,89,49,9.3
1986-01-06,0.0,4.7,12.2,8.7,3.33,14.1,56,83,36,9.5
1986-01-07,0.9,0.3,12.8,5.9,1.26,9.2,76,90,53,7.5
1986-01-08,0.1,5.3,14.5,9.6,3.61,14.4,67,94,41,8.8
1986-01-09,0.0,6.9,14.9,10.0,4.18,12.5,63,79,40,9.5
1986-01-10,0.0,4.7,16.0,9.4,2.65,8.3,62,85,40,9.5
1986-01-11,0.0,3.3,18.8,9.5,2.32,7.5,64,87,36,9.6
1986-01-12,0.0,8.8,16.7,12.1,3.93,12.3,60,75,42,9.6
1986-01-13,0.0,4.4,16.7,9.9,2.48,8.4,62,81,38,9.5
1986-01-14,0.0,3.5,18.8,9.5,2.54,7.9,61,77,33,9.6
1986-01-15,0.0,6.0,19.0,11.1,3.03,8.2,55,74,36,9.6
1986-01-16,0.0,9.5,17.2,12.8,3.84,11.5,59,70,41,9.6
1986-01-17,0.0,4.5,15.0,9.7,3.65,13.8,58,77,39,9.6
1986-01-18,0.0,5.1,16.0,10.2,2.13,7.0,66,86,44,9.6
1986-01-19,0.0,1.5,17.0,8.5,1.52,4.6,76,95,43,9.6
1986-01-20,0.0,4.6,17.3,10.0,2.13,6.6,69,92,43,9.6
1986-01-21,0.2,2.6,15.8,9.2,1.41,4.2,77,95,52,8.8
1986-01-22,0.0,4.2,15.7,9.0,2.81,12.3,68,93,36,9.6
1986-01-23,0.0,5.0,18.4,10.8,3.0,10.1,62,81,42,9.0
1986-01-24,0.0,5.9,17.6,11.6,3.08,13.6,61,84,40,9.7
1986-01-25,0.0,5.3,13.8,9.9,2.57,9.4,45,62,26,9.7
1986-01-26,0.0,2.2,12.5,6.6,1.77,7.2,57,82,28,9.4
1986-01-27,0.0,1.1,17.1,7.8,2.23,7.8,58,74,32,9.7
1986-01-28,0.0,1.5,13.2,7.1,1.65,5.9,78,93,56,6.9
1986-01-29,0.7,2.4,14.3,7.7,3.27,20.7,67,93,41,8.0
1986-01-30,2.7,5.0,10.7,8.0,4.77,20.8,62,84,36,8.8
1986-01-31,0.0,4.3,11.3,7.3,6.36,18.7,42,47,34,9.7
1986-02-01,0.0,5.0,12.8,8.3,3.79,12.0,50,65,36,9.9
1986-02-02,0.0,-0.9,14.1,6.3,1.73,6.2,68,91,36,9.9
1986-02-03,0.0,-0.6,14.3,6.2,1.77,6.9,66,91,29,9.8
1986-02-04,0.9,1.5,13.5,6.5,2.14,8.1,71,91,37,9.3
1986-02-05,0.0,1.1,12.7,6.4,3.98,15.6,65,94,32,10.0
1986-02-06,0.0,3.3,13.7,8.0,3.39,11.0,53,71,30,9.9
1986-02-07,0.0,1.6,13.8,7.4,2.67,8.9,59,84,31,10.1
1986-02-08,0.1,3.5,13.4,8.3,4.07,17.3,62,90,41,9.3
1986-02-09,0.0,3.4,13.0,7.3,3.66,12.0,41,60,24,10.4
1986-02-10,0.0,-0.9,14.4,6.1,2.58,8.0,48,74,17,10.5
1986-02-11,0.0,-0.3,14.4,6.5,2.07,6.8,60,82,38,9.7
1986-02-12,0.0,4.0,15.3,9.0,2.56,9.8,61,79,30,10.5
1986-02-13,0.3,0.8,17.4,9.2,1.22,6.6,74,96,43,8.9
1986-02-14,3.4,7.0,19.0,12.1,2.48,13.6,81,93,56,5.7
1986-02-15,0.0,9.9,16.6,13.7,4.3,19.2,63,90,45,7.4
1986-02-16,0.0,8.7,21.3,14.2,1.87,8.4,70,89,46,8.7
1986-02-17,0.0,7.5,17.6,13.1,3.23,14.0,59,83,30,10.7
1986-02-18,0.0,5.3,17.8,11.8,3.35,13.5,64,92,39,10.7
1986-02-19,0.0,4.7,16.8,11.1,3.05,12.5,57,88,29,10.7
1986-02-20,2.2,6.5,18.7,11.6,1.45,7.9,67,90,38,10.4
1986-02-21,2.4,7.4,17.0,12.0,3.92,19.1,64,86,36,9.0
1986-02-22,0.0,6.7,19.2,12.5,2.86,10.6,63,84,45,10.8
1986-02-23,0.0,5.9,23.0,13.5,1.74,5.5,70,97,36,10.8
1986-02-24,0.3,6.1,22.9,13.6,1.68,6.9,64,93,31,9.5
1986-02-25,0.0,7.9,18.6,12.9,1.96,9.7,64,94,36,10.3
1986-02-26,0.0,6.9,17.7,11.7,1.69,8.5,70,94,46,9.5
1986-02-27,0.0,7.1,16.7,11.4,2.11,9.1,79,99,50,10.7
1986-02-28,0.0,9.4,18.9,13.3,3.05,11.1,74,89,51,9.5
1986-03-01,4.1,10.7,19.7,14.6,2.39,8.6,72,92,47,10.9
1986-03-02,0.0,6.8,20.7,13.3,1.9,8.0,64,95,27,10.9
1986-03-03,0.0,5.3,20.6,12.9,1.85,6.3,53,82,30,10.9
1986-03-04,0.0,6.2,19.1,12.6,2.09,10.2,63,89,36,10.9
1986-03-05,10.1,7.5,14.5,11.2,2.01,8.9,79,94,58,5.3
1986-03-06,0.0,4.6,20.8,12.2,2.37,9.7,75,98,35,11.0
1986-03-07,6.8,10.3,13.6,11.6,2.48,12.5,87,97,73,1.0
1986-03-08,8.0,8.8,11.7,10.7,3.21,12.1,83,92,73,0.0
1986-03-09,0.0,1.9,17.2,10.0,1.79,6.2,74,98,43,11.2
1986-03-10,2.6,6.4,15.8,11.1,2.15,9.4,70,90,44,10.8
1986-03-11,0.0,3.6,16.2,9.4,2.07,8.9,69,98,35,11.4
1986-03-12,0.0,2.9,18.7,10.9,2.07,7.9,72,95,37,11.5
1986-03-13,0.2,4.1,15.4,10.3,3.85,18.7,65,96,31,11.5
1986-03-14,0.0,8.5,16.8,12.0,4.41,13.9,47,72,39,10.4
1986-03-15,0.0,4.1,17.0,10.6,1.88,8.1,72,93,44,11.6
1986-03-16,0.0,3.0,17.1,10.6,1.72,8.4,77,100,47,11.7
1986-03-17,0.0,6.1,16.9,11.0,2.03,9.1,77,97,45,10.5
1986-03-18,0.0,4.1,17.4,10.9,1.43,6.8,79,99,52,11.4
1986-03-19,0.2,7.1,20.2,13.5,2.15,8.8,70,97,37,10.0
1986-03-20,0.0,7.8,19.3,13.2,1.7,9.2,74,100,33,11.8
1986-03-21,1.7,8.4,17.2,12.7,1.57,8.2,78,99,51,6.0
1986-03-22,0.0,7.1,18.0,11.9,2.24,10.1,63,95,28,11.8
1986-03-23,0.0,5.2,24.3,14.4,1.87,8.2,63,93,32,11.9
1986-03-24,0.0,8.5,27.0,17.5,2.45,10.0,60,91,27,11.9
1986-03-25,0.0,11.5,18.9,15.6,3.5,12.8,48,72,30,11.6
1986-03-26,0.0,7.6,17.5,12.1,3.63,11.7,36,54,14,11.9
1986-03-27,0.0,3.9,20.9,12.6,2.05,9.5,52,77,26,12.0
1986-03-28,0.0,5.6,24.7,16.0,1.58,9.4,56,92,27,12.0
1986-03-29,0.0,11.3,22.0,16.7,2.81,10.4,45,64,25,12.0
1986-03-30,0.0,10.1,22.5,15.4,2.12,10.9,49,71,26,12.0
1986-03-31,0.0,7.0,24.2,15.9,1.77,8.6,58,91,27,12.0
1986-04-01,0.0,8.1,23.6,16.4,1.84,9.6,53,88,27,12.0
1986-04-02,0.3,9.0,21.5,15.0,1.74,9.2,58,75,33,5.2
1986-04-03,4.5,12.0,22.4,16.3,2.39,9.8,61,95,27,10.0
1986-04-04,0.0,7.4,20.0,14.6,2.22,9.4,59,87,39,12.1
1986-04-05,1.7,8.4,18.9,13.7,2.43,11.3,76,98,53,8.0
1986-04-06,12.9,10.2,17.2,13.4,2.01,9.6,81,94,62,7.7
1986-04-07,2.1,7.3,14.1,10.7,2.35,8.2,67,96,48,10.8
1986-04-08,0.0,3.9,14.6,9.7,3.74,14.7,46,76,21,12.2
1986-04-09,0.0,2.5,17.2,10.0,2.62,10.0,49,77,23,12.2
1986-04-10,0.0,3.1,18.1,11.1,1.82,6.0,52,75,26,9.0
1986-04-11,0.0,7.9,18.7,13.4,1.46,8.3,63,82,43,12.1
1986-04-12,0.7,7.8,16.5,12.0,3.32,15.9,54,81,28,12.1
1986-04-13,0.0,4.1,16.1,9.7,3.4,12.1,37,67,26,12.5
1986-04-14,0.6,3.5,12.7,8.6,1.3,6.5,64,86,46,0.1
1986-04-15,0.0,5.4,20.7,13.3,2.57,11.3,54,90,28,12.5
1986-04-16,0.0,4.4,20.1,13.4,2.51,10.9,56,89,31,12.6
1986-04-17,0.1,6.8,18.9,13.4,2.21,7.7,59,91,33,7.8
1986-04-18,0.9,6.8,17.9,12.7,3.18,10.5,43,72,25,12.6
1986-04-19,0.0,7.0,21.5,14.3,3.68,11.5,40,61,21,12.8
1986-04-20,0.0,8.7,23.1,15.7,2.78,12.1,47,70,24,12.9
1986-04-21,0.0,7.1,24.4,16.2,2.1,10.8,56,85,30,12.8
1986-04-22,1.2,10.8,23.2,17.8,2.5,11.3,53,90,35,12.6
1986-04-23,0.0,8.3,21.7,16.4,2.52,10.9,51,86,30,12.4
1986-04-24,0.0,10.3,22.1,16.2,1.79,10.0,52,78,31,10.5
1986-04-25,1.8,10.3,21.9,15.6,2.65,13.5,61,95,27,10.4
1986-04-26,1.1,7.6,19.1,13.9,2.14,9.6,50,80,28,11.3
1986-04-27,0.0,9.4,21.2,14.7,4.26,13.0,44,65,19,13.4
1986-04-28,0.0,10.3,21.4,15.7,4.03,14.0,39,60,20,13.3
1986-04-29,0.0,10.4,23.2,16.3,3.06,12.0,39,75,18,13.5
1986-04-30,0.0,7.8,24.6,16.1,2.21,11.1,59,93,26,13.6
1986-05-01,0.0,9.0,22.6,16.1,2.41,11.2,60,90,35,13.6
1986-05-02,0.0,7.7,24.6,16.8,2.08,9.5,56,90,28,13.7
1986-05-03,0.3,11.4,24.4,17.3,2.08,9.1,61,85,34,12.8
1986-05-04,0.0,11.6,23.0,17.1,1.64,9.2,59,95,29,11.8
1986-05-05,0.0,10.7,24.6,18.1,1.56,8.9,51,74,31,12.2
1986-05-06,0.0,11.5,26.4,20.0,2.12,9.5,56,92,30,13.8
1986-05-07,0.0,11.8,26.3,19.5,2.23,10.2,50,82,31,13.8
1986-05-08,0.0,11.7,26.5,19.5,2.41,10.0,48,68,27,13.9
1986-05-09,0.0,11.0,26.9,19.4,2.15,9.9,57,92,30,13.9
1986-05-10,0.0,10.9,27.3,20.0,2.06,10.2,47,81,26,13.9
1986-05-11,0.0,11.2,27.9,20.5,1.85,9.9,44,75,27,13.9
1986-05-12,0.0,14.0,29.2,21.7,1.58,9.6,39,63,20,14.0
1986-05-13,0.0,9.8,28.5,20.3,1.82,9.0,49,83,26,14.0
1986-05-14,0.0,13.5,30.2,22.2,1.68,9.8,54,85,29,14.0
1986-05-15,0.0,14.0,31.7,22.9,2.2,11.1,39,77,14,13.6
1986-05-16,0.0,15.3,30.5,23.4,1.58,9.4,38,61,20,13.1
1986-05-17,0.0,13.4,30.5,22.8,1.92,9.6,47,82,23,13.8
1986-05-18,0.0,14.4,28.6,22.6,2.42,11.8,52,79,36,14.0
1986-05-19,0.0,17.1,30.7,23.8,2.8,11.9,46,69,25,12.6
1986-05-20,0.0,17.1,30.1,23.5,1.5,8.2,51,72,33,12.9
1986-05-21,0.7,18.9,31.5,24.3,1.9,10.1,54,86,26,10.7
1986-05-22,0.0,17.1,26.4,22.1,2.57,13.2,55,77,38,12.4
1986-05-23,0.0,14.7,32.1,23.4,1.7,9.4,45,73,26,13.6
1986-05-24,0.0,18.1,30.7,24.1,2.16,10.1,51,70,33,11.5
1986-05-25,0.0,15.5,29.9,22.8,2.14,10.8,56,86,31,13.5
1986-05-26,0.0,15.6,29.7,22.8,2.63,12.4,53,80,30,12.4
1986-05-27,0.0,15.1,31.0,23.2,1.72,10.5,54,83,29,14.0
1986-05-28,0.0,16.9,28.4,22.7,2.17,10.1,62,86,40,13.9
1986-05-29,14.2,15.8,21.9,19.2,2.79,11.5,84,98,68,8.2
1986-05-30,10.8,14.2,16.6,15.3,3.49,10.4,85,95,68,1.3
1986-05-31,0.0,11.8,20.8,16.4,2.84,10.4,68,91,45,13.8
1986-06-01,0.0,11.0,22.7,17.1,2.9,10.9,67,92,42,14.0
1986-06-02,0.0,11.8,24.1,18.2,2.76,11.5,64,91,37,14.0
1986-06-03,0.0,12.0,24.6,18.8,2.19,10.4,64,92,40,14.0
1986-06-04,0.0,11.8,27.6,20.1,1.76,9.6,58,91,32,14.0
1986-06-05,0.0,13.9,29.8,22.5,1.69,9.0,55,87,34,14.0
1986-06-06,1.2,16.3,24.0,20.1,3.28,12.5,64,82,46,13.6
1986-06-07,4.8,14.5,20.3,17.2,1.92,7.3,72,92,56,4.6
1986-06-08,0.0,12.6,24.9,19.0,1.58,8.5,69,92,49,14.0
1986-06-09,0.0,12.5,25.5,19.4,2.05,9.1,65,95,42,14.0
1986-06-10,0.0,13.3,28.9,21.7,1.58,10.3,57,90,33,14.0
1986-06-11,0.0,16.0,29.6,23.4,1.69,7.7,62,90,41,14.0
1986-06-12,0.0,16.9,29.2,23.6,2.34,11.0,61,93,38,14.0
1986-06-13,0.0,15.8,24.8,21.1,2.53,10.8,63,85,47,14.0
1986-06-14,0.0,15.5,26.3,20.7,2.47,10.8,65,93,37,14.0
1986-06-15,0.0,14.2,27.3,21.2,1.95,9.8,61,92,36,13.9
1986-06-16,0.0,16.7,29.6,22.7,1.77,11.0,62,91,36,14.0
1986-06-17,0.0,17.9,29.5,23.2,1.86,9.9,66,92,42,13.9
1986-06-18,0.4,17.7,27.9,22.3,1.97,9.3,65,86,43,13.8
1986-06-19,0.0,15.6,30.5,23.2,1.9,12.1,60,93,31,10.7
1986-06-20,0.0,16.8,30.3,24.1,2.25,11.1,61,91,34,14.0
1986-06-21,0.0,17.0,29.4,23.6,1.98,9.5,67,96,44,14.0
1986-06-22,0.0,18.0,32.4,25.4,1.87,9.4,49,87,24,14.0
1986-06-23,0.0,16.3,32.6,25.2,1.78,10.3,46,84,23,14.0
1986-06-24,0.0,17.4,32.3,25.5,2.33,11.2,42,69,23,14.0
1986-06-25,0.0,17.1,31.9,25.0,2.5,10.3,52,72,33,14.0
1986-06-26,0.0,17.9,33.6,26.1,2.52,10.4,56,89,30,14.0
1986-06-27,0.0,18.3,33.5,26.4,2.01,8.5,55,86,32,14.0
1986-06-28,0.0,18.3,32.7,26.2,1.96,9.1,58,89,35,14.0
1986-06-29,0.9,19.3,34.3,27.0,1.47,9.3,59,93,34,14.0
1986-06-30,0.0,22.9,33.0,27.5,3.26,12.3,35,65,24,14.0
1986-07-01,0.0,17.9,30.6,24.9,2.36,11.4,61,92,38,14.0
1986-07-02,0.0,18.1,31.9,25.3,2.43,11.6,60,89,34,14.0
1986-07-03,0.0,19.0,32.4,25.4,1.93,9.8,63,90,33,14.0
1986-07-04,0.0,18.6,31.3,25.7,2.39,10.7,56,91,33,14.0
1986-07-05,0.0,17.4,33.6,26.3,1.93,9.7,45,74,25,14.0
1986-07-06,0.0,18.4,39.7,30.0,1.62,9.7,43,78,18,14.0
1986-07-07,0.0,23.2,32.1,28.0,2.96,10.5,49,73,40,14.0
1986-07-08,0.0,20.7,32.7,26.4,1.98,9.5,62,89,36,14.0
1986-07-09,0.0,20.7,33.6,26.7,2.0,10.1,61,88,36,14.0
1986-07-10,0.0,19.9,31.0,25.3,2.2,10.2,66,92,43,14.0
1986-07-11,0.0,18.7,32.6,25.4,1.83,9.3,65,95,36,14.0
1986-07-12,0.0,20.4,31.0,25.0,2.08,9.8,70,91,46,11.3
1986-07-13,6.6,20.7,26.2,23.1,1.71,8.1,72,86,57,8.7
1986-07-14,0.0,16.5,28.8,23.0,1.98,10.0,66,94,36,14.0
1986-07-15,0.0,17.7,28.0,23.4,2.21,9.3,66,92,43,14.0
1986-07-16,0.0,16.8,29.8,23.6,2.2,9.5,62,94,35,14.0
1986-07-17,0.0,15.4,32.3,24.4,1.68,8.9,55,91,27,14.0
1986-07-18,0.0,17.9,33.1,25.6,2.1,9.6,51,89,20,14.0
1986-07-19,0.0,19.3,29.2,24.5,2.5,9.6,56,72,44,14.0
1986-07-20,0.0,17.9,31.1,24.7,2.08,9.7,58,94,27,14.0
1986-07-21,0.0,17.7,31.8,25.0,2.09,10.5,51,81,26,13.9
1986-07-22,0.0,18.3,35.3,26.9,1.77,11.7,52,88,23,12.9
1986-07-23,0.0,17.7,39.0,29.4,1.37,8.5,45,81,19,13.9
1986-07-24,0.0,21.5,36.2,28.7,2.44,10.8,44,76,19,13.9
1986-07-25,0.2,22.0,28.8,25.4,2.04,10.6,72,94,49,9.4
1986-07-26,3.9,19.0,27.8,23.6,1.93,7.6,68,90,45,12.8
1986-07-27,0.0,17.4,30.9,24.4,1.89,8.9,65,97,36,13.7
1986-07-28,0.0,17.1,31.7,24.7,2.24,9.4,58,91,31,13.9
1986-07-29,0.0,17.1,33.3,25.6,2.0,9.6,51,83,25,13.8
1986-07-30,0.0,17.9,33.2,26.0,1.52,8.5,55,83,31,13.1
1986-07-31,0.6,18.7,37.9,28.3,1.22,7.5,56,90,27,13.8
1986-08-01,0.0,21.3,35.1,27.7,1.92,10.5,62,90,35,13.0
1986-08-02,0.0,20.7,34.4,27.4,1.8,11.3,62,92,36,13.6
1986-08-03,0.0,19.3,33.4,26.5,1.91,8.2,63,92,37,13.6
1986-08-04,0.0,20.8,36.5,28.7,1.96,9.6,56,94,23,13.6
1986-08-05,0.0,21.8,31.4,26.4,2.56,10.4,70,93,47,13.3
1986-08-06,0.0,21.9,33.8,27.1,1.44,8.6,66,91,37,13.2
1986-08-07,0.0,20.0,32.9,26.4,2.11,10.5,64,94,35,12.7
1986-08-08,0.0,20.5,33.5,26.7,1.99,9.5,65,96,32,13.2
1986-08-09,0.0,21.2,35.3,27.5,1.58,9.6,64,93,31,12.6
1986-08-10,0.0,21.1,36.0,28.7,1.58,7.7,55,95,23,13.3
1986-08-11,0.0,21.8,35.4,28.5,1.52,8.6,53,86,28,13.2
1986-08-12,0.0,21.2,32.4,26.6,2.92,10.7,66,91,40,12.7
1986-08-13,0.0,22.0,32.5,26.8,1.83,9.3,71,97,44,12.9
1986-08-14,0.0,20.3,33.2,26.7,1.96,9.4,67,93,40,13.1
1986-08-15,0.0,20.6,34.2,27.1,1.62,7.8,68,95,40,13.1
1986-08-16,0.0,22.2,35.2,28.0,1.67,8.5,65,92,37,13.0
1986-08-17,0.0,21.6,36.1,28.7,1.48,8.3,64,91,39,13.0
1986-08-18,0.0,20.3,37.3,29.3,2.12,8.6,46,89,17,13.1
1986-08-19,0.0,22.1,35.1,28.4,2.54,10.5,37,63,23,13.0
1986-08-20,0.0,19.7,33.2,26.4,2.08,8.8,61,89,31,12.9
1986-08-21,0.0,18.6,36.3,27.4,1.65,9.1,61,97,25,12.8
1986-08-22,0.0,19.6,40.0,30.1,1.92,10.1,45,86,16,12.8
1986-08-23,0.0,22.5,38.8,30.3,2.34,10.1,30,65,11,12.7
1986-08-24,0.1,21.3,35.0,27.5,2.0,11.9,58,82,23,12.2
1986-08-25,1.9,22.6,31.1,26.3,2.23,9.1,75,96,51,11.8
1986-08-26,0.0,19.8,35.3,27.8,1.51,9.0,61,98,26,12.4
1986-08-27,0.0,22.9,34.3,28.1,2.51,11.1,42,60,27,12.0
1986-08-28,0.6,20.1,33.4,26.2,2.3,11.2,62,89,28,12.1
1986-08-29,3.6,21.1,24.3,22.6,3.68,9.9,71,82,63,4.0
1986-08-30,1.2,21.0,24.9,22.5,3.9,12.2,71,81,57,1.9
1986-08-31,0.8,20.2,25.9,22.6,2.55,9.0,67,79,50,7.2
1986-09-01,0.0,16.9,28.8,22.6,1.87,9.2,67,92,42,12.1
1986-09-02,0.0,16.5,30.2,23.1,1.52,8.6,67,95,40,12.0
1986-09-03,0.0,16.8,31.2,24.2,1.63,9.2,59,94,27,12.0
1986-09-04,0.0,18.6,32.6,25.0,1.88,9.6,52,73,28,12.0
1986-09-05,0.0,17.3,30.7,24.0,1.76,8.1,66,93,38,12.0
1986-09-06,0.0,17.0,31.7,24.5,1.67,8.8,63,98,29,12.0
1986-09-07,0.0,18.1,30.3,24.1,1.96,9.1,68,98,38,12.0
1986-09-08,0.0,17.7,30.7,24.1,1.51,8.5,65,89,37,10.6
1986-09-09,0.0,20.3,30.0,24.7,1.34,5.5,70,95,41,7.1
1986-09-10,0.0,19.2,32.8,25.7,2.06,9.6,53,72,26,12.0
1986-09-11,0.4,20.1,29.8,24.5,1.29,7.6,69,90,41,4.7
1986-09-12,0.2,20.4,30.2,25.1,1.47,5.7,64,90,39,12.0
1986-09-13,0.0,18.2,31.9,25.1,1.78,9.2,64,86,37,12.0
1986-09-14,0.0,19.6,30.8,24.6,1.77,10.1,72,100,40,12.0
1986-09-15,0.0,17.1,31.9,24.5,1.57,9.4,69,99,39,12.0
1986-09-16,0.0,18.1,32.1,25.4,1.67,9.9,64,96,37,12.0
1986-09-17,0.8,20.5,30.0,25.3,1.43,8.4,64,84,42,12.0
1986-09-18,0.0,20.2,30.7,25.2,2.59,11.1,72,96,46,12.0
1986-09-19,0.0,20.9,31.3,25.4,1.82,7.2,69,91,42,9.4
1986-09-20,0.2,19.8,31.3,25.6,1.39,9.7,71,97,41,11.7
1986-09-21,0.0,19.1,31.8,25.4,1.43,7.6,67,94,36,11.3
1986-09-22,0.0,19.8,30.1,24.6,1.91,9.7,68,91,43,10.6
1986-09-23,0.0,17.7,32.0,24.7,1.74,10.1,59,92,26,11.9
1986-09-24,0.0,19.5,31.5,24.9,2.29,7.7,52,77,28,11.9
1986-09-25,0.0,18.6,29.4,24.0,3.0,11.2,38,56,22,11.9
1986-09-26,0.0,17.1,27.8,22.8,2.54,10.5,40,60,23,9.7
1986-09-27,6.8,15.6,23.4,19.4,2.06,9.2,73,95,51,11.6
1986-09-28,2.8,16.9,23.8,19.7,2.17,9.4,74,87,58,10.5
1986-09-29,5.2,15.9,21.3,18.5,3.28,14.4,76,91,59,10.0
1986-09-30,21.5,16.7,19.0,17.8,4.49,16.8,82,88,73,0.1
1986-10-01,14.2,16.6,21.9,19.0,2.99,13.3,87,96,75,6.4
1986-10-02,0.0,13.3,24.5,18.7,1.41,6.3,81,96,56,10.9
1986-10-03,0.5,15.3,25.4,20.0,1.97,8.0,84,100,62,10.5
1986-10-04,28.6,17.4,23.9,19.4,1.95,10.5,89,97,75,5.1
1986-10-05,27.4,16.7,22.1,18.9,1.39,7.2,90,97,80,6.7
1986-10-06,0.9,16.3,23.8,19.8,1.37,6.2,86,99,70,10.5
1986-10-07,6.7,16.7,23.7,19.8,2.01,8.4,87,97,71,9.9
1986-10-08,0.0,15.7,24.4,19.7,1.62,5.8,82,96,59,11.0
1986-10-09,0.7,14.0,23.8,19.1,1.38,7.6,85,99,64,10.8
1986-10-10,1.2,15.6,22.9,19.1,2.03,9.0,87,100,66,10.0
1986-10-11,16.7,17.2,21.6,19.0,2.25,7.9,89,95,78,3.6
1986-10-12,17.5,16.6,22.9,19.3,2.39,9.1,90,97,75,5.6
1986-10-13,15.6,16.5,23.9,19.8,0.99,6.1,84,99,57,10.2
1986-10-14,0.1,14.2,23.1,18.6,1.46,6.3,86,100,66,10.7
1986-10-15,12.3,16.2,21.1,18.6,1.34,7.2,92,98,77,8.8
1986-10-16,11.7,16.0,20.8,17.6,1.1,7.8,90,98,74,5.7
1986-10-17,4.5,14.3,20.0,17.0,0.94,4.9,91,99,81,8.7
1986-10-18,4.1,12.0,20.8,16.4,1.14,5.7,87,100,67,10.2
1986-10-19,0.0,11.6,23.4,17.1,1.46,5.7,81,99,51,10.3
1986-10-20,0.0,12.4,24.1,17.8,1.71,4.9,76,95,51,10.5
1986-10-21,0.0,12.8,24.1,18.3,1.83,6.0,71,86,51,10.5
1986-10-22,0.0,10.5,25.7,17.8,1.4,4.3,81,95,53,10.4
1986-10-23,1.1,12.7,25.8,18.4,2.25,7.8,76,95,47,8.0
1986-10-24,0.2,14.0,19.7,16.8,1.88,7.4,81,94,65,9.3
1986-10-25,0.5,13.9,25.0,18.9,1.56,6.9,76,97,50,10.0
1986-10-26,0.0,11.6,21.1,16.6,1.61,6.5,67,88,46,10.2
1986-10-27,0.0,9.6,19.9,14.6,1.77,6.6,73,90,48,10.3
1986-10-28,0.0,9.1,20.2,14.8,1.23,4.6,78,98,54,10.2
1986-10-29,0.0,9.2,20.3,15.3,1.18,5.3,83,99,62,10.1
1986-10-30,0.0,10.1,23.2,16.9,1.06,5.0,81,100,52,9.3
1986-10-31,1.4,12.3,18.3,15.3,1.77,6.3,83,90,74,8.3
1986-11-01,0.0,12.3,20.5,15.9,1.05,5.3,84,98,62,10.0
1986-11-02,0.0,10.3,23.3,15.9,2.1,7.8,76,99,46,10.1
1986-11-03,0.0,8.9,19.1,13.7,1.85,5.3,65,87,35,10.0
1986-11-04,0.0,8.2,18.5,13.6,1.14,4.0,72,93,48,10.0
1986-11-05,0.0,5.7,18.6,12.3,1.25,4.7,77,96,55,10.0
1986-11-06,0.0,6.2,19.3,12.7,1.23,5.1,81,98,57,9.9
1986-11-07,0.0,6.0,20.0,12.5,1.34,4.8,82,98,55,9.9
1986-11-08,0.0,6.4,21.7,12.8,1.52,5.1,76,98,41,9.9
1986-11-09,0.0,6.8,18.9,12.6,1.53,4.4,78,91,56,9.9
1986-11-10,0.0,9.2,18.8,13.8,1.3,4.5,83,97,61,9.8
1986-11-11,0.0,9.4,19.3,14.1,1.55,6.2,88,99,64,7.9
1986-11-12,0.0,11.3,19.3,14.3,1.71,7.0,85,98,55,9.9
1986-11-13,0.5,10.4,17.8,13.9,1.04,4.4,87,100,63,6.2
1986-11-14,0.0,12.1,18.4,14.9,1.99,11.6,86,98,66,9.7
1986-11-15,1.2,10.1,17.2,13.4,2.55,11.2,74,100,46,7.6
1986-11-16,1.2,10.3,19.6,14.3,3.23,10.1,77,88,58,9.5
1986-11-17,1.5,14.1,17.3,15.7,2.79,8.9,80,88,75,4.3
1986-11-18,17.2,9.2,15.8,13.7,2.92,10.7,84,94,72,2.0
1986-11-19,0.0,5.9,17.9,11.2,1.43,4.2,82,96,57,9.8
1986-11-20,0.0,7.6,19.9,12.3,1.87,6.7,76,95,43,9.7
1986-11-21,0.0,8.1,19.5,12.3,2.18,6.4,73,89,49,9.7
1986-11-22,0.0,7.9,20.2,13.2,2.26,7.5,77,92,59,9.7
1986-11-23,0.0,8.7,16.0,12.4,3.13,13.8,73,95,51,3.6
1986-11-24,0.0,11.3,18.0,14.0,4.2,12.9,58,70,48,9.7
1986-11-25,0.0,6.1,18.0,12.0,1.57,5.9,80,94,59,9.7
1986-11-26,0.0,7.5,16.7,11.8,1.07,4.1,87,100,67,8.8
1986-11-27,0.0,8.8,16.1,12.3,1.55,5.1,88,97,71,5.7
1986-11-28,1.5,8.7,14.2,12.2,1.53,8.0,87,98,69,4.7
1986-11-29,0.0,6.8,16.5,10.7,1.71,4.8,81,95,56,9.6
1986-11-30,0.0,4.0,15.0,9.3,1.7,6.3,84,96,64,9.1
1986-12-01,0.0,6.3,15.4,10.7,1.49,5.5,82,98,60,9.4
1986-12-02,0.0,7.0,15.3,10.7,1.52,5.6,86,96,68,8.4
1986-12-03,0.0,9.1,15.9,11.8,2.02,8.4,88,98,66,8.8
1986-12-04,0.3,8.5,16.2,11.7,2.1,8.0,86,96,67,9.4
1986-12-05,0.1,7.4,15.6,11.0,1.51,4.7,88,98,68,9.2
1986-12-06,0.0,4.2,15.9,9.6,1.24,4.1,86,99,59,9.4
1986-12-07,0.0,6.5,16.9,10.6,1.28,3.8,78,94,50,8.0
1986-12-08,0.6,3.0,14.3,8.8,1.06,4.4,87,97,66,4.3
1986-12-09,0.0,9.3,14.2,11.0,4.11,12.8,66,94,48,9.1
1986-12-10,0.0,4.8,13.7,8.8,3.33,10.1,58,86,43,9.4
1986-12-11,0.0,2.2,14.8,7.2,1.89,5.3,75,91,44,9.4
1986-12-12,0.0,2.7,12.5,6.7,1.39,4.2,79,91,56,5.0
1986-12-13,0.0,2.2,15.8,8.1,1.58,4.6,78,94,50,8.2
1986-12-14,2.7,8.9,15.8,11.7,3.17,14.3,75,96,51,8.7
1986-12-15,0.0,6.2,17.2,11.0,2.67,8.1,68,82,49,9.4
1986-12-16,0.0,9.6,18.1,12.9,3.38,12.0,71,86,52,9.4
1986-12-17,0.0,5.4,16.0,9.7,2.52,8.4,73,90,44,9.4
1986-12-18,0.0,2.9,17.2,8.5,2.07,5.5,73,88,41,9.4
1986-12-19,0.0,4.0,18.8,10.1,2.29,7.9,63,87,39,9.2
1986-12-20,0.0,5.4,16.8,10.7,1.76,6.9,73,91,55,9.4
1986-12-21,0.0,4.8,16.5,9.8,2.46,10.3,78,97,54,9.1
1986-12-22,1.3,5.4,12.9,10.0,2.51,9.3,69,92,37,7.2
1986-12-23,0.0,3.4,9.1,5.6,3.85,13.1,48,63,30,9.4
1986-12-24,0.0,3.3,10.9,6.3,4.75,14.3,43,55,31,9.4
1986-12-25,0.0,1.0,10.9,5.4,3.02,9.2,51,64,36,9.4
1986-12-26,0.0,5.4,18.1,10.6,4.05,11.9,54,66,41,9.3
1986-12-27,0.0,11.2,16.8,13.1,4.71,14.4,57,66,47,9.3
1986-12-28,0.0,4.4,14.0,9.7,1.75,6.3,68,85,51,9.4
1986-12-29,0.0,0.8,14.7,6.9,1.38,4.0,79,94,51,9.4
1986-12-30,0.0,1.6,16.7,7.4,1.91,5.3,75,93,42,9.4
1986-12-31,0.0,2.1,17.0,7.8,2.26,6.3,67,88,36,9.4
1987-01-01,0.0,2.3,17.8,8.5,2.01,5.3,74,89,48,9.3
1987-01-02,0.0,6.6,18.7,11.4,3.11,10.2,69,90,48,9.3
1987-01-03,0.0,8.1,14.9,11.1,3.73,12.0,61,80,40,9.4
1987-01-04,0.0,3.1,12.7,8.4,1.81,7.9,64,81,52,9.3
1987-01-05,0.0,-0.6,13.9,5.9,1.32,4.0,76,96,44,9.4
1987-01-06,0.0,0.9,17.4,7.3,2.41,7.1,61,87,29,9.5
1987-01-07,0.0,2.9,17.1,9.3,1.94,6.7,55,71,34,9.4
1987-01-08,0.0,4.4,12.0,7.9,1.35,4.3,80,89,67,5.6
1987-01-09,0.9,4.2,13.9,8.8,1.02,4.4,86,98,68,7.9
1987-01-10,4.1,9.8,14.4,12.1,5.91,26.0,70,99,40,8.1
1987-01-11,0.0,4.5,13.3,9.2,4.42,14.4,49,71,34,9.6
1987-01-12,0.0,0.2,13.6,6.7,1.49,9.3,82,98,67,6.7
1987-01-13,2.9,7.1,16.2,11.4,2.43,11.0,86,97,69,8.0
1987-01-14,0.0,2.4,11.7,6.3,6.34,26.4,45,90,24,9.6
1987-01-15,0.0,2.2,10.4,5.3,3.32,11.9,47,67,32,9.6
1987-01-16,0.0,4.1,11.0,7.2,6.06,19.1,46,51,39,9.5
1987-01-17,0.0,3.8,11.0,7.2,3.61,12.9,51,64,37,9.6
1987-01-18,0.0,1.4,13.5,6.0,2.81,9.5,51,70,26,9.6
1987-01-19,0.0,0.3,12.8,6.2,2.07,6.0,55,71,34,9.6
1987-01-20,0.8,0.2,11.1,5.6,2.37,11.0,77,90,59,9.3
1987-01-21,5.7,5.9,10.4,7.8,3.03,11.4,85,91,73,5.4
1987-01-22,4.3,7.6,13.9,9.9,2.55,10.5,84,93,62,9.0
1987-01-23,0.0,8.0,15.0,10.8,2.09,7.2,82,94,55,9.3
1987-01-24,0.1,7.2,13.5,10.1,1.32,5.5,86,96,70,1.1
1987-01-25,0.0,7.1,12.8,9.8,0.94,5.8,87,99,70,8.4
1987-01-26,2.4,5.0,14.2,9.3,0.95,6.9,88,99,72,1.0
1987-01-27,0.0,5.0,19.9,11.5,1.66,6.1,85,98,60,9.7
1987-01-28,1.8,8.8,18.2,12.7,1.21,6.9,87,96,69,6.0
1987-01-29,7.1,9.8,15.7,12.4,2.18,8.2,88,98,64,6.4
1987-01-30,4.0,8.7,15.8,12.1,3.27,12.7,75,97,46,9.2
1987-01-31,0.0,9.6,16.4,12.7,3.03,11.8,69,85,51,9.7
1987-02-01,0.0,3.9,16.9,10.7,1.56,5.1,83,97,58,9.8
1987-02-02,0.0,4.7,16.2,10.6,1.1,5.1,88,99,69,9.2
1987-02-03,3.3,5.9,15.7,10.9,1.38,7.3,83,99,58,8.2
1987-02-04,0.0,5.9,15.9,10.4,2.05,8.3,75,93,48,9.5
1987-02-05,0.0,5.8,15.5,9.9,2.22,7.2,76,88,55,9.9
1987-02-06,0.0,3.7,17.6,10.6,1.62,5.4,74,96,44,10.1
1987-02-07,0.0,3.5,19.3,10.0,1.82,6.2,73,94,41,10.1
1987-02-08,0.0,6.4,19.7,11.9,1.74,5.3,78,91,56,10.2
1987-02-09,0.0,4.7,17.9,11.3,1.31,7.1,84,98,61,10.1
1987-02-10,0.0,5.1,15.7,10.6,2.11,10.2,70,97,38,10.1
1987-02-11,4.5,7.3,16.4,11.6,2.22,9.3,77,94,51,8.5
1987-02-12,0.9,8.8,13.8,10.8,7.14,21.4,55,89,29,10.5
1987-02-13,0.0,7.4,17.6,12.1,4.34,14.3,58,76,43,10.5
1987-02-14,0.0,9.9,18.5,13.7,3.62,12.1,62,81,38,10.6
1987-02-15,0.0,8.2,19.0,13.0,3.27,11.3,58,76,38,10.5
1987-02-16,0.0,8.6,18.1,12.7,2.79,10.3,63,82,39,10.7
1987-02-17,2.8,9.7,19.6,13.9,1.55,7.2,70,89,45,10.5
1987-02-18,5.3,6.3,16.3,10.3,1.72,11.0,78,94,49,9.8
1987-02-19,0.0,2.9,10.1,6.3,5.81,17.4,42,70,28,10.4
1987-02-20,0.0,0.8,11.3,5.6,2.68,10.8,48,66,26,10.7
1987-02-21,7.7,1.0,7.7,4.1,1.69,5.8,76,94,48,0.5
1987-02-22,3.0,1.8,12.5,6.7,3.09,10.7,68,95,38,10.8
1987-02-23,0.0,-0.4,12.4,6.4,1.69,6.1,67,86,48,10.8
1987-02-24,0.2,4.4,16.8,10.8,1.11,3.9,82,96,64,10.7
1987-02-25,4.4,8.6,18.7,13.0,2.87,15.8,79,100,49,9.1
1987-02-26,0.0,9.3,18.3,13.3,2.79,15.4,59,86,40,10.8
1987-02-27,0.0,5.1,22.8,13.2,1.68,5.9,72,96,41,10.9
1987-02-28,0.0,11.7,25.0,17.4,2.88,10.9,68,82,47,10.9
1987-03-01,0.0,11.3,25.7,17.7,2.28,9.0,69,89,39,10.9
1987-03-02,0.0,8.8,27.7,17.1,2.19,7.0,65,91,33,10.9
1987-03-03,0.0,14.0,25.7,19.3,3.61,15.4,56,73,36,10.9
1987-03-04,0.0,12.6,24.9,17.9,2.21,7.7,67,86,41,10.9
1987-03-05,0.0,8.4,24.4,16.0,1.26,6.3,75,98,41,11.0
1987-03-06,0.0,10.1,17.7,13.6,1.65,7.4,83,99,61,10.5
1987-03-07,0.0,8.2,19.8,13.5,1.13,6.6,81,99,57,10.1
1987-03-08,0.0,9.5,23.5,15.7,1.75,8.6,76,94,47,11.1
1987-03-09,0.2,10.5,24.1,16.8,2.47,8.3,69,99,36,7.6
1987-03-10,0.0,9.1,18.6,14.1,2.22,8.6,75,89,58,10.9
1987-03-11,0.2,11.1,16.3,13.3,2.09,8.2,82,97,63,6.7
1987-03-12,2.7,9.4,15.8,12.3,3.6,13.4,75,91,56,8.7
1987-03-13,0.7,8.2,15.8,11.7,2.59,8.4,71,89,49,8.2
1987-03-14,0.0,4.0,19.3,11.9,1.21,5.6,70,97,40,11.5
1987-03-15,0.1,9.0,13.4,10.9,2.92,10.8,69,92,49,6.6
1987-03-16,0.0,3.4,15.4,9.6,1.77,7.6,63,92,34,11.7
1987-03-17,0.0,1.8,14.4,8.7,2.3,9.1,70,90,50,11.7
1987-03-18,0.0,2.4,16.4,9.6,1.5,7.3,72,98,42,11.7
1987-03-19,0.0,2.9,20.1,11.9,1.72,9.2,73,98,41,11.7
1987-03-20,0.1,8.2,15.1,11.3,2.46,8.3,65,91,40,9.1
1987-03-21,1.3,4.1,16.9,10.7,1.43,7.0,74,93,50,11.8
1987-03-22,0.0,5.6,18.7,11.8,2.43,10.2,68,96,30,11.8
1987-03-23,0.0,6.3,19.3,12.9,1.64,9.7,73,98,39,11.9
1987-03-24,0.0,4.7,21.8,13.8,1.86,8.9,69,98,32,11.9
1987-03-25,1.4,7.8,23.4,15.6,1.54,7.2,61,89,30,11.0
1987-03-26,0.4,12.1,21.6,16.2,2.1,9.6,71,90,44,11.5
1987-03-27,0.0,7.8,23.0,15.6,1.65,9.1,77,99,49,12.0
1987-03-28,0.0,8.6,26.2,17.1,3.05,14.8,66,95,35,11.7
1987-03-29,0.0,10.3,16.8,13.8,6.57,20.2,29,51,15,12.0
1987-03-30,0.0,6.7,17.0,11.6,6.05,17.6,27,36,16,12.0
1987-03-31,0.0,6.4,19.3,12.8,3.97,11.9,36,55,22,12.0
1987-04-01,0.0,9.2,21.6,15.2,3.09,10.8,40,77,21,12.0
1987-04-02,0.0,7.7,22.7,15.4,2.62,10.7,56,83,32,12.0
1987-04-03,2.8,10.8,15.7,12.8,3.09,14.1,64,79,45,2.3
1987-04-04,0.0,5.3,18.6,12.7,2.98,10.4,61,91,37,10.9
1987-04-05,0.0,10.6,21.5,15.9,1.47,9.8,72,94,48,10.6
1987-04-06,0.0,8.4,23.9,16.6,1.7,8.1,70,95,43,12.1
1987-04-07,0.0,9.3,25.7,18.2,1.52,9.1,68,97,38,11.8
1987-04-08,0.0,11.1,26.8,19.5,1.84,8.6,62,91,36,12.2
1987-04-09,0.0,10.6,25.2,18.3,3.06,11.8,52,90,22,12.2
1987-04-10,0.0,12.0,22.6,17.4,2.86,9.8,39,59,21,12.0
1987-04-11,0.0,11.3,23.4,16.9,3.11,12.4,39,58,20,12.2
1987-04-12,0.5,11.8,24.0,17.8,3.94,13.7,42,60,26,12.1
1987-04-13,0.0,12.9,23.9,17.7,3.12,13.0,42,70,22,12.4
1987-04-14,0.0,8.2,20.1,14.5,2.12,10.9,65,92,40,12.3
1987-04-15,0.0,8.4,18.9,13.9,2.46,11.8,60,94,32,12.5
1987-04-16,0.0,5.5,19.8,13.1,2.09,9.3,61,89,33,12.4
1987-04-17,0.0,4.9,21.8,14.1,1.6,8.7,54,88,26,12.1
1987-04-18,0.0,7.6,23.9,15.7,1.6,9.3,57,91,25,12.6
1987-04-19,0.0,7.7,26.8,17.7,1.65,9.6,51,88,21,12.5
1987-04-20,0.0,9.2,27.7,19.1,1.56,8.8,46,80,21,12.4
1987-04-21,0.0,14.3,25.0,19.3,1.84,9.0,50,76,36,10.2
1987-04-22,0.0,11.5,28.9,20.7,1.48,6.7,54,90,29,12.3
1987-04-23,0.0,12.8,24.4,19.0,2.66,12.0,57,83,37,12.2
1987-04-24,0.3,14.4,26.3,19.4,1.86,10.4,61,86,39,12.4
1987-04-25,0.0,13.9,23.1,17.9,1.88,8.7,75,99,47,12.5
1987-04-26,0.0,10.3,24.4,17.7,1.79,9.0,68,98,39,12.5
1987-04-27,0.0,11.3,27.5,19.6,2.5,12.7,53,89,25,12.2
1987-04-28,0.0,13.1,26.0,19.7,1.93,10.3,50,75,33,11.3
1987-04-29,0.5,14.2,24.4,18.8,2.06,7.6,65,84,45,12.0
1987-04-30,0.0,13.5,23.5,18.1,1.64,8.3,68,92,47,12.6
1987-05-01,0.0,12.5,23.2,17.9,2.02,10.0,59,86,37,12.3
1987-05-02,0.0,11.1,24.1,17.8,1.7,8.4,62,91,37,12.6
1987-05-03,0.0,13.0,28.1,20.1,1.57,9.2,58,85,35,12.0
1987-05-04,0.7,13.1,20.8,16.6,2.31,12.2,53,83,27,8.9
1987-05-05,0.0,8.9,22.1,14.6,3.18,11.9,40,72,20,13.7
1987-05-06,0.0,6.8,21.8,14.9,1.76,9.0,53,84,30,13.8
1987-05-07,0.0,8.6,26.6,18.0,2.14,10.1,52,89,23,13.8
1987-05-08,0.0,11.0,23.7,17.6,2.71,11.6,57,84,35,13.8
1987-05-09,0.0,9.7,25.4,18.1,2.12,10.2,52,86,27,13.9
1987-05-10,0.0,11.3,26.3,19.3,1.69,7.7,52,82,28,12.6
1987-05-11,0.0,15.7,27.7,21.9,2.49,9.6,42,60,29,13.9
1987-05-12,0.0,13.0,27.3,20.9,2.08,10.0,51,75,27,14.0
1987-05-13,0.0,12.6,29.9,21.6,2.23,9.4,54,90,20,14.0
1987-05-14,1.3,15.3,22.6,18.4,3.02,9.8,65,82,43,13.0
1987-05-15,0.0,14.9,25.4,19.8,1.75,9.9,63,91,34,13.6
1987-05-16,0.1,12.8,23.8,19.0,2.32,11.5,58,81,40,12.0
1987-05-17,1.2,11.5,23.6,18.3,1.62,8.2,62,97,32,13.9
1987-05-18,0.0,12.7,22.8,18.3,1.99,8.6,62,83,43,14.0
1987-05-19,0.0,12.3,25.6,18.9,1.6,8.7,64,96,34,14.0
1987-05-20,0.0,14.9,22.2,18.3,1.76,9.0,65,90,46,12.0
1987-05-21,0.0,10.6,25.1,18.3,1.99,9.8,52,91,23,14.0
1987-05-22,0.5,10.4,24.0,17.6,2.18,10.3,54,80,31,13.6
1987-05-23,0.6,13.6,22.9,18.2,1.64,8.4,74,98,50,12.6
1987-05-24,0.0,14.1,25.8,19.8,1.64,9.3,68,96,36,13.6
1987-05-25,0.0,14.0,25.3,19.6,2.56,11.8,67,98,37,11.8
1987-05-26,0.0,12.4,28.0,21.2,1.86,10.5,53,88,32,14.0
1987-05-27,0.5,15.5,29.5,22.6,1.6,8.4,52,79,28,11.0
1987-05-28,1.1,15.5,26.1,20.5,1.98,10.6,64,91,33,14.0
1987-05-29,0.0,13.5,26.3,19.9,2.08,10.6,62,95,25,14.0
1987-05-30,0.0,12.3,28.5,20.7,1.97,12.0,64,96,32,14.0
1987-05-31,0.0,14.9,29.2,21.9,1.75,9.5,63,93,38,14.0
1987-06-01,0.0,15.0,27.7,21.6,2.2,9.9,57,88,33,14.0
1987-06-02,0.0,14.3,27.4,21.3,2.2,9.6,58,89,32,14.0
1987-06-03,0.0,15.5,32.8,24.4,1.72,9.6,59,88,33,14.0
1987-06-04,0.0,19.6,34.5,26.7,2.43,10.0,44,69,23,14.0
1987-06-05,0.0,18.0,28.9,23.7,2.74,10.9,64,88,44,14.0
1987-06-06,0.0,16.4,30.4,23.5,1.86,9.9,64,96,34,14.0
1987-06-07,0.0,17.5,33.9,26.0,1.71,9.9,58,90,31,14.0
1987-06-08,0.0,22.0,31.0,26.6,2.92,10.3,40,71,25,14.0
1987-06-09,0.4,15.4,25.9,21.2,2.23,11.0,51,78,23,14.0
1987-06-10,0.0,15.3,26.7,20.4,2.08,11.3,67,93,36,12.3
1987-06-11,0.0,15.2,29.4,22.1,1.97,9.4,60,96,26,13.9
1987-06-12,0.0,17.3,28.7,23.0,2.09,10.2,58,81,37,14.0
1987-06-13,0.0,16.5,32.0,24.8,1.5,9.5,54,88,28,14.0
1987-06-14,1.1,18.0,31.5,24.8,2.44,10.5,43,61,26,13.3
1987-06-15,0.0,17.0,28.8,23.1,2.69,11.0,28,42,16,14.0
1987-06-16,0.0,14.8,27.5,21.6,2.86,11.1,46,72,25,14.0
1987-06-17,0.0,15.4,27.3,21.3,2.32,10.4,58,87,31,14.0
1987-06-18,0.0,14.7,27.3,21.5,2.32,11.4,57,88,31,13.6
1987-06-19,0.0,17.4,33.9,25.5,1.63,9.7,46,77,19,14.0
1987-06-20,0.0,21.6,31.9,26.3,3.27,13.4,44,70,28,14.0
1987-06-21,0.0,17.1,28.4,22.9,2.65,10.3,60,89,37,14.0
1987-06-22,0.0,16.6,27.6,22.0,2.65,11.0,62,88,40,13.8
1987-06-23,0.0,16.0,27.6,21.8,2.64,11.8,60,85,38,14.0
1987-06-24,0.0,15.7,28.3,22.5,2.62,11.6,57,86,34,13.9
1987-06-25,0.0,16.8,29.3,23.6,2.64,12.5,52,80,31,13.8
1987-06-26,0.0,16.8,31.4,24.5,1.83,8.1,52,82,29,14.0
1987-06-27,0.0,17.0,29.8,24.4,2.29,10.3,51,80,34,14.0
1987-06-28,0.0,17.0,30.9,24.2,2.26,11.2,52,83,31,14.0
1987-06-29,0.0,17.2,30.8,24.5,2.07,10.8,46,74,28,11.9
1987-06-30,0.0,18.5,30.7,24.7,2.01,10.9,52,69,38,14.0
1987-07-01,0.0,17.0,30.9,24.5,1.92,9.7,55,86,32,14.0
1987-07-02,0.0,16.6,31.9,24.8,2.76,12.2,53,82,32,14.0
1987-07-03,0.0,19.1,32.2,25.9,2.45,10.8,50,73,32,14.0
1987-07-04,0.0,19.6,32.7,26.5,2.06,10.0,52,79,33,14.0
1987-07-05,0.0,18.6,33.3,26.8,2.07,11.0,52,85,30,14.0
1987-07-06,0.0,21.0,31.6,26.1,2.12,11.5,55,75,33,13.7
1987-07-07,0.0,19.4,32.6,26.0,2.06,9.4,59,86,34,14.0
1987-07-08,0.0,19.3,32.5,25.9,2.06,9.6,62,88,39,14.0
1987-07-09,0.0,18.9,32.1,25.9,2.87,13.0,64,92,40,14.0
1987-07-10,0.0,20.0,31.9,26.2,2.56,11.3,58,89,33,14.0
1987-07-11,0.0,19.4,33.4,26.5,2.06,10.5,55,81,35,14.0
1987-07-12,1.3,20.3,30.9,25.4,2.31,9.7,60,80,37,14.0
1987-07-13,0.8,20.2,31.2,25.4,2.09,9.4,64,92,38,14.0
1987-07-14,0.1,19.0,32.3,25.9,1.99,8.4,60,90,34,14.0
1987-07-15,5.6,20.7,29.4,24.6,2.14,10.4,72,95,48,11.0
1987-07-16,0.0,18.5,33.7,26.6,1.65,9.3,62,95,35,13.8
1987-07-17,0.0,22.6,33.7,28.3,2.52,11.3,45,63,32,14.0
1987-07-18,0.0,21.2,34.5,28.2,2.53,11.6,47,72,30,14.0
1987-07-19,0.0,22.8,30.4,26.0,3.28,12.3,67,89,44,13.0
1987-07-20,0.2,22.3,30.2,25.7,2.68,10.4,72,91,51,13.2
1987-07-21,0.0,21.2,29.8,25.1,2.24,10.2,74,97,51,13.1
1987-07-22,0.0,20.2,30.9,25.2,2.13,8.6,68,91,45,13.1
1987-07-23,0.0,20.3,31.2,25.7,1.96,10.6,70,96,45,13.7
1987-07-24,0.0,19.3,32.1,25.4,2.09,9.5,65,94,38,13.8
1987-07-25,0.0,20.8,29.9,24.7,2.45,11.7,66,93,40,13.2
1987-07-26,0.0,18.4,30.6,24.4,2.07,10.5,64,90,35,13.6
1987-07-27,0.3,19.5,28.2,24.0,2.56,11.0,72,94,50,13.1
1987-07-28,0.0,19.7,30.1,24.6,2.12,10.1,70,95,45,13.1
1987-07-29,0.0,18.2,31.4,24.7,2.09,9.7,66,95,38,13.5
1987-07-30,2.5,20.2,30.0,24.6,1.68,8.7,73,96,46,13.0
1987-07-31,0.2,21.0,28.7,24.1,2.24,9.8,70,89,44,12.4
1987-08-01,0.0,17.0,29.3,23.7,2.2,10.1,62,93,36,13.6
1987-08-02,0.0,16.1,31.3,24.3,1.97,9.6,56,89,33,13.6
1987-08-03,0.0,16.3,33.1,25.1,1.79,9.1,57,91,26,11.8
1987-08-04,0.0,18.9,36.5,27.7,1.55,9.7,53,87,25,13.5
1987-08-05,0.0,20.3,35.2,27.8,2.06,9.4,58,83,35,13.6
1987-08-06,0.0,20.5,35.5,28.0,1.72,9.2,58,97,23,13.3
1987-08-07,0.0,22.4,33.6,28.0,2.43,10.6,34,48,24,13.6
1987-08-08,0.0,19.0,31.0,25.3,2.47,10.0,59,88,39,13.4
1987-08-09,0.0,18.9,30.7,25.1,1.75,8.4,66,94,42,13.0
1987-08-10,0.0,20.3,31.1,25.9,2.52,11.6,64,93,39,12.5
1987-08-11,0.0,19.9,34.4,27.5,2.15,10.4,55,81,33,13.3
1987-08-12,0.0,19.9,35.9,28.1,1.91,9.4,55,89,25,13.3
1987-08-13,0.0,20.1,36.0,28.5,2.13,10.3,48,78,23,13.2
1987-08-14,0.0,20.5,34.9,27.9,1.92,9.2,55,76,35,12.9
1987-08-15,0.0,20.8,35.5,28.2,1.65,8.2,63,92,35,13.0
1987-08-16,0.0,20.5,37.5,29.3,1.66,8.6,57,93,28,13.1
1987-08-17,0.0,23.5,38.2,30.4,2.29,11.3,42,73,19,13.1
1987-08-18,0.0,20.8,33.5,27.6,2.21,9.1,58,84,37,13.0
1987-08-19,0.0,19.8,33.3,27.1,1.87,9.8,59,90,35,13.0
1987-08-20,0.0,19.9,35.1,27.6,1.71,9.4,52,85,23,13.0
1987-08-21,0.0,20.6,33.6,27.5,1.65,9.1,57,81,37,12.7
1987-08-22,0.0,19.1,34.5,26.9,1.86,8.9,62,96,28,12.5
1987-08-23,0.0,20.0,32.2,26.3,1.62,9.2,69,98,43,12.1
1987-08-24,0.0,19.0,34.0,26.9,2.4,10.5,42,84,16,12.7
1987-08-25,0.0,20.4,28.8,25.1,2.71,10.0,53,78,24,12.3
1987-08-26,0.0,19.7,29.3,24.4,2.26,10.2,69,92,42,11.2
1987-08-27,0.0,19.0,32.3,25.5,2.21,11.3,68,95,35,12.2
1987-08-28,21.4,22.7,24.5,23.5,3.84,14.6,81,94,72,2.9
1987-08-29,4.7,21.3,27.2,23.9,4.2,14.4,71,81,54,7.2
1987-08-30,1.4,19.7,28.1,23.7,2.55,12.4,75,87,61,9.7
1987-08-31,0.0,17.9,29.9,24.0,1.4,7.6,78,97,53,12.1
1987-09-01,0.0,19.9,31.9,25.7,1.54,5.9,71,97,39,12.1
1987-09-02,0.0,20.1,28.9,24.1,2.14,8.6,79,98,54,12.0
1987-09-03,0.0,20.4,29.4,24.2,1.61,7.4,77,96,51,12.0
1987-09-04,0.0,18.9,29.8,24.0,1.62,8.2,78,99,51,12.0
1987-09-05,0.0,18.6,30.0,24.1,1.37,6.2,76,100,48,11.8
1987-09-06,0.0,18.9,30.3,24.8,2.04,8.8,74,96,52,12.0
1987-09-07,0.0,20.4,29.7,24.4,1.61,8.2,74,97,48,11.6
1987-09-08,0.0,16.9,31.4,24.3,1.47,7.4,65,97,31,12.0
1987-09-09,0.0,16.1,30.1,23.6,1.42,7.8,69,94,43,12.0
1987-09-10,0.0,17.8,30.1,23.9,1.43,7.4,73,96,46,11.2
1987-09-11,0.0,18.8,29.8,24.2,1.5,7.2,74,99,47,12.0
1987-09-12,0.0,17.3,32.5,24.8,1.3,6.6,66,96,31,12.0
1987-09-13,0.0,17.2,33.3,25.1,1.41,7.4,66,97,30,12.0
1987-09-14,0.0,15.7,33.2,24.4,1.82,8.5,62,93,24,12.0
1987-09-15,0.0,16.2,33.3,24.3,2.02,10.1,60,88,23,12.0
1987-09-16,0.0,16.2,31.0,23.8,1.78,8.8,65,94,33,12.0
1987-09-17,0.0,17.5,31.9,24.4,2.2,10.0,67,91,41,12.0
1987-09-18,0.0,17.1,31.8,24.6,1.89,9.0,62,94,27,12.0
1987-09-19,0.0,15.6,31.1,23.6,1.8,8.5,63,87,32,12.0
1987-09-20,0.0,17.3,31.6,24.6,1.27,6.6,70,95,42,12.0
1987-09-21,0.4,19.0,32.4,25.4,1.57,9.3,71,100,39,12.0
1987-09-22,0.0,18.1,32.1,25.2,1.57,6.4,62,94,30,12.0
1987-09-23,0.0,17.7,33.1,25.3,1.65,7.9,58,87,26,12.0
1987-09-24,0.0,17.5,32.5,25.1,1.78,6.9,53,84,25,11.9
1987-09-25,0.0,17.8,33.7,26.2,1.85,11.7,50,79,26,11.5
1987-09-26,0.0,21.0,32.2,27.2,2.07,10.5,45,65,32,10.9
1987-09-27,0.0,19.8,31.0,25.4,1.61,7.2,58,79,38,11.5
1987-09-28,0.0,19.5,28.6,24.2,1.81,8.1,71,93,51,8.7
1987-09-29,7.3,19.6,26.7,22.9,1.25,7.7,83,98,61,9.3
1987-09-30,3.1,17.8,28.1,22.0,1.31,8.5,83,99,54,11.1
1987-10-01,1.0,20.3,23.8,21.8,1.88,6.8,87,97,77,7.2
1987-10-02,0.1,19.0,26.5,22.4,1.58,7.9,81,98,60,10.8
1987-10-03,0.3,18.9,25.6,22.1,1.73,9.5,82,98,62,10.8
1987-10-04,8.9,18.3,22.6,20.3,1.57,9.0,88,98,72,3.5
1987-10-05,18.6,17.9,25.5,21.1,1.84,8.0,74,98,43,11.4
1987-10-06,0.0,12.6,24.9,18.8,1.93,7.1,64,88,37,11.0
1987-10-07,0.0,12.4,24.6,18.4,2.11,6.9,69,89,44,11.0
1987-10-08,0.0,13.3,26.6,19.7,1.83,7.9,70,89,41,11.1
1987-10-09,0.0,13.1,24.4,18.6,2.08,9.2,77,92,52,10.1
1987-10-10,3.2,13.9,22.4,18.8,4.1,12.7,67,93,37,9.3
1987-10-11,0.0,11.6,20.7,15.8,3.85,13.8,49,61,34,10.8
1987-10-12,0.0,10.5,23.2,16.6,2.15,8.6,66,89,38,10.9
1987-10-13,0.0,10.7,22.8,16.6,1.79,6.1,67,88,41,9.4
1987-10-14,0.0,10.4,22.8,16.4,1.67,6.3,76,94,48,8.2
1987-10-15,0.0,12.4,24.5,18.2,1.33,7.5,73,97,44,8.2
1987-10-16,0.0,13.0,28.0,20.2,1.94,9.2,61,81,35,10.3
1987-10-17,0.0,14.5,23.5,18.7,2.54,10.0,50,79,31,10.7
1987-10-18,0.0,10.6,22.5,16.7,1.75,7.9,75,94,51,9.9
1987-10-19,0.0,13.4,23.3,18.2,1.29,6.4,82,96,61,8.5
1987-10-20,0.0,14.9,23.8,18.8,1.23,7.8,81,100,57,8.3
1987-10-21,0.0,13.7,21.5,17.8,1.89,5.9,54,69,39,9.3
1987-10-22,0.2,14.9,19.6,17.2,1.98,8.0,71,81,63,0.1
1987-10-23,1.4,15.7,22.7,18.7,1.05,7.2,82,99,60,8.9
1987-10-24,0.5,15.9,24.8,19.6,1.49,12.3,80,97,53,7.6
1987-10-25,0.0,15.7,24.8,19.5,2.0,7.8,77,91,56,10.0
1987-10-26,0.0,13.3,26.2,19.1,2.11,8.8,75,94,48,10.0
1987-10-27,0.0,16.3,26.1,20.2,2.41,10.4,69,88,45,10.1
1987-10-28,0.0,12.4,22.8,17.5,1.94,7.6,70,90,44,10.2
1987-10-29,0.0,10.7,20.8,15.5,2.03,7.2,66,95,35,10.2
1987-10-30,0.0,7.9,21.7,14.6,1.26,6.7,73,92,45,10.0
1987-10-31,0.0,9.1,23.5,16.4,1.02,4.8,73,98,40,9.6
1987-11-01,0.0,10.6,21.9,16.0,1.62,7.8,76,92,53,7.9
1987-11-02,0.0,11.6,22.8,17.1,2.0,10.1,80,95,55,10.0
1987-11-03,7.8,16.1,21.4,18.2,2.91,13.4,85,95,71,5.9
1987-11-04,26.9,15.9,19.8,17.3,1.65,6.3,95,99,87,4.5
1987-11-05,32.6,15.6,17.2,16.4,3.36,12.5,92,100,84,0.4
1987-11-06,0.7,14.1,19.1,16.3,3.11,12.2,81,94,61,9.4
1987-11-07,7.1,15.6,17.9,16.6,3.13,10.2,90,98,80,0.0
1987-11-08,2.0,15.2,20.1,17.1,1.74,8.4,83,99,60,9.5
1987-11-09,0.0,11.7,21.0,16.2,2.28,9.1,72,91,50,9.3
1987-11-10,0.0,14.0,20.2,16.5,3.99,13.0,61,76,43,9.9
1987-11-11,0.0,12.7,21.2,16.0,2.48,9.2,64,85,44,9.9
1987-11-12,0.0,7.8,21.5,13.7,1.6,5.0,79,94,49,9.9
1987-11-13,0.0,7.6,21.6,13.5,1.71,5.1,76,91,46,9.8
1987-11-14,0.0,9.1,16.4,12.8,3.68,14.6,67,91,42,9.8
1987-11-15,0.0,8.9,17.6,12.7,3.66,11.4,55,79,40,9.8
1987-11-16,0.0,6.4,19.6,12.1,1.71,5.9,73,86,50,9.8
1987-11-17,0.0,6.0,18.1,11.6,1.29,4.7,82,96,57,9.5
1987-11-18,0.0,5.8,18.5,11.7,1.25,4.2,81,97,56,9.8
1987-11-19,0.0,5.1,18.5,11.3,1.15,3.9,79,97,50,9.8
1987-11-20,0.0,5.7,22.6,12.6,2.51,9.4,67,94,36,9.8
1987-11-21,0.0,8.1,16.1,12.4,2.21,9.3,69,88,47,9.7
1987-11-22,0.0,4.2,15.7,10.0,1.54,5.7,74,94,47,8.6
1987-11-23,0.0,4.6,15.8,10.1,2.99,12.8,68,91,48,9.6
1987-11-24,0.0,6.2,12.5,9.0,4.46,13.8,48,60,36,9.7
1987-11-25,0.0,0.5,13.6,7.1,2.33,9.8,62,87,38,9.7
1987-11-26,0.0,6.1,15.2,9.4,3.45,10.9,58,71,38,9.7
1987-11-27,0.0,5.7,13.6,8.9,4.0,12.6,58,77,36,9.4
1987-11-28,0.0,6.2,13.2,8.9,4.02,13.0,54,65,39,9.6
1987-11-29,0.0,1.6,14.2,7.0,2.0,5.5,68,87,38,9.6
1987-11-30,0.0,1.3,13.0,6.6,1.77,5.3,69,88,42,8.9
1987-12-01,0.0,0.0,13.7,6.4,1.33,4.0,76,94,49,9.6
1987-12-02,1.2,3.5,12.4,8.1,1.77,6.9,84,95,73,2.9
1987-12-03,2.5,8.8,15.4,11.4,1.86,9.6,88,94,79,0.0
1987-12-04,4.7,9.9,16.1,12.4,0.91,6.5,94,98,89,0.0
1987-12-05,0.0,6.3,16.8,11.5,1.89,6.0,76,99,45,9.5
1987-12-06,0.0,4.6,16.4,10.0,1.38,3.7,76,93,51,9.4
1987-12-07,13.7,4.6,13.4,9.2,1.63,5.2,89,96,74,0.2
1987-12-08,1.2,8.9,14.9,11.8,1.52,4.5,89,97,74,5.4
1987-12-09,6.0,9.6,15.2,12.4,3.15,16.3,87,99,64,6.7
1987-12-10,0.2,6.9,14.1,10.6,1.23,5.8,85,94,76,1.9
1987-12-11,0.5,5.5,18.0,11.4,1.18,4.0,89,99,66,7.7
1987-12-12,4.1,9.6,19.8,14.7,0.9,5.4,85,99,60,8.0
1987-12-13,0.4,8.5,17.1,12.9,0.88,9.7,88,98,74,3.7
1987-12-14,0.0,6.7,18.1,12.0,2.45,9.6,77,95,48,9.2
1987-12-15,0.2,8.5,19.6,13.1,1.49,5.0,84,96,65,8.2
1987-12-16,0.0,8.3,20.8,13.1,1.74,5.5,86,98,60,8.6
1987-12-17,0.0,7.8,20.5,13.0,2.09,6.7,81,95,60,9.1
1987-12-18,0.0,7.0,20.4,12.1,1.64,4.5,84,98,58,9.4
1987-12-19,0.0,8.5,19.1,13.0,1.85,5.5,82,95,61,8.8
1987-12-20,0.0,8.1,16.1,11.8,1.27,5.4,90,99,73,4.9
1987-12-21,0.0,8.9,16.9,12.1,1.46,4.7,90,100,69,7.6
1987-12-22,0.0,5.4,18.0,11.1,1.18,3.9,87,99,62,9.2
1987-12-23,0.0,7.1,15.9,11.0,1.65,5.0,84,97,61,9.0
1987-12-24,0.0,8.1,15.2,11.4,1.16,4.0,85,97,64,8.7
1987-12-25,0.0,3.9,15.7,9.2,1.34,4.6,85,99,62,9.2
1987-12-26,0.0,5.3,14.4,9.1,2.07,5.6,83,91,64,8.0
1987-12-27,0.0,7.7,14.7,10.8,2.0,7.5,83,91,66,5.6
1987-12-28,0.0,7.2,14.3,10.6,1.1,4.0,85,99,66,8.6
1987-12-29,0.0,1.9,16.0,7.9,1.61,4.7,81,99,49,9.2
1987-12-30,0.0,1.3,15.5,7.2,1.62,4.4,77,94,46,9.4
1987-12-31,3.2,0.6,13.0,5.9,1.75,10.7,81,96,52,7.3
1988-01-01,0.2,7.1,14.0,9.5,3.68,11.8,68,79,50,9.3
1988-01-02,0.0,3.7,16.4,9.0,2.07,5.7,75,89,53,9.0
1988-01-03,0.0,6.6,18.1,11.1,3.08,12.5,74,94,46,9.2
1988-01-04,0.0,4.9,17.6,10.3,1.98,7.1,79,92,53,9.4
1988-01-05,0.0,2.8,16.1,8.8,1.11,3.8,83,98,58,8.5
1988-01-06,0.1,4.4,18.1,10.3,1.76,6.8,78,94,56,7.3
1988-01-07,0.0,7.8,13.3,10.1,4.14,13.9,60,74,41,9.5
1988-01-08,0.0,3.6,15.5,8.8,2.81,8.7,57,70,37,9.5
1988-01-09,0.0,5.2,16.4,9.9,1.82,5.8,71,87,54,9.4
1988-01-10,0.0,3.5,16.9,9.4,1.22,4.1,85,97,61,9.4
1988-01-11,0.2,5.2,14.3,9.4,1.12,5.6,91,100,76,3.2
1988-01-12,0.4,7.0,15.1,10.9,1.27,5.7,86,100,54,8.8
1988-01-13,1.9,5.7,14.1,9.7,1.18,7.7,89,100,65,5.1
1988-01-14,2.4,8.1,14.1,10.1,1.44,5.7,86,98,56,6.0
1988-01-15,0.0,8.0,16.5,11.3,2.21,8.7,89,99,65,9.1
1988-01-16,2.3,7.4,15.4,10.7,2.46,10.5,86,100,67,6.3
1988-01-17,14.1,9.5,14.6,12.3,3.53,14.2,84,93,71,7.6
1988-01-18,3.8,6.6,15.4,10.3,1.49,4.8,89,98,67,8.7
1988-01-19,4.6,7.5,15.3,11.2,1.42,7.6,85,98,59,8.2
1988-01-20,0.7,7.7,16.1,11.4,3.35,11.6,73,94,49,9.4
1988-01-21,0.0,6.5,14.5,10.3,3.61,12.6,64,78,46,9.5
1988-01-22,0.1,6.6,17.9,11.5,3.05,11.2,65,79,51,8.8
1988-01-23,0.0,9.5,18.6,13.1,3.66,11.2,67,84,50,9.6
1988-01-24,0.0,6.6,16.9,10.8,2.76,9.7,76,91,54,9.7
1988-01-25,0.0,4.9,17.5,10.9,1.49,5.9,83,97,62,2.0
1988-01-26,0.0,7.8,19.2,13.4,1.19,4.3,82,96,60,8.7
1988-01-27,0.0,7.1,18.0,12.5,1.21,6.9,85,99,63,8.6
1988-01-28,0.2,6.5,19.6,12.6,1.34,5.2,81,99,57,8.8
1988-01-29,0.5,4.7,19.8,11.9,2.34,10.6,74,93,50,9.7
1988-01-30,0.0,9.6,17.6,14.2,4.35,17.2,59,82,38,9.7
1988-01-31,0.0,5.2,18.0,10.9,2.12,8.9,73,89,48,9.7
1988-02-01,0.0,4.6,19.1,10.9,1.44,5.0,81,97,54,9.8
1988-02-02,0.0,8.5,15.1,11.0,2.6,8.6,66,87,42,8.2
1988-02-03,0.0,4.3,14.8,9.4,1.27,4.3,70,94,40,9.9
1988-02-04,0.5,1.7,17.0,9.0,2.14,10.5,72,93,44,9.3
1988-02-05,0.0,5.2,19.5,11.4,2.56,9.1,73,91,46,10.0
1988-02-06,0.5,3.3,18.4,10.3,2.33,11.5,73,97,42,9.9
1988-02-07,0.0,7.7,14.4,10.5,5.44,16.8,47,61,29,10.1
1988-02-08,0.0,5.4,17.5,11.0,3.32,10.9,54,68,42,10.1
1988-02-09,0.0,10.5,20.7,14.6,3.56,11.3,63,74,46,10.3
1988-02-10,0.0,9.5,18.1,13.5,3.04,11.2,63,81,41,10.3
1988-02-11,0.0,3.7,16.9,9.9,2.11,9.9,80,96,56,10.4
1988-02-12,0.0,5.3,17.4,11.1,2.06,9.3,66,96,35,10.5
1988-02-13,0.0,2.3,17.4,9.4,1.61,6.3,71,91,41,10.6
1988-02-14,0.0,2.1,15.0,8.9,1.62,7.9,79,95,53,10.6
1988-02-15,0.0,5.9,14.8,9.9,3.51,14.2,78,96,53,10.6
1988-02-16,2.6,9.8,14.3,11.5,4.62,14.9,77,91,65,3.7
1988-02-17,17.9,10.0,14.0,11.4,2.88,11.3,89,93,78,5.0
1988-02-18,0.0,6.1,17.1,11.2,1.54,5.6,79,97,49,10.7
1988-02-19,0.0,3.6,17.5,10.3,1.48,5.5,78,95,51,10.7
1988-02-20,0.0,2.7,17.1,9.7,1.79,8.1,80,99,49,10.7
1988-02-21,0.0,6.7,15.4,10.5,1.72,7.0,81,100,51,10.7
1988-02-22,0.0,6.3,14.9,10.7,1.81,7.4,79,94,57,4.7
1988-02-23,0.0,8.3,17.1,12.3,1.04,5.1,81,96,56,10.3
1988-02-24,0.0,7.9,18.5,12.8,3.06,11.4,65,89,40,10.8
1988-02-25,0.0,7.7,13.5,10.3,3.98,14.4,40,57,24,10.8
1988-02-26,0.0,3.5,12.5,7.8,4.12,13.0,37,51,25,10.8
1988-02-27,0.0,1.0,10.7,5.5,2.93,10.9,39,57,23,10.9
1988-02-28,0.0,-1.7,11.6,4.9,1.79,7.1,60,82,32,10.9
1988-02-29,0.0,-2.2,15.7,6.7,2.36,9.6,63,92,35,10.9
1988-03-01,0.0,3.6,13.6,8.6,2.44,9.4,46,63,27,10.9
1988-03-02,0.0,1.1,12.5,6.5,2.9,11.7,70,85,43,7.0
1988-03-03,0.8,7.2,11.1,8.9,2.1,8.7,61,75,45,2.5
1988-03-04,0.1,0.9,14.9,8.6,1.39,7.1,68,91,48,11.0
1988-03-05,2.3,5.0,13.4,8.7,5.16,19.8,56,97,22,11.0
1988-03-06,0.0,6.4,16.2,10.5,4.15,14.2,42,62,29,11.2
1988-03-07,0.0,6.2,19.0,11.6,3.56,12.6,52,66,37,11.2
1988-03-08,0.0,7.6,19.6,13.3,2.53,8.6,56,84,35,11.2
1988-03-09,0.0,4.6,17.7,11.1,2.0,7.4,69,92,39,11.3
1988-03-10,0.0,6.9,17.4,12.0,1.45,8.7,77,99,47,11.1
1988-03-11,0.0,3.5,17.5,10.9,1.59,7.9,77,99,46,11.3
1988-03-12,0.0,3.7,22.4,12.4,1.66,6.5,63,99,20,11.5
1988-03-13,0.0,2.9,22.3,12.8,1.72,7.4,60,88,25,11.3
1988-03-14,1.2,11.1,22.4,15.8,2.2,10.8,59,80,34,10.3
1988-03-15,0.0,11.2,23.7,16.9,2.96,9.5,48,69,24,11.7
1988-03-16,0.0,8.4,25.0,16.5,3.69,12.8,45,74,19,11.7
1988-03-17,0.0,14.7,25.6,19.7,4.36,13.9,32,48,16,11.6
1988-03-18,0.0,11.8,26.6,18.6,2.99,10.4,40,59,23,11.7
1988-03-19,0.0,11.2,26.3,18.2,2.12,8.6,48,67,24,11.8
1988-03-20,0.0,10.8,27.9,18.5,1.8,8.3,55,83,25,11.8
1988-03-21,0.0,9.9,28.0,19.6,1.89,12.3,49,87,19,11.8
1988-03-22,0.0,13.0,21.6,17.1,4.49,15.1,42,61,19,11.8
1988-03-23,0.0,10.2,24.0,16.2,2.72,11.0,45,73,26,11.9
1988-03-24,0.0,7.8,27.2,17.6,2.47,9.0,46,82,16,11.9
1988-03-25,0.0,11.1,29.9,20.4,2.26,8.3,38,66,19,11.9
1988-03-26,0.0,11.8,31.4,21.6,1.97,8.4,41,72,17,11.9
1988-03-27,0.0,13.5,22.3,18.0,2.4,11.1,47,64,31,12.0
1988-03-28,0.0,11.3,20.3,14.8,1.9,9.8,64,94,43,12.0
1988-03-29,0.0,8.5,22.6,15.4,1.76,10.2,72,93,46,12.0
1988-03-30,0.0,12.3,20.8,15.9,5.31,18.8,40,87,17,12.0
1988-03-31,0.0,10.4,22.4,15.8,3.45,13.6,34,51,19,12.1
1988-04-01,0.0,5.9,19.9,13.4,2.34,11.4,59,88,39,12.0
1988-04-02,0.0,7.6,17.8,12.8,2.14,10.3,74,97,42,10.0
1988-04-03,0.6,10.6,16.2,13.2,2.69,15.4,64,97,28,12.1
1988-04-04,8.7,7.8,14.9,10.8,2.77,14.7,73,88,58,8.3
1988-04-05,3.6,1.9,18.0,10.6,1.87,9.3,76,96,43,10.6
1988-04-06,0.1,6.0,18.2,12.4,2.75,13.5,66,92,39,12.0
1988-04-07,0.0,5.2,19.9,13.0,1.88,8.5,67,94,40,12.0
1988-04-08,0.3,7.5,20.2,14.1,1.44,7.7,68,95,39,10.3
1988-04-09,0.2,8.7,20.7,14.9,1.58,9.1,70,96,45,12.1
1988-04-10,0.0,10.9,20.0,15.2,1.88,10.1,72,91,50,12.0
1988-04-11,0.0,11.3,19.5,15.1,1.83,8.2,77,95,54,9.9
1988-04-12,0.6,9.8,24.7,17.3,2.07,9.8,68,98,37,9.1
1988-04-13,0.0,12.5,27.1,19.6,2.77,10.5,56,81,33,11.8
1988-04-14,0.0,15.1,27.1,20.6,2.22,9.0,59,80,38,11.7
1988-04-15,0.0,13.2,24.4,18.7,2.2,10.5,65,89,40,12.3
1988-04-16,0.0,11.3,26.1,18.3,1.83,9.1,61,92,30,12.0
1988-04-17,0.0,13.0,22.2,17.2,1.18,6.2,70,90,48,9.0
1988-04-18,0.0,11.6,24.0,18.2,1.65,9.0,66,96,40,9.8
1988-04-19,0.0,11.9,25.1,19.1,1.74,8.8,62,94,32,12.7
1988-04-20,0.0,12.2,24.5,18.3,2.57,11.1,49,76,28,12.0
1988-04-21,1.4,11.0,21.7,16.2,2.62,10.9,67,93,38,11.7
1988-04-22,0.0,11.1,23.7,17.3,1.4,8.5,62,83,40,11.7
1988-04-23,0.0,14.9,25.0,19.4,3.85,13.4,43,85,18,13.1
1988-04-24,1.8,9.7,23.5,16.6,2.26,8.9,45,75,25,11.3
1988-04-25,2.0,9.0,22.3,15.9,2.14,10.9,59,86,30,10.8
1988-04-26,14.8,11.0,17.6,13.8,1.71,10.6,76,95,49,11.8
1988-04-27,0.0,9.3,20.5,14.7,3.14,11.4,64,89,41,13.4
1988-04-28,0.0,8.4,23.5,16.1,2.96,13.1,55,90,22,13.5
1988-04-29,0.0,10.6,25.6,18.5,2.74,11.6,50,80,27,13.0
1988-04-30,0.0,12.6,24.6,18.4,2.29,10.5,52,80,34,13.6
1988-05-01,0.0,10.8,25.9,18.8,1.48,9.2,63,94,33,13.5
1988-05-02,0.0,12.9,24.5,19.0,2.31,10.6,48,80,26,12.7
1988-05-03,0.0,13.5,23.2,17.9,2.37,8.8,50,69,35,11.2
1988-05-04,0.0,13.6,20.3,16.7,1.32,7.1,68,87,50,1.7
1988-05-05,1.3,13.7,25.3,19.3,3.07,15.5,58,92,30,12.9
1988-05-06,0.9,13.1,24.3,18.5,1.62,8.1,61,76,45,13.1
1988-05-07,0.7,12.0,27.2,19.9,1.49,7.3,65,96,34,13.2
1988-05-08,0.0,14.6,27.4,21.0,2.16,8.0,56,81,32,13.9
1988-05-09,0.0,13.3,25.7,20.1,2.57,10.9,61,89,38,13.9
1988-05-10,10.1,15.1,17.9,16.4,1.4,7.1,84,94,72,0.5
1988-05-11,13.8,14.4,18.9,16.0,1.3,7.6,87,98,68,8.7
1988-05-12,15.4,13.3,19.7,16.1,1.2,7.9,87,99,69,8.8
1988-05-13,2.1,11.0,22.2,16.8,2.76,10.9,70,98,40,13.5
1988-05-14,0.0,13.1,22.7,18.1,2.07,7.5,57,80,42,13.6
1988-05-15,0.0,12.3,25.2,18.7,1.96,7.5,65,92,41,14.0
1988-05-16,0.2,13.1,26.2,19.5,2.03,7.8,62,89,37,14.0
1988-05-17,0.0,14.4,25.2,20.2,1.81,7.9,64,88,42,14.0
1988-05-18,0.3,13.5,26.0,19.9,1.81,8.2,64,92,39,12.1
1988-05-19,0.0,14.7,27.2,20.4,2.32,8.8,55,91,29,14.0
1988-05-20,0.0,12.5,25.4,19.4,2.26,10.1,63,89,41,13.0
1988-05-21,0.0,13.0,25.0,19.2,2.41,11.2,66,96,40,12.7
1988-05-22,0.0,12.2,25.0,19.2,2.7,11.5,55,81,34,12.6
1988-05-23,4.0,14.9,23.9,19.5,1.39,7.9,61,83,42,13.0
1988-05-24,0.2,13.5,22.9,18.7,2.17,9.7,69,94,46,12.9
1988-05-25,0.0,12.5,25.2,18.9,1.45,7.7,66,90,43,13.9
1988-05-26,1.8,14.0,28.3,21.3,1.41,9.3,65,94,36,14.0
1988-05-27,0.0,13.8,27.3,21.3,1.9,7.4,58,90,33,14.0
1988-05-28,0.0,14.4,26.8,20.8,2.09,11.5,59,84,38,14.0
1988-05-29,0.0,13.9,29.8,22.3,2.0,8.9,52,86,27,14.0
1988-05-30,0.0,14.5,30.6,23.3,2.01,8.9,49,78,30,14.0
1988-05-31,0.0,15.8,28.6,22.4,2.5,10.0,58,80,36,14.0
1988-06-01,0.0,15.2,28.9,22.3,1.78,9.8,61,93,37,14.0
1988-06-02,0.0,15.2,27.9,22.0,2.59,11.6,57,82,36,14.0
1988-06-03,0.0,14.3,26.9,21.3,2.15,8.6,59,91,33,13.1
1988-06-04,2.5,16.2,30.2,22.7,1.91,10.7,61,86,37,13.3
1988-06-05,0.2,18.0,23.8,20.5,2.24,8.2,69,93,43,13.2
1988-06-06,0.0,13.9,26.8,20.3,1.54,11.2,66,91,35,14.0
1988-06-07,0.7,16.6,24.3,20.2,2.12,9.8,72,89,53,13.1
1988-06-08,4.0,16.7,21.9,19.1,2.69,10.4,80,94,68,3.9
1988-06-09,5.5,16.1,23.3,19.3,2.73,10.1,82,99,60,10.6
1988-06-10,0.5,15.9,25.4,20.8,1.96,9.4,74,97,51,13.9
1988-06-11,0.1,14.2,25.6,20.7,1.64,7.1,65,96,41,13.9
1988-06-12,0.0,14.0,26.7,21.2,2.02,7.7,56,83,36,13.0
1988-06-13,0.3,16.6,25.3,21.4,1.93,11.2,61,83,44,13.1
1988-06-14,0.0,14.2,26.1,21.0,2.12,7.6,58,83,36,14.0
1988-06-15,0.8,13.8,27.3,21.1,1.77,8.1,62,93,36,13.9
1988-06-16,0.0,14.9,27.8,21.8,1.63,7.0,61,95,34,14.0
1988-06-17,0.2,15.2,28.7,22.4,1.95,8.9,47,70,30,14.0
1988-06-18,0.0,15.6,28.7,22.8,2.18,8.9,53,85,30,14.0
1988-06-19,0.0,15.0,29.4,22.9,2.46,11.6,57,88,34,14.0
1988-06-20,0.0,15.4,30.1,23.5,2.67,12.3,52,89,23,13.8
1988-06-21,0.0,15.4,30.5,23.8,2.19,10.8,43,74,24,14.0
1988-06-22,0.6,15.9,29.7,23.3,4.03,16.5,48,73,26,11.6
1988-06-23,7.0,19.2,29.7,24.1,2.61,12.8,66,88,42,13.9
1988-06-24,0.1,17.1,29.6,24.1,1.57,6.3,62,94,37,14.0
1988-06-25,2.0,18.8,28.9,23.7,1.68,9.2,63,86,42,13.3
1988-06-26,1.6,19.2,26.3,22.4,1.73,10.6,71,92,49,12.3
1988-06-27,0.8,16.3,27.4,22.3,1.75,8.0,67,94,46,13.2
1988-06-28,1.6,18.1,28.5,23.0,1.91,9.2,59,77,38,14.0
1988-06-29,2.2,16.4,25.6,21.0,1.85,12.2,67,92,46,9.7
1988-06-30,4.8,16.4,28.2,22.5,1.73,10.5,69,93,47,13.9
1988-07-01,0.0,16.5,31.2,24.5,1.47,7.3,62,95,34,14.0
1988-07-02,0.0,17.6,31.9,25.0,2.34,8.6,52,73,32,14.0
1988-07-03,0.0,17.5,32.8,26.0,1.97,8.7,49,81,30,14.0
1988-07-04,0.0,17.0,30.6,25.0,2.27,10.8,46,77,32,14.0
1988-07-05,0.0,17.1,30.6,24.4,2.39,11.8,52,79,32,14.0
1988-07-06,0.0,16.6,30.6,24.2,2.3,9.8,45,71,27,14.0
1988-07-07,0.0,16.2,33.1,25.0,1.54,8.8,55,90,27,14.0
1988-07-08,0.0,17.3,33.9,26.0,1.69,8.8,49,87,24,14.0
1988-07-09,0.0,17.9,31.8,25.8,2.57,11.6,50,80,30,14.0
1988-07-10,0.0,17.8,32.4,25.6,2.67,11.7,52,85,28,14.0
1988-07-11,0.0,17.9,34.2,26.7,1.85,8.6,45,75,26,14.0
1988-07-12,0.0,19.1,34.1,26.9,1.99,9.7,43,73,22,13.8
1988-07-13,0.0,19.6,36.2,27.7,1.49,8.6,40,64,21,14.0
1988-07-14,0.0,21.2,33.3,26.9,2.56,10.4,54,80,32,14.0
1988-07-15,0.0,21.8,30.3,25.4,2.36,10.1,67,90,41,13.6
1988-07-16,0.0,20.4,29.8,24.6,2.25,10.0,66,91,44,13.9
1988-07-17,0.0,19.5,31.7,25.1,2.04,10.0,63,90,37,14.0
1988-07-18,0.0,18.0,33.3,25.8,2.13,11.1,58,92,30,14.0
1988-07-19,0.0,18.8,33.8,26.6,1.88,9.1,52,82,27,14.0
1988-07-20,0.0,22.8,35.3,27.9,3.93,14.4,37,64,21,14.0
1988-07-21,0.0,20.2,35.9,28.1,1.68,11.4,41,65,23,13.9
1988-07-22,0.0,20.9,34.2,27.6,2.01,10.1,45,65,27,13.9
1988-07-23,0.0,20.0,33.3,26.5,1.84,9.5,59,89,32,13.9
1988-07-24,0.0,19.7,32.5,26.4,2.04,9.9,60,90,39,13.9
1988-07-25,0.0,20.3,33.2,26.8,2.25,10.8,58,81,36,13.7
1988-07-26,0.0,18.8,35.7,27.5,1.88,9.0,53,91,24,13.9
1988-07-27,0.0,19.9,36.7,28.2,1.83,9.8,49,79,22,13.9
1988-07-28,0.0,21.6,35.0,27.7,1.87,8.9,58,80,31,13.8
1988-07-29,0.0,20.7,40.0,29.4,1.6,11.1,57,92,23,13.8
1988-07-30,0.0,23.6,31.6,27.0,2.8,10.8,61,83,38,12.7
1988-07-31,0.0,20.4,31.3,25.8,2.16,10.9,59,88,33,13.6
1988-08-01,0.0,18.7,34.7,27.2,1.66,8.5,48,79,26,13.7
1988-08-02,0.0,18.9,35.1,27.6,1.99,10.0,53,82,32,13.7
1988-08-03,0.0,19.6,42.7,31.4,2.62,14.5,44,92,10,13.7
1988-08-04,0.0,21.1,32.9,27.7,2.2,10.0,42,64,21,13.6
1988-08-05,0.0,20.0,32.1,25.7,2.39,10.2,60,81,34,13.5
1988-08-06,0.0,19.8,32.4,25.7,2.06,8.6,65,92,35,13.5
1988-08-07,0.0,20.6,33.9,26.7,1.31,8.5,68,93,41,13.2
1988-08-08,0.0,21.7,32.4,26.6,1.84,8.3,68,91,44,13.1
1988-08-09,0.0,20.9,34.2,27.2,1.84,9.6,61,91,30,13.3
1988-08-10,0.0,19.3,36.1,27.5,1.87,9.0,56,91,19,13.4
1988-08-11,0.0,19.8,34.2,26.8,1.97,8.9,63,92,29,13.3
1988-08-12,0.0,20.8,33.0,26.4,1.94,8.9,69,95,39,13.2
1988-08-13,0.0,20.1,32.7,26.2,2.17,10.0,66,95,34,13.1
1988-08-14,0.0,19.2,34.2,26.6,1.69,8.0,63,94,30,13.1
1988-08-15,0.0,21.3,34.2,27.2,1.66,9.7,65,95,32,13.0
1988-08-16,0.0,20.7,34.5,27.3,1.65,9.1,63,97,30,13.0
1988-08-17,0.0,20.4,33.3,26.7,1.58,8.9,64,93,35,13.0
1988-08-18,0.0,19.4,33.3,26.8,1.51,8.9,61,94,33,13.0
1988-08-19,0.0,20.2,35.0,27.8,1.68,9.1,63,94,36,12.9
1988-08-20,0.0,20.6,38.7,29.6,1.68,9.2,57,94,23,12.9
1988-08-21,0.2,23.0,32.0,26.9,2.77,10.5,70,89,46,12.3
1988-08-22,0.0,23.1,27.7,24.7,2.13,8.4,64,75,48,4.5
1988-08-23,0.0,18.8,30.7,24.5,1.96,8.7,58,81,34,11.8
1988-08-24,0.0,18.4,31.9,25.1,1.91,8.8,62,89,37,12.5
1988-08-25,0.0,18.0,34.3,26.3,1.92,10.1,61,94,30,12.1
1988-08-26,0.0,19.5,31.6,25.7,2.15,9.3,71,98,42,12.3
1988-08-27,0.0,22.1,33.1,26.8,1.58,9.1,64,88,35,12.3
1988-08-28,0.0,22.0,39.1,29.6,1.83,12.2,58,88,23,12.2
1988-08-29,0.0,23.0,36.1,28.4,2.56,12.0,54,83,19,11.6
1988-08-30,1.4,22.8,29.5,25.7,3.05,10.2,75,93,54,11.2
1988-08-31,0.0,22.1,32.0,26.3,1.65,8.3,70,92,43,12.0
1988-09-01,0.0,22.2,34.7,27.9,1.65,9.3,60,96,23,12.1
1988-09-02,0.0,19.6,33.0,26.5,2.28,8.9,39,61,23,12.0
1988-09-03,0.0,19.5,32.5,25.7,1.74,8.6,62,91,33,12.0
1988-09-04,0.0,17.4,32.9,25.2,1.95,9.6,63,94,28,12.0
1988-09-05,0.0,17.7,32.7,25.2,1.98,9.5,59,92,29,12.0
1988-09-06,0.0,16.9,34.9,25.8,1.64,8.5,53,87,21,12.0
1988-09-07,0.0,17.1,37.7,27.6,1.47,7.6,44,80,13,12.0
1988-09-08,0.0,19.2,34.7,26.9,1.66,8.9,52,74,25,12.0
1988-09-09,0.0,20.8,31.9,25.6,1.51,7.8,65,86,37,11.4
1988-09-10,0.0,20.9,30.5,25.3,2.13,10.4,69,93,43,12.0
1988-09-11,0.0,20.0,31.2,25.2,2.24,9.2,70,95,40,12.0
1988-09-12,0.0,18.5,30.9,24.6,1.65,8.5,69,97,39,12.0
1988-09-13,0.0,18.1,32.9,25.2,1.44,7.9,68,96,34,12.0
1988-09-14,5.9,18.3,23.4,21.1,2.45,10.0,71,93,35,5.7
1988-09-15,0.3,13.4,24.5,19.1,1.38,6.1,59,90,30,12.0
1988-09-16,0.0,14.5,24.8,19.1,3.18,13.4,48,94,21,11.6
1988-09-17,0.0,13.7,24.1,18.5,2.68,11.0,51,80,28,11.3
1988-09-18,0.0,11.3,26.0,18.7,1.5,7.9,62,92,28,12.0
1988-09-19,0.0,12.3,25.4,19.2,2.27,10.4,66,93,37,12.0
1988-09-20,0.0,13.8,27.3,20.3,1.51,7.7,66,92,34,12.0
1988-09-21,0.0,14.4,27.9,21.1,1.49,8.4,70,99,37,12.0
1988-09-22,0.0,14.1,29.7,21.9,1.53,9.0,66,99,30,12.0
1988-09-23,0.0,14.2,31.5,23.0,1.62,6.6,55,92,19,11.9
1988-09-24,0.0,15.2,28.6,21.8,1.88,9.5,72,97,41,11.9
1988-09-25,0.0,16.6,28.5,22.1,1.52,8.2,74,100,42,11.9
1988-09-26,0.0,13.7,29.9,21.8,1.38,8.2,67,99,29,11.8
1988-09-27,0.0,14.1,30.3,22.3,1.19,6.3,64,94,26,11.1
1988-09-28,0.0,15.3,29.7,22.4,1.31,8.1,65,94,33,11.8
1988-09-29,0.0,13.0,29.6,21.5,1.63,8.2,63,94,27,11.7
1988-09-30,3.7,16.5,23.2,19.8,2.48,8.5,82,99,59,1.0
1988-10-01,31.8,16.6,18.4,17.3,3.31,11.3,86,94,78,2.9
1988-10-02,2.4,16.8,24.5,20.0,2.13,7.9,79,93,60,11.0
1988-10-03,0.0,14.5,25.2,19.7,1.71,7.1,81,96,58,11.5
1988-10-04,0.0,15.1,25.8,20.4,1.36,6.3,83,99,61,11.4
1988-10-05,0.0,15.6,30.0,22.8,1.47,4.5,75,98,43,11.2
1988-10-06,0.0,17.7,26.2,21.5,1.52,5.8,81,97,58,11.0
1988-10-07,0.0,18.2,28.7,22.5,1.37,6.0,80,100,47,11.1
1988-10-08,0.0,14.7,25.6,20.2,1.94,7.0,74,93,54,11.1
1988-10-09,0.0,13.8,27.5,20.3,1.1,5.4,79,100,46,10.2
1988-10-10,0.0,15.3,28.6,21.5,1.37,7.0,71,98,41,10.9
1988-10-11,0.7,15.7,24.6,20.2,1.61,9.3,71,89,51,8.1
1988-10-12,0.0,13.7,23.5,18.5,1.67,8.2,65,92,33,10.8
1988-10-13,0.0,13.1,22.6,18.0,1.71,6.1,61,83,37,10.6
1988-10-14,0.0,13.6,21.6,17.3,1.94,10.8,78,92,56,9.4
1988-10-15,24.1,16.2,22.9,18.7,1.23,8.9,86,99,66,7.8
1988-10-16,2.0,14.5,24.7,19.2,2.41,12.0,84,97,64,8.4
1988-10-17,0.8,12.6,24.2,18.3,1.86,11.3,83,98,58,9.9
1988-10-18,0.0,11.7,22.6,17.5,1.64,8.9,79,96,52,10.4
1988-10-19,6.3,14.2,24.2,18.8,1.93,9.8,71,97,40,10.6
1988-10-20,0.0,9.4,21.3,15.5,1.62,5.7,70,91,48,10.5
1988-10-21,0.0,9.9,21.5,15.7,1.12,5.8,76,96,52,10.0
1988-10-22,0.0,9.2,22.7,15.7,1.4,6.1,78,96,52,10.5
1988-10-23,0.0,10.0,24.7,17.2,1.44,4.5,77,99,47,10.4
1988-10-24,0.0,12.4,24.5,18.0,1.67,5.3,76,92,48,10.3
1988-10-25,0.0,12.5,23.5,17.2,1.12,5.3,81,100,50,10.1
1988-10-26,0.0,9.5,23.7,16.2,1.22,5.5,77,97,46,10.2
1988-10-27,0.0,9.9,21.7,15.6,1.48,5.7,82,99,58,10.0
1988-10-28,0.0,12.3,22.3,16.9,1.96,7.8,84,98,59,9.7
1988-10-29,0.0,12.7,22.9,17.3,1.67,6.7,81,98,55,10.0
1988-10-30,0.0,10.9,23.9,16.8,1.46,5.2,80,97,51,10.0
1988-10-31,0.0,12.4,23.7,17.5,1.63,5.6,74,94,44,10.0
1988-11-01,0.0,10.6,22.5,16.3,1.83,7.8,80,96,57,9.3
1988-11-02,0.0,14.1,19.2,16.6,1.26,5.4,87,99,69,0.0
1988-11-03,0.2,12.9,21.5,16.8,1.86,8.7,84,99,60,7.0
1988-11-04,0.0,15.1,23.0,18.3,2.73,10.2,76,91,52,8.4
1988-11-05,0.4,15.9,19.8,17.4,3.16,12.1,82,88,71,7.6
1988-11-06,0.0,14.4,19.3,16.5,2.55,9.1,73,87,52,7.9
1988-11-07,0.3,11.4,18.8,15.2,1.36,5.4,84,95,71,5.2
1988-11-08,0.2,14.1,21.0,16.9,1.25,6.3,85,98,62,5.7
1988-11-09,0.0,12.4,22.8,17.1,1.27,4.9,83,99,53,8.3
1988-11-10,2.7,12.1,21.0,16.5,2.44,9.4,82,97,60,6.6
1988-11-11,5.9,17.0,19.9,18.0,3.85,13.3,92,98,83,0.6
1988-11-12,16.4,14.5,20.2,17.2,1.1,8.0,87,99,68,8.5
1988-11-13,0.0,11.9,20.5,15.9,1.39,6.3,83,97,57,9.8
1988-11-14,0.0,11.2,20.2,15.7,1.39,5.7,83,96,66,9.3
1988-11-15,0.0,9.9,21.0,15.0,1.53,4.8,84,98,58,9.8
1988-11-16,0.0,9.8,18.8,13.7,1.39,5.6,88,100,64,9.8
1988-11-17,0.0,11.5,18.8,14.6,1.53,5.4,83,99,57,9.8
1988-11-18,0.0,8.1,18.9,12.9,1.38,5.4,81,99,53,9.8
1988-11-19,0.0,7.3,17.8,11.8,1.89,7.1,74,95,48,9.8
1988-11-20,0.0,5.1,18.8,10.7,1.55,4.7,74,93,43,9.8
1988-11-21,1.6,6.0,17.1,10.9,1.66,5.5,81,91,64,5.1
1988-11-22,8.1,7.1,11.8,9.5,2.43,8.1,82,90,70,0.1
1988-11-23,1.2,6.8,10.1,8.3,2.0,6.6,76,90,60,0.0
1988-11-24,0.0,4.6,12.8,8.2,2.18,8.7,69,80,53,5.9
1988-11-25,0.0,4.2,14.0,9.2,1.7,7.9,77,90,61,6.6
1988-11-26,10.1,10.7,12.9,11.7,2.33,7.7,87,91,76,0.0
1988-11-27,1.7,10.9,14.8,12.5,2.44,9.2,80,88,68,9.3
1988-11-28,0.0,5.7,15.8,10.9,1.25,4.1,79,95,55,9.6
1988-11-29,0.0,2.9,16.9,8.8,1.78,5.6,77,97,44,9.6
1988-11-30,0.0,2.4,14.8,7.8,1.58,4.4,77,91,51,8.6
1988-12-01,1.1,6.6,16.9,11.6,2.45,11.0,72,93,49,8.4
1988-12-02,0.0,9.4,15.5,12.2,4.3,13.3,61,71,49,9.5
1988-12-03,0.0,6.4,17.4,11.9,2.35,9.0,68,91,46,9.5
1988-12-04,0.0,7.7,18.2,11.3,2.25,7.0,71,85,48,9.5
1988-12-05,0.0,6.1,19.3,11.0,2.0,5.7,73,88,45,9.5
1988-12-06,0.0,6.8,16.9,10.9,2.5,8.2,68,89,44,9.4
1988-12-07,0.0,5.4,13.3,8.6,3.49,12.8,59,86,32,9.5
1988-12-08,0.0,1.7,12.7,6.2,2.27,7.0,57,76,29,9.5
1988-12-09,0.0,0.7,13.0,5.6,1.84,5.0,71,85,42,9.4
1988-12-10,0.0,2.2,15.3,7.3,1.73,5.4,73,89,45,9.4
1988-12-11,0.0,3.2,17.4,8.8,1.59,4.7,76,92,48,9.4
1988-12-12,0.0,3.1,17.5,9.4,1.63,6.2,80,98,51,9.4
1988-12-13,0.0,5.9,14.8,9.9,2.34,7.8,60,75,37,9.4
1988-12-14,0.0,1.0,13.8,6.0,1.8,5.1,73,91,39,9.4
1988-12-15,0.0,0.4,15.4,6.5,2.51,8.1,66,91,34,9.4
1988-12-16,0.0,2.5,13.5,7.6,2.18,7.3,67,85,48,9.4
1988-12-17,0.0,5.1,13.7,8.9,1.68,5.1,85,95,65,8.3
1988-12-18,0.0,5.4,13.8,9.5,1.32,4.3,83,97,59,6.6
1988-12-19,0.0,2.0,13.6,6.8,1.74,4.5,80,95,53,9.4
1988-12-20,0.0,4.8,15.7,10.7,4.86,16.4,53,87,39,7.3
1988-12-21,0.0,2.5,14.0,8.5,1.81,8.0,62,90,36,9.4
1988-12-22,0.0,0.2,12.7,6.4,1.14,3.9,76,93,55,9.3
1988-12-23,0.0,-0.8,13.6,5.5,1.28,3.9,81,97,52,9.4
1988-12-24,0.0,0.4,14.5,6.2,1.48,4.7,73,94,41,9.3
1988-12-25,0.0,0.9,16.3,7.0,2.01,5.8,77,93,50,9.2
1988-12-26,0.0,3.5,14.7,8.6,1.77,4.9,80,94,58,8.3
1988-12-27,0.0,3.8,13.2,8.2,1.51,5.7,84,95,67,7.7
1988-12-28,0.0,8.3,13.1,10.2,1.59,6.8,84,95,66,2.2
1988-12-29,0.0,8.4,14.4,10.9,1.91,8.8,83,93,62,7.9
1988-12-30,0.0,9.0,13.9,11.2,1.34,6.2,83,97,63,7.3
1988-12-31,0.0,5.5,14.1,9.4,1.14,4.1,80,97,54,9.0
1989-01-01,0.0,0.1,14.9,7.0,1.19,3.6,76,95,47,9.4
1989-01-02,0.0,0.1,12.8,6.6,1.03,3.8,82,97,61,9.3
1989-01-03,0.0,5.2,11.6,8.0,1.03,3.9,84,96,66,8.1
1989-01-04,0.0,2.7,13.3,7.2,1.41,4.7,81,97,56,9.4
1989-01-05,0.0,1.1,15.0,6.8,2.25,7.4,73,95,44,9.4
1989-01-06,0.3,2.9,16.6,8.8,2.09,6.0,71,87,40,7.2
1989-01-07,10.6,8.4,13.7,10.7,2.15,9.7,91,98,79,2.1
1989-01-08,0.0,7.5,15.0,10.9,1.1,4.2,89,100,65,8.5
1989-01-09,0.0,2.3,15.9,8.6,1.28,4.3,85,100,58,9.4
1989-01-10,0.0,3.2,14.6,8.4,1.36,5.5,86,99,63,9.4
1989-01-11,0.0,7.0,14.8,10.1,1.4,5.5,88,100,65,8.9
1989-01-12,0.0,3.8,15.1,9.3,1.48,5.0,78,100,47,8.5
1989-01-13,0.0,1.7,15.4,7.9,1.54,4.9,77,95,48,9.5
1989-01-14,0.0,3.6,15.0,8.7,1.81,6.4,84,96,61,9.2
1989-01-15,0.9,8.6,14.1,10.8,2.39,9.1,84,96,66,7.7
1989-01-16,1.9,8.3,14.4,11.0,2.5,9.3,85,96,66,8.8
1989-01-17,8.7,8.5,11.6,10.1,1.96,5.5,91,94,87,0.0
1989-01-18,0.5,7.6,13.8,10.3,1.7,7.0,86,97,65,9.0
1989-01-19,0.5,6.0,12.6,9.3,1.29,5.2,85,96,69,9.4
1989-01-20,0.5,4.7,13.5,8.9,1.14,5.2,85,98,63,9.2
1989-01-21,0.0,1.9,15.9,7.9,1.81,6.3,80,100,46,9.6
1989-01-22,0.0,3.6,17.0,9.2,2.82,9.6,66,86,38,9.6
1989-01-23,0.0,2.3,14.0,8.5,1.93,7.3,75,92,54,9.7
1989-01-24,0.0,4.3,12.6,8.1,1.5,5.0,84,98,63,8.9
1989-01-25,0.7,4.5,12.6,8.2,1.48,5.4,89,98,75,7.6
1989-01-26,0.0,6.0,13.7,9.4,1.82,7.0,82,97,55,7.1
1989-01-27,0.1,6.6,13.6,9.4,2.56,9.0,77,89,55,9.5
1989-01-28,0.0,7.1,13.1,9.6,2.75,9.3,75,87,55,9.0
1989-01-29,0.2,7.5,13.6,9.9,2.6,9.1,79,92,58,9.4
1989-01-30,0.0,5.4,14.1,9.1,2.06,7.9,78,97,46,9.7
1989-01-31,1.4,6.3,12.9,9.2,2.19,9.1,85,94,65,6.4
1989-02-01,0.5,5.7,14.9,9.7,1.65,5.7,85,96,63,9.5
1989-02-02,0.0,4.2,14.6,9.1,1.48,5.7,85,99,56,9.5
1989-02-03,0.0,6.5,13.5,9.5,1.49,6.0,86,100,61,6.1
1989-02-04,0.0,5.4,14.2,9.3,1.45,5.1,80,100,51,9.3
1989-02-05,1.9,3.2,12.5,8.2,2.42,9.5,79,96,57,9.8
1989-02-06,3.9,5.4,12.4,8.8,2.94,12.8,82,89,70,8.8
1989-02-07,6.9,7.3,14.0,10.2,3.27,13.6,86,95,71,7.9
1989-02-08,4.2,9.7,15.6,11.8,2.95,12.2,85,96,66,10.1
1989-02-09,0.0,7.1,14.9,10.5,1.5,5.1,82,98,52,9.0
1989-02-10,2.0,5.7,13.3,9.8,1.9,8.4,90,100,81,7.6
1989-02-11,1.4,9.5,14.3,11.3,3.97,13.4,84,93,71,9.5
1989-02-12,1.0,9.3,14.8,11.5,3.27,12.0,80,91,61,10.3
1989-02-13,0.0,4.8,16.3,9.7,1.69,5.5,78,98,44,10.6
1989-02-14,0.0,4.3,19.6,11.3,3.03,10.6,63,93,35,10.6
1989-02-15,0.0,3.2,15.9,9.7,1.98,6.6,55,78,32,10.7
1989-02-16,0.0,1.1,18.4,9.1,1.73,6.2,69,92,34,10.7
1989-02-17,0.0,1.6,20.2,10.3,1.47,4.6,70,94,33,10.2
1989-02-18,0.0,4.9,22.7,12.7,1.86,6.2,63,91,28,10.7
1989-02-19,0.0,4.1,20.6,11.9,1.49,4.8,68,91,36,10.0
1989-02-20,0.0,3.7,19.4,11.5,1.15,3.6,71,95,35,8.4
1989-02-21,0.0,7.8,19.1,13.0,1.78,7.0,71,91,46,8.2
1989-02-22,0.0,7.2,19.1,12.5,1.74,6.5,77,95,48,10.5
1989-02-23,1.3,5.5,16.4,11.7,1.46,7.5,80,99,58,7.6
1989-02-24,0.9,4.0,13.5,9.3,2.68,11.3,67,80,46,6.9
1989-02-25,0.2,6.5,20.6,13.5,3.6,15.0,67,84,48,8.8
1989-02-26,0.2,13.7,19.7,16.8,5.44,20.7,53,68,39,10.8
1989-02-27,0.0,9.8,17.2,13.1,4.96,14.1,46,59,32,10.9
1989-02-28,0.3,11.0,21.7,15.6,3.21,14.7,60,85,38,10.9
1989-03-01,0.0,7.5,21.3,14.2,2.77,12.9,65,88,40,10.9
1989-03-02,0.0,5.7,21.2,13.2,1.65,5.8,74,95,43,9.7
1989-03-03,0.0,7.2,22.9,14.6,2.68,10.2,65,93,34,11.0
1989-03-04,0.0,8.3,20.0,14.4,2.24,9.9,62,87,42,11.0
1989-03-05,0.0,6.0,19.5,12.4,1.82,9.6,69,93,40,11.0
1989-03-06,0.0,4.6,19.3,11.9,1.41,6.5,72,95,42,11.1
1989-03-07,0.0,5.2,22.0,13.2,1.09,5.0,77,99,43,11.0
1989-03-08,0.7,10.3,18.7,13.9,1.38,8.4,80,95,55,10.2
1989-03-09,0.0,8.8,22.9,14.8,1.85,8.8,69,100,22,11.3
1989-03-10,0.0,8.6,19.0,13.0,1.42,8.3,75,97,43,11.2
1989-03-11,0.0,5.9,18.6,12.0,1.59,8.0,75,98,44,11.3
1989-03-12,0.0,3.7,21.3,12.4,1.41,6.9,67,98,27,11.4
1989-03-13,0.0,4.7,25.1,14.4,1.48,8.2,66,94,31,11.6
1989-03-14,0.0,9.5,17.0,13.1,2.29,9.9,71,91,48,10.0
1989-03-15,0.0,4.7,21.7,13.1,1.59,8.7,67,95,37,11.7
1989-03-16,0.0,6.8,23.9,15.6,1.46,6.7,66,94,37,11.7
1989-03-17,4.2,7.3,21.3,14.3,1.91,8.9,66,91,39,11.6
1989-03-18,41.2,9.0,12.5,10.9,2.8,14.6,91,95,85,0.0
1989-03-19,31.8,8.1,11.2,9.5,4.55,16.3,82,86,73,0.3
1989-03-20,0.1,9.5,19.4,13.2,3.8,10.9,60,72,37,11.2
1989-03-21,0.0,10.0,20.1,14.8,4.24,13.8,48,58,37,11.8
1989-03-22,0.0,9.4,21.2,14.9,2.54,8.9,59,85,41,11.8
1989-03-23,0.0,7.4,22.9,14.7,1.9,6.5,63,96,31,11.9
1989-03-24,0.0,7.2,20.0,13.6,1.74,8.8,67,87,48,11.9
1989-03-25,0.0,6.5,20.6,13.6,1.33,7.2,75,97,48,11.9
1989-03-26,0.0,5.7,21.4,13.9,1.49,8.0,70,98,36,11.9
1989-03-27,0.0,7.4,21.4,14.2,2.32,9.8,70,91,39,11.1
1989-03-28,3.2,7.5,18.5,12.9,2.28,11.1,80,97,61,6.7
1989-03-29,32.8,7.7,11.9,9.6,2.34,12.1,89,94,86,0.1
1989-03-30,10.8,7.7,14.7,11.4,1.69,7.6,87,100,74,11.7
1989-03-31,1.0,3.8,19.0,11.6,1.89,8.3,79,98,45,12.0
1989-04-01,0.0,6.1,21.9,13.8,1.57,6.2,76,95,46,12.0
1989-04-02,0.0,6.4,21.2,14.4,1.54,9.4,80,98,55,12.0
1989-04-03,0.5,8.7,16.2,13.0,2.36,17.3,73,100,37,10.0
1989-04-04,0.6,3.8,15.1,10.2,3.42,12.9,55,78,33,7.6
1989-04-05,0.0,3.9,14.9,10.3,3.78,15.0,58,87,34,12.1
1989-04-06,0.0,2.5,18.7,11.0,1.82,8.7,69,88,45,12.1
1989-04-07,0.0,5.7,18.2,12.3,1.91,10.1,79,96,59,9.7
1989-04-08,0.0,5.5,20.6,13.8,1.88,9.4,77,99,52,11.7
1989-04-09,0.5,9.9,20.2,14.7,1.8,7.4,71,90,50,10.2
1989-04-10,0.8,9.6,21.6,15.8,3.59,13.6,65,97,37,12.3
1989-04-11,0.0,12.2,24.1,17.7,4.11,12.1,49,64,32,12.2
1989-04-12,0.0,10.1,21.4,16.6,4.05,16.4,58,88,38,12.4
1989-04-13,0.0,9.0,21.0,15.8,3.59,14.0,54,80,43,12.3
1989-04-14,0.0,8.8,21.9,15.2,3.38,14.3,55,76,29,12.4
1989-04-15,0.0,9.4,21.6,16.0,2.34,10.0,66,90,47,12.4
1989-04-16,0.0,9.8,20.7,15.4,3.43,13.1,53,83,26,12.6
1989-04-17,0.0,7.4,20.1,13.4,3.13,12.1,41,60,22,12.8
1989-04-18,0.0,6.3,19.3,13.1,2.53,10.5,55,76,38,12.9
1989-04-19,0.0,5.0,20.7,13.0,2.01,7.9,62,91,29,12.7
1989-04-20,0.3,7.6,20.6,14.7,1.07,8.3,68,97,40,12.7
1989-04-21,0.0,8.3,22.1,15.5,2.0,8.8,66,92,38,12.6
1989-04-22,0.0,9.5,22.8,16.4,1.66,8.9,68,96,43,12.1
1989-04-23,0.9,9.7,20.6,15.1,2.26,9.1,75,99,46,12.6
1989-04-24,10.4,10.4,16.4,13.3,1.76,7.9,92,97,82,3.0
1989-04-25,10.3,12.6,17.9,14.8,1.38,10.6,89,100,73,7.3
1989-04-26,7.1,7.6,17.7,12.7,3.18,14.1,72,96,40,12.9
1989-04-27,0.0,7.3,20.1,13.3,4.56,13.7,40,58,28,13.5
1989-04-28,0.0,11.3,22.0,16.5,4.34,14.7,51,71,36,13.5
1989-04-29,0.0,10.3,24.0,17.2,3.92,13.3,42,53,29,13.3
1989-04-30,0.0,10.8,20.5,15.6,2.82,10.5,48,85,33,13.6
1989-05-01,0.0,7.4,19.5,13.7,1.99,10.2,67,95,40,13.6
1989-05-02,0.0,6.1,21.4,14.2,1.58,8.0,67,98,37,13.7
1989-05-03,0.0,7.1,21.9,15.1,1.86,9.5,59,91,29,13.7
1989-05-04,0.0,6.8,23.0,15.6,2.02,9.6,55,87,32,13.7
1989-05-05,0.0,7.5,24.0,16.8,2.06,10.0,54,89,29,13.8
1989-05-06,0.0,6.8,25.1,16.9,2.2,9.0,50,86,25,13.8
1989-05-07,0.0,7.6,27.7,18.3,1.79,8.7,47,85,20,13.8
1989-05-08,0.0,9.1,25.8,18.6,1.69,7.9,43,77,22,13.8
1989-05-09,0.0,9.4,24.8,17.8,1.7,8.0,61,85,42,13.9
1989-05-10,0.0,11.7,24.4,17.8,1.47,8.4,73,98,44,12.0
1989-05-11,0.0,11.6,25.1,18.3,1.46,7.2,70,95,44,11.1
1989-05-12,0.8,12.7,28.5,20.8,1.6,7.6,63,96,32,14.0
1989-05-13,3.7,14.7,25.7,20.2,1.91,10.4,62,83,38,14.0
1989-05-14,0.0,14.1,23.2,18.6,2.05,8.5,71,93,48,14.0
1989-05-15,0.0,11.8,24.6,18.6,1.82,9.0,67,96,41,14.0
1989-05-16,0.0,11.2,24.5,18.1,1.74,9.3,69,98,43,14.0
1989-05-17,0.0,11.5,25.6,19.1,1.91,9.9,59,90,35,14.0
1989-05-18,0.0,13.0,26.3,19.9,2.2,9.9,57,87,31,14.0
1989-05-19,0.0,11.5,26.5,19.4,2.4,10.6,57,85,31,14.0
1989-05-20,0.0,13.3,26.9,20.1,2.47,10.4,49,78,24,12.2
1989-05-21,0.0,15.0,25.9,20.1,1.68,8.4,60,81,43,12.6
1989-05-22,0.4,15.1,24.2,19.8,1.78,9.5,71,97,50,13.4
1989-05-23,0.6,14.2,26.2,20.4,2.29,8.0,65,91,40,11.8
1989-05-24,3.2,15.6,23.7,19.7,1.5,6.7,74,92,52,7.0
1989-05-25,0.8,13.9,24.5,19.4,1.67,6.7,74,97,49,13.8
1989-05-26,0.1,14.3,22.8,19.0,1.59,7.7,77,97,58,6.6
1989-05-27,0.8,17.3,23.0,19.7,3.25,12.7,74,89,57,12.3
1989-05-28,0.0,13.2,24.4,19.2,2.59,9.2,70,93,47,13.2
1989-05-29,4.2,14.9,22.3,18.9,1.49,7.4,74,93,58,5.2
1989-05-30,11.5,15.4,24.4,20.2,1.29,7.3,73,98,50,13.2
1989-05-31,2.7,14.0,25.4,20.2,2.27,10.0,65,87,45,14.0
1989-06-01,0.0,12.7,26.5,20.4,1.78,9.7,61,92,34,14.0
1989-06-02,0.0,13.7,25.9,20.3,2.16,8.5,56,83,32,13.2
1989-06-03,2.0,13.7,23.9,19.1,2.0,7.9,62,82,40,13.0
1989-06-04,3.7,15.4,22.4,18.4,1.69,9.0,79,97,61,12.0
1989-06-05,0.9,11.4,24.9,19.0,1.21,7.2,70,99,39,14.0
1989-06-06,1.9,14.1,24.9,19.5,1.5,8.4,77,99,52,14.0
1989-06-07,0.5,15.0,25.3,20.0,1.99,9.6,73,96,50,14.0
1989-06-08,0.0,16.0,25.7,20.4,1.99,8.1,71,95,46,13.0
1989-06-09,0.0,13.8,26.9,20.4,1.85,10.3,69,97,41,13.8
1989-06-10,0.0,14.3,29.4,22.4,1.31,8.6,64,98,36,14.0
1989-06-11,0.0,14.2,30.0,22.8,1.86,9.6,60,95,32,14.0
1989-06-12,0.0,13.6,31.2,23.3,1.69,9.0,54,93,28,14.0
1989-06-13,0.0,16.0,32.7,25.3,1.74,9.1,47,82,27,14.0
1989-06-14,0.0,18.3,29.5,24.2,2.18,10.3,53,81,35,13.9
1989-06-15,0.0,17.4,29.7,23.7,2.62,11.7,48,77,27,14.0
1989-06-16,0.0,15.0,30.5,23.8,2.42,10.7,45,78,22,14.0
1989-06-17,0.0,16.4,31.6,24.6,2.4,10.9,44,76,24,14.0
1989-06-18,0.0,15.4,30.9,24.3,2.05,9.1,47,83,26,13.5
1989-06-19,0.0,19.2,27.3,23.3,1.82,9.7,57,79,42,11.6
1989-06-20,0.0,18.7,28.1,22.9,2.04,9.0,64,87,37,13.1
1989-06-21,0.0,14.3,31.0,23.5,1.67,9.2,56,94,26,14.0
1989-06-22,0.0,14.7,32.3,24.6,1.84,8.8,48,90,21,14.0
1989-06-23,0.0,15.1,34.9,26.1,1.75,8.9,43,80,15,14.0
1989-06-24,0.0,17.4,35.8,27.7,1.64,9.8,36,69,17,14.0
1989-06-25,0.0,18.5,35.2,27.2,1.55,8.4,52,82,30,14.0
1989-06-26,0.0,19.0,36.5,28.3,1.59,9.5,52,89,26,14.0
1989-06-27,0.0,19.0,35.0,27.0,1.9,10.4,51,79,21,14.0
1989-06-28,0.0,18.8,30.4,24.8,2.49,10.0,66,91,42,14.0
1989-06-29,0.0,19.8,30.6,24.8,1.92,8.6,70,98,42,13.2
1989-06-30,0.0,17.6,32.7,25.6,2.12,9.6,60,96,29,14.0
1989-07-01,0.0,17.9,34.8,27.1,1.6,8.3,54,88,27,14.0
1989-07-02,0.0,23.2,36.5,28.9,2.72,11.0,42,66,19,14.0
1989-07-03,0.0,19.0,33.8,26.1,2.03,11.7,62,90,35,14.0
1989-07-04,0.0,20.1,31.1,25.3,2.31,9.9,69,98,40,14.0
1989-07-05,0.0,21.8,30.7,25.9,3.21,11.9,65,93,42,13.0
1989-07-06,0.0,19.9,32.4,26.1,1.82,9.4,68,93,43,14.0
1989-07-07,0.0,21.3,35.6,28.3,1.54,9.1,59,93,29,14.0
1989-07-08,0.0,20.8,32.8,27.3,2.24,10.3,59,86,38,14.0
1989-07-09,0.0,20.2,31.0,25.4,2.5,10.2,70,95,43,14.0
1989-07-10,0.0,19.4,32.9,26.4,2.3,10.5,64,94,38,14.0
1989-07-11,0.0,19.8,31.0,25.7,2.46,11.3,58,82,40,12.5
1989-07-12,9.9,19.3,28.6,24.2,2.25,9.2,67,95,45,13.2
1989-07-13,0.0,17.5,30.5,24.4,1.8,8.8,63,94,37,14.0
1989-07-14,0.0,18.1,31.5,25.3,2.12,9.9,62,94,36,14.0
1989-07-15,0.0,18.4,32.2,25.6,1.97,10.0,59,91,35,14.0
1989-07-16,0.0,19.4,31.8,25.5,2.15,10.0,61,90,35,14.0
1989-07-17,0.0,18.7,32.3,25.8,1.91,9.4,54,88,28,14.0
1989-07-18,0.0,18.3,33.8,26.6,1.72,9.4,49,85,22,14.0
1989-07-19,0.0,18.3,35.9,27.3,1.85,8.4,46,78,19,14.0
1989-07-20,0.0,18.8,36.0,27.8,1.69,8.3,47,80,22,14.0
1989-07-21,0.0,19.0,34.8,27.5,1.89,9.0,49,83,22,11.0
1989-07-22,0.0,19.4,35.4,27.7,1.82,8.4,44,70,21,13.8
1989-07-23,0.0,19.5,35.2,27.6,1.7,8.9,57,89,31,13.9
1989-07-24,0.0,21.1,33.4,27.2,2.09,10.1,66,90,41,13.9
1989-07-25,0.0,20.8,32.1,26.6,2.16,10.0,68,96,42,13.9
1989-07-26,0.0,19.7,32.8,26.5,2.01,9.5,62,93,35,13.9
1989-07-27,0.0,19.8,33.1,26.8,1.96,10.1,57,92,31,13.9
1989-07-28,0.0,20.2,32.9,26.9,2.02,10.2,54,81,30,13.9
1989-07-29,0.0,19.5,33.1,26.5,1.99,9.0,61,92,33,13.8
1989-07-30,0.0,19.6,35.3,27.3,1.62,8.2,57,90,27,13.8
1989-07-31,0.0,19.9,37.3,28.9,1.57,8.8,54,93,24,13.7
1989-08-01,0.5,21.1,40.0,30.2,1.9,10.4,49,83,18,13.3
1989-08-02,0.0,21.7,33.4,27.6,1.98,9.3,64,88,43,13.4
1989-08-03,0.0,21.4,32.5,26.9,1.78,9.1,68,93,46,13.3
1989-08-04,0.0,21.6,33.4,27.3,1.93,11.0,61,91,31,13.4
1989-08-05,0.5,21.8,31.0,25.7,2.28,10.8,68,95,39,10.8
1989-08-06,0.0,18.5,33.4,25.9,1.88,9.8,61,91,31,13.5
1989-08-07,0.0,19.1,32.9,26.2,1.71,8.9,64,94,39,13.3
1989-08-08,0.0,20.8,36.7,28.7,1.37,7.9,58,91,29,13.3
1989-08-09,0.0,24.3,36.4,29.6,1.63,9.3,54,82,25,11.7
1989-08-10,0.0,23.8,37.7,30.3,1.64,10.2,50,82,22,11.4
1989-08-11,0.0,24.3,35.1,29.4,1.78,9.6,49,66,28,13.2
1989-08-12,0.0,21.3,34.8,28.1,1.64,8.8,59,86,35,13.2
1989-08-13,0.0,21.3,34.2,27.6,1.71,8.0,64,92,38,13.0
1989-08-14,0.0,21.3,36.3,28.7,1.63,9.4,59,93,32,13.1
1989-08-15,0.0,21.7,34.1,27.7,1.96,8.8,62,86,38,13.0
1989-08-16,0.0,21.9,34.9,27.7,1.53,8.8,68,96,36,12.9
1989-08-17,0.0,22.0,32.8,27.3,2.18,9.9,67,92,45,13.0
1989-08-18,0.0,22.7,32.5,27.0,2.38,10.2,73,96,44,12.7
1989-08-19,0.0,21.9,32.9,27.0,1.82,8.2,69,96,41,12.4
1989-08-20,0.0,20.6,33.9,27.2,1.88,9.1,67,96,38,12.2
1989-08-21,0.0,20.9,34.1,27.4,1.74,8.1,67,96,38,12.5
1989-08-22,0.0,21.3,34.2,27.7,1.82,8.9,64,93,35,12.5
1989-08-23,0.0,21.6,33.0,27.3,2.03,9.4,66,88,43,12.5
1989-08-24,0.5,21.3,32.7,27.0,2.09,10.0,62,92,33,9.7
1989-08-25,0.0,21.5,34.7,27.9,1.45,7.4,55,81,30,11.3
1989-08-26,0.0,21.7,33.4,27.4,1.47,8.4,64,89,39,12.3
1989-08-27,0.0,21.7,37.3,29.4,1.33,8.6,58,90,27,12.3
1989-08-28,0.5,22.7,34.1,28.4,1.82,8.5,48,79,28,9.9
1989-08-29,0.0,22.9,32.8,27.1,1.5,7.2,69,86,42,9.3
1989-08-30,2.3,23.1,30.3,26.3,1.48,8.5,76,98,52,10.9
1989-08-31,6.7,20.2,27.4,23.5,2.72,10.3,67,90,44,10.1
1989-09-01,0.6,18.9,29.0,23.5,2.14,9.4,66,93,39,12.0
1989-09-02,0.0,17.7,27.8,23.0,1.91,8.1,72,94,49,12.0
1989-09-03,0.0,19.9,28.4,23.7,2.49,8.9,74,94,49,11.9
1989-09-04,1.0,20.1,27.4,23.4,2.69,9.4,75,94,52,8.4
1989-09-05,88.3,17.7,21.4,19.3,3.95,18.0,83,94,67,5.7
1989-09-06,0.0,17.0,24.5,20.4,3.43,11.0,71,81,59,12.0
1989-09-07,55.6,18.9,22.5,20.9,3.2,19.5,88,95,82,0.0
1989-09-08,0.0,16.7,26.8,21.4,1.75,6.3,79,98,48,12.0
1989-09-09,0.0,16.7,26.6,21.6,1.64,7.4,79,95,58,12.0
1989-09-10,0.6,17.5,26.0,21.7,1.25,6.2,78,100,56,12.0
1989-09-11,0.0,16.3,25.9,20.7,1.98,6.5,71,92,46,11.3
1989-09-12,0.0,15.9,25.2,20.5,1.43,6.8,82,100,57,11.3
1989-09-13,0.0,15.0,25.9,20.3,1.15,6.0,82,100,57,12.0
1989-09-14,0.0,15.4,25.4,20.6,1.45,6.8,83,100,62,11.6
1989-09-15,0.0,15.7,27.1,20.9,1.26,5.6,78,100,45,11.4
1989-09-16,0.0,13.6,27.8,21.0,1.26,5.8,74,96,45,11.5
1989-09-17,0.0,16.0,28.0,22.2,1.14,6.6,82,98,62,12.0
1989-09-18,6.6,19.6,24.4,21.6,1.66,8.4,87,99,70,9.2
1989-09-19,0.0,16.4,26.8,21.7,1.22,5.4,83,100,61,11.6
1989-09-20,1.1,18.7,25.7,21.5,2.09,7.7,84,98,67,11.7
1989-09-21,0.0,18.6,27.2,22.0,1.69,5.6,79,95,51,12.0
1989-09-22,0.0,17.8,26.4,22.0,1.51,6.9,85,100,61,12.0
1989-09-23,1.7,18.6,23.7,21.0,1.78,9.2,88,100,74,9.8
1989-09-24,0.2,18.9,25.3,21.7,1.59,7.2,82,96,64,10.1
1989-09-25,0.0,18.9,26.9,22.3,1.03,4.2,83,99,61,10.9
1989-09-26,0.0,16.9,29.3,23.0,1.06,5.5,82,100,55,11.9
1989-09-27,0.1,18.8,26.2,22.1,1.42,7.1,86,100,63,9.6
1989-09-28,0.0,20.5,29.0,23.4,0.94,4.9,80,98,43,11.3
1989-09-29,0.3,19.3,25.3,21.7,1.18,5.2,80,98,54,11.1
1989-09-30,13.3,17.2,18.9,18.2,2.4,8.7,86,92,78,0.3
1989-10-01,0.9,14.8,22.4,18.7,1.86,7.7,79,96,58,11.2
1989-10-02,0.0,11.9,24.3,18.0,1.24,4.1,78,98,50,11.6
1989-10-03,0.0,11.8,27.0,19.3,1.46,5.4,74,96,41,11.6
1989-10-04,0.0,12.6,25.0,19.1,1.77,8.6,81,96,61,11.3
1989-10-05,0.0,17.8,24.4,20.5,1.85,8.1,79,95,55,10.3
1989-10-06,0.0,15.5,23.8,19.3,1.71,6.3,78,93,54,10.2
1989-10-07,0.0,12.4,28.7,20.3,1.7,7.1,68,98,38,11.2
1989-10-08,0.0,17.9,27.4,22.2,4.39,14.4,37,46,26,11.2
1989-10-09,0.0,14.9,22.8,18.8,2.7,9.7,46,76,31,11.1
1989-10-10,0.0,10.4,22.7,16.8,1.51,5.9,63,91,33,10.9
1989-10-11,0.0,11.1,22.2,16.9,1.75,7.3,78,98,51,10.2
1989-10-12,0.5,14.0,21.6,17.7,2.46,10.1,79,94,59,9.8
1989-10-13,0.0,14.8,21.4,18.1,2.19,9.1,76,92,56,9.3
1989-10-14,3.7,15.1,20.0,17.4,2.56,10.6,80,90,66,0.2
1989-10-15,4.9,16.5,21.2,18.6,3.82,14.4,75,85,60,10.2
1989-10-16,11.2,16.1,20.3,18.1,3.43,12.8,75,85,65,5.6
1989-10-17,0.0,14.6,23.2,18.8,1.69,5.6,77,91,62,9.0
1989-10-18,0.1,15.5,23.0,18.9,1.29,5.1,83,95,64,9.8
1989-10-19,0.0,15.0,25.0,19.6,1.41,5.0,81,100,51,10.2
1989-10-20,0.0,11.1,24.4,17.2,1.54,4.7,74,91,44,10.6
1989-10-21,0.0,10.2,24.0,16.9,1.14,5.4,78,95,48,10.5
1989-10-22,0.0,10.9,23.3,16.9,1.41,6.2,80,97,53,10.5
1989-10-23,0.0,11.6,22.2,17.0,2.32,9.7,81,97,58,10.1
1989-10-24,0.1,16.2,22.3,18.9,2.7,10.1,77,89,60,9.5
1989-10-25,0.0,12.4,21.1,16.5,1.78,7.5,81,94,59,8.7
1989-10-26,0.2,14.1,21.2,17.4,2.4,9.9,82,96,62,9.5
1989-10-27,0.0,14.7,23.2,18.6,1.76,5.8,83,95,63,8.9
1989-10-28,0.0,13.8,23.2,18.3,1.6,6.0,81,100,52,10.0
1989-10-29,0.0,11.1,24.2,17.4,1.82,7.1,67,90,40,10.1
1989-10-30,0.0,10.9,24.2,17.3,1.33,4.9,73,94,46,10.1
1989-10-31,0.0,10.0,25.0,17.0,1.26,4.2,76,95,44,10.1
1989-11-01,0.0,9.3,24.0,16.4,1.12,5.0,80,97,49,10.0
1989-11-02,0.0,10.4,24.9,17.0,1.34,4.7,79,98,47,10.1
1989-11-03,0.0,10.1,21.6,15.7,2.87,11.2,65,95,36,10.1
1989-11-04,0.0,9.3,19.1,13.5,2.6,9.9,44,69,29,10.0
1989-11-05,0.0,6.1,19.8,12.6,3.04,12.2,59,79,37,10.0
1989-11-06,0.0,10.0,19.3,14.4,3.51,14.4,51,68,32,9.2
1989-11-07,0.0,12.9,22.4,16.9,2.37,8.3,62,83,41,9.9
1989-11-08,0.0,8.6,22.7,15.1,1.49,5.2,76,95,45,9.9
1989-11-09,0.0,9.4,20.7,14.9,2.04,7.7,79,94,57,8.4
1989-11-10,0.1,14.1,19.1,16.3,1.75,7.0,82,94,69,6.2
1989-11-11,0.2,15.0,20.1,16.9,2.17,7.9,85,96,62,5.8
1989-11-12,0.0,14.5,20.4,16.8,2.64,10.7,83,96,59,9.2
1989-11-13,0.8,15.3,18.9,16.7,4.54,14.3,82,91,70,9.1
1989-11-14,11.8,15.1,16.5,15.9,5.84,15.3,89,95,84,0.0
1989-11-15,6.2,14.8,20.2,17.0,4.23,13.6,81,92,58,5.7
1989-11-16,2.3,11.7,18.3,15.1,1.44,7.8,86,97,70,8.9
1989-11-17,0.0,8.2,18.3,13.5,1.78,7.3,83,95,58,8.2
1989-11-18,0.0,12.9,17.8,15.0,1.73,9.0,74,94,47,9.6
1989-11-19,0.0,10.9,18.6,13.9,1.64,9.9,72,91,54,9.8
1989-11-20,2.9,10.8,18.5,14.3,1.57,11.4,85,94,71,4.1
1989-11-21,6.6,8.5,15.6,13.6,1.97,11.2,92,97,87,1.7
1989-11-22,4.2,6.9,15.7,11.5,1.25,5.9,87,97,65,2.1
1989-11-23,0.0,10.6,16.9,13.8,0.81,4.3,88,98,72,1.2
1989-11-24,0.0,8.9,19.7,13.7,1.61,6.7,80,98,48,9.7
1989-11-25,0.0,6.1,18.0,11.7,1.37,4.8,80,95,55,9.7
1989-11-26,3.6,9.9,16.5,12.8,1.62,7.7,84,93,69,1.7
1989-11-27,4.2,12.1,15.8,13.9,1.48,6.7,91,96,85,0.7
1989-11-28,0.6,11.0,17.8,14.0,0.87,3.4,87,99,67,7.8
1989-11-29,0.5,9.7,17.7,13.4,1.29,4.8,89,98,73,5.4
1989-11-30,22.2,13.8,15.7,14.6,2.55,10.3,96,98,93,0.0
1989-12-01,6.7,11.9,17.1,14.0,1.21,4.5,94,99,83,8.3
1989-12-02,5.6,12.0,15.7,13.5,3.28,11.3,86,99,71,8.4
1989-12-03,0.3,11.1,13.4,12.0,3.55,11.4,80,85,74,1.6
1989-12-04,4.5,11.6,14.1,12.6,2.35,8.6,80,89,69,0.5
1989-12-05,1.7,9.6,13.9,11.8,1.13,4.0,87,93,78,0.5
1989-12-06,7.3,11.5,14.3,13.1,3.1,12.2,95,98,93,0.0
1989-12-07,3.3,10.6,17.6,14.6,2.06,12.3,88,99,69,8.1
1989-12-08,0.0,8.1,17.2,12.8,1.37,6.2,89,99,72,8.9
1989-12-09,0.0,8.3,19.6,13.4,1.57,7.0,83,100,55,9.0
1989-12-10,0.0,8.0,18.9,12.7,2.52,10.2,79,91,55,8.9
1989-12-11,0.0,7.4,16.3,11.8,1.19,3.8,87,98,69,8.4
1989-12-12,0.9,8.1,16.8,12.1,1.24,5.1,90,100,72,7.6
1989-12-13,0.0,10.4,20.9,14.8,1.0,4.2,87,98,66,8.1
1989-12-14,0.0,8.0,20.2,13.4,1.41,4.3,85,96,62,9.2
1989-12-15,0.0,8.9,21.9,14.9,1.39,5.3,83,94,62,9.4
1989-12-16,0.0,8.9,21.7,14.7,2.36,10.6,81,95,64,9.2
1989-12-17,0.0,13.0,21.5,16.6,1.96,8.7,77,93,58,8.8
1989-12-18,0.0,13.1,19.8,15.8,3.62,14.8,77,93,59,8.3
1989-12-19,0.0,7.9,17.4,13.0,2.08,8.1,69,83,51,9.4
1989-12-20,0.0,5.5,17.0,10.6,1.16,3.9,83,95,61,7.8
1989-12-21,0.0,3.9,18.6,10.4,1.24,4.5,78,97,50,9.4
1989-12-22,0.0,6.5,17.9,11.6,2.24,9.3,71,90,44,8.9
1989-12-23,0.0,5.4,15.0,9.2,2.66,10.1,75,88,50,9.4
1989-12-24,0.0,3.2,14.2,8.1,1.52,4.5,82,94,63,9.2
1989-12-25,0.0,2.2,14.1,7.6,1.27,6.6,89,100,66,8.2
1989-12-26,8.7,8.7,14.2,11.4,2.27,8.1,93,96,86,0.8
1989-12-27,9.1,7.6,12.3,10.0,1.89,8.5,95,99,88,1.6
1989-12-28,3.4,9.0,14.0,11.1,2.4,8.8,90,95,80,8.0
1989-12-29,4.5,10.7,14.7,12.5,3.08,11.8,92,96,83,2.1
1989-12-30,1.2,11.0,14.9,12.5,2.09,7.1,87,96,77,6.3
1989-12-31,1.9,9.9,14.8,12.1,2.25,8.5,79,92,62,7.2
1990-01-01,0.9,6.1,16.9,11.0,1.51,4.2,83,96,56,9.2
1990-01-02,0.7,6.2,15.3,10.2,1.89,7.6,84,96,59,9.3
1990-01-03,9.7,9.8,13.3,11.2,0.95,5.2,92,97,87,0.2
1990-01-04,9.8,9.3,14.1,11.1,3.93,14.7,83,95,66,5.3
1990-01-05,0.3,7.9,13.8,11.0,1.44,5.6,80,94,61,9.0
1990-01-06,0.0,6.0,14.6,10.2,1.24,5.1,82,95,62,9.1
1990-01-07,0.2,3.6,16.1,9.1,1.51,4.9,84,98,59,8.4
1990-01-08,1.5,6.3,11.6,9.5,3.32,12.5,79,94,65,8.8
1990-01-09,0.0,7.4,12.8,9.7,2.61,9.5,78,87,63,9.1
1990-01-10,0.1,3.8,11.2,7.4,2.26,8.0,82,93,65,9.4
1990-01-11,7.3,7.1,12.0,9.1,2.79,8.5,85,91,72,7.4
1990-01-12,0.2,8.8,13.5,10.6,2.66,8.7,82,90,68,9.0
1990-01-13,2.9,8.8,12.5,10.4,2.46,9.3,87,92,81,4.2
1990-01-14,1.8,5.6,14.2,9.5,1.66,6.1,81,94,56,9.1
1990-01-15,0.0,2.1,13.9,7.8,1.46,4.3,83,97,61,9.2
1990-01-16,0.0,2.7,13.3,7.8,1.45,4.8,84,98,60,9.6
1990-01-17,0.0,3.9,12.9,8.2,1.2,4.3,87,98,67,8.6
1990-01-18,0.0,2.7,14.4,7.4,1.97,6.9,81,100,48,9.6
1990-01-19,0.0,3.6,12.7,7.6,1.74,5.2,80,93,61,9.4
1990-01-20,0.0,1.5,13.3,7.4,1.78,6.1,80,96,58,9.6
1990-01-21,0.0,2.6,14.9,7.7,1.72,6.4,76,93,46,9.6
1990-01-22,0.0,0.6,15.5,7.2,1.73,5.1,70,91,40,9.6
1990-01-23,0.0,-0.4,14.7,6.2,1.66,4.9,76,92,47,9.7
1990-01-24,0.0,1.4,17.1,8.4,2.93,9.8,73,93,53,9.7
1990-01-25,0.0,7.2,18.5,11.8,2.37,8.9,78,90,58,9.7
1990-01-26,0.0,3.8,18.1,10.2,1.7,5.7,78,95,51,9.6
1990-01-27,0.0,3.8,16.7,9.7,1.9,9.8,87,98,68,9.7
1990-01-28,3.3,9.5,15.1,11.6,2.14,11.7,88,98,74,0.0
1990-01-29,0.0,7.1,14.8,10.1,3.12,10.5,67,78,48,9.7
1990-01-30,0.0,3.5,16.9,10.0,1.57,7.3,70,89,48,9.7
1990-01-31,0.4,2.7,16.2,9.4,1.28,6.6,84,97,62,8.3
1990-02-01,0.1,4.4,14.7,9.7,3.11,12.3,65,86,42,9.8
1990-02-02,0.0,2.6,17.9,9.0,1.81,5.8,77,92,54,9.9
1990-02-03,0.0,3.2,18.1,10.0,0.88,3.2,83,98,55,9.9
1990-02-04,0.0,4.9,16.6,10.3,1.92,7.3,83,95,59,9.9
1990-02-05,0.0,8.8,14.5,11.5,1.77,7.9,86,97,71,2.9
1990-02-06,0.0,8.9,17.6,12.3,1.46,6.2,84,97,60,10.0
1990-02-07,0.0,5.0,19.8,11.9,1.46,4.7,81,97,51,9.9
1990-02-08,0.0,7.4,20.1,12.9,2.02,7.7,75,90,51,10.2
1990-02-09,0.0,5.3,18.5,12.1,1.08,5.1,85,98,63,10.2
1990-02-10,0.0,9.1,18.6,12.7,1.19,5.6,88,100,64,9.3
1990-02-11,0.0,10.2,19.0,13.6,2.43,9.5,68,84,45,10.5
1990-02-12,0.0,6.1,19.2,12.4,3.76,14.7,62,85,41,10.4
1990-02-13,0.0,11.5,21.4,15.7,4.68,14.8,49,60,35,10.6
1990-02-14,0.0,7.1,23.9,14.5,2.55,7.0,57,73,33,10.6
1990-02-15,0.0,7.8,23.9,14.2,2.39,6.8,61,78,34,10.6
1990-02-16,0.0,7.5,23.1,14.1,2.04,5.8,66,84,36,10.7
1990-02-17,0.0,6.0,21.6,13.1,1.63,5.2,75,92,42,10.7
1990-02-18,0.0,4.9,18.8,12.0,0.97,4.6,81,99,53,10.7
1990-02-19,0.0,6.9,21.6,13.6,1.23,4.8,75,98,41,10.7
1990-02-20,0.0,7.3,17.4,12.5,1.69,7.5,85,99,63,10.7
1990-02-21,0.0,8.9,18.5,13.0,1.08,6.1,82,98,59,10.8
1990-02-22,0.0,9.4,17.8,12.8,1.56,6.4,82,96,58,9.7
1990-02-23,0.0,8.3,18.5,12.8,1.24,5.7,83,99,57,10.8
1990-02-24,0.0,4.7,19.8,12.0,1.25,5.3,80,100,48,10.8
1990-02-25,0.0,3.8,21.8,12.6,1.26,4.7,77,100,41,10.8
1990-02-26,0.0,7.5,23.0,14.3,1.92,5.6,71,95,39,10.8
1990-02-27,0.0,10.6,25.4,17.1,2.5,7.4,57,76,34,10.9
1990-02-28,0.0,9.9,24.4,16.7,2.25,7.7,66,88,40,10.9
1990-03-01,0.0,7.4,24.7,15.0,1.89,5.8,63,91,26,10.9
1990-03-02,0.9,9.9,17.4,12.7,3.11,12.5,71,93,45,7.0
1990-03-03,7.7,8.1,10.3,9.3,5.71,15.8,72,89,51,0.3
1990-03-04,5.3,9.0,11.2,10.1,5.41,15.0,75,82,66,0.1
1990-03-05,0.0,9.5,13.3,11.2,3.68,11.5,64,71,59,2.9
1990-03-06,0.0,10.0,14.4,11.9,2.7,9.8,75,85,63,2.7
1990-03-07,0.0,7.5,16.4,11.6,1.57,7.7,79,94,61,10.7
1990-03-08,0.2,6.8,16.9,12.3,1.29,5.2,82,99,61,5.2
1990-03-09,0.0,11.1,19.7,14.5,2.31,9.7,76,94,49,9.0
1990-03-10,0.0,8.1,17.2,13.1,2.04,10.0,77,94,59,7.6
1990-03-11,0.4,7.1,19.3,12.9,1.26,5.1,72,95,44,6.9
1990-03-12,1.4,7.9,22.1,14.4,1.22,5.2,75,93,50,9.3
1990-03-13,0.0,9.4,24.7,16.4,2.04,8.3,72,95,41,11.5
1990-03-14,0.9,13.0,20.1,15.9,2.31,8.5,75,90,60,11.3
1990-03-15,0.0,9.2,19.8,14.4,1.34,7.6,80,99,53,11.2
1990-03-16,0.0,7.2,19.4,13.4,1.5,6.6,77,99,46,11.3
1990-03-17,0.5,7.3,17.7,12.7,2.39,10.6,81,94,62,11.4
1990-03-18,0.0,10.8,18.3,14.3,2.59,9.8,78,96,54,11.1
1990-03-19,0.0,7.5,19.9,13.5,2.04,9.0,73,94,47,11.8
1990-03-20,0.0,5.4,19.0,12.5,1.61,6.4,76,97,52,11.8
1990-03-21,0.0,5.4,23.6,14.7,1.14,5.0,72,99,36,11.8
1990-03-22,0.0,7.4,26.2,16.8,1.63,7.7,61,93,25,11.8
1990-03-23,0.0,8.2,25.1,16.9,1.52,7.0,58,86,31,9.4
1990-03-24,5.4,9.0,19.1,14.9,0.92,9.1,74,92,54,11.6
1990-03-25,1.2,11.7,18.5,14.7,2.37,7.8,72,93,50,11.8
1990-03-26,0.0,7.7,18.3,12.7,2.28,9.2,62,93,29,11.9
1990-03-27,0.0,4.8,16.4,10.5,2.51,10.6,51,89,24,12.0
1990-03-28,0.0,2.3,17.4,9.9,1.96,8.1,59,87,26,12.0
1990-03-29,0.0,3.1,16.0,9.9,2.23,9.8,69,95,40,12.0
1990-03-30,2.3,6.3,13.6,10.3,4.22,15.1,73,84,58,6.8
1990-03-31,12.6,10.8,16.5,13.0,4.52,14.9,86,94,72,3.7
1990-04-01,5.8,12.4,17.4,14.4,2.15,8.7,83,94,69,5.7
1990-04-02,2.9,6.9,19.8,13.9,2.85,12.6,70,100,32,11.9
1990-04-03,0.0,6.7,20.8,13.9,2.19,9.1,63,84,41,12.0
1990-04-04,0.0,8.5,18.8,13.6,2.24,9.6,74,91,55,12.0
1990-04-05,0.0,7.9,18.5,13.3,1.7,7.8,77,99,53,11.9
1990-04-06,0.0,11.1,21.0,15.4,2.16,12.6,72,96,36,10.3
1990-04-07,0.0,6.6,19.3,13.6,1.75,7.5,65,90,44,12.2
1990-04-08,4.2,6.8,18.2,13.0,1.22,9.3,75,95,54,10.7
1990-04-09,10.1,10.5,18.3,14.0,3.35,13.0,68,95,42,11.5
1990-04-10,0.0,7.7,15.8,11.8,5.27,16.8,45,68,29,12.1
1990-04-11,0.0,6.0,20.4,12.6,2.9,10.2,50,77,33,12.3
1990-04-12,0.0,9.2,22.0,15.0,2.49,9.1,64,84,41,12.2
1990-04-13,2.2,9.2,21.5,15.3,1.37,8.6,77,95,56,12.0
1990-04-14,0.0,11.7,21.3,16.0,2.36,10.6,65,97,35,12.4
1990-04-15,0.0,8.0,25.1,16.8,2.26,8.8,61,93,32,12.6
1990-04-16,0.0,10.7,20.8,15.8,1.63,9.9,60,81,41,12.5
1990-04-17,0.0,7.4,22.4,15.3,1.23,8.6,68,96,37,12.4
1990-04-18,0.2,10.8,19.5,15.2,1.34,7.2,64,91,36,12.6
1990-04-19,0.0,9.9,22.6,15.6,3.3,12.3,47,69,30,12.7
1990-04-20,0.0,11.4,18.7,14.7,2.26,9.3,63,85,45,11.8
1990-04-21,4.6,9.2,17.6,12.8,2.34,10.7,68,97,31,10.1
1990-04-22,5.8,6.6,18.3,12.6,2.05,11.6,69,95,36,12.6
1990-04-23,0.0,5.3,19.6,12.8,2.1,9.0,63,93,31,12.7
1990-04-24,0.0,6.2,20.5,13.7,1.79,7.2,64,91,37,12.9
1990-04-25,1.0,8.1,19.3,14.2,2.06,10.5,71,95,47,12.4
1990-04-26,0.2,8.3,19.1,13.9,2.56,10.7,71,97,44,13.0
1990-04-27,0.2,6.5,19.2,13.2,3.2,12.2,66,93,35,12.1
1990-04-28,24.4,11.5,16.1,13.9,3.99,12.1,77,88,61,3.2
1990-04-29,21.5,12.1,14.8,13.6,3.05,9.0,78,87,68,0.0
1990-04-30,2.2,13.0,17.1,15.1,2.66,11.6,74,84,65,4.1
1990-05-01,15.2,13.1,17.3,14.8,3.67,12.3,84,93,71,4.6
1990-05-02,3.0,13.1,17.0,14.8,3.63,11.4,77,91,57,3.6
1990-05-03,0.0,11.5,18.3,15.0,3.47,13.5,72,91,51,12.6
1990-05-04,0.0,7.5,20.1,14.6,2.93,11.1,65,87,47,13.7
1990-05-05,0.0,7.9,21.6,15.4,2.25,8.6,63,88,40,13.8
1990-05-06,0.0,6.9,21.3,15.2,1.83,7.3,66,94,43,13.8
1990-05-07,0.0,6.7,22.0,15.6,1.48,7.5,68,98,40,13.8
1990-05-08,0.0,8.5,21.8,15.9,1.92,9.1,72,95,44,13.7
1990-05-09,1.4,9.0,19.1,14.5,2.6,9.8,79,98,57,7.3
1990-05-10,14.4,13.8,19.5,16.0,3.4,12.8,82,91,72,6.9
1990-05-11,0.4,13.5,21.2,17.2,2.19,7.5,77,93,63,13.0
1990-05-12,0.2,11.5,22.9,17.4,1.72,9.7,83,100,59,13.4
1990-05-13,0.0,11.3,24.6,18.4,1.62,6.3,75,99,49,14.0
1990-05-14,0.0,11.5,25.9,19.0,1.91,6.9,68,92,42,14.0
1990-05-15,0.0,11.3,24.7,19.0,1.33,5.7,70,97,42,12.5
1990-05-16,0.0,10.6,25.1,18.6,2.26,10.2,67,97,39,14.0
1990-05-17,0.0,10.6,25.3,18.6,1.87,7.7,63,90,38,14.0
1990-05-18,0.2,11.7,24.6,18.7,1.59,8.0,71,96,46,14.0
1990-05-19,0.0,13.3,25.3,19.7,1.75,7.8,70,94,47,13.9
1990-05-20,0.0,13.7,27.5,20.8,1.31,8.1,73,98,43,13.6
1990-05-21,0.0,15.0,26.5,20.8,1.88,8.3,74,98,46,13.3
1990-05-22,0.2,16.2,25.6,20.2,1.64,7.2,76,97,50,12.7
1990-05-23,4.8,15.1,25.0,19.5,1.27,8.3,75,93,51,14.0
1990-05-24,0.0,12.9,27.6,20.3,2.47,9.4,56,91,27,14.0
1990-05-25,0.0,14.2,28.8,21.8,2.05,9.1,51,75,30,12.0
1990-05-26,0.0,13.9,29.0,22.2,1.72,8.7,57,89,33,14.0
1990-05-27,1.4,16.9,24.8,20.4,1.73,9.2,68,92,44,10.4
1990-05-28,4.0,15.5,23.1,19.3,1.96,9.6,74,97,54,12.0
1990-05-29,0.0,12.5,24.9,19.3,1.91,9.7,60,92,33,14.0
1990-05-30,0.0,14.5,25.3,19.8,1.93,9.6,59,86,34,14.0
1990-05-31,0.0,12.1,25.1,19.0,2.69,11.5,60,88,34,13.3
1990-06-01,0.0,11.6,25.7,19.3,2.26,10.0,58,87,35,14.0
1990-06-02,0.0,11.8,27.6,20.4,1.83,8.7,57,89,31,14.0
1990-06-03,0.0,13.2,28.1,21.3,1.56,7.5,58,89,35,14.0
1990-06-04,0.0,15.8,30.6,23.3,1.46,7.5,66,94,40,13.5
1990-06-05,0.2,16.4,30.3,24.1,1.81,9.0,61,97,31,14.0
1990-06-06,0.0,17.2,27.7,22.4,2.19,11.7,58,89,30,14.0
1990-06-07,0.0,14.9,29.9,22.8,1.63,9.9,63,93,37,14.0
1990-06-08,0.0,15.8,34.3,25.8,1.95,9.2,56,93,27,14.0
1990-06-09,0.0,18.6,29.6,24.3,2.54,9.4,58,86,38,14.0
1990-06-10,0.0,17.3,26.7,21.7,2.74,10.7,73,97,49,13.9
1990-06-11,1.2,16.3,26.6,21.2,1.97,10.1,69,95,45,13.4
1990-06-12,0.0,17.3,26.7,21.6,2.1,10.0,75,97,51,13.0
1990-06-13,0.0,17.4,26.3,21.4,2.03,8.4,72,94,49,13.0
1990-06-14,0.0,17.9,29.6,23.0,1.49,8.5,67,93,36,12.6
1990-06-15,0.0,15.1,29.6,23.3,2.04,9.1,58,88,37,13.1
1990-06-16,0.1,17.8,28.1,22.8,1.87,8.9,69,94,48,14.0
1990-06-17,0.0,16.4,31.6,24.5,1.76,10.6,59,95,30,14.0
1990-06-18,0.0,17.4,29.0,23.8,2.23,11.0,59,83,42,14.0
1990-06-19,0.0,18.1,31.0,23.9,1.87,9.6,66,95,38,14.0
1990-06-20,0.0,16.8,32.6,25.5,1.95,8.1,53,91,29,14.0
1990-06-21,0.0,19.0,32.1,26.0,1.89,10.8,47,77,26,14.0
1990-06-22,0.0,18.3,33.6,26.1,2.29,9.8,42,72,23,14.0
1990-06-23,0.0,20.5,31.0,25.3,2.61,11.5,52,73,35,14.0
1990-06-24,0.0,17.7,31.5,24.9,3.24,14.1,58,90,29,14.0
1990-06-25,0.0,18.2,31.6,25.6,3.06,13.0,47,71,29,14.0
1990-06-26,0.0,17.9,33.0,25.9,1.72,9.8,52,79,32,14.0
1990-06-27,0.0,21.4,31.8,26.3,1.77,9.6,55,73,35,14.0
1990-06-28,0.0,20.7,30.5,25.2,2.32,10.8,64,86,41,14.0
1990-06-29,0.0,17.2,31.7,24.9,1.77,8.1,62,94,39,14.0
1990-06-30,0.0,19.0,35.5,27.3,1.57,7.7,57,90,27,14.0
1990-07-01,0.0,20.4,32.7,26.4,2.73,11.7,59,88,29,14.0
1990-07-02,0.0,20.3,30.8,25.0,2.11,9.2,72,95,45,13.1
1990-07-03,0.0,18.5,34.6,26.1,2.06,12.7,66,98,27,14.0
1990-07-04,0.0,21.6,30.0,25.3,2.29,10.3,69,91,45,13.9
1990-07-05,0.0,20.2,32.7,26.3,1.71,8.7,63,94,35,14.0
1990-07-06,0.0,20.6,27.6,24.4,3.18,12.8,69,87,55,13.1
1990-07-07,0.0,19.5,29.6,24.1,2.27,10.3,64,88,40,13.8
1990-07-08,0.0,17.9,30.6,24.6,1.8,9.3,58,90,32,14.0
1990-07-09,0.0,16.2,32.9,25.4,1.87,9.6,50,87,24,14.0
1990-07-10,0.0,17.8,32.1,25.8,2.09,10.1,51,81,31,14.0
1990-07-11,0.0,19.8,29.4,24.5,2.54,11.1,62,80,44,14.0
1990-07-12,0.0,18.8,29.1,23.9,2.16,9.6,65,89,45,14.0
1990-07-13,0.0,18.3,29.8,24.1,2.05,9.9,59,83,36,14.0
1990-07-14,0.0,17.1,32.2,24.6,1.82,9.5,62,94,30,14.0
1990-07-15,4.1,19.5,29.9,25.0,1.77,9.3,66,90,43,14.0
1990-07-16,1.1,19.4,30.6,25.2,2.68,11.5,65,92,40,14.0
1990-07-17,0.0,18.7,31.6,25.3,2.29,9.8,66,95,38,14.0
1990-07-18,0.0,18.2,33.1,26.1,2.33,10.3,57,93,27,14.0
1990-07-19,0.0,17.6,33.7,26.6,2.14,9.3,52,84,28,14.0
1990-07-20,0.0,19.7,33.4,27.0,1.82,9.3,52,81,29,14.0
1990-07-21,0.0,21.2,33.5,27.2,1.83,9.6,56,87,28,13.9
1990-07-22,0.0,20.1,33.6,27.1,1.71,9.0,48,76,26,13.9
1990-07-23,0.0,17.6,34.8,27.0,1.77,8.5,43,82,16,13.9
1990-07-24,0.0,18.6,37.7,28.7,1.8,8.0,38,76,12,13.9
1990-07-25,0.4,20.8,38.1,29.8,1.56,10.0,41,63,20,13.9
1990-07-26,0.0,23.3,36.5,29.5,2.2,7.7,33,60,14,13.9
1990-07-27,0.0,21.0,36.1,28.7,2.33,9.8,38,55,21,13.9
1990-07-28,0.7,21.2,31.3,26.8,1.67,9.6,50,69,33,13.5
1990-07-29,0.0,19.8,32.2,26.2,1.88,9.6,62,93,34,13.7
1990-07-30,0.0,18.1,31.8,25.3,1.98,9.2,63,95,36,13.8
1990-07-31,0.0,18.5,32.4,25.7,1.96,8.8,60,91,34,13.5
1990-08-01,0.0,18.4,33.2,26.4,1.85,9.6,55,90,29,13.8
1990-08-02,0.0,20.0,33.5,27.3,1.91,10.3,49,76,29,13.5
1990-08-03,0.0,21.6,33.0,27.4,1.89,9.4,56,75,37,12.5
1990-08-04,0.0,20.1,35.0,27.9,1.48,7.7,60,94,28,13.6
1990-08-05,1.3,21.3,36.0,29.1,1.65,9.7,55,90,28,13.4
1990-08-06,0.0,23.2,35.0,29.1,1.62,9.7,54,77,35,13.5
1990-08-07,0.0,20.8,32.4,26.6,2.83,11.5,65,95,36,12.8
1990-08-08,0.0,23.3,29.1,25.8,3.08,9.7,66,84,46,12.3
1990-08-09,0.0,20.3,30.2,25.0,2.22,9.4,64,89,41,13.2
1990-08-10,0.0,17.9,30.6,24.8,2.03,9.8,59,89,39,13.1
1990-08-11,0.0,18.4,32.9,26.0,1.7,9.3,53,88,23,13.3
1990-08-12,0.0,18.6,33.4,26.5,2.08,10.3,56,90,29,13.3
1990-08-13,0.0,18.1,33.6,26.0,1.76,8.0,61,90,31,13.2
1990-08-14,0.0,20.1,34.0,27.1,1.53,8.9,68,97,37,13.0
1990-08-15,0.0,19.5,33.3,26.6,2.09,9.8,68,95,38,13.2
1990-08-16,0.0,21.4,32.2,26.6,1.7,9.0,73,99,46,12.8
1990-08-17,0.0,21.8,32.1,26.2,2.05,9.5,71,98,42,12.3
1990-08-18,0.0,19.7,31.3,25.5,2.17,9.5,71,98,45,12.9
1990-08-19,0.0,18.9,31.0,25.1,1.95,10.2,72,97,45,12.9
1990-08-20,0.0,18.6,33.7,26.1,1.89,9.7,63,95,29,12.8
1990-08-21,0.5,19.1,32.2,26.1,1.86,9.0,59,92,33,12.8
1990-08-22,0.0,19.2,31.5,25.6,2.32,10.2,69,93,46,12.5
1990-08-23,0.0,22.0,31.3,26.3,2.45,8.8,68,95,40,12.5
1990-08-24,0.0,18.9,32.1,25.5,1.59,7.5,68,92,42,12.5
1990-08-25,0.0,19.1,34.2,26.6,1.67,9.6,64,96,31,12.4
1990-08-26,0.6,21.0,30.9,25.4,1.56,9.4,76,98,48,11.7
1990-08-27,0.0,21.6,31.5,25.8,1.73,8.3,72,95,44,12.1
1990-08-28,0.0,20.5,31.6,25.7,1.88,9.4,70,97,39,12.1
1990-08-29,0.0,19.1,32.8,25.8,1.88,8.8,68,98,33,12.2
1990-08-30,0.0,19.4,32.5,25.9,1.47,7.8,72,98,41,12.1
1990-08-31,0.0,22.4,29.4,24.9,2.93,11.1,66,85,41,9.6
1990-09-01,1.1,21.9,28.3,24.6,2.13,8.5,73,83,60,10.4
1990-09-02,0.4,20.9,28.9,24.6,1.91,8.9,75,96,51,10.5
1990-09-03,0.0,18.5,30.4,24.8,1.67,8.5,69,98,39,12.0
1990-09-04,0.0,18.4,32.3,25.4,1.72,7.2,66,97,32,12.0
1990-09-05,0.0,18.1,32.5,25.7,1.63,7.5,64,95,33,12.0
1990-09-06,0.0,19.5,33.1,26.5,1.51,7.7,70,97,42,12.0
1990-09-07,0.0,20.9,31.5,25.6,1.92,8.0,76,100,46,12.0
1990-09-08,0.5,21.3,28.2,24.4,3.25,12.1,78,97,55,11.5
1990-09-09,4.8,21.5,27.1,23.8,4.19,12.9,78,90,64,8.3
1990-09-10,0.0,18.1,29.8,23.8,1.93,7.7,70,91,47,12.0
1990-09-11,0.0,18.9,32.7,25.5,1.17,6.1,74,99,44,11.0
1990-09-12,1.4,20.1,34.7,26.6,1.65,9.8,69,94,32,11.4
1990-09-13,0.0,21.5,31.2,25.8,1.44,6.4,77,99,51,10.5
1990-09-14,0.0,21.2,32.2,26.4,1.15,5.3,72,98,40,9.2
1990-09-15,0.0,21.3,31.2,26.3,1.26,6.4,69,97,42,8.7
1990-09-16,0.9,20.8,29.9,24.9,1.62,9.3,69,91,42,7.2
1990-09-17,0.3,19.9,29.8,24.3,1.37,6.6,72,95,44,10.0
1990-09-18,0.3,20.5,29.2,24.4,2.59,10.3,78,98,52,10.8
1990-09-19,0.0,19.6,30.6,24.8,1.51,6.6,74,97,45,12.0
1990-09-20,0.0,18.1,33.5,25.8,1.22,6.0,70,99,36,12.0
1990-09-21,0.0,19.5,34.1,26.6,2.29,8.4,49,84,19,12.0
1990-09-22,0.0,18.6,34.0,26.0,2.2,8.3,40,57,19,12.0
1990-09-23,0.0,21.6,33.2,27.3,2.94,11.6,37,51,24,11.1
1990-09-24,0.7,20.8,29.1,25.4,1.96,9.3,39,63,28,11.0
1990-09-25,7.1,18.8,22.5,20.9,1.14,10.4,77,92,66,1.1
1990-09-26,0.0,17.0,27.9,21.7,1.57,6.8,76,99,46,11.9
1990-09-27,0.0,16.1,28.3,22.3,1.4,6.8,77,97,52,11.8
1990-09-28,0.0,17.8,30.1,23.9,1.21,7.4,76,98,50,11.0
1990-09-29,0.0,18.5,30.5,24.2,1.62,9.2,74,100,42,10.3
1990-09-30,0.0,19.3,29.0,23.7,1.28,9.2,70,89,47,7.4
1990-10-01,0.1,19.2,29.4,24.1,1.43,7.6,72,95,46,10.8
1990-10-02,35.4,18.9,22.8,21.1,1.2,7.6,91,97,82,2.6
1990-10-03,0.1,17.2,25.5,21.0,1.41,6.1,85,99,59,10.4
1990-10-04,3.4,17.1,26.3,21.0,2.22,8.6,73,99,40,11.3
1990-10-05,1.2,16.8,22.5,19.5,1.7,7.7,81,94,67,11.0
1990-10-06,0.0,15.8,23.2,19.3,1.58,6.3,77,95,56,11.0
1990-10-07,0.0,12.9,26.7,19.9,2.23,14.8,66,95,40,11.1
1990-10-08,3.3,12.4,17.0,15.1,5.58,15.5,62,73,53,6.2
1990-10-09,0.7,13.3,20.4,16.9,3.43,11.6,62,76,50,9.1
1990-10-10,16.2,14.8,19.9,16.6,2.85,10.3,84,94,70,6.2
1990-10-11,17.2,15.7,19.8,17.4,1.94,7.9,89,96,80,7.1
1990-10-12,0.0,10.9,22.9,17.0,1.25,5.4,84,98,62,10.9
1990-10-13,3.7,14.3,24.8,19.3,1.37,6.4,81,97,56,10.9
1990-10-14,0.0,13.9,24.8,19.2,1.35,4.0,81,99,51,10.8
1990-10-15,0.1,16.1,23.9,19.5,0.96,5.9,86,99,66,10.5
1990-10-16,0.0,12.5,23.1,17.9,1.87,7.3,79,96,55,10.7
1990-10-17,1.5,13.6,24.0,18.7,1.47,7.4,75,98,43,10.7
1990-10-18,0.4,11.2,21.4,16.4,1.74,7.5,74,91,50,10.2
1990-10-19,0.0,13.1,22.1,18.0,3.13,13.5,71,95,45,10.5
1990-10-20,0.0,10.5,21.6,16.2,1.9,6.6,70,87,52,10.6
1990-10-21,0.0,9.5,22.6,16.1,1.68,7.7,83,97,60,10.3
1990-10-22,2.8,15.7,20.6,17.9,2.45,9.1,80,98,48,6.7
1990-10-23,0.0,10.6,22.9,16.6,2.29,8.8,66,85,39,10.5
1990-10-24,0.0,10.3,22.3,16.2,1.26,5.6,78,94,53,10.2
1990-10-25,0.0,12.9,21.9,17.0,2.29,7.6,65,81,41,10.3
1990-10-26,0.0,9.4,19.7,14.9,1.17,4.5,74,90,53,6.6
1990-10-27,0.0,13.3,21.6,17.1,1.52,8.2,69,91,46,10.0
1990-10-28,0.0,9.5,19.3,14.6,2.17,8.4,70,88,49,0.3
1990-10-29,0.7,14.5,25.5,19.2,2.89,10.1,64,78,50,10.0
1990-10-30,0.0,13.9,25.1,19.0,2.52,10.1,69,88,46,10.1
1990-10-31,0.0,11.4,25.0,17.5,1.89,6.7,75,94,47,10.1
1990-11-01,0.0,13.1,20.7,16.5,2.56,11.2,62,92,33,10.1
1990-11-02,0.0,7.7,19.6,13.1,1.52,4.9,68,89,40,9.7
1990-11-03,0.0,6.3,19.0,12.2,1.83,6.2,66,86,37,10.1
1990-11-04,0.0,5.7,17.0,11.2,2.16,8.1,76,89,56,8.0
1990-11-05,0.0,9.3,16.3,12.7,1.77,6.8,76,92,56,6.2
1990-11-06,0.0,10.1,18.4,14.2,2.19,9.9,78,92,61,9.0
1990-11-07,1.4,13.2,18.5,15.8,2.94,11.1,83,90,69,3.6
1990-11-08,1.0,15.2,20.0,16.9,1.92,6.7,87,95,72,4.3
1990-11-09,3.2,12.5,21.6,17.2,0.92,6.6,87,100,63,9.9
1990-11-10,0.0,12.8,20.6,16.0,2.17,8.5,75,96,48,8.5
1990-11-11,0.0,11.9,19.7,15.4,2.9,9.1,66,79,50,9.9
1990-11-12,0.0,9.1,20.4,14.1,1.47,4.4,69,87,41,9.9
1990-11-13,0.0,8.2,19.2,13.4,1.47,5.6,81,96,56,9.8
1990-11-14,0.0,8.7,21.5,14.2,1.84,7.2,75,98,44,9.4
1990-11-15,0.0,8.6,22.7,14.7,2.73,9.1,59,85,26,9.8
1990-11-16,0.0,11.1,21.1,15.8,2.44,9.2,55,78,38,9.8
1990-11-17,0.0,8.3,22.9,14.7,1.57,4.5,75,95,43,9.8
1990-11-18,0.0,10.6,22.5,15.5,1.91,7.5,70,93,37,9.8
1990-11-19,0.0,7.7,22.1,13.8,1.66,4.7,72,91,40,9.8
1990-11-20,0.0,7.4,21.5,13.5,1.56,4.3,75,92,43,9.7
1990-11-21,0.0,7.1,19.4,12.3,1.65,4.4,74,92,44,8.6
1990-11-22,0.9,8.4,15.1,11.6,3.09,9.9,58,79,34,9.7
1990-11-23,0.0,5.9,14.8,9.5,2.74,10.2,54,67,32,9.7
1990-11-24,0.3,5.8,18.8,12.2,2.15,10.0,65,77,49,9.2
1990-11-25,1.2,6.9,15.4,13.0,2.56,13.0,67,83,41,9.4
1990-11-26,0.0,2.7,15.2,8.3,1.93,7.9,69,90,38,9.7
1990-11-27,0.0,2.8,14.3,8.3,2.94,10.6,64,87,35,9.7
1990-11-28,0.0,1.8,14.5,7.7,2.44,8.4,65,89,34,9.6
1990-11-29,0.0,5.6,13.4,8.9,3.57,11.4,54,69,34,9.6
1990-11-30,0.0,3.8,14.3,8.4,3.05,10.0,55,70,35,9.6
1990-12-01,0.0,1.8,14.5,7.4,2.34,7.3,64,83,33,9.6
1990-12-02,0.0,4.3,13.2,8.5,1.74,6.7,77,93,56,5.5
1990-12-03,0.0,7.0,14.3,9.9,1.24,4.7,74,90,54,8.9
1990-12-04,0.0,6.7,13.2,9.7,1.42,5.0,81,93,64,4.5
1990-12-05,0.0,8.5,14.4,11.4,0.77,3.5,79,92,63,3.7
1990-12-06,0.0,7.6,14.2,10.8,2.01,8.6,79,95,50,8.5
1990-12-07,0.0,7.8,14.4,10.7,1.42,4.9,77,91,53,8.5
1990-12-08,0.1,4.3,15.5,10.0,1.76,9.1,82,96,61,6.3
1990-12-09,0.0,6.4,11.2,9.1,4.3,17.2,62,94,32,9.3
1990-12-10,0.0,5.5,11.8,7.9,5.94,19.1,43,51,36,9.4
1990-12-11,0.0,7.5,14.1,10.3,6.7,20.4,47,52,38,8.6
1990-12-12,0.0,8.0,15.1,11.1,5.23,14.2,50,58,40,9.4
1990-12-13,0.0,10.5,16.3,12.8,5.22,15.5,49,57,34,9.4
1990-12-14,0.0,5.4,12.7,8.7,3.53,11.4,48,64,33,9.4
1990-12-15,0.0,-1.0,13.6,5.5,1.84,5.3,65,88,32,9.4
1990-12-16,0.2,-1.3,12.8,5.6,2.2,7.7,65,80,41,8.7
1990-12-17,1.2,7.7,11.5,9.3,2.31,8.4,78,91,61,5.0
1990-12-18,0.1,7.4,12.4,9.5,1.64,6.8,82,93,67,8.0
1990-12-19,8.0,6.0,10.9,8.4,2.67,10.4,89,94,79,0.0
1990-12-20,6.2,8.4,10.3,9.2,4.59,13.2,86,90,82,0.1
1990-12-21,0.0,6.9,11.8,8.7,2.3,8.5,74,85,53,8.7
1990-12-22,0.0,-0.3,10.9,5.5,1.11,3.6,74,94,47,8.5
1990-12-23,0.0,-0.7,12.0,4.5,1.71,5.3,75,93,46,8.6
1990-12-24,0.0,0.4,14.7,6.6,3.13,11.0,67,90,39,9.4
1990-12-25,0.0,3.5,14.7,8.5,2.86,9.8,66,84,43,9.4
1990-12-26,0.4,6.9,16.3,10.8,2.69,11.2,74,89,54,8.8
1990-12-27,0.6,8.4,18.1,12.3,2.26,7.3,73,85,53,8.4
1990-12-28,0.0,7.5,18.3,12.6,1.7,7.5,82,97,59,9.0
1990-12-29,0.0,6.3,17.9,10.8,1.62,4.6,82,95,55,9.2
1990-12-30,0.0,5.1,18.9,10.7,1.44,4.4,82,97,52,8.3
1990-12-31,0.0,6.6,18.5,11.2,1.26,3.8,84,96,57,8.6
1991-01-01,0.0,7.4,16.5,11.5,2.04,7.1,79,97,57,6.9
1991-01-02,0.0,2.9,15.8,8.8,1.54,4.7,83,99,52,9.3
1991-01-03,0.0,1.8,16.7,7.9,1.49,4.6,79,99,44,9.3
1991-01-04,0.0,3.4,15.9,8.4,3.43,14.1,69,93,46,7.9
1991-01-05,0.0,5.2,14.4,8.6,2.89,11.5,53,78,31,9.5
1991-01-06,0.0,1.5,14.8,7.1,1.76,6.2,72,87,44,9.4
1991-01-07,0.0,2.4,16.2,8.1,2.08,6.4,74,92,44,8.6
1991-01-08,0.0,3.7,17.8,9.5,1.44,4.3,81,96,54,9.4
1991-01-09,0.0,5.3,19.8,11.4,1.34,5.0,80,96,49,9.1
1991-01-10,0.0,5.5,18.9,11.0,1.48,4.3,82,96,53,9.4
1991-01-11,0.0,4.7,18.3,10.2,1.54,4.7,78,97,43,9.5
1991-01-12,0.8,2.4,15.1,8.4,2.69,12.8,74,95,48,9.4
1991-01-13,0.0,5.4,12.6,8.6,5.05,13.1,43,55,28,9.6
1991-01-14,0.0,3.7,11.0,7.0,3.49,12.4,42,52,28,9.6
1991-01-15,0.0,-1.6,11.0,5.2,1.25,5.0,64,88,47,9.5
1991-01-16,0.0,-1.5,12.3,5.2,1.37,4.4,74,93,46,8.6
1991-01-17,0.0,1.7,15.2,8.2,1.69,6.2,73,92,46,9.6
1991-01-18,0.0,1.6,14.4,7.9,1.26,5.4,80,96,57,9.5
1991-01-19,0.0,2.7,13.7,8.3,1.34,4.5,86,99,68,6.4
1991-01-20,0.1,5.4,14.1,10.0,1.32,4.8,84,99,61,5.3
1991-01-21,15.6,7.4,12.3,9.5,3.55,14.9,80,96,60,8.5
1991-01-22,0.0,2.0,11.2,6.7,2.13,7.2,75,90,54,8.3
1991-01-23,6.5,7.2,11.1,8.6,3.53,12.0,84,90,78,4.7
1991-01-24,10.9,7.7,10.3,8.6,3.96,12.4,89,94,84,5.5
1991-01-25,14.2,8.0,10.6,9.0,3.56,9.7,92,95,89,0.5
1991-01-26,2.1,6.7,10.7,8.4,3.77,11.1,81,93,65,6.4
1991-01-27,2.0,6.3,13.2,9.0,2.61,9.5,73,85,53,9.6
1991-01-28,0.0,1.4,14.6,7.6,1.66,4.3,77,97,48,8.6
1991-01-29,1.4,0.5,12.6,6.4,1.48,5.3,84,97,65,8.2
1991-01-30,0.5,4.2,12.9,8.2,2.64,10.9,75,98,48,8.0
1991-01-31,0.0,2.0,13.8,7.6,2.22,7.8,72,92,39,9.7
1991-02-01,3.0,1.0,11.3,6.3,1.39,5.7,85,96,63,3.2
1991-02-02,0.6,5.0,12.4,8.3,2.3,10.0,79,99,48,8.8
1991-02-03,0.9,0.6,12.7,6.6,2.21,7.1,76,92,59,9.7
1991-02-04,0.0,5.6,13.3,9.0,2.06,8.2,80,94,57,9.8
1991-02-05,0.0,1.9,16.8,8.5,1.99,9.2,76,98,41,10.0
1991-02-06,0.0,4.9,16.5,9.5,2.05,7.3,78,90,52,6.4
1991-02-07,0.5,3.7,17.4,9.7,2.26,10.0,74,96,42,10.0
1991-02-08,0.0,1.9,14.5,7.7,3.1,12.3,66,89,35,10.3
1991-02-09,0.0,0.5,15.3,7.4,1.46,4.7,76,93,49,8.9
1991-02-10,2.8,2.1,13.7,8.1,1.32,4.2,83,94,62,7.6
1991-02-11,1.0,4.8,12.4,8.7,1.78,7.2,74,95,38,9.1
1991-02-12,2.6,2.0,9.8,6.2,1.15,5.0,84,98,61,2.4
1991-02-13,0.7,4.9,10.5,7.3,1.95,7.3,76,93,49,9.9
1991-02-14,0.0,-1.2,11.6,5.3,2.83,11.9,63,93,29,10.6
1991-02-15,0.0,-3.0,12.6,4.3,2.05,7.6,58,78,29,10.6
1991-02-16,0.3,-1.3,14.1,5.9,1.76,5.9,68,85,40,8.2
1991-02-17,2.1,1.4,13.0,7.1,1.53,6.9,78,98,47,10.6
1991-02-18,2.7,4.3,14.5,9.3,2.53,8.7,82,96,58,5.8
1991-02-19,30.3,9.8,11.5,10.6,3.78,12.1,90,95,79,0.0
1991-02-20,0.7,7.6,15.0,11.4,3.1,11.4,75,91,54,9.6
1991-02-21,0.0,2.9,17.4,9.5,1.9,6.3,76,94,47,10.7
1991-02-22,0.0,5.4,18.1,11.0,1.95,8.7,72,89,45,10.8
1991-02-23,0.0,3.1,17.4,9.9,1.57,5.3,77,93,49,10.8
1991-02-24,0.0,2.6,16.7,10.0,1.17,6.1,82,99,56,10.8
1991-02-25,0.0,2.6,15.3,9.2,1.28,6.2,83,100,56,10.8
1991-02-26,0.0,2.7,16.7,9.6,1.33,5.3,85,100,59,10.1
1991-02-27,0.0,5.5,19.0,12.0,2.36,11.9,72,99,43,10.9
1991-02-28,3.0,4.9,12.4,9.8,2.31,8.3,81,92,62,0.0
1991-03-01,0.6,5.7,15.1,11.2,2.64,10.4,72,94,46,10.9
1991-03-02,0.0,6.1,17.4,11.2,2.62,9.7,67,89,45,10.5
1991-03-03,0.0,4.5,17.3,11.4,1.52,7.8,82,99,60,10.9
1991-03-04,0.0,5.2,16.3,10.6,1.88,8.0,87,100,65,10.1
1991-03-05,0.0,7.2,18.0,12.0,1.92,9.4,83,97,56,9.1
1991-03-06,1.1,8.7,15.3,12.1,2.59,10.1,86,95,76,1.4
1991-03-07,4.1,11.8,16.9,13.6,4.26,16.0,81,93,54,2.4
1991-03-08,0.0,5.8,18.3,12.5,2.72,12.3,68,91,40,11.3
1991-03-09,0.4,6.4,18.0,12.3,2.02,7.6,72,88,47,7.8
1991-03-10,0.0,9.3,21.8,15.1,2.15,9.1,72,91,45,11.3
1991-03-11,0.0,8.0,21.7,14.3,1.99,6.5,71,90,42,11.4
1991-03-12,0.0,8.5,17.8,13.1,1.54,6.6,85,96,66,7.4
1991-03-13,18.1,11.4,14.6,12.7,1.88,7.2,94,99,85,1.8
1991-03-14,4.2,11.4,17.5,13.9,4.03,14.4,75,94,55,9.3
1991-03-15,0.0,6.2,19.4,12.7,2.03,8.2,72,92,44,11.6
1991-03-16,0.0,8.0,21.8,14.6,1.99,7.0,75,95,48,11.6
1991-03-17,0.0,7.6,19.1,13.6,3.59,13.0,64,88,37,11.0
1991-03-18,0.0,10.8,20.7,14.9,3.77,11.5,54,72,32,11.7
1991-03-19,0.0,10.0,21.9,15.2,2.2,8.6,65,82,46,11.6
1991-03-20,0.0,9.1,23.9,15.9,1.83,7.2,74,95,48,11.6
1991-03-21,0.0,7.5,23.8,16.6,1.47,7.9,69,94,48,11.6
1991-03-22,0.0,9.9,17.6,14.2,2.68,8.1,57,82,38,10.8
1991-03-23,13.5,9.1,11.5,10.5,2.91,13.8,85,96,76,0.0
1991-03-24,0.5,7.6,12.5,10.3,6.31,18.4,54,71,47,7.0
1991-03-25,0.0,9.5,17.3,12.9,4.08,10.8,56,68,39,11.2
1991-03-26,0.0,11.0,17.0,13.9,1.98,7.1,66,83,52,8.7
1991-03-27,0.9,10.5,16.7,13.3,1.4,6.9,82,94,63,9.1
1991-03-28,0.0,8.5,17.4,12.5,1.95,8.1,80,100,53,10.9
1991-03-29,0.0,6.4,17.7,12.2,3.37,13.7,70,90,47,12.0
1991-03-30,0.9,9.4,17.1,12.9,4.08,15.1,67,83,49,12.0
1991-03-31,0.0,6.1,16.9,11.6,2.74,10.0,62,79,39,12.0
1991-04-01,0.0,3.1,17.0,10.9,1.62,7.4,67,96,37,12.1
1991-04-02,0.0,2.7,19.9,12.0,1.77,8.7,66,95,34,12.0
1991-04-03,0.0,6.9,21.4,14.1,2.94,10.1,61,91,33,9.5
1991-04-04,0.0,9.5,20.7,15.2,3.23,9.1,53,77,34,12.1
1991-04-05,0.0,10.6,18.8,14.6,5.86,17.9,43,63,23,12.2
1991-04-06,0.0,8.4,20.8,14.1,3.35,13.9,47,77,25,12.2
1991-04-07,0.0,5.6,20.9,13.6,1.73,7.2,63,91,37,12.0
1991-04-08,0.0,7.1,20.0,14.0,2.02,9.0,60,92,34,10.1
1991-04-09,0.0,8.1,20.1,14.4,1.7,8.2,58,87,36,11.2
1991-04-10,0.0,5.5,21.3,14.0,1.68,8.0,60,92,33,12.3
1991-04-11,0.0,6.8,20.0,13.8,1.4,7.3,69,97,40,12.1
1991-04-12,0.0,6.3,20.3,13.6,1.69,9.1,70,99,39,12.3
1991-04-13,0.1,9.7,16.8,13.3,2.21,10.3,79,98,61,4.8
1991-04-14,0.2,10.8,19.6,15.3,2.46,10.5,69,93,45,12.3
1991-04-15,7.9,13.0,21.0,16.4,1.99,9.0,77,94,56,7.8
1991-04-16,0.4,12.8,21.0,16.3,1.7,8.5,75,96,51,12.3
1991-04-17,1.0,8.8,21.6,15.6,1.8,8.5,68,96,43,12.0
1991-04-18,6.2,9.9,17.1,14.3,1.85,8.7,71,86,62,11.8
1991-04-19,0.0,8.0,22.5,15.3,2.63,10.5,55,81,31,13.0
1991-04-20,0.0,9.5,16.6,13.1,2.04,8.4,64,87,45,7.8
1991-04-21,0.0,8.5,16.2,12.1,2.44,9.6,59,78,41,10.9
1991-04-22,0.0,7.7,16.6,12.2,2.08,8.0,63,87,40,12.7
1991-04-23,0.0,4.8,19.1,12.7,1.85,9.8,62,92,38,13.1
1991-04-24,0.3,6.1,22.1,15.0,1.95,10.9,62,94,35,12.8
1991-04-25,0.0,11.0,20.8,15.7,4.49,14.8,43,67,19,13.2
1991-04-26,0.0,8.9,19.8,14.2,3.97,14.2,37,64,16,13.3
1991-04-27,0.0,6.0,20.4,13.7,2.12,11.4,42,70,25,13.3
1991-04-28,0.0,6.5,22.0,15.8,1.39,7.1,57,92,32,12.6
1991-04-29,0.0,10.1,22.5,16.5,1.75,11.2,62,90,35,13.5
1991-04-30,0.0,8.5,25.8,17.6,2.02,11.6,60,92,32,13.3
1991-05-01,1.4,12.6,27.9,20.1,2.86,13.6,50,83,20,13.6
1991-05-02,0.0,10.2,16.1,13.5,6.33,19.5,47,57,39,11.1
1991-05-03,0.0,9.3,20.7,14.6,3.31,11.1,39,59,22,12.3
1991-05-04,0.0,9.5,21.8,15.5,3.28,12.2,36,59,21,13.7
1991-05-05,0.5,9.8,22.4,16.3,1.67,8.3,48,70,28,12.1
1991-05-06,0.0,10.2,20.4,15.0,3.36,11.5,45,68,17,13.8
1991-05-07,0.0,6.1,23.3,15.1,2.1,11.0,51,89,22,13.8
1991-05-08,0.0,9.0,24.5,16.3,2.22,16.0,54,87,25,13.3
1991-05-09,0.0,10.2,21.2,15.9,4.81,14.9,34,53,17,13.9
1991-05-10,0.3,11.5,22.0,16.7,2.64,10.8,39,62,29,13.3
1991-05-11,1.6,9.3,21.1,14.8,2.04,10.0,65,91,27,12.9
1991-05-12,0.0,7.4,21.6,14.5,2.35,9.5,66,96,29,14.0
1991-05-13,0.0,8.7,21.2,15.7,1.98,7.7,65,95,41,14.0
1991-05-14,0.0,9.3,24.2,17.3,1.96,10.9,62,94,36,14.0
1991-05-15,0.0,9.9,25.9,18.7,1.66,8.3,55,88,31,14.0
1991-05-16,0.0,10.7,25.2,18.4,2.12,11.4,57,89,35,14.0
1991-05-17,0.0,10.1,23.6,17.0,1.83,11.1,62,91,34,14.0
1991-05-18,0.0,10.1,23.6,16.8,2.27,12.1,60,96,27,14.0
1991-05-19,0.0,9.8,23.6,16.9,1.85,11.6,59,89,36,14.0
1991-05-20,0.0,11.0,22.3,16.8,2.4,10.8,57,80,35,14.0
1991-05-21,0.0,8.7,24.5,17.5,2.64,12.2,54,88,28,14.0
1991-05-22,0.0,9.0,24.1,17.5,2.3,10.6,53,88,24,14.0
1991-05-23,0.0,8.0,27.6,18.6,1.65,8.1,47,88,17,14.0
1991-05-24,0.0,9.8,29.3,20.4,2.2,11.2,38,73,14,14.0
1991-05-25,0.0,11.4,25.8,19.7,2.85,12.6,41,73,21,14.0
1991-05-26,0.0,10.9,25.6,18.9,2.69,11.7,49,73,32,14.0
1991-05-27,0.0,10.6,25.5,18.7,2.63,11.2,50,86,23,14.0
1991-05-28,0.0,11.6,25.7,19.3,2.78,12.5,42,71,22,14.0
1991-05-29,0.0,11.3,26.2,19.6,2.2,9.6,46,75,25,13.3
1991-05-30,0.0,13.6,25.8,20.0,1.94,10.1,60,86,36,13.8
1991-05-31,1.6,15.3,25.1,19.3,1.65,10.3,69,90,36,13.4
1991-06-01,8.3,15.9,22.6,18.8,1.31,9.7,76,96,54,12.0
1991-06-02,1.7,14.6,23.6,19.1,1.19,7.9,73,94,53,12.5
1991-06-03,0.2,11.7,25.7,19.5,1.58,8.0,70,99,42,14.0
1991-06-04,0.0,13.6,28.6,22.1,1.74,8.4,65,95,40,13.6
1991-06-05,0.0,15.4,30.4,23.4,1.99,8.7,60,90,33,13.0
1991-06-06,0.0,16.6,31.5,24.3,2.11,9.0,50,71,29,14.0
1991-06-07,0.0,16.4,34.1,25.7,3.15,14.7,50,84,25,14.0
1991-06-08,0.0,19.7,31.0,24.7,3.13,11.7,44,62,23,14.0
1991-06-09,0.0,16.9,29.5,22.9,1.89,9.9,56,82,30,14.0
1991-06-10,0.0,16.0,30.0,23.4,2.09,10.5,56,90,32,14.0
1991-06-11,1.1,17.3,26.8,21.5,2.52,10.4,59,83,39,13.4
1991-06-12,0.0,14.4,28.9,21.9,2.07,9.5,54,85,31,14.0
1991-06-13,0.0,15.6,31.1,23.8,2.12,9.7,48,83,24,14.0
1991-06-14,0.0,16.0,32.3,24.8,2.21,10.1,40,73,17,14.0
1991-06-15,0.0,15.6,31.2,24.4,1.75,9.0,45,77,27,14.0
1991-06-16,0.6,18.2,33.2,26.1,1.7,9.9,50,76,30,12.4
1991-06-17,0.0,18.3,26.7,22.3,2.94,13.0,65,89,44,13.8
1991-06-18,0.2,18.0,23.5,20.3,3.19,10.0,67,84,50,12.0
1991-06-19,0.0,15.3,25.3,20.0,2.16,10.8,65,89,42,13.6
1991-06-20,0.0,15.4,30.0,22.4,1.79,10.4,63,90,36,14.0
1991-06-21,0.0,17.7,30.2,23.7,2.15,10.8,61,95,32,14.0
1991-06-22,0.0,15.7,32.0,24.3,2.08,9.8,49,82,25,14.0
1991-06-23,0.0,16.4,30.9,24.1,1.93,8.7,56,88,30,14.0
1991-06-24,0.0,16.5,32.6,25.0,1.76,9.6,51,87,25,14.0
1991-06-25,0.0,16.0,34.3,26.1,1.88,9.9,44,79,22,14.0
1991-06-26,0.0,16.3,35.9,26.9,1.89,10.7,42,77,17,14.0
1991-06-27,0.0,18.1,35.3,26.9,2.16,11.3,44,68,22,14.0
1991-06-28,0.0,19.7,28.2,23.5,2.61,11.3,63,90,40,14.0
1991-06-29,0.0,17.3,27.0,21.8,2.55,11.1,63,91,40,14.0
1991-06-30,0.0,15.4,27.2,21.4,2.42,11.2,58,85,35,14.0
1991-07-01,0.0,13.6,27.3,21.2,1.85,8.9,56,82,39,14.0
1991-07-02,0.0,15.7,29.2,22.3,2.0,9.7,59,87,31,13.7
1991-07-03,0.0,16.7,27.3,22.0,2.59,11.2,62,93,32,14.0
1991-07-04,0.0,15.1,30.4,22.7,2.32,9.0,64,92,38,14.0
1991-07-05,0.0,17.6,32.9,25.5,1.33,7.6,61,94,37,14.0
1991-07-06,0.0,21.1,32.1,26.3,3.26,11.2,27,37,19,13.0
1991-07-07,0.0,18.3,32.9,26.2,1.98,8.7,36,61,17,13.5
1991-07-08,0.0,16.6,34.2,26.4,1.89,9.5,40,73,19,14.0
1991-07-09,0.0,18.0,32.9,26.6,2.09,10.8,33,60,20,14.0
1991-07-10,0.0,18.1,33.7,26.5,2.18,10.0,38,59,27,14.0
1991-07-11,0.0,17.8,34.6,27.0,2.16,10.3,44,79,22,14.0
1991-07-12,0.0,20.4,34.8,27.8,2.02,10.0,39,60,21,12.8
1991-07-13,0.0,19.8,36.7,28.9,1.83,9.6,38,66,20,13.9
1991-07-14,0.0,21.3,36.8,29.0,2.13,12.1,43,65,25,14.0
1991-07-15,0.0,21.7,32.2,27.2,2.21,10.0,49,63,38,14.0
1991-07-16,0.0,21.2,33.0,26.9,1.87,10.3,53,81,32,13.5
1991-07-17,0.0,20.3,38.8,29.5,1.49,9.7,45,73,22,13.9
1991-07-18,0.0,21.5,35.8,28.5,1.87,9.2,55,90,27,14.0
1991-07-19,0.0,20.7,34.7,27.9,1.74,9.1,51,79,29,14.0
1991-07-20,0.0,20.6,34.4,27.7,1.97,10.0,52,77,30,14.0
1991-07-21,0.0,19.8,33.6,26.9,1.73,9.0,59,89,31,13.9
1991-07-22,0.0,21.4,32.9,27.0,1.76,8.0,63,88,39,13.9
1991-07-23,0.0,21.6,37.4,29.5,1.57,8.2,55,92,24,13.9
1991-07-24,0.0,22.5,36.4,29.4,2.01,9.3,49,77,22,13.9
1991-07-25,0.0,21.1,32.3,26.7,2.35,9.8,68,95,44,13.9
1991-07-26,0.0,22.3,30.9,25.9,2.46,10.6,72,96,46,13.2
1991-07-27,0.0,20.7,31.2,25.6,2.21,9.6,67,91,43,13.7
1991-07-28,0.0,20.3,34.5,27.2,1.64,10.0,64,94,36,13.3
1991-07-29,0.0,21.8,36.0,29.0,2.0,9.7,53,91,24,13.8
1991-07-30,0.0,22.5,32.4,27.6,2.99,10.6,33,47,21,13.8
1991-07-31,0.0,21.3,32.4,26.4,3.27,11.3,29,44,17,13.2
1991-08-01,0.0,17.9,35.7,27.3,1.59,9.0,39,70,18,13.8
1991-08-02,0.0,20.9,35.7,28.4,1.61,8.2,35,55,20,13.8
1991-08-03,0.0,19.6,38.0,29.1,1.86,9.0,41,70,17,13.7
1991-08-04,0.0,21.0,35.3,28.1,2.13,9.6,52,82,26,13.7
1991-08-05,0.0,20.2,34.6,27.4,2.38,10.4,52,78,28,13.5
1991-08-06,0.0,19.1,36.2,27.9,2.04,9.8,48,79,24,13.6
1991-08-07,0.0,19.5,37.1,28.5,1.84,10.0,47,75,22,13.6
1991-08-08,0.0,21.5,35.2,27.9,2.47,13.5,50,79,27,13.5
1991-08-09,0.8,21.5,29.8,25.0,2.1,11.0,49,80,21,12.7
1991-08-10,0.0,17.8,29.6,24.2,2.48,10.2,54,77,36,13.3
1991-08-11,0.0,20.5,28.8,24.6,2.66,9.1,59,78,38,13.1
1991-08-12,0.0,17.6,32.8,25.2,1.85,10.5,58,92,28,13.2
1991-08-13,0.0,18.4,34.6,26.9,1.89,9.9,49,84,25,13.2
1991-08-14,0.0,19.7,34.6,27.6,1.8,9.8,48,71,30,12.3
1991-08-15,0.0,20.2,38.3,29.5,1.56,9.0,49,87,19,13.1
1991-08-16,0.0,21.9,36.7,29.4,2.06,9.9,43,64,26,13.1
1991-08-17,0.0,22.8,34.4,27.8,1.94,9.9,58,79,33,12.9
1991-08-18,0.0,19.8,34.1,27.1,1.99,9.7,58,91,29,13.0
1991-08-19,0.0,19.1,35.7,27.6,1.68,8.6,52,84,23,13.0
1991-08-20,0.0,19.5,38.0,28.8,1.45,8.1,54,88,24,12.8
1991-08-21,0.0,21.8,34.0,27.9,1.91,10.0,58,83,34,12.2
1991-08-22,0.0,22.4,37.2,29.2,1.24,8.7,57,90,26,12.7
1991-08-23,0.0,21.1,35.9,28.5,2.27,10.1,49,72,25,12.6
1991-08-24,0.0,21.4,33.8,27.5,1.91,8.8,64,97,36,12.4
1991-08-25,0.0,20.0,34.6,27.3,1.75,9.6,61,89,35,12.3
1991-08-26,0.0,20.6,36.8,28.6,1.69,9.7,57,93,26,11.9
1991-08-27,0.0,20.9,35.7,28.3,1.74,9.7,61,91,33,12.3
1991-08-28,0.0,21.4,33.9,28.0,1.55,8.2,62,93,38,11.8
1991-08-29,0.0,21.1,35.5,28.7,1.93,9.7,55,86,32,12.3
1991-08-30,0.0,20.5,35.8,28.3,1.67,9.5,57,89,31,12.2
1991-08-31,0.0,21.0,35.8,28.4,1.43,8.1,56,87,26,12.1
1991-09-01,0.0,20.9,34.5,27.5,2.27,10.6,52,81,24,12.0
1991-09-02,0.0,22.2,30.0,25.9,2.09,10.7,76,97,54,12.0
1991-09-03,0.1,21.2,30.0,25.3,2.67,10.3,75,97,50,10.9
1991-09-04,0.0,20.8,30.5,25.6,2.73,11.2,69,94,43,11.9
1991-09-05,0.0,20.7,31.5,25.6,2.54,10.0,70,90,43,10.6
1991-09-06,4.9,21.3,28.9,24.5,1.26,7.1,76,95,52,7.6
1991-09-07,0.0,19.3,32.3,25.9,1.61,7.6,64,95,30,12.0
1991-09-08,0.0,19.5,33.4,26.4,1.37,8.7,67,96,29,12.0
1991-09-09,0.0,21.3,31.3,25.7,1.89,9.8,75,98,45,12.0
1991-09-10,0.0,18.6,32.1,25.3,2.09,10.0,68,98,35,11.6
1991-09-11,0.0,17.9,31.9,25.3,1.48,6.8,64,91,39,12.0
1991-09-12,0.0,19.9,31.5,25.8,1.75,7.8,54,83,28,12.0
1991-09-13,0.0,18.9,31.5,25.4,2.14,8.6,52,82,30,12.0
1991-09-14,0.0,20.4,29.9,24.7,2.06,9.7,71,97,40,12.0
1991-09-15,0.0,18.7,30.5,24.6,1.61,7.7,69,95,42,12.0
1991-09-16,0.0,17.9,32.6,25.1,1.49,10.0,67,96,36,12.0
1991-09-17,0.0,19.0,31.9,25.6,1.64,8.6,64,95,37,12.0
1991-09-18,0.0,19.7,33.6,26.2,1.53,9.1,60,84,34,12.0
1991-09-19,0.0,20.0,32.4,25.8,1.6,8.7,60,89,28,12.0
1991-09-20,0.0,18.1,31.3,24.7,1.69,9.2,64,93,33,11.3
1991-09-21,0.0,18.5,30.5,24.3,1.68,8.0,70,95,41,11.6
1991-09-22,0.0,18.7,31.7,24.8,1.4,6.4,69,96,38,11.7
1991-09-23,0.0,18.4,36.3,27.1,1.58,6.8,56,92,20,12.0
1991-09-24,0.0,19.6,33.0,26.1,1.42,7.1,63,90,33,11.8
1991-09-25,1.3,20.5,28.6,24.3,1.75,8.7,70,95,43,9.3
1991-09-26,0.0,17.1,28.6,23.3,1.66,7.7,51,85,27,11.9
1991-09-27,0.0,16.2,27.0,21.7,1.73,7.4,35,56,19,11.8
1991-09-28,0.0,13.4,25.9,20.9,2.17,12.3,48,87,22,9.9
1991-09-29,12.3,16.5,22.4,18.8,1.6,9.2,66,93,35,7.0
1991-09-30,0.0,12.2,24.6,18.3,2.7,10.3,57,81,34,11.6
1991-10-01,0.0,15.1,24.9,20.3,2.44,9.1,53,71,35,11.5
1991-10-02,0.0,14.0,24.7,19.6,1.57,7.4,68,91,43,11.5
1991-10-03,1.2,13.7,22.8,18.5,1.98,8.8,81,94,68,10.4
1991-10-04,7.4,17.2,21.5,19.2,1.86,8.0,83,94,71,6.4
1991-10-05,0.1,17.3,26.3,21.1,1.7,7.1,73,92,47,10.8
1991-10-06,0.6,15.2,22.7,18.7,1.77,8.9,74,94,54,10.8
1991-10-07,0.0,11.8,23.9,18.0,1.35,7.1,73,91,53,11.1
1991-10-08,0.0,12.8,25.8,19.6,1.26,7.7,77,99,52,11.1
1991-10-09,0.0,13.1,24.5,18.6,2.58,13.1,66,91,42,10.8
1991-10-10,0.2,15.4,23.4,18.8,1.77,9.6,81,98,52,9.3
1991-10-11,5.4,13.8,22.2,18.3,1.62,11.1,70,95,44,10.8
1991-10-12,0.3,10.0,22.8,16.7,2.32,10.5,60,85,32,10.8
1991-10-13,0.3,11.4,23.3,17.5,1.98,8.7,64,95,35,10.6
1991-10-14,1.8,10.1,21.5,15.4,1.65,7.1,66,88,40,9.5
1991-10-15,0.0,9.7,21.5,15.3,1.83,8.0,65,88,35,10.6
1991-10-16,0.0,10.6,20.6,15.7,1.91,7.6,70,93,45,8.9
1991-10-17,0.0,9.5,22.7,16.0,1.65,5.3,67,89,39,10.5
1991-10-18,0.0,9.3,24.4,17.1,1.24,4.8,64,94,33,10.4
1991-10-19,2.5,11.4,25.2,17.5,2.6,8.5,64,91,34,10.4
1991-10-20,5.3,9.8,17.9,13.6,3.64,12.3,50,91,25,10.6
1991-10-21,0.0,5.9,16.9,11.5,1.91,7.3,55,76,36,9.4
1991-10-22,1.2,8.3,17.1,12.8,2.15,9.6,68,88,45,10.0
1991-10-23,12.7,11.0,15.9,13.1,3.23,13.0,80,90,64,5.7
1991-10-24,4.5,13.6,16.8,14.8,3.11,12.5,80,86,71,3.0
1991-10-25,1.1,13.1,20.5,16.3,2.34,8.9,79,89,62,7.9
1991-10-26,0.0,13.0,22.1,17.0,1.51,7.1,79,97,51,9.0
1991-10-27,0.0,8.5,21.4,14.6,1.51,5.5,71,93,41,10.1
1991-10-28,0.0,9.1,21.6,14.7,2.25,8.2,65,82,42,10.2
1991-10-29,0.0,10.3,21.6,15.5,1.41,5.5,74,93,47,10.0
1991-10-30,0.0,8.6,21.8,15.1,1.6,5.6,77,96,48,10.0
1991-10-31,0.0,10.0,23.3,15.8,1.5,4.6,76,95,44,10.0
1991-11-01,0.0,10.5,21.4,15.6,1.55,6.4,82,95,59,10.0
1991-11-02,0.0,11.5,21.7,15.8,1.19,4.5,84,100,54,9.7
1991-11-03,0.0,9.6,25.8,16.8,1.8,5.9,72,97,38,10.0
1991-11-04,0.0,14.0,25.4,18.9,2.62,11.9,66,87,35,9.1
1991-11-05,0.0,12.2,19.4,15.5,3.57,11.7,50,67,28,10.0
1991-11-06,0.0,9.5,18.4,13.6,2.82,10.9,44,56,29,10.0
1991-11-07,0.0,5.3,17.4,11.4,1.45,4.8,61,85,34,9.9
1991-11-08,0.0,4.4,18.5,11.5,1.09,4.0,70,95,40,9.9
1991-11-09,0.0,4.5,19.0,11.6,1.19,4.2,71,94,41,9.9
1991-11-10,0.0,6.2,17.0,11.6,1.73,7.0,78,95,59,6.6
1991-11-11,0.0,6.5,18.0,12.6,1.34,5.0,78,98,51,9.9
1991-11-12,0.0,8.0,19.3,13.1,1.29,4.3,80,99,47,9.9
1991-11-13,0.0,5.2,21.0,12.9,1.75,5.8,70,97,36,9.5
1991-11-14,0.0,10.6,17.9,13.7,2.55,11.6,64,87,39,7.8
1991-11-15,0.0,6.9,21.9,14.0,2.47,10.3,67,89,43,9.8
1991-11-16,0.0,10.8,19.3,15.4,3.42,13.7,64,92,40,9.4
1991-11-17,0.0,7.5,21.9,14.2,2.19,8.2,62,90,32,9.8
1991-11-18,0.0,7.9,23.2,14.7,1.97,6.4,64,89,35,9.8
1991-11-19,0.0,9.6,18.5,14.2,2.95,12.9,61,89,38,9.8
1991-11-20,0.0,9.4,15.6,12.0,5.45,15.0,50,60,35,9.6
1991-11-21,0.0,7.4,13.3,10.1,4.92,15.6,45,58,33,9.4
1991-11-22,0.0,2.5,13.5,7.9,1.75,7.2,60,79,39,9.6
1991-11-23,0.0,1.3,14.5,7.3,2.25,8.8,56,82,22,9.7
1991-11-24,0.0,0.3,16.8,7.5,1.67,5.4,62,89,29,9.7
1991-11-25,0.0,3.4,18.4,9.6,1.62,5.0,64,85,32,9.7
1991-11-26,0.0,3.9,19.5,10.5,1.76,6.1,70,90,33,9.7
1991-11-27,0.0,4.6,18.2,10.8,2.06,9.0,79,91,57,9.0
1991-11-28,0.8,9.1,17.3,12.5,2.21,8.7,84,95,59,5.8
1991-11-29,2.0,10.2,16.9,14.1,2.67,11.4,91,99,75,8.1
1991-11-30,2.7,6.7,17.3,11.3,1.72,6.7,82,99,51,9.0
1991-12-01,1.8,6.2,16.8,11.6,1.37,6.5,80,99,49,9.3
1991-12-02,0.0,4.3,15.9,9.7,1.57,6.3,73,93,44,9.3
1991-12-03,0.0,4.5,14.3,9.1,1.6,5.9,81,95,60,8.9
1991-12-04,0.0,4.7,15.4,9.4,1.91,6.0,82,96,54,8.8
1991-12-05,0.0,8.6,15.9,11.8,1.63,6.7,79,94,56,7.7
1991-12-06,0.0,6.5,16.0,11.0,1.25,6.3,82,97,60,6.7
1991-12-07,0.0,9.8,13.9,11.6,2.38,9.4,77,93,62,0.8
1991-12-08,3.3,8.9,12.7,10.8,1.79,7.3,80,91,68,0.0
1991-12-09,2.8,8.8,12.5,10.6,1.86,6.4,81,90,65,0.2
1991-12-10,0.0,5.3,14.1,9.5,1.67,5.8,82,95,60,6.9
1991-12-11,0.0,7.5,14.0,10.3,1.88,7.0,83,94,63,7.9
1991-12-12,0.0,7.8,14.4,10.6,2.53,10.0,80,92,57,7.6
1991-12-13,0.4,7.5,14.4,10.7,2.92,12.6,77,90,58,8.6
1991-12-14,0.0,8.4,14.6,10.8,2.38,9.8,77,91,53,8.3
1991-12-15,0.4,6.5,14.1,10.2,1.3,5.2,78,94,58,5.8
1991-12-16,0.0,8.6,14.6,11.2,0.83,3.6,78,94,57,7.8
1991-12-17,0.0,5.5,14.7,10.3,1.09,3.6,82,98,59,7.6
1991-12-18,0.0,3.5,16.7,9.6,1.67,5.9,76,99,44,8.5
1991-12-19,0.0,5.7,18.8,11.0,2.22,6.5,69,89,36,8.7
1991-12-20,0.0,8.8,18.1,12.9,4.47,15.4,53,76,32,9.1
1991-12-21,0.0,9.1,17.9,12.6,3.73,11.1,43,55,28,9.1
1991-12-22,0.0,10.5,20.1,14.3,4.54,14.9,35,43,26,9.2
1991-12-23,0.0,7.0,20.6,12.4,2.32,6.9,48,72,24,9.1
1991-12-24,0.0,4.5,18.3,10.3,2.02,5.5,54,75,25,9.2
1991-12-25,0.0,2.6,14.8,8.8,1.54,5.8,80,91,61,6.8
1991-12-26,0.0,2.9,12.3,8.0,1.26,4.5,80,99,57,8.8
1991-12-27,0.0,-0.1,16.6,6.8,1.77,5.4,70,96,31,9.2
1991-12-28,0.0,1.5,14.7,7.4,1.82,4.8,71,88,44,9.1
1991-12-29,0.0,6.4,12.8,9.6,1.57,6.0,86,98,71,1.2
1991-12-30,0.0,5.5,13.3,9.2,1.51,5.1,79,94,59,7.1
1991-12-31,0.0,3.5,12.7,7.6,1.29,4.3,81,98,57,8.2
1992-01-01,0.0,3.2,12.5,7.8,1.78,6.6,82,95,60,2.6
1992-01-02,0.1,6.5,14.1,9.8,2.49,9.1,79,90,59,5.5
1992-01-03,0.0,5.8,14.2,9.4,1.89,6.8,84,94,62,7.7
1992-01-04,0.0,2.3,12.9,7.0,1.51,5.0,81,100,48,8.9
1992-01-05,0.1,1.1,13.0,6.9,2.11,9.0,82,94,60,7.5
1992-01-06,0.0,6.4,13.4,9.2,1.74,6.8,82,93,61,8.3
1992-01-07,0.0,5.7,13.3,9.1,1.17,4.9,82,98,58,8.5
1992-01-08,0.0,4.9,14.9,9.2,0.97,5.4,81,96,55,2.4
1992-01-09,0.0,4.5,18.3,10.1,1.76,7.6,75,96,47,9.1
1992-01-10,0.0,3.0,13.6,8.1,2.26,7.6,64,88,40,9.2
1992-01-11,0.0,1.8,11.7,6.6,1.32,5.3,69,91,45,9.0
1992-01-12,0.0,0.6,12.9,6.3,1.01,4.0,73,94,45,9.0
1992-01-13,0.0,0.5,12.4,6.2,1.83,6.5,79,93,57,6.9
1992-01-14,0.0,7.2,13.3,10.1,1.35,5.2,76,92,52,8.2
1992-01-15,0.0,2.7,12.9,8.1,1.67,5.8,80,97,58,8.2
1992-01-16,0.0,5.0,13.3,8.7,1.56,6.2,79,95,54,8.5
1992-01-17,0.0,1.3,14.4,7.8,1.42,4.5,77,96,45,9.3
1992-01-18,0.0,4.7,12.8,8.7,1.06,4.4,82,98,54,9.2
1992-01-19,0.0,0.7,15.8,7.4,1.42,4.8,75,98,39,9.3
1992-01-20,0.0,0.7,15.8,7.1,1.9,6.9,68,92,32,9.4
1992-01-21,0.0,2.6,12.9,7.1,2.24,8.4,63,79,37,9.0
1992-01-22,0.6,2.2,10.9,6.6,1.39,5.1,75,94,47,6.8
1992-01-23,3.8,1.9,7.9,5.7,1.89,8.1,74,95,42,9.2
1992-01-24,0.0,1.7,12.9,6.9,3.58,11.0,54,64,40,9.4
1992-01-25,0.0,6.9,16.9,11.3,3.25,10.9,59,80,32,9.6
1992-01-26,0.0,4.7,15.9,9.5,2.43,8.0,55,72,29,9.6
1992-01-27,0.0,0.2,13.5,6.3,2.03,5.4,65,87,33,9.6
1992-01-28,12.4,4.5,10.6,7.8,3.58,12.9,82,90,66,0.8
1992-01-29,2.8,8.6,11.8,9.9,3.88,11.8,77,90,62,0.3
1992-01-30,0.8,7.5,12.8,9.7,2.2,8.6,80,90,66,8.6
1992-01-31,0.0,4.1,13.2,8.4,1.68,6.3,80,94,58,6.4
1992-02-01,0.0,3.8,13.4,8.6,1.4,6.0,79,97,52,9.5
1992-02-02,0.0,2.2,13.6,7.7,1.8,7.4,78,97,52,9.5
1992-02-03,0.0,2.0,14.7,8.0,1.29,4.3,72,95,40,9.8
1992-02-04,0.0,-0.5,17.9,7.6,1.52,5.1,63,90,28,9.8
1992-02-05,0.0,2.3,18.3,8.6,1.82,5.7,64,87,30,9.9
1992-02-06,0.0,1.0,18.6,9.3,1.27,4.6,70,96,31,9.9
1992-02-07,0.0,0.9,16.8,8.6,1.4,6.6,75,94,43,10.0
1992-02-08,0.0,4.7,14.3,9.0,1.31,5.6,84,100,56,9.8
1992-02-09,0.0,2.1,16.5,8.7,1.29,4.9,83,100,52,9.8
1992-02-10,0.0,3.1,18.4,9.6,1.76,5.4,74,97,36,10.1
1992-02-11,0.0,2.6,18.5,10.2,1.29,5.4,79,99,47,10.2
1992-02-12,0.0,3.8,21.0,11.5,1.51,5.1,73,96,36,10.2
1992-02-13,0.0,8.3,18.3,12.3,3.21,14.0,54,81,26,10.3
1992-02-14,0.0,2.4,18.6,9.9,1.9,5.9,60,88,29,10.3
1992-02-15,0.0,3.6,20.0,11.0,1.77,7.0,63,84,31,10.1
1992-02-16,0.1,5.2,22.8,13.1,1.37,5.7,62,93,23,10.4
1992-02-17,0.0,7.8,16.8,12.6,1.73,7.6,66,84,46,9.0
1992-02-18,6.9,8.1,13.0,10.4,1.76,7.9,86,95,75,0.0
1992-02-19,18.5,7.8,9.9,8.9,3.95,13.7,85,94,70,0.9
1992-02-20,56.5,7.0,10.3,8.8,5.49,19.5,91,96,81,3.2
1992-02-21,0.3,5.9,11.7,8.4,3.41,11.4,69,81,49,9.0
1992-02-22,0.0,1.0,10.8,6.1,1.98,7.6,75,92,53,9.0
1992-02-23,0.0,3.4,13.3,7.8,2.12,9.2,77,89,58,10.3
1992-02-24,2.5,6.0,13.0,9.2,1.83,6.5,87,93,74,2.0
1992-02-25,0.4,4.5,16.4,10.2,2.19,9.4,77,97,48,10.8
1992-02-26,0.0,4.0,16.5,9.8,1.98,8.4,75,91,46,10.7
1992-02-27,0.0,3.8,15.8,10.1,1.35,6.6,82,99,55,10.8
1992-02-28,0.0,6.6,15.0,10.1,2.17,9.5,83,100,55,9.9
1992-02-29,0.4,9.2,14.3,11.3,2.49,10.7,81,94,63,9.6
1992-03-01,0.4,8.9,15.8,11.8,2.56,10.2,82,96,64,8.8
1992-03-02,3.3,10.7,15.4,12.5,3.52,11.8,80,90,61,2.6
1992-03-03,8.8,11.3,14.1,12.3,4.39,15.1,83,92,67,3.8
1992-03-04,6.2,10.5,15.0,12.3,2.81,9.0,84,91,73,4.3
1992-03-05,0.0,8.4,17.4,12.4,2.23,7.6,76,92,54,8.3
1992-03-06,2.1,9.1,15.1,12.2,2.01,9.4,82,94,67,7.1
1992-03-07,0.0,6.1,19.1,12.7,1.16,5.1,80,97,54,11.0
1992-03-08,0.0,6.6,18.5,12.5,1.39,6.2,85,100,63,10.2
1992-03-09,0.0,7.1,16.2,11.7,2.05,8.2,80,99,52,11.0
1992-03-10,0.0,6.3,16.2,10.8,1.89,6.3,76,92,50,11.1
1992-03-11,0.0,3.5,17.2,10.7,1.36,7.6,81,100,55,11.1
1992-03-12,0.0,5.7,16.5,11.3,1.23,5.6,81,100,54,11.0
1992-03-13,0.0,3.4,20.2,11.9,1.41,5.8,78,100,45,11.3
1992-03-14,0.0,7.0,22.6,14.1,2.24,8.3,65,94,33,11.4
1992-03-15,0.0,7.2,20.0,13.1,1.77,5.8,70,88,44,11.5
1992-03-16,0.0,6.1,21.0,13.5,1.48,6.8,75,97,46,11.5
1992-03-17,0.0,6.3,19.8,13.1,1.36,7.9,79,99,55,11.6
1992-03-18,0.0,7.2,18.4,12.6,1.47,7.7,78,99,52,11.2
1992-03-19,1.2,8.2,17.7,13.1,1.57,8.5,78,98,56,11.1
1992-03-20,0.0,4.8,20.4,12.7,1.57,7.6,74,97,42,11.8
1992-03-21,0.0,5.7,22.8,14.7,1.26,6.5,73,98,43,11.8
1992-03-22,0.0,7.9,22.6,14.9,1.55,5.2,72,96,43,11.8
1992-03-23,0.0,8.7,25.8,16.8,2.65,9.5,60,95,24,11.9
1992-03-24,0.6,10.7,17.1,13.8,3.67,13.9,41,63,21,7.2
1992-03-25,0.3,6.9,13.6,10.2,3.2,10.4,50,64,39,11.2
1992-03-26,0.0,5.5,16.8,10.7,4.93,14.7,48,69,28,10.0
1992-03-27,0.0,8.7,15.6,12.0,6.96,23.0,41,64,26,12.0
1992-03-28,0.0,6.6,17.7,11.8,5.2,15.7,35,47,23,12.0
1992-03-29,0.0,4.6,19.5,12.3,2.38,9.0,47,69,29,12.0
1992-03-30,0.0,4.3,19.2,12.6,3.23,15.1,56,86,31,12.0
1992-03-31,3.7,8.5,16.1,12.2,4.04,19.6,56,92,28,12.0
1992-04-01,0.0,8.7,18.3,13.1,4.51,15.5,46,59,31,12.0
1992-04-02,0.0,10.8,20.3,15.3,2.63,10.6,58,77,44,8.8
1992-04-03,2.7,7.7,17.9,13.1,2.04,9.0,75,91,53,6.9
1992-04-04,5.0,10.8,18.7,14.2,1.39,7.1,73,93,48,11.0
1992-04-05,0.0,8.1,16.3,12.4,3.26,14.4,67,88,46,7.2
1992-04-06,0.0,6.3,20.7,13.3,2.71,10.3,54,97,25,12.0
1992-04-07,2.0,10.0,22.7,15.8,3.7,16.3,57,87,31,11.7
1992-04-08,0.9,8.4,17.9,13.6,4.32,21.4,57,88,34,11.0
1992-04-09,0.2,8.4,19.0,13.3,3.47,11.3,53,73,34,12.1
1992-04-10,0.0,8.6,20.0,13.8,2.95,12.1,56,86,31,12.1
1992-04-11,0.0,5.9,24.1,15.2,2.22,8.3,56,95,23,12.2
1992-04-12,0.0,9.1,23.8,16.3,2.14,8.9,47,70,24,12.2
1992-04-13,0.0,7.8,20.8,14.5,2.1,9.4,66,87,42,12.1
1992-04-14,0.0,6.5,22.2,14.8,1.7,8.3,63,96,31,12.3
1992-04-15,0.0,7.8,26.4,17.8,2.46,10.5,54,91,23,12.1
1992-04-16,0.0,9.5,20.7,16.3,3.45,12.3,37,66,17,12.4
1992-04-17,0.0,8.6,20.4,13.9,3.76,14.3,34,58,19,12.5
1992-04-18,0.0,9.1,25.0,16.8,2.24,9.8,49,69,29,12.4
1992-04-19,0.0,8.9,21.8,16.0,2.45,10.5,60,80,43,12.5
1992-04-20,0.0,8.2,23.5,16.1,1.76,9.5,61,94,31,12.7
1992-04-21,0.0,8.6,25.7,17.3,1.54,9.3,55,88,26,12.5
1992-04-22,0.0,8.5,26.2,17.5,1.56,8.7,57,88,25,12.8
1992-04-23,0.0,9.4,28.3,19.2,1.72,8.8,54,93,21,12.9
1992-04-24,0.0,10.4,28.4,20.1,1.75,8.3,53,89,25,13.0
1992-04-25,0.0,10.6,29.7,20.2,1.91,9.1,52,87,17,13.1
1992-04-26,0.0,11.5,26.8,20.4,1.75,8.5,56,90,32,12.9
1992-04-27,0.0,12.5,30.1,21.6,1.56,9.4,54,87,28,13.2
1992-04-28,0.0,12.5,30.3,21.8,1.31,8.0,59,95,27,13.2
1992-04-29,0.0,13.5,22.7,17.9,2.44,11.0,50,74,24,13.3
1992-04-30,0.0,8.4,23.6,16.1,2.26,12.0,53,88,22,13.4
1992-05-01,0.0,9.8,25.8,17.6,2.13,11.8,57,90,30,12.5
1992-05-02,14.5,12.6,19.0,14.8,2.68,13.1,71,85,42,7.4
1992-05-03,27.6,7.1,12.5,10.0,6.36,21.5,76,87,42,0.4
1992-05-04,8.6,10.7,19.0,15.0,3.93,13.8,70,88,51,7.4
1992-05-05,0.1,10.0,21.9,16.4,1.95,5.9,68,88,47,13.5
1992-05-06,0.0,12.2,21.5,16.8,1.94,9.1,71,92,50,12.8
1992-05-07,0.0,8.4,21.5,15.3,2.01,8.4,72,95,48,13.8
1992-05-08,0.0,9.5,22.5,16.4,1.79,8.1,66,95,41,13.9
1992-05-09,0.0,8.1,24.8,17.2,1.68,8.5,61,93,34,13.9
1992-05-10,0.0,10.8,26.3,19.1,1.52,8.6,65,89,46,13.9
1992-05-11,0.0,12.2,29.2,20.4,1.91,10.5,68,96,33,14.0
1992-05-12,0.0,12.2,23.4,18.4,2.03,10.1,69,96,47,14.0
1992-05-13,0.0,11.0,23.7,17.7,2.46,11.0,58,88,34,14.0
1992-05-14,0.0,10.6,24.1,18.0,2.16,8.9,55,82,35,12.6
1992-05-15,0.0,11.2,26.2,19.5,2.11,10.1,56,87,34,14.0
1992-05-16,0.0,10.7,27.3,19.9,1.68,7.8,56,90,29,14.0
1992-05-17,0.0,11.7,28.3,20.7,1.6,7.9,54,88,26,14.0
1992-05-18,0.0,11.9,31.1,22.4,2.03,11.3,52,88,26,13.4
1992-05-19,0.1,16.7,30.5,23.9,2.06,10.8,47,74,26,11.3
1992-05-20,0.1,16.6,26.3,21.2,2.01,9.1,65,83,44,12.9
1992-05-21,0.2,15.2,25.4,19.9,1.7,8.8,69,95,45,10.2
1992-05-22,0.0,13.7,25.4,19.7,1.61,9.3,71,96,44,9.3
1992-05-23,0.0,15.0,27.5,21.4,2.02,9.2,57,94,30,13.3
1992-05-24,0.9,17.4,26.9,22.3,3.09,10.7,42,64,27,12.8
1992-05-25,0.0,15.5,27.1,21.6,2.7,10.7,40,60,27,14.0
1992-05-26,0.0,16.3,26.2,20.8,1.92,9.8,60,86,34,9.9
1992-05-27,0.0,13.2,27.1,20.7,1.93,10.5,64,96,33,14.0
1992-05-28,0.0,13.6,28.2,21.6,1.78,8.6,59,95,34,11.9
1992-05-29,0.0,16.7,28.8,22.8,2.03,9.1,48,76,33,10.2
1992-05-30,0.0,16.7,29.5,23.3,1.48,8.0,57,86,36,12.0
1992-05-31,0.1,17.0,26.6,22.4,1.6,9.0,62,87,44,14.0
1992-06-01,1.1,17.2,25.8,21.6,2.64,12.4,55,83,29,12.7
1992-06-02,0.0,14.2,25.0,20.3,2.56,9.8,51,74,32,11.8
1992-06-03,0.4,13.4,25.9,19.7,2.4,10.6,57,91,29,13.1
1992-06-04,0.0,11.6,27.0,20.2,2.38,10.4,48,79,23,14.0
1992-06-05,0.0,12.1,27.1,20.5,2.3,12.7,41,72,24,14.0
1992-06-06,9.3,12.6,23.8,18.3,1.6,8.8,69,90,45,11.7
1992-06-07,0.0,9.8,25.8,18.4,2.23,10.2,59,91,27,14.0
1992-06-08,0.0,12.2,27.0,20.3,2.37,10.2,49,81,27,14.0
1992-06-09,4.7,13.4,24.4,19.3,2.43,11.0,55,77,34,12.9
1992-06-10,0.0,14.7,24.7,19.7,3.0,11.1,34,47,21,14.0
1992-06-11,0.0,11.3,27.1,19.9,2.16,9.2,39,67,22,12.6
1992-06-12,0.2,14.1,25.6,19.9,2.18,10.2,50,70,33,8.1
1992-06-13,10.2,14.0,20.7,17.6,2.46,10.1,74,93,57,2.0
1992-06-14,21.0,15.3,24.1,19.1,4.86,21.2,76,96,57,11.6
1992-06-15,3.8,16.6,23.6,19.4,2.07,8.8,74,91,52,9.0
1992-06-16,0.0,12.6,25.6,20.0,2.05,8.5,64,90,43,14.0
1992-06-17,2.1,15.4,24.1,20.0,1.58,7.2,72,90,55,13.5
1992-06-18,0.0,13.5,27.9,21.3,1.74,7.5,69,98,43,14.0
1992-06-19,0.0,18.0,30.3,24.5,1.91,8.4,54,81,29,14.0
1992-06-20,1.1,14.4,24.0,19.7,2.85,9.7,63,88,42,13.0
1992-06-21,10.3,16.0,20.8,17.9,2.25,8.7,79,92,62,4.2
1992-06-22,10.4,14.3,22.8,18.2,1.56,9.5,83,96,67,9.1
1992-06-23,0.0,14.3,25.8,20.3,1.85,8.5,64,92,36,14.0
1992-06-24,0.0,14.8,27.1,21.0,2.31,8.7,55,76,34,14.0
1992-06-25,0.0,13.6,28.1,21.4,1.61,8.0,66,91,38,14.0
1992-06-26,0.0,16.5,27.8,22.4,1.4,7.4,70,93,46,14.0
1992-06-27,0.0,16.8,28.3,22.6,1.67,8.3,63,90,37,14.0
1992-06-28,0.0,15.0,28.7,22.6,1.78,8.6,60,92,36,13.9
1992-06-29,0.0,16.1,29.6,23.1,1.79,9.4,59,88,36,13.3
1992-06-30,0.0,17.6,28.8,23.5,1.55,7.2,65,90,44,12.0
1992-07-01,0.0,17.5,30.6,23.9,2.05,8.8,57,89,29,13.8
1992-07-02,0.0,16.5,27.9,22.7,2.15,10.7,67,94,42,14.0
1992-07-03,0.0,18.1,29.8,23.6,1.64,9.4,60,88,33,14.0
1992-07-04,0.0,16.7,33.7,25.4,1.97,8.9,53,84,29,14.0
1992-07-05,0.0,18.6,27.3,22.8,2.16,10.0,59,83,40,14.0
1992-07-06,0.0,16.4,26.4,21.8,2.16,10.3,59,83,35,13.6
1992-07-07,0.0,14.8,27.6,21.6,2.12,9.8,60,90,36,14.0
1992-07-08,0.0,16.2,28.4,22.0,1.95,11.5,64,90,35,14.0
1992-07-09,0.0,16.4,28.9,22.9,1.97,9.5,66,97,37,14.0
1992-07-10,0.8,17.9,31.7,25.1,1.45,7.7,59,92,32,12.4
1992-07-11,0.0,18.0,29.4,24.1,2.18,9.9,61,92,35,14.0
1992-07-12,0.0,17.2,32.7,25.2,1.65,9.2,59,94,29,14.0
1992-07-13,0.0,18.5,32.4,25.2,2.35,10.2,56,85,26,14.0
1992-07-14,0.0,17.2,31.3,24.4,2.01,10.3,56,89,29,14.0
1992-07-15,0.0,15.3,33.0,24.8,1.88,9.9,47,86,20,14.0
1992-07-16,0.0,16.0,33.6,25.5,1.6,8.3,41,72,17,14.0
1992-07-17,0.0,15.5,33.8,25.7,1.73,9.5,43,82,18,14.0
1992-07-18,0.0,16.9,33.2,25.7,2.04,9.8,44,74,25,14.0
1992-07-19,0.0,18.3,33.0,25.9,2.65,11.7,48,69,29,14.0
1992-07-20,0.0,18.7,35.3,27.3,2.28,9.3,49,76,24,14.0
1992-07-21,0.0,21.2,35.2,28.1,1.59,9.9,56,86,31,13.1
1992-07-22,0.0,21.1,32.5,26.4,2.38,10.4,66,89,39,13.9
1992-07-23,0.0,21.5,32.0,26.2,1.72,8.6,68,92,42,13.5
1992-07-24,0.0,21.4,31.7,26.1,1.83,9.0,65,91,38,13.6
1992-07-25,0.0,18.3,32.3,25.7,2.11,10.0,61,91,35,13.8
1992-07-26,0.0,18.4,33.4,26.2,2.01,9.8,60,91,31,13.8
1992-07-27,0.0,17.5,35.5,27.2,1.67,8.3,52,92,21,13.9
1992-07-28,0.0,20.1,35.7,28.5,1.72,9.5,41,68,20,13.8
1992-07-29,0.0,21.0,35.0,27.8,1.75,9.6,48,69,26,13.7
1992-07-30,0.0,19.5,32.5,26.5,2.42,11.3,60,90,35,13.6
1992-07-31,0.0,19.7,33.6,26.8,2.05,9.8,62,89,38,13.3
1992-08-01,0.0,20.3,35.1,28.0,1.7,9.0,59,94,31,12.9
1992-08-02,0.0,20.8,37.2,29.1,1.91,9.6,46,86,16,13.0
1992-08-03,0.0,20.3,37.7,29.2,1.53,7.6,37,63,16,10.5
1992-08-04,0.0,21.3,35.9,28.9,2.05,10.4,48,73,25,13.5
1992-08-05,0.0,20.1,35.4,28.1,1.9,9.3,52,83,24,13.5
1992-08-06,0.0,21.0,35.9,28.6,1.92,10.1,49,76,25,13.4
1992-08-07,0.0,20.9,34.5,27.5,1.96,10.1,58,84,32,13.3
1992-08-08,0.2,20.4,32.8,26.5,2.24,10.5,67,91,40,13.0
1992-08-09,0.0,22.3,31.5,26.3,2.92,12.8,39,90,17,13.3
1992-08-10,0.0,17.3,32.8,25.5,2.21,9.6,37,57,20,13.3
1992-08-11,0.0,18.2,31.7,25.2,2.06,10.1,56,85,29,13.2
1992-08-12,0.0,18.9,31.2,25.0,2.05,8.5,68,97,39,13.0
1992-08-13,0.0,20.0,31.7,25.5,1.83,9.6,66,95,35,13.0
1992-08-14,0.0,20.4,31.3,25.4,1.51,7.9,70,93,45,12.5
1992-08-15,0.3,20.9,31.7,25.7,1.82,8.7,70,94,43,12.9
1992-08-16,0.0,19.8,32.1,25.8,1.9,9.7,69,96,43,12.9
1992-08-17,0.0,18.7,34.1,26.4,1.68,9.6,62,96,29,12.9
1992-08-18,0.0,18.9,35.1,27.1,1.64,8.8,59,92,26,12.9
1992-08-19,0.0,19.4,31.7,26.0,1.65,9.3,62,92,34,12.8
1992-08-20,0.0,20.6,33.7,26.7,1.31,9.0,69,99,37,12.7
1992-08-21,0.0,20.1,35.7,27.9,1.92,8.3,49,87,20,12.7
1992-08-22,0.0,20.0,35.3,27.9,1.43,7.9,48,80,23,12.3
1992-08-23,0.0,20.7,37.0,29.2,1.62,7.2,47,79,21,12.5
1992-08-24,0.0,21.4,35.0,28.1,2.01,9.4,55,83,31,12.4
1992-08-25,0.0,20.4,35.7,27.9,1.69,8.6,56,86,26,12.2
1992-08-26,0.0,19.6,35.9,28.2,1.08,6.2,56,92,28,12.3
1992-08-27,0.0,20.4,36.0,28.2,2.05,11.2,45,69,22,12.2
1992-08-28,0.0,19.3,35.2,28.1,1.93,10.6,54,92,25,11.6
1992-08-29,0.0,21.6,29.2,25.9,4.04,14.1,34,55,20,12.2
1992-08-30,0.0,15.7,30.5,23.2,2.32,10.6,39,56,21,12.1
1992-08-31,0.0,16.1,34.8,25.6,2.37,10.7,45,70,20,12.1
1992-09-01,0.0,19.3,26.9,23.9,2.95,9.8,49,70,35,12.0
1992-09-02,0.0,16.7,29.6,22.9,1.81,9.0,59,74,42,12.0
1992-09-03,0.0,17.5,31.9,24.5,1.55,8.7,65,95,35,12.0
1992-09-04,0.0,17.2,30.9,24.1,1.69,8.4,66,95,38,12.0
1992-09-05,0.0,18.6,29.7,23.9,2.36,8.9,71,93,44,12.0
1992-09-06,0.0,19.8,29.4,24.0,1.9,8.9,72,95,44,12.0
1992-09-07,0.0,18.6,30.9,24.3,1.73,9.0,71,98,38,12.0
1992-09-08,0.0,19.6,29.1,23.7,1.66,8.1,75,99,45,11.1
1992-09-09,0.0,19.1,29.2,23.8,1.9,9.2,73,97,45,12.0
1992-09-10,0.1,20.2,29.4,24.2,1.98,9.2,73,94,46,11.2
1992-09-11,0.0,17.7,31.9,24.5,1.58,7.0,70,96,38,12.0
1992-09-12,0.0,18.7,30.6,24.5,1.9,8.4,74,99,44,12.0
1992-09-13,0.0,20.1,30.5,24.7,1.22,7.2,73,95,44,11.7
1992-09-14,0.0,19.2,30.4,24.6,1.49,8.0,76,99,50,11.8
1992-09-15,0.0,19.8,29.5,24.3,1.71,7.4,76,97,52,11.7
1992-09-16,0.0,19.3,29.3,23.8,1.5,7.7,75,97,47,11.3
1992-09-17,0.0,17.9,30.9,23.9,1.37,7.6,70,99,36,11.7
1992-09-18,0.0,18.1,29.1,23.5,1.65,9.8,74,98,48,10.0
1992-09-19,0.0,18.8,28.7,23.2,1.77,8.6,74,95,47,11.5
1992-09-20,0.0,20.1,28.9,23.7,1.57,8.0,72,93,46,11.9
1992-09-21,0.0,20.1,29.0,23.4,1.69,10.2,77,96,48,10.5
1992-09-22,0.0,16.4,28.7,22.4,1.9,8.3,59,97,26,10.7
1992-09-23,0.0,15.8,26.7,21.1,2.54,9.9,47,66,35,11.7
1992-09-24,0.0,14.9,26.4,20.7,2.46,10.5,69,86,44,11.9
1992-09-25,0.0,16.5,27.2,21.8,2.21,10.2,72,96,43,11.5
1992-09-26,3.2,19.7,26.1,22.4,2.79,12.8,74,96,50,10.9
1992-09-27,0.0,15.2,24.9,20.2,2.7,11.4,41,59,24,11.8
1992-09-28,0.0,10.8,24.9,18.1,1.75,6.4,54,78,29,11.8
1992-09-29,0.0,11.9,27.1,19.6,1.27,5.9,63,91,32,11.2
1992-09-30,0.0,13.8,28.7,21.2,1.58,7.3,62,93,30,11.7
1992-10-01,0.0,13.2,27.4,20.6,1.45,6.8,65,93,36,11.6
1992-10-02,0.0,13.3,28.4,20.9,1.23,6.6,68,96,33,11.3
1992-10-03,0.0,16.3,31.1,23.5,2.83,12.2,51,93,23,11.5
1992-10-04,0.0,16.1,24.8,20.1,5.91,21.5,38,58,22,11.3
1992-10-05,0.0,16.1,25.0,20.3,5.59,16.1,37,50,25,10.3
1992-10-06,0.0,15.7,25.5,20.2,2.99,11.0,40,57,23,11.0
1992-10-07,0.0,11.1,24.3,18.0,2.61,11.2,53,77,36,10.3
1992-10-08,28.5,16.3,19.2,17.5,2.65,10.1,86,92,75,1.3
1992-10-09,0.1,11.5,21.2,16.7,1.6,7.4,79,100,54,10.7
1992-10-10,0.0,9.5,21.3,15.6,1.68,6.5,72,92,44,10.9
1992-10-11,0.2,9.6,20.6,15.0,1.82,6.6,70,89,42,10.8
1992-10-12,0.0,9.6,19.6,14.3,1.36,5.2,69,91,41,10.4
1992-10-13,0.0,8.7,20.6,14.6,3.14,11.1,61,82,40,10.7
1992-10-14,0.0,10.6,22.2,16.2,2.18,8.9,60,79,34,10.7
1992-10-15,0.4,8.7,20.8,15.1,1.18,5.7,74,95,49,7.3
1992-10-16,0.0,11.6,21.4,16.5,1.49,8.6,82,95,66,3.2
1992-10-17,0.0,13.1,21.5,17.3,2.85,10.2,63,93,35,10.7
1992-10-18,0.3,7.7,19.0,13.7,1.45,5.4,63,88,41,8.9
1992-10-19,0.6,10.5,23.0,16.4,1.63,9.4,75,91,55,9.7
1992-10-20,0.6,12.5,23.9,18.1,1.08,5.4,76,92,51,10.3
1992-10-21,0.0,13.0,20.9,16.6,2.25,7.5,61,88,34,10.4
1992-10-22,0.0,9.6,19.5,14.7,2.51,8.7,43,67,25,10.4
1992-10-23,0.0,12.4,22.9,16.6,2.84,10.5,51,64,33,10.3
1992-10-24,0.0,12.1,24.6,17.5,2.12,8.3,58,79,37,10.2
1992-10-25,0.0,10.6,24.5,16.8,1.92,5.9,64,87,38,10.2
1992-10-26,0.0,10.0,23.9,16.3,1.46,4.6,69,90,39,10.2
1992-10-27,0.0,9.7,24.6,16.9,1.71,6.0,65,89,34,9.6
1992-10-28,0.0,12.4,26.1,18.5,2.14,9.8,68,92,38,10.0
1992-10-29,0.0,11.7,25.4,18.4,1.53,5.9,71,96,44,9.9
1992-10-30,0.4,14.0,24.7,19.2,2.03,9.7,65,92,38,10.0
1992-10-31,0.2,11.3,17.4,14.4,3.82,11.5,52,66,34,10.0
1992-11-01,0.0,9.4,16.6,12.7,4.65,13.9,40,48,32,9.3
1992-11-02,0.0,9.8,19.0,13.8,3.99,13.1,42,54,30,10.0
1992-11-03,0.0,12.5,22.6,16.4,2.34,8.3,55,77,37,10.0
1992-11-04,0.0,10.1,23.2,15.8,2.05,7.4,66,87,35,10.0
1992-11-05,0.0,10.1,21.8,15.7,1.59,8.0,73,94,47,10.0
1992-11-06,0.0,8.8,21.5,15.1,1.64,7.0,76,95,49,9.9
1992-11-07,0.4,9.5,20.9,15.1,2.37,10.0,74,97,49,9.9
1992-11-08,4.3,12.1,19.1,15.6,1.72,7.9,74,91,54,8.7
1992-11-09,4.3,12.7,18.1,14.9,1.46,6.8,88,94,78,6.7
1992-11-10,0.0,11.0,20.6,15.5,1.39,4.9,83,99,54,9.9
1992-11-11,0.0,9.1,22.9,15.5,1.8,5.4,73,93,42,9.6
1992-11-12,0.0,13.1,22.0,16.7,2.74,11.7,69,82,44,9.8
1992-11-13,0.0,8.6,24.2,16.0,1.89,7.5,72,97,42,9.8
1992-11-14,0.0,10.9,23.2,16.6,1.87,8.2,69,89,42,9.8
1992-11-15,0.2,8.9,23.2,15.4,1.76,8.7,72,94,43,9.0
1992-11-16,3.1,10.8,17.5,13.9,4.28,14.6,59,83,37,9.8
1992-11-17,0.0,9.3,18.9,13.5,3.14,11.7,55,69,40,9.8
1992-11-18,0.0,11.9,21.8,16.0,3.37,12.5,58,72,38,9.7
1992-11-19,0.0,10.9,22.1,15.5,2.58,8.5,63,83,36,9.8
1992-11-20,0.0,9.5,22.6,14.9,2.02,6.1,64,86,38,9.8
1992-11-21,0.0,8.2,22.5,14.0,1.67,5.2,70,90,35,9.7
1992-11-22,0.0,6.4,22.6,13.0,1.62,4.8,69,91,33,9.7
1992-11-23,0.0,4.7,22.2,12.0,1.46,4.4,68,92,30,9.7
1992-11-24,0.0,6.4,22.4,12.8,1.88,5.3,67,86,33,9.7
1992-11-25,0.0,6.4,22.2,12.8,1.78,5.4,60,89,26,9.7
1992-11-26,0.0,8.1,23.1,14.2,1.83,5.0,67,85,38,9.7
1992-11-27,0.0,8.5,20.8,14.0,1.62,4.8,76,90,50,9.6
1992-11-28,0.0,5.9,19.7,12.3,1.05,3.7,79,97,49,9.2
1992-11-29,0.0,5.3,19.8,11.7,1.43,4.4,73,95,41,8.4
1992-11-30,0.0,7.6,20.5,13.1,1.99,5.5,67,87,35,9.6
1992-12-01,0.0,6.5,19.1,11.6,1.68,5.9,66,87,38,9.5
1992-12-02,0.0,4.7,19.6,11.2,1.42,4.6,73,94,38,7.1
1992-12-03,0.0,6.1,21.1,12.5,1.97,9.8,73,96,39,9.1
1992-12-04,0.0,7.0,18.2,12.8,2.2,8.8,72,92,46,5.3
1992-12-05,0.0,11.1,18.5,15.7,3.96,17.0,57,81,31,9.1
1992-12-06,0.0,5.9,19.7,11.9,1.9,8.4,72,90,46,9.3
1992-12-07,0.0,8.1,19.5,12.7,3.8,17.4,68,94,38,9.3
1992-12-08,0.0,9.7,15.1,11.9,7.61,19.2,43,51,33,9.5
1992-12-09,0.0,10.0,16.2,12.5,6.2,16.8,46,54,37,9.4
1992-12-10,0.0,8.6,15.7,11.8,2.47,8.1,64,78,47,8.5
1992-12-11,0.4,5.4,12.4,9.3,2.16,7.4,81,91,65,4.6
1992-12-12,0.0,7.3,14.0,10.8,1.3,5.3,76,93,53,8.4
1992-12-13,0.0,1.6,15.7,8.1,1.29,4.4,71,96,36,9.4
1992-12-14,0.0,1.4,14.8,7.8,1.28,4.1,74,93,46,9.3
1992-12-15,0.1,2.2,14.6,8.0,1.23,5.9,84,97,62,8.7
1992-12-16,1.6,7.7,16.4,11.2,1.28,8.2,80,99,48,6.7
1992-12-17,0.3,7.1,16.2,10.8,3.03,10.4,66,85,40,8.9
1992-12-18,0.0,1.9,14.9,8.1,1.78,7.8,80,95,54,8.8
1992-12-19,0.0,6.7,15.2,10.8,1.68,6.5,86,98,66,7.3
1992-12-20,0.0,7.9,17.4,11.8,1.85,6.6,83,96,56,8.9
1992-12-21,0.0,6.1,15.8,10.8,1.29,4.2,85,99,58,8.1
1992-12-22,0.0,8.7,16.0,11.8,1.5,6.0,84,98,58,8.5
1992-12-23,0.0,9.0,15.9,11.7,1.75,6.7,85,97,61,5.8
1992-12-24,0.0,8.6,15.8,12.1,2.15,7.5,81,96,58,7.2
1992-12-25,0.0,9.2,16.5,12.5,2.09,7.9,78,93,54,7.3
1992-12-26,5.2,11.2,14.2,12.3,2.37,7.1,86,92,77,3.0
1992-12-27,15.3,9.2,12.0,10.7,2.67,9.8,90,94,82,1.6
1992-12-28,0.0,3.1,12.3,7.8,2.17,6.4,74,89,47,9.2
1992-12-29,0.2,5.8,10.9,8.3,2.39,9.3,73,87,53,8.9
1992-12-30,0.0,1.8,11.1,6.3,1.37,4.4,76,92,54,8.3
1992-12-31,0.0,-0.5,12.8,5.6,1.51,5.1,73,95,38,9.2
1993-01-01,0.0,-1.1,13.0,4.9,1.53,5.0,72,90,39,9.2
1993-01-02,0.0,-0.8,11.9,4.9,1.37,4.4,73,90,44,9.2
1993-01-03,0.0,-0.3,12.3,4.9,2.43,10.0,70,92,38,9.3
1993-01-04,0.0,-1.8,11.3,4.3,1.67,5.7,70,89,41,9.3
1993-01-05,0.0,-1.1,11.5,5.0,1.44,4.6,77,91,58,9.0
1993-01-06,0.0,-0.1,12.2,6.4,1.04,4.3,78,98,49,9.3
1993-01-07,0.0,-1.9,13.6,5.3,1.36,4.5,78,96,47,9.3
1993-01-08,0.0,1.5,16.7,7.5,1.73,5.6,70,90,42,9.2
1993-01-09,0.0,1.4,16.6,7.6,1.36,4.0,79,95,48,9.3
1993-01-10,0.0,1.8,16.6,7.7,1.67,4.7,76,96,43,9.4
1993-01-11,0.0,0.9,15.9,6.9,1.74,5.2,68,93,34,9.5
1993-01-12,0.0,2.6,16.8,8.2,2.66,8.6,69,86,42,9.5
1993-01-13,0.0,5.1,18.0,10.5,1.87,6.7,78,93,52,9.5
1993-01-14,0.0,3.4,16.0,8.7,1.57,4.6,83,98,56,9.4
1993-01-15,0.0,4.3,14.4,8.7,1.37,5.0,83,100,54,9.0
1993-01-16,0.0,2.6,13.0,8.2,1.42,5.0,87,98,70,7.1
1993-01-17,0.0,8.8,14.1,10.9,0.81,4.0,82,97,60,8.5
1993-01-18,0.0,4.2,14.0,9.0,1.2,4.4,84,97,59,9.4
1993-01-19,0.0,4.0,15.2,9.3,1.53,5.7,85,98,60,9.2
1993-01-20,0.0,3.3,15.4,8.9,1.42,4.4,84,100,55,9.3
1993-01-21,0.0,2.1,15.4,8.4,1.33,4.0,78,98,46,9.6
1993-01-22,0.0,0.6,15.2,7.6,1.28,4.3,73,96,40,9.6
1993-01-23,0.0,-0.4,16.2,7.2,1.36,4.6,70,93,34,9.7
1993-01-24,0.0,-0.9,16.2,6.8,1.34,4.2,69,94,33,9.7
1993-01-25,0.0,0.2,17.8,7.5,1.49,5.4,69,92,34,9.7
1993-01-26,0.0,3.6,16.2,8.9,2.1,7.3,72,90,46,9.7
1993-01-27,0.0,2.4,18.4,9.4,1.54,6.0,74,100,32,9.5
1993-01-28,0.0,1.9,17.3,8.7,1.73,5.1,70,90,34,9.7
1993-01-29,0.0,2.9,16.1,8.7,1.87,6.6,74,97,38,8.5
1993-01-30,0.0,7.5,15.0,10.8,2.8,13.0,83,98,60,2.5
1993-01-31,0.8,7.6,16.4,12.1,4.27,14.4,82,94,57,8.9
1993-02-01,5.2,11.6,15.4,12.6,4.59,13.3,86,93,75,5.0
1993-02-02,11.7,10.1,13.2,11.3,4.33,15.3,90,98,83,1.2
1993-02-03,9.1,9.5,11.6,10.1,4.55,13.0,88,93,82,0.8
1993-02-04,17.0,8.1,11.8,9.7,2.47,8.7,89,95,84,0.6
1993-02-05,1.9,6.2,13.9,9.5,1.4,5.2,86,97,63,9.5
1993-02-06,0.1,4.3,14.9,9.4,2.34,10.4,84,98,63,9.7
1993-02-07,0.8,6.9,14.3,10.3,2.58,9.5,81,94,60,9.9
1993-02-08,0.0,7.9,13.9,10.3,2.0,7.4,79,91,57,9.8
1993-02-09,0.0,3.0,16.0,9.7,1.26,3.8,81,98,53,10.2
1993-02-10,0.3,3.7,14.2,9.3,1.41,6.8,88,100,65,8.1
1993-02-11,0.0,7.3,14.0,10.2,1.71,6.1,86,100,61,3.4
1993-02-12,0.0,8.3,14.7,11.1,2.25,7.7,79,97,56,9.5
1993-02-13,0.4,8.1,14.0,10.7,2.47,8.3,80,91,61,9.5
1993-02-14,0.1,9.2,14.2,11.0,2.43,8.9,80,92,61,9.9
1993-02-15,0.0,5.8,15.4,10.1,1.71,6.2,77,95,47,10.6
1993-02-16,0.0,2.1,15.4,9.3,1.24,5.4,74,96,46,10.7
1993-02-17,0.0,1.2,15.3,8.0,1.77,7.5,76,95,44,10.7
1993-02-18,0.0,1.8,17.1,8.7,1.51,6.4,76,98,40,10.7
1993-02-19,0.0,5.6,16.1,10.1,1.59,4.4,80,98,52,10.7
1993-02-20,0.0,4.0,16.0,9.7,2.08,7.7,80,94,55,8.2
1993-02-21,0.0,5.4,20.8,12.2,1.74,8.5,71,100,32,10.8
1993-02-22,0.1,8.2,13.7,11.0,3.26,10.6,60,88,43,10.6
1993-02-23,3.0,7.4,9.8,8.6,2.56,9.8,84,94,72,4.8
1993-02-24,2.6,5.8,11.6,8.0,1.47,11.9,80,93,56,8.2
1993-02-25,0.0,2.4,13.0,7.8,2.02,9.5,79,99,52,9.8
1993-02-26,0.0,1.6,13.4,7.5,2.29,8.9,60,91,24,9.0
1993-02-27,6.2,2.8,11.3,6.7,2.75,14.3,79,93,55,7.4
1993-02-28,7.7,3.4,6.6,5.2,3.49,11.3,77,87,64,0.1
1993-03-01,0.0,1.1,10.3,5.0,2.74,10.0,55,89,25,10.9
1993-03-02,0.0,-2.4,11.6,5.1,3.27,12.7,48,72,33,10.4
1993-03-03,0.0,1.2,15.6,8.1,2.34,8.0,58,81,30,10.9
1993-03-04,0.0,0.8,16.3,8.4,1.57,4.7,65,90,35,10.9
1993-03-05,0.0,1.4,15.2,9.0,1.86,8.3,74,94,51,9.9
1993-03-06,0.0,5.5,14.8,10.1,1.53,6.5,80,99,55,10.1
1993-03-07,0.0,2.1,19.2,10.5,1.53,5.2,73,98,38,11.1
1993-03-08,0.0,5.7,20.5,12.5,2.17,8.3,66,92,32,11.2
1993-03-09,0.1,5.8,17.2,11.3,2.03,7.7,78,98,48,11.0
1993-03-10,1.8,8.8,14.6,11.7,2.36,9.7,79,96,59,10.3
1993-03-11,0.0,4.9,14.9,9.9,2.15,7.4,73,94,46,10.9
1993-03-12,0.0,4.5,15.2,9.9,2.0,7.0,75,96,50,11.2
1993-03-13,0.3,5.9,15.8,10.7,2.39,9.0,78,96,54,8.9
1993-03-14,4.9,9.8,16.5,12.6,1.77,6.3,82,94,57,5.4
1993-03-15,0.4,9.1,17.6,12.7,1.88,8.5,84,100,56,10.9
1993-03-16,0.0,8.8,18.3,13.2,2.47,10.5,78,96,55,11.6
1993-03-17,0.0,5.5,19.3,12.4,1.82,7.7,76,97,49,11.7
1993-03-18,0.0,3.5,20.1,11.9,1.78,7.9,70,100,34,11.7
1993-03-19,0.0,5.8,21.8,13.3,1.5,4.9,65,90,33,10.8
1993-03-20,0.0,8.6,25.0,16.2,1.8,7.7,68,93,37,11.8
1993-03-21,0.0,8.0,23.2,16.2,1.07,4.7,71,95,44,10.0
1993-03-22,0.0,10.9,24.1,16.6,2.3,8.8,59,84,33,11.8
1993-03-23,0.0,10.6,20.6,15.2,1.75,9.7,79,100,51,11.9
1993-03-24,0.0,8.7,22.0,15.1,1.63,9.2,75,100,40,11.0
1993-03-25,13.2,9.5,12.7,11.4,2.05,9.5,89,95,85,0.0
1993-03-26,0.0,4.7,17.7,10.7,2.5,10.1,48,96,22,11.9
1993-03-27,0.0,4.3,19.2,12.0,2.11,9.1,46,73,25,12.0
1993-03-28,0.0,4.6,22.3,13.6,1.32,7.3,62,93,27,12.0
1993-03-29,0.0,5.8,20.2,13.1,2.23,9.0,63,90,36,12.0
1993-03-30,0.0,5.5,20.1,13.1,1.66,7.8,70,98,38,12.0
1993-03-31,0.0,3.9,21.3,13.3,1.64,7.6,64,96,29,12.0
1993-04-01,0.0,6.1,24.0,15.4,2.31,11.1,57,93,28,12.0
1993-04-02,0.0,8.7,20.4,14.5,3.89,13.2,29,43,18,12.0
1993-04-03,0.0,6.0,22.6,14.3,2.35,9.3,45,71,24,10.3
1993-04-04,0.0,8.4,25.3,17.5,1.7,8.9,53,83,29,12.0
1993-04-05,0.0,10.1,24.7,17.2,1.68,9.7,63,91,36,12.0
1993-04-06,0.0,9.2,27.2,17.9,2.07,8.8,51,90,18,12.1
1993-04-07,0.0,8.4,26.2,17.8,1.84,9.5,53,87,24,12.2
1993-04-08,0.0,8.6,28.0,19.0,1.75,9.1,53,87,23,12.0
1993-04-09,0.0,11.2,30.1,20.9,2.22,9.2,44,84,18,12.2
1993-04-10,0.0,12.4,27.5,20.5,2.46,11.4,45,77,25,12.2
1993-04-11,0.0,12.0,23.1,17.6,2.46,10.6,37,56,23,7.8
1993-04-12,0.0,13.8,21.4,17.3,3.32,13.7,38,61,25,10.9
1993-04-13,0.0,7.5,20.7,14.9,2.41,9.2,47,78,21,12.0
1993-04-14,2.0,9.5,20.5,14.7,1.95,10.0,49,68,28,11.9
1993-04-15,3.4,9.7,18.8,13.6,2.62,9.9,59,75,34,8.7
1993-04-16,0.0,8.5,19.7,13.5,3.19,13.3,49,71,29,12.4
1993-04-17,0.0,5.8,20.0,13.4,2.01,9.9,62,94,30,12.6
1993-04-18,0.0,6.0,20.4,14.0,1.8,9.7,61,95,28,12.4
1993-04-19,0.0,4.2,21.9,13.8,1.98,8.8,56,93,23,12.8
1993-04-20,0.0,6.2,23.0,15.4,1.96,9.8,60,91,33,12.5
1993-04-21,0.3,8.4,24.9,17.1,1.79,13.2,67,100,34,8.9
1993-04-22,0.0,13.0,24.3,17.8,2.93,11.4,48,75,20,12.2
1993-04-23,0.0,11.4,22.2,16.6,2.62,12.7,55,80,30,13.0
1993-04-24,1.3,10.3,21.0,15.4,3.36,11.6,54,96,22,12.6
1993-04-25,1.5,6.5,18.4,13.3,2.65,11.1,56,82,31,12.8
1993-04-26,0.7,6.2,18.5,12.8,1.64,9.7,62,87,37,12.8
1993-04-27,0.0,5.6,20.9,13.6,2.5,9.6,62,93,26,13.3
1993-04-28,0.9,8.3,18.8,13.9,1.96,8.3,63,86,41,10.9
1993-04-29,1.7,9.2,20.2,14.8,1.79,9.5,67,94,41,12.0
1993-04-30,0.0,7.6,21.3,14.9,2.09,7.5,61,90,34,12.8
1993-05-01,3.0,9.8,22.0,16.0,1.58,8.2,62,88,36,12.6
1993-05-02,0.0,8.6,22.1,15.6,2.28,10.5,66,92,35,13.5
1993-05-03,0.0,10.0,21.8,16.3,2.38,11.5,64,94,37,13.7
1993-05-04,2.2,10.5,20.4,15.4,4.51,17.4,64,82,42,11.7
1993-05-05,42.0,12.9,15.3,14.2,3.77,13.3,84,89,69,0.0
1993-05-06,0.0,8.2,23.1,16.0,2.12,8.7,63,88,35,13.8
1993-05-07,0.0,9.1,24.7,17.5,1.74,7.9,69,94,41,13.8
1993-05-08,0.0,11.4,24.0,17.9,1.62,8.4,69,95,39,13.9
1993-05-09,0.5,8.8,23.0,16.5,1.92,8.1,65,92,40,12.3
1993-05-10,1.1,13.5,23.4,18.3,1.72,7.4,69,92,49,13.3
1993-05-11,0.0,10.6,24.3,17.9,1.99,8.3,63,88,39,13.7
1993-05-12,3.4,11.9,21.8,17.8,1.41,9.2,73,96,57,13.3
1993-05-13,0.0,9.6,22.0,16.7,3.07,12.9,63,92,38,14.0
1993-05-14,0.1,12.4,23.7,18.3,2.37,9.2,55,80,36,13.7
1993-05-15,0.0,12.4,23.3,18.3,2.32,7.9,58,82,40,13.5
1993-05-16,0.0,11.5,25.6,19.0,2.25,9.0,58,81,34,14.0
1993-05-17,0.3,11.1,24.1,18.3,1.79,11.7,65,97,36,13.2
1993-05-18,0.1,11.0,25.2,19.1,1.43,8.4,65,94,42,14.0
1993-05-19,0.0,15.3,25.0,20.0,2.37,9.1,53,84,33,13.6
1993-05-20,0.0,13.4,24.7,18.8,2.74,8.8,38,50,27,14.0
1993-05-21,0.0,10.4,22.7,17.5,2.83,11.7,50,76,31,14.0
1993-05-22,0.0,9.8,23.8,17.3,1.95,8.3,67,92,45,14.0
1993-05-23,0.3,12.5,24.7,18.9,1.73,10.1,71,97,46,9.2
1993-05-24,0.1,15.5,26.9,21.2,1.93,9.5,66,93,44,13.6
1993-05-25,0.1,16.1,27.3,21.6,2.49,16.3,63,84,45,12.8
1993-05-26,0.3,15.7,26.2,21.3,1.95,10.5,63,93,39,12.6
1993-05-27,0.0,13.8,28.0,21.6,2.15,9.8,51,85,26,14.0
1993-05-28,0.0,15.2,27.6,21.7,2.53,10.2,45,68,28,14.0
1993-05-29,0.0,12.5,27.7,20.8,1.96,9.2,55,86,30,13.0
1993-05-30,0.1,16.2,29.3,22.2,1.45,9.7,57,84,30,9.0
1993-05-31,0.0,14.6,28.0,22.3,2.57,11.4,55,85,37,14.0
1993-06-01,0.1,15.3,29.9,22.8,1.89,9.3,49,81,25,13.7
1993-06-02,0.0,15.7,31.8,23.8,2.21,9.8,47,80,23,14.0
1993-06-03,0.0,16.5,29.0,23.2,2.11,8.9,49,73,30,12.2
1993-06-04,0.0,15.1,30.0,23.2,2.05,10.6,55,87,29,14.0
1993-06-05,2.8,17.7,26.7,21.6,2.46,10.9,67,96,37,7.3
1993-06-06,5.3,14.9,24.2,20.3,2.12,9.1,72,92,54,11.3
1993-06-07,24.2,16.5,24.4,20.2,1.88,8.8,79,97,57,13.1
1993-06-08,0.8,14.3,25.1,20.1,1.6,7.2,76,96,54,13.0
1993-06-09,0.0,14.9,26.2,21.4,1.57,8.6,73,98,51,14.0
1993-06-10,0.0,15.0,29.0,23.0,1.62,8.8,64,96,39,14.0
1993-06-11,0.0,16.8,27.8,22.4,2.64,10.7,41,54,27,14.0
1993-06-12,0.0,12.7,25.8,20.2,2.13,9.1,59,80,41,14.0
1993-06-13,0.0,13.3,26.8,20.6,2.02,8.5,64,96,37,14.0
1993-06-14,0.0,13.4,27.1,20.7,2.14,8.7,62,92,41,14.0
1993-06-15,0.0,13.6,29.6,22.1,2.01,9.3,58,93,32,14.0
1993-06-16,0.0,15.0,28.6,22.3,2.24,9.8,58,85,36,14.0
1993-06-17,0.0,16.1,30.5,23.5,1.73,9.4,54,86,30,14.0
1993-06-18,0.0,16.4,29.1,23.0,1.86,9.9,54,82,29,14.0
1993-06-19,0.0,14.0,30.7,23.3,1.89,8.2,54,88,30,14.0
1993-06-20,0.0,15.8,30.3,23.7,2.14,10.3,61,92,35,14.0
1993-06-21,0.0,17.3,29.0,23.1,1.68,9.2,71,98,44,14.0
1993-06-22,0.0,17.9,30.7,24.4,2.24,9.2,47,89,25,13.9
1993-06-23,0.0,18.9,31.1,25.0,2.81,12.2,37,51,23,14.0
1993-06-24,0.0,17.1,30.0,24.4,2.5,11.0,49,73,29,14.0
1993-06-25,0.0,18.1,30.1,24.3,3.74,15.5,53,79,30,13.4
1993-06-26,0.0,18.7,31.8,25.4,2.94,10.9,45,72,23,14.0
1993-06-27,0.0,15.6,32.0,24.6,2.01,9.6,47,80,26,14.0
1993-06-28,0.0,17.6,34.7,26.4,1.18,9.3,48,78,25,14.0
1993-06-29,0.0,20.9,32.9,27.3,2.99,10.3,31,44,22,14.0
1993-06-30,0.0,21.6,33.9,27.1,2.72,13.1,38,55,21,14.0
1993-07-01,0.7,19.3,28.7,24.5,2.67,9.9,65,91,43,13.8
1993-07-02,1.0,20.0,26.7,23.2,2.98,11.2,67,82,49,13.1
1993-07-03,2.1,17.9,27.3,22.8,3.68,12.9,61,82,42,14.0
1993-07-04,0.0,19.1,32.1,25.4,2.59,9.7,56,70,41,14.0
1993-07-05,0.0,18.4,35.5,27.4,1.59,7.5,61,94,33,14.0
1993-07-06,0.0,20.7,32.1,26.7,2.32,9.4,60,92,35,14.0
1993-07-07,0.0,20.0,30.1,25.0,2.5,10.3,58,78,40,14.0
1993-07-08,0.0,17.8,30.3,24.1,2.25,9.9,59,86,35,14.0
1993-07-09,0.0,16.6,32.9,25.5,1.83,8.2,52,87,27,14.0
1993-07-10,0.0,20.2,35.1,28.0,2.99,12.6,43,86,12,14.0
1993-07-11,0.0,19.5,27.8,23.9,2.87,10.5,48,74,27,14.0
1993-07-12,0.0,19.5,28.4,23.6,2.6,10.8,58,86,32,13.9
1993-07-13,0.0,17.1,28.9,23.0,2.38,10.1,56,79,35,14.0
1993-07-14,0.0,16.7,29.9,23.3,1.92,9.5,60,91,34,14.0
1993-07-15,0.0,15.4,32.5,24.6,1.91,9.4,50,87,23,14.0
1993-07-16,0.0,16.9,34.2,26.1,1.8,8.3,53,87,27,14.0
1993-07-17,0.0,18.2,34.4,26.7,1.88,9.0,57,88,32,14.0
1993-07-18,0.0,21.2,34.5,27.3,1.66,8.3,60,89,32,14.0
1993-07-19,0.0,21.0,32.1,26.1,2.13,9.7,62,85,41,14.0
1993-07-20,0.0,20.7,30.0,24.7,2.41,12.0,73,95,48,13.6
1993-07-21,0.2,21.2,28.4,23.9,2.43,9.3,66,88,37,12.9
1993-07-22,0.0,17.6,29.2,23.5,2.11,8.7,63,94,36,13.9
1993-07-23,0.0,16.8,29.5,23.4,2.19,9.8,60,86,37,13.9
1993-07-24,0.0,16.0,31.7,23.9,1.92,9.4,62,95,31,13.9
1993-07-25,0.0,17.7,37.8,27.3,1.92,10.6,55,91,23,13.9
1993-07-26,0.0,19.8,31.5,25.3,2.03,10.9,69,96,43,13.7
1993-07-27,0.0,20.2,30.2,24.6,2.07,9.9,65,91,40,13.5
1993-07-28,0.0,18.4,33.5,26.0,1.63,8.8,57,89,30,13.8
1993-07-29,0.0,18.2,34.3,26.5,1.97,10.3,55,91,24,13.8
1993-07-30,0.0,18.5,35.8,27.5,1.64,9.6,53,84,25,13.8
1993-07-31,0.0,21.1,30.4,25.6,3.08,13.0,66,91,43,13.5
1993-08-01,0.0,18.7,30.3,24.7,2.36,10.1,60,89,35,13.6
1993-08-02,0.0,18.4,32.8,25.7,1.82,8.5,62,92,36,13.6
1993-08-03,0.0,20.3,33.7,26.9,1.59,8.2,61,89,35,13.4
1993-08-04,0.0,20.7,35.0,27.9,1.84,9.3,58,89,32,13.3
1993-08-05,0.0,20.7,37.7,29.1,1.68,8.6,54,89,23,13.2
1993-08-06,0.6,21.6,39.0,30.2,1.91,9.7,45,71,22,11.5
1993-08-07,0.9,21.3,38.0,30.1,2.23,12.9,48,82,21,13.0
1993-08-08,0.0,22.1,36.4,28.9,2.34,11.6,46,73,19,13.5
1993-08-09,0.0,20.7,31.6,26.3,2.48,10.3,68,93,42,13.3
1993-08-10,0.0,19.7,32.8,26.2,2.01,9.2,62,95,31,13.3
1993-08-11,0.0,18.6,31.8,25.6,2.1,9.3,63,92,36,13.3
1993-08-12,0.0,19.9,33.5,26.5,1.65,7.7,70,100,38,13.1
1993-08-13,0.0,21.4,31.2,25.8,2.33,10.6,72,96,44,13.0
1993-08-14,0.0,21.5,30.5,25.5,2.03,9.0,73,97,48,12.2
1993-08-15,0.0,20.5,32.2,26.1,2.19,10.5,68,95,38,12.9
1993-08-16,0.0,20.7,31.3,25.9,2.28,10.7,69,95,43,12.9
1993-08-17,0.0,19.4,32.0,25.9,2.42,10.8,63,91,38,12.9
1993-08-18,0.0,19.2,33.1,26.3,2.4,11.2,59,90,30,12.8
1993-08-19,0.0,19.1,34.2,26.8,1.92,9.5,54,87,24,12.9
1993-08-20,0.0,18.4,35.5,27.1,1.93,9.8,44,78,18,12.9
1993-08-21,0.0,19.1,34.7,27.1,2.22,10.3,42,60,25,12.8
1993-08-22,0.0,18.5,34.5,26.9,1.26,6.7,51,82,24,12.0
1993-08-23,0.0,21.1,35.2,27.9,1.8,9.5,59,89,30,12.4
1993-08-24,2.2,21.5,30.2,25.7,1.88,14.1,71,95,51,10.0
1993-08-25,0.0,19.6,32.0,26.0,1.67,8.1,62,95,35,12.4
1993-08-26,0.0,19.6,29.3,24.6,2.27,9.7,46,64,27,12.0
1993-08-27,0.0,17.2,29.4,23.7,2.37,9.6,36,53,24,12.3
1993-08-28,0.0,17.1,28.0,22.8,2.16,10.9,49,67,31,12.0
1993-08-29,0.0,16.2,26.9,21.9,2.5,11.8,63,89,38,12.1
1993-08-30,0.1,19.3,27.1,22.8,3.49,12.5,60,80,36,12.1
1993-08-31,0.0,18.5,29.1,23.5,2.53,10.0,57,76,34,12.1
1993-09-01,0.0,15.9,30.9,23.5,1.92,8.8,56,87,26,12.0
1993-09-02,0.0,17.2,29.3,23.6,1.7,8.6,60,87,35,11.4
1993-09-03,0.0,18.1,32.5,24.8,1.69,9.9,63,90,32,12.0
1993-09-04,0.0,19.4,34.0,26.9,2.38,11.2,52,82,26,11.9
1993-09-05,0.6,19.9,31.4,25.5,1.85,8.4,55,80,36,12.0
1993-09-06,0.0,19.7,32.1,26.0,1.19,8.2,66,98,37,10.9
1993-09-07,0.0,19.6,32.9,26.4,1.86,8.8,42,63,24,12.0
1993-09-08,0.0,16.7,31.5,24.5,2.12,9.6,40,58,23,11.7
1993-09-09,0.0,18.2,31.2,24.6,1.69,7.7,51,79,25,12.0
1993-09-10,0.0,18.8,30.4,24.3,2.4,10.3,36,47,22,11.7
1993-09-11,0.0,16.2,31.4,24.1,2.09,8.9,42,70,20,12.0
1993-09-12,0.0,15.8,33.0,24.7,2.05,9.3,39,60,20,12.0
1993-09-13,0.0,17.8,26.5,22.8,3.53,12.1,38,69,21,12.0
1993-09-14,0.0,15.8,26.7,21.0,2.71,9.7,31,51,18,12.0
1993-09-15,0.0,15.1,31.3,22.8,1.89,9.7,42,55,27,12.0
1993-09-16,0.0,15.8,31.3,23.5,1.86,9.4,55,83,31,12.0
1993-09-17,0.0,17.4,28.5,23.0,1.77,8.8,67,87,44,11.2
1993-09-18,8.3,19.2,24.7,21.1,1.0,6.2,83,96,58,5.5
1993-09-19,0.5,16.7,26.6,21.4,1.66,6.8,76,94,53,12.0
1993-09-20,0.0,17.3,26.6,22.0,1.38,6.3,77,96,52,12.0
1993-09-21,0.0,15.9,27.3,21.6,1.42,7.0,76,100,44,12.0
1993-09-22,0.5,15.6,23.9,20.1,1.22,11.6,81,99,62,8.9
1993-09-23,0.4,15.8,22.4,18.8,4.83,18.3,48,94,28,11.9
1993-09-24,0.0,15.4,25.4,19.8,4.56,15.3,33,46,20,11.9
1993-09-25,0.0,11.0,26.4,19.0,2.04,7.2,43,70,24,11.7
1993-09-26,0.3,11.2,25.2,18.3,2.15,10.0,64,90,38,11.9
1993-09-27,4.5,15.1,23.3,18.3,1.54,7.9,80,99,47,11.5
1993-09-28,3.7,15.1,20.3,17.3,1.59,7.8,81,94,63,9.2
1993-09-29,0.0,13.8,24.0,18.7,1.45,8.0,72,94,47,11.7
1993-09-30,0.0,11.9,25.5,19.1,1.27,6.5,71,93,42,11.4
1993-10-01,0.0,10.8,25.9,18.9,2.57,11.1,58,83,36,11.7
1993-10-02,0.0,16.0,22.5,19.0,4.59,17.2,51,74,31,11.6
1993-10-03,0.0,15.2,25.1,19.7,4.74,14.7,44,57,31,11.5
1993-10-04,0.0,12.2,27.1,19.4,1.89,8.7,58,82,32,11.4
1993-10-05,0.0,14.3,27.6,20.1,1.96,11.6,62,90,33,7.5
1993-10-06,0.0,13.0,25.4,19.2,2.14,10.0,56,86,27,11.2
1993-10-07,0.1,13.1,22.1,17.3,1.63,7.8,55,75,35,3.6
1993-10-08,0.0,9.1,23.2,16.4,1.95,9.6,60,91,27,11.1
1993-10-09,0.9,9.5,23.5,16.5,1.53,8.8,64,83,48,10.9
1993-10-10,0.0,14.9,27.6,20.7,1.55,9.6,71,93,46,9.2
1993-10-11,0.0,13.8,27.3,20.7,2.36,13.9,70,96,44,10.9
1993-10-12,0.0,14.8,25.5,20.3,2.07,9.7,57,84,29,10.2
1993-10-13,0.6,14.9,22.2,18.5,2.62,17.0,66,89,48,4.2
1993-10-14,0.0,9.9,23.0,16.7,2.02,8.8,56,85,27,10.0
1993-10-15,0.0,9.1,22.0,15.9,1.73,7.9,61,83,36,8.6
1993-10-16,0.5,12.6,23.3,17.2,1.4,8.7,74,90,46,8.9
1993-10-17,0.0,11.9,24.2,17.7,1.51,7.0,66,94,30,9.7
1993-10-18,0.1,10.8,23.6,16.6,2.01,8.8,62,81,33,10.6
1993-10-19,24.6,12.3,16.4,14.5,2.09,7.4,87,91,79,0.7
1993-10-20,6.9,14.7,19.5,16.8,2.45,9.8,83,91,67,6.8
1993-10-21,0.0,12.1,21.0,16.3,2.44,10.1,66,96,32,10.5
1993-10-22,0.0,10.0,17.3,13.1,3.87,13.2,47,75,25,10.5
1993-10-23,0.0,8.6,17.1,12.2,3.5,12.7,45,63,31,10.5
1993-10-24,0.0,5.2,16.0,10.7,1.75,6.7,65,86,41,10.4
1993-10-25,0.0,6.8,16.6,11.9,2.09,8.2,71,90,49,10.1
1993-10-26,4.2,9.1,15.5,12.5,3.27,11.3,79,87,69,7.2
1993-10-27,4.5,11.8,17.7,14.1,1.53,7.6,87,93,78,8.0
1993-10-28,0.0,8.2,19.2,13.6,1.39,4.9,77,99,43,10.0
1993-10-29,0.0,6.4,18.6,12.4,1.78,7.1,77,91,51,9.8
1993-10-30,1.9,10.3,15.4,12.9,1.76,6.8,86,94,77,1.1
1993-10-31,3.7,11.3,17.2,14.0,1.43,3.9,89,96,75,3.5
1993-11-01,2.1,10.6,17.9,14.3,1.13,6.2,91,100,75,2.6
1993-11-02,0.0,13.5,21.9,16.7,1.2,6.7,85,100,55,9.4
1993-11-03,3.2,10.5,18.2,14.6,2.45,12.6,86,93,74,5.3
1993-11-04,0.6,11.9,17.6,14.6,3.45,11.0,71,94,48,9.2
1993-11-05,0.0,12.7,20.4,16.1,3.1,11.0,61,81,46,10.0
1993-11-06,0.0,9.9,17.1,13.3,2.24,9.1,60,82,37,9.9
1993-11-07,0.0,6.3,18.3,11.8,1.61,6.4,71,91,43,8.3
1993-11-08,0.2,7.1,18.1,12.2,1.64,5.6,75,91,49,9.9
1993-11-09,3.3,9.3,17.1,12.9,1.88,6.8,84,96,65,8.1
1993-11-10,0.0,8.4,18.5,12.9,1.46,4.9,82,98,56,9.8
1993-11-11,0.0,7.1,19.3,12.7,1.62,6.0,81,100,51,9.0
1993-11-12,0.2,11.2,16.7,13.8,2.28,8.2,82,93,68,2.3
1993-11-13,0.0,12.2,17.4,14.6,1.52,5.4,79,88,64,9.1
1993-11-14,0.0,7.4,19.4,12.7,1.35,4.2,84,99,59,9.8
1993-11-15,0.0,10.0,17.3,13.2,1.75,6.9,82,99,58,9.6
1993-11-16,0.0,10.2,15.3,12.6,1.64,5.7,72,89,52,9.3
1993-11-17,0.0,5.5,15.4,10.9,1.14,4.6,73,93,50,9.8
1993-11-18,0.0,4.1,15.0,9.7,1.36,4.9,82,96,64,6.0
1993-11-19,0.0,5.5,16.0,10.2,1.45,5.0,83,99,53,9.8
1993-11-20,0.0,6.5,16.1,11.0,1.78,7.1,74,97,46,9.5
1993-11-21,0.0,2.5,14.7,9.0,1.86,6.3,64,87,34,9.7
1993-11-22,0.0,4.4,15.1,10.0,1.6,7.2,74,89,60,7.4
1993-11-23,0.1,9.0,16.3,12.1,1.78,5.6,80,92,62,6.4
1993-11-24,2.9,9.7,15.1,11.8,1.84,6.6,85,94,68,6.6
1993-11-25,0.6,9.4,14.9,11.9,2.45,8.9,83,92,69,4.9
1993-11-26,1.1,8.4,16.4,12.8,2.43,7.5,72,88,48,8.7
1993-11-27,0.0,4.5,17.7,10.1,1.8,6.2,75,92,44,9.5
1993-11-28,0.0,4.6,15.3,9.7,1.65,5.0,77,91,51,2.0
1993-11-29,0.0,7.6,20.1,13.5,3.02,11.8,75,92,52,8.9
1993-11-30,0.3,8.9,18.4,13.2,2.17,8.4,75,90,53,5.7
1993-12-01,0.0,9.5,15.2,11.8,4.39,16.5,56,68,41,9.6
1993-12-02,0.0,8.9,16.8,12.1,2.92,10.4,58,82,44,9.6
1993-12-03,0.0,4.5,18.0,10.4,1.46,4.3,74,94,45,9.5
1993-12-04,0.0,3.7,18.1,9.8,1.25,3.7,79,94,48,9.5
1993-12-05,0.0,4.4,18.1,10.1,1.41,4.5,78,95,47,9.5
1993-12-06,0.0,4.3,18.1,10.0,1.77,6.3,77,96,48,9.4
1993-12-07,0.0,6.8,16.8,11.5,2.58,9.2,67,83,38,9.5
1993-12-08,0.0,4.5,18.4,9.9,2.17,6.5,69,88,37,9.5
1993-12-09,0.0,4.8,19.5,10.3,1.97,5.9,70,89,38,9.4
1993-12-10,0.0,3.8,17.9,9.6,1.42,4.9,74,94,42,9.4
1993-12-11,0.0,4.6,18.4,10.1,1.7,5.8,74,93,42,9.4
1993-12-12,0.0,3.0,16.3,9.1,1.56,4.9,82,96,57,9.4
1993-12-13,0.0,3.9,16.6,9.1,1.48,4.6,81,100,47,7.4
1993-12-14,8.5,6.9,15.2,10.4,1.55,6.9,83,93,61,7.8
1993-12-15,9.1,5.8,14.7,10.3,2.13,8.1,75,93,43,9.3
1993-12-16,0.0,2.0,15.2,7.8,2.16,7.2,73,89,48,9.4
1993-12-17,0.0,4.6,15.1,9.3,1.82,7.1,74,90,53,9.4
1993-12-18,0.0,2.1,14.5,7.0,1.6,4.8,82,96,56,8.8
1993-12-19,0.0,4.2,17.3,9.3,2.0,6.6,77,93,55,9.4
1993-12-20,0.0,5.7,18.4,10.6,1.93,5.2,83,96,58,9.2
1993-12-21,0.0,6.5,17.0,10.8,3.28,11.1,78,95,55,9.4
1993-12-22,0.5,7.2,12.6,10.6,1.65,8.4,67,78,47,3.2
1993-12-23,0.0,2.4,14.6,7.4,1.58,5.3,71,88,40,9.4
1993-12-24,0.0,-0.1,15.1,6.8,2.83,14.1,68,89,40,9.4
1993-12-25,0.0,6.4,14.9,10.2,3.72,13.0,64,82,46,7.9
1993-12-26,0.0,11.3,16.9,13.6,5.13,14.2,59,64,53,8.4
1993-12-27,0.0,8.0,15.0,11.6,4.16,16.0,67,85,47,9.3
1993-12-28,0.0,6.9,14.1,10.7,2.8,11.0,62,74,50,7.0
1993-12-29,0.0,6.8,16.5,11.1,2.33,8.5,74,89,52,7.6
1993-12-30,0.0,8.7,19.0,12.6,2.18,7.3,77,91,55,9.2
1993-12-31,0.0,6.2,19.5,11.6,1.68,5.4,82,97,54,8.9
1994-01-01,0.0,7.9,17.3,12.8,2.75,11.6,71,86,50,8.9
1994-01-02,0.0,5.2,19.5,10.8,2.0,5.9,72,90,41,9.3
1994-01-03,0.0,5.9,19.0,11.0,1.83,5.3,75,90,47,9.3
1994-01-04,0.1,6.2,15.8,10.2,2.33,10.4,73,94,41,5.9
1994-01-05,0.0,1.6,15.2,8.4,2.03,7.6,66,90,40,9.4
1994-01-06,4.0,5.4,13.1,9.2,3.42,15.5,77,84,65,1.0
1994-01-07,0.0,1.9,13.0,7.9,3.38,13.7,54,84,31,9.4
1994-01-08,0.0,6.2,14.6,9.2,3.2,10.2,56,72,36,9.4
1994-01-09,0.0,6.8,18.1,11.3,2.19,9.8,72,87,49,9.4
1994-01-10,1.4,7.0,15.0,10.8,4.03,14.6,69,91,39,9.0
1994-01-11,0.0,8.1,15.3,10.8,4.65,14.6,55,81,44,9.0
1994-01-12,0.0,8.1,20.3,13.5,2.95,9.3,74,86,51,9.4
1994-01-13,0.0,6.0,19.1,11.2,1.84,6.1,72,92,39,9.5
1994-01-14,0.0,5.5,19.1,11.0,1.9,5.6,70,91,41,9.4
1994-01-15,0.0,6.6,17.9,11.4,2.86,11.0,66,90,32,9.0
1994-01-16,0.0,7.2,12.8,9.7,3.28,11.1,52,63,36,8.0
1994-01-17,0.0,5.4,12.8,8.3,3.62,11.6,48,63,30,9.5
1994-01-18,2.3,3.7,9.1,6.1,4.39,15.1,58,75,35,1.4
1994-01-19,3.3,5.0,10.6,7.6,4.33,12.0,70,85,55,7.5
1994-01-20,0.0,3.8,9.9,7.0,3.09,9.6,56,73,43,8.7
1994-01-21,1.3,0.6,11.8,5.9,1.83,6.5,67,91,38,9.5
1994-01-22,0.1,2.0,12.4,6.7,1.85,7.1,76,96,45,9.6
1994-01-23,0.0,-0.8,13.3,6.0,1.52,4.7,66,92,34,9.7
1994-01-24,0.0,-0.3,16.3,6.5,1.93,6.3,68,88,39,9.7
1994-01-25,0.0,3.9,17.7,9.6,1.98,6.2,67,85,36,9.7
1994-01-26,0.0,5.8,18.2,10.4,2.63,9.6,63,83,35,9.7
1994-01-27,0.0,1.2,17.4,8.6,1.76,5.0,71,93,38,9.7
1994-01-28,0.0,4.5,20.3,10.8,2.58,8.4,58,82,30,9.7
1994-01-29,0.0,2.0,16.1,8.9,1.79,6.2,79,96,53,9.7
1994-01-30,0.0,7.5,14.9,10.3,1.26,5.6,83,100,52,8.6
1994-01-31,0.0,1.1,17.1,8.9,1.21,4.8,74,99,37,9.8
1994-02-01,0.0,0.7,18.6,9.2,1.16,4.6,69,93,33,9.8
1994-02-02,0.0,1.8,18.8,9.4,1.78,5.4,69,91,31,9.8
1994-02-03,2.0,4.9,16.8,10.2,1.89,8.9,69,87,38,6.6
1994-02-04,0.2,3.9,11.2,8.0,3.66,14.2,55,84,26,9.7
1994-02-05,0.0,4.3,12.3,7.6,5.47,17.0,43,55,27,9.7
1994-02-06,0.0,3.2,15.0,8.4,3.2,10.6,41,58,21,10.1
1994-02-07,0.0,1.9,15.4,7.9,2.37,8.0,62,74,44,7.1
1994-02-08,0.0,7.1,14.6,10.1,5.91,17.7,48,73,27,10.3
1994-02-09,0.0,6.3,16.9,10.5,3.06,11.0,41,59,28,10.3
1994-02-10,0.0,4.3,20.9,11.5,2.8,9.0,49,69,26,10.3
1994-02-11,0.0,7.9,21.7,14.1,2.58,9.2,47,65,26,10.5
1994-02-12,0.0,6.7,22.3,13.4,3.14,9.7,48,73,19,10.5
1994-02-13,0.0,7.8,20.9,13.3,2.59,9.7,46,70,22,10.6
1994-02-14,0.0,6.3,18.1,11.7,2.26,12.3,65,98,26,10.6
1994-02-15,0.0,2.5,16.0,9.5,2.06,8.1,62,89,30,10.0
1994-02-16,13.3,7.2,11.7,9.6,3.18,13.9,86,93,76,0.0
1994-02-17,0.1,9.3,15.1,11.5,3.01,10.6,69,91,46,5.9
1994-02-18,0.0,5.0,17.8,11.1,3.19,15.3,67,96,33,10.7
1994-02-19,0.0,3.4,19.3,10.6,2.25,8.0,66,91,34,10.7
1994-02-20,0.0,5.7,20.3,12.1,2.72,12.3,64,89,28,10.7
1994-02-21,0.0,3.6,20.4,11.4,1.61,6.5,68,93,39,10.8
1994-02-22,0.0,5.4,20.1,12.4,1.81,7.7,70,94,40,10.4
1994-02-23,0.0,4.4,22.1,13.0,2.18,9.9,65,95,31,10.8
1994-02-24,0.0,5.5,21.3,12.9,1.77,6.0,67,95,34,10.8
1994-02-25,0.0,5.4,21.2,12.8,1.66,6.5,67,92,35,10.8
1994-02-26,0.0,5.7,20.2,12.9,2.02,10.4,75,97,42,10.5
1994-02-27,0.5,8.5,19.2,13.2,1.71,8.0,69,92,40,8.3
1994-02-28,4.7,6.4,16.5,10.9,1.45,8.9,79,91,58,7.5
1994-03-01,0.1,6.8,16.8,11.8,2.93,11.6,71,94,46,10.7
1994-03-02,0.0,7.1,19.6,12.7,2.01,7.5,72,91,40,10.9
1994-03-03,0.0,4.1,21.9,12.6,1.56,6.6,69,99,33,10.9
1994-03-04,0.0,6.6,20.5,13.8,1.73,7.8,66,93,42,10.9
1994-03-05,0.0,6.8,19.7,13.3,1.5,8.9,65,87,40,11.0
1994-03-06,0.0,9.3,18.1,13.3,3.03,13.2,68,92,45,10.6
1994-03-07,0.0,3.6,18.9,11.4,1.96,8.1,66,89,40,11.2
1994-03-08,0.0,4.4,20.3,12.6,1.59,8.2,71,99,40,11.2
1994-03-09,0.0,4.5,21.9,13.2,1.55,7.7,62,95,26,11.2
1994-03-10,0.0,4.9,20.3,13.1,1.82,10.1,62,88,33,11.1
1994-03-11,0.0,6.6,18.7,12.5,1.45,7.3,75,97,42,11.2
1994-03-12,0.0,5.0,20.5,12.8,1.31,7.1,73,100,38,11.4
1994-03-13,0.0,6.3,18.1,12.7,1.53,7.9,74,98,47,11.3
1994-03-14,0.0,6.9,19.8,13.3,1.72,7.1,70,98,38,11.4
1994-03-15,0.0,5.2,21.4,13.7,1.53,7.5,62,94,29,11.7
1994-03-16,0.0,4.6,21.5,13.2,2.0,9.9,64,92,31,11.7
1994-03-17,0.0,6.4,22.0,14.4,1.44,9.5,67,91,36,11.7
1994-03-18,0.0,7.0,21.7,14.5,1.53,9.0,73,100,41,11.7
1994-03-19,0.0,6.7,26.2,16.5,1.53,8.1,61,94,28,11.8
1994-03-20,0.0,9.3,26.4,16.8,2.3,11.8,58,85,23,11.8
1994-03-21,0.0,10.3,22.2,15.7,1.27,7.6,73,97,40,11.8
1994-03-22,7.5,9.7,15.1,12.5,2.37,11.5,83,95,58,6.9
1994-03-23,0.0,8.2,19.9,14.2,2.35,9.3,68,92,41,11.9
1994-03-24,0.0,6.5,23.2,14.7,2.12,9.2,61,93,28,11.9
1994-03-25,0.0,7.4,24.8,16.3,1.95,8.3,51,81,23,11.9
1994-03-26,0.3,7.9,27.3,16.7,2.32,12.0,55,81,22,11.9
1994-03-27,0.2,8.5,21.1,15.3,1.79,9.6,70,95,41,12.0
1994-03-28,0.0,9.7,22.0,15.6,1.65,9.1,73,97,42,11.6
1994-03-29,0.0,7.0,20.8,14.5,2.58,11.6,67,100,33,11.4
1994-03-30,0.0,7.3,23.7,15.5,1.68,6.2,60,83,37,12.0
1994-03-31,0.0,8.7,26.4,17.8,1.77,7.1,61,96,27,12.0
1994-04-01,0.0,11.1,28.5,19.8,3.3,14.8,45,75,23,12.0
1994-04-02,0.0,12.9,22.8,17.9,4.99,14.8,29,48,12,12.0
1994-04-03,0.0,11.3,20.7,16.0,5.33,15.8,27,36,18,11.5
1994-04-04,0.0,10.2,24.5,17.2,2.41,10.9,38,59,23,12.0
1994-04-05,0.0,12.6,25.7,18.1,2.61,10.9,47,65,22,12.0
1994-04-06,0.0,9.0,24.9,17.1,2.62,11.1,41,82,12,12.2
1994-04-07,0.0,13.0,26.9,19.6,3.41,13.2,27,49,17,11.3
1994-04-08,0.0,11.6,23.5,17.3,2.24,12.2,40,69,16,12.2
1994-04-09,0.0,6.5,27.7,17.7,2.05,11.2,47,94,13,12.1
1994-04-10,0.0,15.3,24.7,19.8,4.77,15.5,29,42,19,11.6
1994-04-11,0.0,10.9,20.4,16.2,4.96,16.7,24,43,7,12.4
1994-04-12,0.0,8.3,22.0,14.4,2.68,9.8,29,49,14,12.4
1994-04-13,0.0,5.1,20.3,13.6,2.46,10.7,50,79,29,12.0
1994-04-14,0.0,7.8,18.8,13.7,2.2,9.4,56,85,32,12.1
1994-04-15,11.6,9.7,13.0,11.3,2.34,9.9,74,93,56,0.4
1994-04-16,16.4,8.3,14.0,10.5,3.35,13.7,72,92,45,9.1
1994-04-17,0.0,5.4,19.0,11.9,3.22,12.5,44,62,24,12.8
1994-04-18,0.0,5.2,19.8,12.7,2.26,9.6,52,76,28,11.8
1994-04-19,0.5,7.9,17.7,12.5,2.65,14.0,70,92,40,12.0
1994-04-20,2.8,5.3,17.8,12.0,1.92,10.0,71,93,46,12.5
1994-04-21,0.0,6.9,20.6,13.9,2.18,9.6,67,91,34,12.9
1994-04-22,0.0,7.0,22.0,14.8,1.93,11.3,66,93,36,12.9
1994-04-23,0.0,8.3,21.7,15.8,2.07,9.2,68,92,42,12.7
1994-04-24,2.1,10.2,21.2,15.4,3.3,16.1,61,95,31,13.2
1994-04-25,0.0,10.2,22.6,15.9,3.18,11.8,41,58,21,10.8
1994-04-26,0.0,9.7,23.2,16.5,2.07,8.9,44,67,28,13.2
1994-04-27,0.0,8.5,24.7,17.2,1.72,9.8,54,90,28,13.4
1994-04-28,0.0,8.9,25.4,18.1,1.73,9.7,49,85,26,13.5
1994-04-29,0.0,9.8,25.5,18.4,2.16,9.8,49,82,27,13.6
1994-04-30,0.0,9.8,26.5,19.2,1.86,9.4,48,87,22,13.6
1994-05-01,0.0,10.4,26.2,19.4,1.67,8.6,41,75,21,13.6
1994-05-02,0.0,10.4,30.6,21.2,1.75,9.4,40,75,18,13.7
1994-05-03,0.0,14.5,29.9,22.2,1.76,10.3,40,64,25,13.2
1994-05-04,0.0,12.8,28.3,20.8,1.55,8.3,41,72,16,12.6
1994-05-05,0.0,15.8,25.1,19.9,2.32,10.6,52,75,34,13.8
1994-05-06,0.0,12.0,24.2,18.2,2.18,10.2,66,96,41,13.8
1994-05-07,0.0,13.0,25.6,18.7,2.25,9.7,57,83,29,13.2
1994-05-08,0.2,12.9,25.6,19.2,1.71,9.0,63,92,28,11.6
1994-05-09,0.0,12.1,27.6,20.0,2.51,11.8,55,98,18,13.9
1994-05-10,0.0,12.2,27.0,20.1,2.24,11.8,52,86,26,13.9
1994-05-11,0.0,14.1,27.7,20.2,2.43,12.3,55,96,21,13.9
1994-05-12,0.0,10.9,24.8,18.8,2.31,10.7,34,58,20,14.0
1994-05-13,4.4,12.1,19.4,15.9,2.55,13.9,67,84,52,12.5
1994-05-14,0.0,8.2,22.9,16.5,1.92,9.3,58,92,32,14.0
1994-05-15,0.2,9.5,25.0,18.0,1.78,8.5,60,91,34,14.0
1994-05-16,0.3,13.3,26.2,19.9,1.6,8.8,60,96,28,13.7
1994-05-17,1.7,15.7,24.1,19.0,2.52,9.1,45,59,30,12.5
1994-05-18,0.0,13.3,24.9,18.9,4.91,14.8,40,63,20,14.0
1994-05-19,0.0,10.5,25.5,19.4,2.29,10.9,46,77,31,14.0
1994-05-20,0.0,13.5,27.4,21.6,2.11,9.2,47,82,26,14.0
1994-05-21,0.0,12.1,31.2,22.5,1.76,9.2,42,70,19,14.0
1994-05-22,0.0,14.9,30.7,23.5,1.93,8.8,49,81,26,11.2
1994-05-23,0.0,17.5,30.1,23.8,1.95,9.5,49,73,28,7.8
1994-05-24,0.3,18.7,29.5,23.7,1.9,7.9,49,65,30,10.1
1994-05-25,0.0,16.0,28.4,22.9,2.14,10.8,58,82,41,14.0
1994-05-26,0.0,15.1,31.4,23.9,1.96,9.6,55,92,26,14.0
1994-05-27,0.0,17.2,29.1,23.0,2.22,9.2,53,80,33,13.0
1994-05-28,0.0,15.1,29.0,22.6,1.85,10.8,57,87,34,14.0
1994-05-29,0.0,15.5,30.0,22.9,2.26,10.3,60,93,33,12.8
1994-05-30,0.0,17.8,29.4,23.4,1.85,19.6,60,84,37,12.2
1994-05-31,0.0,19.5,32.7,25.7,1.66,11.5,56,81,33,12.6
1994-06-01,0.0,18.9,31.7,25.6,2.57,12.0,52,79,30,13.4
1994-06-02,0.0,22.1,31.5,25.9,2.92,13.4,44,68,23,14.0
1994-06-03,0.0,16.0,32.6,25.0,2.0,10.4,41,72,21,14.0
1994-06-04,0.0,15.9,31.5,24.6,2.08,9.2,45,74,26,14.0
1994-06-05,0.0,16.7,31.4,24.4,2.61,12.1,47,70,25,14.0
1994-06-06,0.0,17.6,27.2,22.2,2.37,10.7,61,90,39,13.4
1994-06-07,0.0,16.4,28.1,22.1,2.19,10.8,55,83,29,14.0
1994-06-08,0.0,16.0,30.0,23.4,1.87,9.9,52,76,32,14.0
1994-06-09,0.0,18.7,26.4,22.5,2.85,12.8,59,82,42,14.0
1994-06-10,0.0,14.8,26.3,20.3,2.69,11.1,62,87,35,14.0
1994-06-11,0.0,13.7,27.2,20.4,2.15,10.8,60,92,31,14.0
1994-06-12,0.8,14.6,23.8,18.8,2.86,16.0,62,89,29,14.0
1994-06-13,0.0,11.5,25.7,19.0,1.87,9.9,58,93,27,14.0
1994-06-14,0.0,12.9,28.5,21.1,1.97,9.8,52,87,23,14.0
1994-06-15,0.0,15.1,30.8,23.1,2.11,10.7,49,85,19,14.0
1994-06-16,0.0,15.7,31.3,24.1,1.62,7.9,43,77,20,13.0
1994-06-17,0.0,17.3,30.5,24.6,2.79,12.7,44,66,24,13.4
1994-06-18,0.0,17.0,32.5,25.4,1.74,9.8,56,94,28,14.0
1994-06-19,0.0,18.7,35.0,26.9,2.49,11.3,34,64,16,14.0
1994-06-20,0.0,19.4,30.2,24.7,2.56,10.3,52,78,37,14.0
1994-06-21,0.0,17.9,29.0,23.5,2.57,10.8,69,100,40,13.6
1994-06-22,0.0,16.4,29.7,23.6,2.59,11.1,57,91,31,14.0
1994-06-23,0.0,15.7,30.9,23.9,2.71,11.5,51,83,27,14.0
1994-06-24,0.0,16.3,31.9,25.0,2.47,10.5,52,80,26,14.0
1994-06-25,0.0,19.2,34.9,26.9,2.77,14.2,48,92,9,14.0
1994-06-26,0.0,19.5,30.4,24.4,3.26,12.1,28,58,16,14.0
1994-06-27,0.0,15.1,29.0,22.7,2.53,11.1,49,80,26,14.0
1994-06-28,0.0,14.9,30.1,23.0,2.03,10.1,54,86,28,14.0
1994-06-29,0.0,15.8,32.4,24.8,1.89,10.6,50,86,24,14.0
1994-06-30,0.0,17.6,35.8,27.3,1.97,10.8,40,68,18,14.0
1994-07-01,0.0,18.1,37.5,28.9,2.22,11.4,37,69,14,14.0
1994-07-02,0.0,19.9,37.8,29.3,2.01,9.5,37,57,17,13.1
1994-07-03,0.5,20.2,40.5,30.7,1.17,8.1,42,73,17,13.4
1994-07-04,0.4,21.5,43.8,33.6,1.96,9.8,31,61,9,14.0
1994-07-05,0.0,22.6,42.3,33.6,1.35,8.6,25,42,9,14.0
1994-07-06,0.0,21.8,40.6,32.2,1.69,9.1,27,44,14,14.0
1994-07-07,0.0,22.8,31.8,27.5,2.74,11.7,51,76,27,14.0
1994-07-08,0.0,20.2,32.4,25.8,1.96,10.4,65,93,35,14.0
1994-07-09,0.0,19.9,31.5,25.6,2.1,10.0,64,94,36,14.0
1994-07-10,0.0,18.7,33.2,26.2,1.7,9.1,60,93,33,14.0
1994-07-11,0.0,19.6,33.9,26.7,1.63,10.1,57,85,33,13.8
1994-07-12,0.0,19.5,32.1,25.7,2.1,10.1,62,91,33,14.0
1994-07-13,0.0,19.0,32.1,25.8,2.3,10.4,62,95,33,14.0
1994-07-14,0.0,18.0,33.9,26.4,2.38,10.8,49,79,24,14.0
1994-07-15,0.0,20.3,34.7,27.2,2.3,10.8,44,63,23,12.1
1994-07-16,0.0,19.7,34.9,27.6,2.35,11.0,46,69,22,13.8
1994-07-17,0.0,19.8,35.3,28.1,1.63,9.6,54,85,31,13.3
1994-07-18,0.0,21.3,37.9,29.2,2.14,12.0,52,82,18,14.0
1994-07-19,0.0,20.6,34.2,27.4,1.96,9.9,66,93,41,14.0
1994-07-20,0.0,21.4,32.3,26.4,2.4,11.1,72,95,47,14.0
1994-07-21,0.0,21.7,33.6,26.6,2.05,10.4,70,96,41,13.1
1994-07-22,0.0,20.3,32.4,26.0,2.0,9.5,70,97,42,13.5
1994-07-23,0.0,19.6,33.4,26.3,1.92,9.9,65,97,34,13.9
1994-07-24,0.0,20.7,32.6,26.2,1.98,9.4,64,85,39,13.9
1994-07-25,0.0,21.4,33.7,26.8,1.67,9.9,67,97,34,13.7
1994-07-26,0.0,20.7,33.0,27.0,2.13,10.2,63,93,37,13.9
1994-07-27,0.0,19.3,34.1,27.0,1.96,9.0,58,95,28,13.9
1994-07-28,0.0,18.4,33.6,26.8,2.32,11.2,52,87,27,13.9
1994-07-29,0.0,19.0,33.9,26.9,2.28,11.0,52,81,27,13.8
1994-07-30,0.0,18.9,33.5,26.5,1.92,9.6,57,82,31,13.4
1994-07-31,0.0,21.9,35.4,28.6,1.47,8.1,57,97,23,13.5
1994-08-01,0.0,24.3,34.8,29.1,3.11,10.2,34,53,22,13.8
1994-08-02,0.0,20.8,33.2,27.0,2.16,9.9,62,85,39,13.6
1994-08-03,0.0,20.7,32.9,26.8,2.65,11.7,65,96,36,13.6
1994-08-04,0.0,20.0,32.5,26.3,2.13,10.5,65,90,41,13.1
1994-08-05,0.0,21.0,33.8,27.3,1.74,8.8,68,93,45,13.4
1994-08-06,0.0,22.9,32.3,27.7,1.34,8.0,69,93,47,11.0
1994-08-07,0.0,22.1,37.5,30.1,1.77,9.4,57,90,29,13.5
1994-08-08,0.0,22.3,38.3,30.7,1.78,9.4,52,90,24,13.5
1994-08-09,0.0,21.1,39.3,30.8,1.81,10.0,45,85,16,13.5
1994-08-10,0.0,23.2,34.9,29.1,2.68,9.3,30,41,20,13.4
1994-08-11,0.0,20.5,35.1,27.8,2.19,9.8,37,52,21,13.4
1994-08-12,0.0,20.0,33.7,27.4,2.13,10.4,53,82,29,13.2
1994-08-13,0.0,21.7,31.8,26.9,1.74,7.8,66,90,42,9.5
1994-08-14,0.1,21.1,32.2,27.0,2.53,10.5,67,93,46,12.0
1994-08-15,0.0,22.6,32.6,27.4,2.31,9.3,59,82,36,12.6
1994-08-16,0.0,20.2,35.0,27.8,1.63,7.6,59,89,34,13.0
1994-08-17,0.0,22.2,37.2,29.2,1.58,11.0,58,85,30,13.1
1994-08-18,0.0,22.8,34.7,27.7,1.96,10.3,67,91,37,13.0
1994-08-19,0.0,22.2,33.4,27.1,1.88,9.1,73,99,43,12.7
1994-08-20,0.0,20.5,36.4,28.0,1.45,9.1,66,97,31,12.3
1994-08-21,0.0,20.4,37.2,28.8,1.87,8.5,57,91,23,12.8
1994-08-22,0.0,21.0,37.2,29.1,1.54,8.1,58,87,31,12.0
1994-08-23,0.0,21.5,39.2,30.4,1.37,8.5,55,90,23,12.6
1994-08-24,0.0,22.9,36.6,29.2,2.43,11.7,42,75,19,12.6
1994-08-25,0.0,21.3,33.7,27.2,1.68,10.1,65,95,29,12.4
1994-08-26,0.0,21.3,33.7,27.6,1.99,9.1,65,99,33,12.4
1994-08-27,0.0,20.1,34.1,27.5,1.97,9.2,58,92,31,12.4
1994-08-28,0.0,19.6,36.1,28.1,1.6,9.0,55,87,27,11.8
1994-08-29,0.0,20.2,34.3,27.6,2.1,10.2,59,89,33,12.2
1994-08-30,0.0,20.1,33.8,26.6,1.46,8.8,65,93,34,12.1
1994-08-31,0.0,19.5,34.6,27.3,1.63,8.8,58,94,27,12.2
1994-09-01,0.0,18.9,34.5,26.7,2.04,11.1,53,83,23,12.0
1994-09-02,0.5,22.5,29.5,25.5,2.2,9.6,74,99,48,12.0
1994-09-03,0.0,21.5,31.2,25.6,2.0,10.1,69,85,45,11.9
1994-09-04,0.7,19.4,31.5,25.4,2.81,11.1,63,97,34,12.0
1994-09-05,0.0,19.6,29.0,24.2,2.0,9.4,64,89,38,12.0
1994-09-06,0.0,17.2,30.0,23.8,1.6,7.8,64,94,35,12.0
1994-09-07,0.0,15.8,33.1,24.8,1.48,7.5,60,97,22,12.0
1994-09-08,0.0,18.4,35.0,26.9,1.63,7.8,50,90,23,12.0
1994-09-09,0.0,19.8,32.9,26.0,2.26,8.3,25,47,14,12.0
1994-09-10,0.0,16.4,34.0,25.6,1.68,8.1,46,77,19,12.0
1994-09-11,0.0,17.7,32.9,25.6,1.73,9.2,48,76,22,12.0
1994-09-12,0.0,17.1,34.9,26.4,1.45,9.4,52,87,23,12.0
1994-09-13,0.0,18.2,33.5,26.3,1.74,8.7,44,74,22,9.9
1994-09-14,0.1,20.7,28.0,24.7,4.35,13.3,26,40,17,12.0
1994-09-15,0.0,17.0,27.9,22.0,2.91,10.5,30,53,16,12.0
1994-09-16,0.0,13.0,31.0,22.4,1.69,7.7,44,66,21,12.0
1994-09-17,0.0,18.6,26.3,22.1,2.59,11.3,48,65,28,11.8
1994-09-18,0.0,15.9,25.5,19.9,1.88,10.3,54,72,31,12.0
1994-09-19,0.0,11.9,25.3,18.9,1.71,7.3,57,87,31,11.8
1994-09-20,0.0,12.9,29.4,21.1,1.87,10.1,60,93,26,12.0
1994-09-21,1.1,16.0,23.9,19.8,2.47,10.5,69,82,53,7.3
1994-09-22,19.7,15.2,20.2,17.4,1.81,7.8,82,93,65,7.9
1994-09-23,0.7,12.7,21.1,17.3,1.71,10.1,70,97,46,11.9
1994-09-24,0.0,9.9,23.3,17.0,1.72,8.1,63,88,39,11.9
1994-09-25,0.0,11.1,24.6,18.1,1.37,5.5,67,95,39,11.9
1994-09-26,0.0,12.1,25.4,19.2,1.09,4.9,68,94,41,11.9
1994-09-27,0.0,12.5,24.2,19.0,1.85,8.2,75,99,48,11.8
1994-09-28,17.0,15.7,21.1,18.5,2.25,8.9,83,95,69,3.6
1994-09-29,8.2,16.9,23.3,19.7,2.0,7.7,76,93,56,11.4
1994-09-30,1.0,14.5,22.7,18.6,1.39,7.5,85,97,69,11.2
1994-10-01,1.0,14.8,23.1,18.8,1.06,6.6,84,100,63,10.2
1994-10-02,1.3,12.8,23.5,18.6,1.25,6.8,83,99,64,10.7
1994-10-03,0.0,13.2,26.4,20.0,1.49,5.7,73,97,41,10.5
1994-10-04,0.0,14.1,26.2,20.1,1.72,5.5,72,91,45,10.9
1994-10-05,0.7,15.4,24.4,19.9,2.42,9.9,81,97,57,10.5
1994-10-06,9.2,16.5,20.9,18.4,3.89,12.6,73,98,56,10.7
1994-10-07,0.0,14.6,20.8,17.7,2.59,9.5,73,82,64,8.7
1994-10-08,0.0,13.0,21.7,17.2,2.38,9.3,76,93,55,11.0
1994-10-09,12.8,14.6,20.0,17.1,2.14,7.2,91,98,86,0.6
1994-10-10,1.9,17.1,23.9,20.2,1.9,8.7,88,99,69,7.6
1994-10-11,1.1,15.5,24.3,19.8,1.11,4.8,83,97,62,10.8
1994-10-12,0.0,15.8,24.1,19.9,1.09,5.4,87,100,68,10.8
1994-10-13,1.0,16.9,24.0,20.0,1.12,5.9,87,100,67,10.0
1994-10-14,0.1,16.1,22.1,19.1,1.34,6.0,89,98,78,8.1
1994-10-15,7.7,16.7,21.3,18.7,0.82,5.2,92,99,79,7.0
1994-10-16,4.8,13.7,23.3,18.2,1.35,5.8,85,99,59,10.5
1994-10-17,0.0,12.2,22.7,17.2,1.89,6.7,79,98,47,10.7
1994-10-18,0.5,14.2,20.2,17.2,1.32,6.2,86,98,71,10.1
1994-10-19,0.0,13.7,22.0,17.7,1.04,7.5,82,99,57,10.3
1994-10-20,3.8,13.6,21.6,17.1,3.16,14.7,68,96,38,10.5
1994-10-21,0.0,12.6,21.7,16.9,3.41,13.5,62,80,42,10.4
1994-10-22,0.0,13.5,25.1,18.9,2.13,7.7,70,90,49,10.5
1994-10-23,0.0,13.7,23.4,18.3,2.46,10.4,68,92,40,10.3
1994-10-24,0.0,10.4,22.7,16.3,1.78,6.7,71,90,44,10.4
1994-10-25,0.0,9.6,21.9,15.5,1.42,5.8,75,91,49,10.1
1994-10-26,0.0,11.0,23.3,16.5,1.31,4.5,78,97,49,10.0
1994-10-27,1.7,14.1,20.3,17.2,1.82,7.5,87,99,70,9.0
1994-10-28,0.0,12.1,21.0,16.9,1.11,4.0,83,100,62,6.6
1994-10-29,0.0,12.3,20.9,16.5,1.41,5.6,80,95,57,10.0
1994-10-30,0.0,9.9,20.6,15.1,1.36,4.8,84,99,59,9.9
1994-10-31,0.0,10.6,21.8,16.0,1.09,4.0,82,100,56,7.2
1994-11-01,0.0,11.2,22.3,16.6,1.4,5.2,82,95,58,10.0
1994-11-02,0.0,13.6,21.7,17.4,1.3,5.8,87,100,61,10.0
1994-11-03,0.0,15.4,21.4,17.4,1.78,9.6,87,100,62,9.4
1994-11-04,9.4,12.7,17.7,15.7,2.34,12.9,92,99,81,1.0
1994-11-05,0.0,5.3,18.1,11.7,2.25,10.2,71,96,37,10.0
1994-11-06,0.2,4.6,17.7,11.2,1.64,7.1,72,92,44,9.9
1994-11-07,0.5,8.0,21.5,13.8,1.18,5.7,76,94,47,9.2
1994-11-08,0.0,8.5,20.9,14.3,1.4,6.4,80,96,54,9.9
1994-11-09,0.4,11.2,22.5,16.0,1.71,8.9,81,96,58,6.6
1994-11-10,0.0,10.1,22.6,15.9,2.86,12.3,72,91,48,9.9
1994-11-11,0.0,11.6,23.7,16.7,2.32,9.1,73,95,41,9.9
1994-11-12,2.2,11.1,23.8,16.4,2.15,11.6,76,93,52,9.9
1994-11-13,0.0,13.4,19.6,15.9,3.55,12.0,60,68,50,9.6
1994-11-14,0.0,7.5,19.8,13.7,1.5,6.2,76,94,51,9.8
1994-11-15,0.0,6.8,21.1,13.3,1.3,4.0,80,97,51,9.8
1994-11-16,0.0,7.0,23.1,13.7,1.66,4.7,74,96,38,9.6
1994-11-17,0.0,9.7,21.7,14.6,2.72,9.1,66,87,41,9.0
1994-11-18,0.0,10.5,22.6,15.6,2.11,6.5,68,87,42,9.8
1994-11-19,0.0,10.8,23.3,15.9,1.83,5.3,72,88,44,9.8
1994-11-20,0.0,8.5,20.8,14.6,1.37,4.4,82,96,56,9.8
1994-11-21,0.0,7.9,19.9,13.7,1.15,4.7,84,98,60,9.7
1994-11-22,0.0,7.7,19.0,13.2,1.22,5.7,84,99,59,9.7
1994-11-23,0.0,11.1,18.5,14.5,0.97,4.3,87,99,67,8.7
1994-11-24,0.0,12.3,18.3,14.9,1.29,4.6,85,98,65,9.6
1994-11-25,0.0,11.1,18.7,14.4,1.07,4.2,82,98,57,9.7
1994-11-26,0.0,6.6,19.5,12.4,1.19,3.8,79,96,49,9.7
1994-11-27,0.0,6.2,19.8,11.9,1.32,4.5,77,96,44,9.7
1994-11-28,0.0,11.0,16.3,13.3,2.09,10.0,85,97,70,6.6
1994-11-29,0.0,10.1,17.6,13.5,1.81,7.3,83,95,63,5.9
1994-11-30,0.0,11.2,18.8,14.5,1.46,5.6,83,95,60,9.5
1994-12-01,0.0,10.8,18.0,13.9,2.19,8.6,85,99,63,9.2
1994-12-02,0.1,12.7,19.1,15.0,2.47,9.0,83,94,61,8.6
1994-12-03,0.0,9.1,19.6,13.9,1.32,4.3,79,98,50,9.5
1994-12-04,0.0,7.0,19.7,12.8,1.34,4.5,80,96,53,9.5
1994-12-05,0.0,7.3,20.6,12.8,1.45,4.4,78,97,47,8.9
1994-12-06,0.0,9.4,19.5,13.6,1.67,6.9,73,92,42,9.4
1994-12-07,0.0,7.5,19.3,13.0,1.17,5.1,82,96,61,9.2
1994-12-08,0.0,6.9,19.2,12.4,1.3,4.7,80,98,52,9.5
1994-12-09,0.0,6.3,19.4,11.7,2.27,9.4,67,82,41,9.4
1994-12-10,0.0,10.7,19.3,14.6,3.19,11.0,66,85,48,9.4
1994-12-11,0.0,6.1,19.0,11.9,1.38,4.7,76,95,48,9.4
1994-12-12,0.0,5.2,18.7,11.5,1.19,4.1,73,94,44,9.4
1994-12-13,0.0,5.5,19.2,11.7,1.22,3.5,73,93,43,9.4
1994-12-14,0.0,4.9,20.9,11.5,1.63,4.8,74,94,40,9.4
1994-12-15,0.0,7.3,19.3,12.3,1.86,5.6,76,91,49,9.4
1994-12-16,0.0,6.5,15.7,10.7,1.8,6.4,84,97,63,9.0
1994-12-17,9.4,9.2,13.4,12.1,1.11,4.8,88,100,81,2.4
1994-12-18,0.0,5.6,16.7,10.1,1.89,7.8,81,100,44,8.4
1994-12-19,0.1,5.5,15.4,9.6,2.42,10.7,74,91,52,9.0
1994-12-20,0.0,7.2,14.8,10.2,4.47,13.5,50,58,39,9.4
1994-12-21,0.0,7.3,16.2,10.8,3.11,9.3,55,66,38,9.1
1994-12-22,0.0,9.5,16.1,12.0,5.0,14.8,53,60,37,9.3
1994-12-23,0.0,2.4,9.8,6.4,3.33,11.7,41,63,29,9.4
1994-12-24,0.0,-1.6,10.5,3.6,1.43,5.0,64,85,36,9.4
1994-12-25,0.0,-0.8,11.5,4.1,1.88,6.7,68,88,35,9.4
1994-12-26,0.0,-1.8,12.6,4.1,1.87,5.4,66,86,32,9.1
1994-12-27,0.0,-1.4,13.8,4.7,1.82,5.0,68,85,36,9.3
1994-12-28,0.0,0.3,15.2,5.8,1.94,5.6,65,85,34,9.4
1994-12-29,0.0,0.7,16.1,6.7,2.32,7.7,67,87,37,9.1
1994-12-30,0.2,6.0,20.6,11.9,1.87,6.6,77,94,55,9.1
1994-12-31,0.0,8.1,17.7,12.7,2.15,6.3,81,95,63,3.4
1995-01-01,1.2,9.9,20.2,13.8,2.89,12.5,70,88,47,8.9
1995-01-02,0.0,4.4,12.4,8.5,3.92,10.4,42,53,33,9.4
1995-01-03,0.0,2.5,12.6,7.6,2.03,8.1,56,76,37,9.4
1995-01-04,0.0,3.9,13.5,7.8,3.06,11.1,59,80,30,9.0
1995-01-05,0.0,4.4,16.4,10.1,3.36,12.1,66,85,48,8.4
1995-01-06,0.2,8.5,16.1,11.9,4.5,18.6,60,82,38,8.9
1995-01-07,0.0,6.9,13.2,9.7,4.56,16.1,40,48,28,9.5
1995-01-08,0.0,2.5,12.5,7.1,2.68,9.3,46,64,27,9.4
1995-01-09,0.0,2.7,16.4,8.9,3.71,12.5,57,72,40,9.3
1995-01-10,0.0,5.1,16.2,10.1,3.2,10.3,53,66,34,9.5
1995-01-11,0.0,7.8,18.4,12.4,5.09,13.6,46,55,34,9.6
1995-01-12,0.0,12.1,18.3,14.6,5.88,15.9,46,57,31,9.5
1995-01-13,0.0,4.8,12.2,8.0,3.84,13.1,28,41,17,9.6
1995-01-14,0.0,-1.5,13.5,5.6,1.66,5.4,52,78,27,9.6
1995-01-15,0.0,1.3,17.4,7.8,2.06,6.3,54,75,22,9.6
1995-01-16,0.0,0.0,14.3,7.4,1.42,5.7,73,90,49,9.6
1995-01-17,0.0,2.7,14.5,8.3,1.3,6.7,83,99,56,8.0
1995-01-18,2.4,6.9,18.3,11.7,2.08,11.8,80,98,59,8.1
1995-01-19,0.0,3.1,14.9,9.2,2.18,7.2,68,87,39,9.6
1995-01-20,0.0,1.1,16.7,8.7,1.41,5.9,72,97,42,9.1
1995-01-21,0.0,5.9,17.1,10.9,2.21,8.2,62,86,28,9.6
1995-01-22,0.0,1.5,18.4,9.0,1.68,4.8,63,89,25,9.6
1995-01-23,0.0,3.4,20.6,10.6,2.29,7.9,53,76,24,9.7
1995-01-24,0.0,8.4,21.7,14.6,2.33,8.5,64,91,43,9.7
1995-01-25,0.0,8.4,21.6,13.9,1.61,5.3,75,94,44,9.7
1995-01-26,0.0,7.2,19.6,12.6,2.42,11.5,70,95,38,8.8
1995-01-27,0.0,5.9,19.7,12.2,1.97,6.1,71,94,38,9.7
1995-01-28,0.0,5.5,21.2,11.8,2.04,7.7,66,92,29,6.8
1995-01-29,0.0,5.2,20.8,12.1,2.1,7.9,67,92,32,9.7
1995-01-30,0.2,5.1,20.4,12.5,2.9,14.4,71,95,38,9.2
1995-01-31,0.0,8.5,21.9,14.4,2.15,7.5,62,88,25,9.8
1995-02-01,0.0,3.6,20.9,11.5,1.46,5.5,65,89,31,9.8
1995-02-02,0.0,4.9,20.3,12.0,2.66,11.7,64,88,37,9.8
1995-02-03,0.0,5.6,16.6,12.0,1.4,6.3,67,92,41,9.9
1995-02-04,0.0,2.7,18.6,10.5,1.26,4.7,69,99,30,10.0
1995-02-05,0.0,2.7,20.1,10.7,1.53,6.3,63,85,28,10.0
1995-02-06,0.0,3.1,23.7,12.2,1.62,5.6,63,93,22,10.1
1995-02-07,0.0,6.0,23.7,13.8,2.37,7.3,51,80,19,10.0
1995-02-08,0.0,7.6,21.6,14.3,2.43,8.2,53,75,34,10.0
1995-02-09,0.1,8.0,21.7,14.3,2.16,10.0,64,90,37,10.1
1995-02-10,0.0,7.1,18.9,12.9,1.75,5.7,69,93,42,7.8
1995-02-11,0.0,6.6,20.0,12.8,1.91,8.7,70,91,38,10.2
1995-02-12,0.0,6.2,20.5,13.3,1.63,6.7,67,94,35,10.3
1995-02-13,0.2,6.4,20.0,13.2,1.81,11.0,69,91,45,5.1
1995-02-14,0.0,8.7,22.7,14.5,2.89,14.5,66,89,37,9.8
1995-02-15,0.0,10.0,25.8,17.1,2.14,8.3,60,90,27,10.6
1995-02-16,0.0,12.4,23.8,16.8,2.41,8.1,56,72,29,10.7
1995-02-17,0.0,7.4,23.5,15.5,1.54,5.6,66,94,36,10.7
1995-02-18,0.0,10.2,19.7,14.6,2.49,9.7,59,89,34,10.0
1995-02-19,0.0,5.7,18.8,12.3,1.54,7.7,56,83,26,10.7
1995-02-20,0.0,3.8,18.3,11.4,1.53,7.2,70,93,41,10.7
1995-02-21,0.0,4.4,20.4,12.4,1.31,8.5,73,97,43,10.8
1995-02-22,4.6,9.3,16.5,12.6,1.56,8.5,79,95,55,8.3
1995-02-23,0.0,5.4,18.5,12.3,1.47,6.2,69,97,30,10.0
1995-02-24,0.0,5.7,23.8,14.5,2.89,11.0,61,91,31,10.8
1995-02-25,0.0,11.8,27.7,19.1,3.33,12.4,45,74,18,10.7
1995-02-26,0.5,10.9,18.3,14.2,5.24,18.0,42,63,23,10.7
1995-02-27,0.0,6.2,14.4,10.3,4.4,11.9,38,53,24,10.9
1995-02-28,11.4,7.2,10.8,9.0,5.34,22.6,69,86,51,5.4
1995-03-01,10.4,8.6,16.1,11.6,4.86,18.3,65,84,42,8.7
1995-03-02,0.0,6.8,20.1,12.4,3.11,12.3,56,79,31,10.9
1995-03-03,0.0,4.5,18.7,11.5,2.94,13.7,62,88,36,10.9
1995-03-04,0.0,7.8,16.3,11.9,4.05,13.9,45,62,24,11.0
1995-03-05,0.0,9.0,21.4,14.7,4.09,15.6,56,70,43,9.5
1995-03-06,7.9,10.7,17.4,15.4,3.02,10.7,68,94,57,2.1
1995-03-07,5.3,8.4,15.6,11.2,1.5,7.9,73,97,41,11.0
1995-03-08,0.0,3.1,19.3,11.4,1.32,6.9,67,95,34,11.3
1995-03-09,0.0,3.7,17.2,10.5,2.13,8.4,67,91,43,11.2
1995-03-10,0.0,5.9,19.3,12.1,2.74,10.3,76,94,55,11.1
1995-03-11,0.4,12.0,19.4,15.0,4.79,16.4,74,86,56,8.3
1995-03-12,11.9,11.8,14.6,13.0,6.72,19.1,76,83,67,0.5
1995-03-13,0.0,10.6,18.0,13.5,3.98,12.1,57,72,37,11.0
1995-03-14,0.0,4.3,19.9,12.1,1.64,7.6,68,93,39,11.3
1995-03-15,0.0,5.7,20.6,13.0,1.7,7.2,74,99,32,11.6
1995-03-16,0.0,7.8,18.0,12.3,2.1,8.4,67,95,41,11.3
1995-03-17,0.0,5.1,19.4,12.4,1.67,9.7,73,97,40,11.7
1995-03-18,0.0,5.8,22.6,13.9,1.98,7.9,68,99,31,11.7
1995-03-19,0.0,6.6,24.2,15.4,1.83,6.6,65,94,30,11.8
1995-03-20,0.0,9.7,22.5,14.8,2.95,12.6,60,88,30,11.8
1995-03-21,0.0,7.4,17.8,12.8,2.39,10.2,69,88,44,11.8
1995-03-22,0.0,6.1,15.6,11.1,2.68,10.9,73,96,49,11.8
1995-03-23,0.0,8.0,16.5,11.9,2.62,10.4,61,83,37,11.9
1995-03-24,0.0,2.4,19.0,11.0,1.59,7.6,63,93,30,11.9
1995-03-25,0.0,2.5,20.9,12.3,1.51,7.4,60,94,23,11.4
1995-03-26,0.0,4.5,21.4,13.5,1.81,8.3,54,91,19,11.9
1995-03-27,0.0,4.6,24.7,15.1,1.59,8.6,54,87,25,12.0
1995-03-28,0.0,9.6,23.0,16.0,2.92,12.6,45,72,23,12.0
1995-03-29,0.0,7.7,28.8,18.0,2.75,9.5,47,91,16,12.0
1995-03-30,0.2,10.6,18.2,13.8,3.17,11.5,57,77,38,3.7
1995-03-31,0.0,8.1,15.9,11.7,2.82,10.8,52,73,33,12.0
1995-04-01,0.0,2.6,18.8,11.1,1.99,9.3,54,90,23,12.1
1995-04-02,0.0,3.4,19.4,12.1,1.9,8.8,56,85,32,12.0
1995-04-03,0.0,4.0,21.8,13.4,1.96,9.5,67,97,35,12.1
1995-04-04,0.0,5.7,22.7,14.7,2.15,9.9,63,97,29,12.0
1995-04-05,0.0,6.3,23.7,15.6,2.22,10.9,57,94,23,12.1
1995-04-06,0.0,6.9,24.2,15.9,1.84,9.1,54,87,23,12.2
1995-04-07,0.0,9.9,22.1,15.9,1.89,9.7,61,83,35,12.2
1995-04-08,0.0,7.5,23.4,16.0,1.3,8.5,66,95,37,12.2
1995-04-09,0.0,8.0,26.2,17.6,1.79,9.8,56,94,24,12.3
1995-04-10,0.0,7.9,24.5,16.9,2.41,10.3,49,85,19,12.3
1995-04-11,0.0,9.0,22.2,16.0,2.43,12.1,51,75,31,12.3
1995-04-12,0.0,7.1,23.2,15.9,1.86,9.5,57,90,29,12.4
1995-04-13,0.0,7.6,23.7,16.3,2.04,10.1,59,93,29,12.4
1995-04-14,0.0,12.3,19.5,15.9,3.25,12.9,60,91,38,12.2
1995-04-15,0.0,7.1,18.9,13.8,2.59,10.0,59,84,40,12.3
1995-04-16,0.0,6.4,25.0,16.2,1.59,9.1,51,91,15,12.6
1995-04-17,0.0,7.8,21.4,15.2,2.14,9.4,61,91,35,12.6
1995-04-18,0.0,8.1,24.2,16.6,1.75,9.6,61,94,30,12.7
1995-04-19,0.0,9.4,28.2,19.5,1.63,8.7,52,90,24,12.9
1995-04-20,0.6,11.5,21.2,17.1,2.96,11.7,52,86,36,12.2
1995-04-21,0.3,10.5,20.5,15.8,2.73,11.7,51,99,14,12.5
1995-04-22,0.0,6.5,18.6,13.1,2.52,12.7,35,56,20,13.0
1995-04-23,1.7,7.3,17.4,11.9,2.59,11.9,50,72,30,12.1
1995-04-24,1.1,7.6,18.0,12.5,4.22,17.3,45,64,24,12.8
1995-04-25,0.0,7.3,21.3,14.8,3.88,12.2,37,68,16,13.4
1995-04-26,0.0,7.9,20.0,13.9,2.85,12.8,35,51,19,10.8
1995-04-27,0.1,6.8,20.8,14.5,2.19,10.1,47,68,29,7.5
1995-04-28,0.0,7.4,22.8,16.5,1.72,7.1,59,94,34,13.3
1995-04-29,0.0,10.6,25.4,18.6,2.15,10.4,58,90,31,13.2
1995-04-30,0.0,13.1,24.5,18.6,2.14,9.5,65,87,39,12.8
1995-05-01,0.0,10.8,26.5,18.7,1.84,10.3,61,96,28,13.4
1995-05-02,0.0,10.9,23.7,17.9,2.0,9.4,53,87,29,13.6
1995-05-03,0.0,9.9,24.0,17.5,2.31,10.8,54,83,31,13.7
1995-05-04,0.0,9.6,24.7,18.0,2.58,11.4,51,89,24,13.7
1995-05-05,0.0,9.3,24.9,17.8,2.57,11.8,44,74,20,13.4
1995-05-06,0.0,11.3,25.6,18.8,2.3,10.2,42,69,20,12.9
1995-05-07,0.0,12.3,25.9,19.5,1.91,9.9,48,67,31,12.0
1995-05-08,0.0,13.7,28.4,21.1,1.91,9.6,50,81,28,13.4
1995-05-09,0.0,13.5,28.6,22.0,1.96,10.4,46,78,27,13.9
1995-05-10,0.0,13.9,27.6,21.8,1.61,7.3,51,81,31,13.9
1995-05-11,0.0,16.0,29.0,22.6,3.07,14.0,44,75,19,13.7
1995-05-12,0.0,15.4,24.6,20.2,6.25,19.4,36,49,25,13.9
1995-05-13,0.0,13.5,25.8,19.2,3.69,13.7,28,55,13,14.0
1995-05-14,0.0,10.9,23.2,17.7,2.64,9.9,51,66,34,14.0
1995-05-15,0.0,11.0,27.9,19.8,1.89,9.7,53,92,23,14.0
1995-05-16,0.0,15.6,32.6,24.3,1.38,11.1,46,76,22,14.0
1995-05-17,0.0,19.5,31.5,24.9,2.71,10.2,40,54,23,14.0
1995-05-18,0.0,14.6,33.9,25.5,1.78,10.1,44,85,18,14.0
1995-05-19,0.0,20.3,31.2,25.2,2.76,13.2,44,70,26,14.0
1995-05-20,0.0,16.1,24.5,20.2,2.6,11.1,64,83,44,14.0
1995-05-21,0.0,13.7,23.6,18.2,2.61,11.3,62,87,35,14.0
1995-05-22,0.0,11.9,22.3,17.2,2.87,11.4,60,91,31,12.9
1995-05-23,0.0,9.9,25.5,17.9,2.29,9.9,52,83,25,13.5
1995-05-24,0.0,12.2,26.2,19.6,2.03,9.6,53,78,30,14.0
1995-05-25,1.5,15.5,28.1,21.3,1.34,8.9,64,92,36,13.9
1995-05-26,0.0,14.1,27.0,20.6,2.25,10.7,55,81,33,14.0
1995-05-27,0.0,13.6,27.8,21.0,1.91,10.2,65,100,34,14.0
1995-05-28,0.0,13.0,28.4,21.3,1.93,10.1,59,94,29,14.0
1995-05-29,0.0,13.4,30.6,22.2,1.91,10.6,55,89,24,14.0
1995-05-30,0.0,15.5,27.7,20.7,2.51,14.6,66,98,28,14.0
1995-05-31,0.0,15.7,26.8,20.5,1.74,11.8,65,96,28,13.9
1995-06-01,0.0,13.1,26.6,19.7,2.19,11.2,53,90,21,14.0
1995-06-02,0.0,12.7,27.1,20.2,2.26,10.4,53,88,26,14.0
1995-06-03,0.0,12.4,26.5,20.1,2.71,11.5,52,88,25,14.0
1995-06-04,0.0,12.3,26.9,20.2,2.2,10.2,50,82,28,14.0
1995-06-05,0.0,12.6,27.3,20.9,2.95,12.6,47,79,26,13.7
1995-06-06,0.3,17.2,25.9,21.2,3.69,14.9,50,65,34,13.1
1995-06-07,0.0,16.3,27.0,21.5,2.96,12.3,46,64,27,14.0
1995-06-08,0.0,14.3,28.8,21.7,1.75,10.7,51,77,29,14.0
1995-06-09,6.7,16.0,29.3,21.6,1.89,10.0,64,88,35,10.9
1995-06-10,0.2,16.4,25.8,21.0,1.73,8.7,67,87,47,13.8
1995-06-11,0.3,16.7,26.8,21.3,1.26,7.2,72,95,45,13.8
1995-06-12,0.0,15.3,27.1,21.6,1.68,8.9,70,99,44,14.0
1995-06-13,0.0,16.9,28.8,22.9,1.95,9.2,64,96,37,14.0
1995-06-14,0.0,16.6,28.7,23.1,2.01,9.2,57,85,37,13.0
1995-06-15,0.1,17.9,27.1,22.0,2.3,10.4,66,92,44,13.4
1995-06-16,0.0,17.4,26.3,21.5,2.04,9.6,65,86,44,12.0
1995-06-17,0.0,17.2,28.9,22.8,1.68,9.5,57,82,31,12.5
1995-06-18,0.2,16.7,32.4,25.1,1.69,8.8,55,89,30,14.0
1995-06-19,0.0,16.1,33.2,25.6,2.3,11.5,49,87,21,14.0
1995-06-20,5.7,18.6,26.6,22.4,1.26,6.6,62,87,49,8.2
1995-06-21,0.0,16.5,30.5,24.0,2.19,8.5,62,95,36,14.0
1995-06-22,0.0,16.8,30.9,24.0,1.95,9.8,59,90,34,14.0
1995-06-23,0.0,17.0,31.9,24.7,1.89,10.0,55,88,29,14.0
1995-06-24,0.1,17.1,28.4,22.7,2.98,12.3,69,91,43,12.2
1995-06-25,7.7,17.3,24.7,21.4,3.62,12.9,62,89,41,12.6
1995-06-26,0.0,18.1,25.8,21.6,2.96,10.2,59,72,45,4.8
1995-06-27,0.0,17.6,29.0,24.0,1.86,8.1,59,91,37,12.3
1995-06-28,0.0,20.6,31.4,26.3,2.19,9.5,47,63,33,14.0
1995-06-29,0.0,20.7,31.0,25.7,2.03,9.8,54,78,34,13.3
1995-06-30,0.0,18.2,31.3,24.9,2.32,11.6,59,94,29,14.0
1995-07-01,0.0,17.3,31.7,24.9,2.06,9.4,57,84,37,14.0
1995-07-02,0.0,19.0,33.8,27.1,2.26,10.6,45,81,23,14.0
1995-07-03,0.0,21.8,31.9,26.9,3.33,10.8,34,50,23,14.0
1995-07-04,0.0,21.4,31.7,26.2,3.03,12.9,39,66,24,14.0
1995-07-05,0.0,18.5,29.2,23.9,2.63,10.9,60,86,34,14.0
1995-07-06,0.0,17.2,29.4,23.6,2.18,10.4,57,91,29,14.0
1995-07-07,0.0,15.9,30.1,23.7,2.66,11.5,47,76,25,14.0
1995-07-08,0.2,19.8,31.8,25.2,3.57,15.0,43,63,23,13.2
1995-07-09,0.0,20.2,33.7,26.2,2.98,11.6,50,70,31,14.0
1995-07-10,0.0,20.5,32.0,26.4,1.85,9.3,51,73,34,14.0
1995-07-11,0.0,20.5,34.3,27.1,2.48,11.6,48,74,24,14.0
1995-07-12,0.0,19.8,33.2,27.0,2.21,11.3,50,77,29,14.0
1995-07-13,0.0,20.3,33.5,26.9,1.8,8.8,56,93,29,14.0
1995-07-14,0.0,20.1,36.3,28.5,2.36,10.1,40,77,18,14.0
1995-07-15,0.0,19.7,36.1,28.3,2.42,10.8,35,58,16,14.0
1995-07-16,0.0,20.3,35.0,27.5,2.14,11.3,46,70,23,14.0
1995-07-17,0.0,18.5,34.1,26.8,2.43,10.3,49,79,24,14.0
1995-07-18,0.0,18.8,34.1,26.8,2.19,10.4,50,81,25,14.0
1995-07-19,0.0,18.6,35.0,27.4,2.1,10.2,47,79,24,14.0
1995-07-20,0.0,19.7,35.1,27.8,1.91,10.2,44,69,23,14.0
1995-07-21,0.0,19.2,35.5,27.7,1.96,10.3,49,81,25,13.9
1995-07-22,0.0,19.9,36.9,28.6,1.83,10.0,47,78,19,13.9
1995-07-23,0.0,21.4,34.0,27.4,2.19,9.8,56,83,30,13.9
1995-07-24,0.0,20.2,34.1,27.3,1.99,9.9,57,89,30,13.9
1995-07-25,0.0,19.3,34.2,27.0,2.23,11.0,57,88,28,13.9
1995-07-26,0.0,19.6,36.9,28.3,1.99,10.2,53,92,20,13.9
1995-07-27,0.0,20.4,34.7,27.9,2.36,11.0,56,82,24,13.9
1995-07-28,0.0,20.6,32.8,26.9,2.05,9.3,68,95,43,13.9
1995-07-29,0.0,21.0,35.0,27.8,1.64,9.4,65,93,38,13.8
1995-07-30,0.0,21.2,32.4,26.5,2.24,10.2,69,97,41,13.3
1995-07-31,0.0,20.5,32.5,26.5,1.96,9.6,65,92,38,13.7
1995-08-01,0.0,21.1,32.5,26.2,2.06,10.1,70,96,39,12.8
1995-08-02,0.0,21.2,33.1,26.6,2.01,9.0,69,97,39,13.3
1995-08-03,0.0,21.4,33.8,27.3,1.73,9.6,67,96,39,13.5
1995-08-04,0.0,19.6,35.7,27.8,1.84,10.7,55,93,18,13.7
1995-08-05,0.0,19.3,36.5,28.4,2.0,10.0,41,77,15,13.7
1995-08-06,0.0,19.5,36.4,28.3,1.93,10.7,47,82,20,13.7
1995-08-07,0.1,21.4,32.4,26.8,2.12,9.5,57,78,39,13.5
1995-08-08,1.0,22.2,30.3,26.1,2.37,10.4,71,90,50,12.8
1995-08-09,0.1,23.4,31.5,26.9,3.74,12.9,66,88,41,12.5
1995-08-10,0.0,23.8,35.8,28.8,2.44,9.0,58,75,35,13.0
1995-08-11,0.0,22.8,35.9,29.1,1.62,10.4,62,93,34,13.3
1995-08-12,0.0,23.5,34.6,28.6,1.96,10.0,59,83,35,13.2
1995-08-13,0.0,21.7,34.1,27.7,2.23,10.4,62,96,31,13.2
1995-08-14,0.0,21.8,32.0,26.6,2.65,11.3,62,84,37,13.0
1995-08-15,0.0,21.5,31.9,26.6,2.47,10.2,60,82,39,13.0
1995-08-16,0.0,20.9,32.0,26.5,1.88,9.6,61,87,37,12.8
1995-08-17,0.0,20.7,39.3,30.2,1.65,9.7,50,90,18,13.1
1995-08-18,0.0,23.6,36.0,29.4,2.73,13.8,38,82,17,13.0
1995-08-19,1.3,22.1,30.7,26.0,2.19,9.6,74,96,48,12.5
1995-08-20,0.0,21.9,31.1,25.7,1.87,9.2,71,94,42,12.4
1995-08-21,0.0,21.0,30.0,25.2,2.16,9.6,70,98,39,11.4
1995-08-22,1.8,20.5,30.0,24.6,2.29,10.1,72,93,47,12.0
1995-08-23,8.4,20.4,26.0,22.8,1.75,10.1,77,91,63,7.8
1995-08-24,0.3,19.4,29.6,24.1,1.68,7.5,69,90,43,12.3
1995-08-25,0.2,18.5,29.2,24.3,1.56,9.3,72,98,47,12.3
1995-08-26,0.0,17.8,31.6,24.7,1.66,9.0,68,97,37,12.4
1995-08-27,0.0,17.5,32.2,25.0,1.76,8.3,59,93,27,12.4
1995-08-28,0.0,17.1,34.4,25.8,1.64,9.8,59,89,28,12.4
1995-08-29,0.7,21.0,27.9,24.3,2.38,9.3,70,91,53,10.6
1995-08-30,0.0,19.8,29.5,24.3,1.82,9.0,66,85,47,11.0
1995-08-31,0.0,21.1,29.6,24.6,1.96,9.3,66,84,46,8.4
1995-09-01,0.0,20.1,30.3,24.6,1.9,9.2,68,91,46,11.4
1995-09-02,0.3,19.8,33.2,26.3,1.32,7.1,63,91,35,11.0
1995-09-03,0.0,20.1,35.2,27.7,2.27,8.3,48,90,19,12.0
1995-09-04,0.6,22.5,30.7,26.2,2.41,10.8,40,47,31,7.7
1995-09-05,0.4,17.8,29.4,24.1,2.49,10.5,42,68,27,12.0
1995-09-06,0.0,17.2,30.5,24.2,2.19,7.8,51,76,30,12.0
1995-09-07,0.0,17.4,32.6,25.6,3.12,12.7,48,76,28,12.0
1995-09-08,0.0,16.7,30.8,24.2,2.56,10.6,41,65,18,12.0
1995-09-09,0.0,15.8,30.0,23.2,2.04,9.1,44,62,26,12.0
1995-09-10,0.0,15.8,30.2,23.0,1.64,9.2,63,91,30,12.0
1995-09-11,0.0,16.6,32.1,24.2,2.06,9.2,57,89,26,12.0
1995-09-12,0.0,16.9,30.8,24.4,1.48,7.9,58,93,29,12.0
1995-09-13,0.0,19.8,29.1,24.2,3.71,11.9,27,39,13,12.0
1995-09-14,0.0,13.4,30.5,22.1,2.28,10.4,31,49,15,12.0
1995-09-15,0.0,14.7,31.6,23.4,1.75,9.6,45,67,20,12.0
1995-09-16,0.1,17.1,28.2,22.2,1.95,9.7,69,94,36,12.0
1995-09-17,0.0,17.0,27.5,22.0,1.7,9.5,70,98,41,12.0
1995-09-18,1.8,17.7,27.2,21.5,1.78,8.4,68,97,40,11.8
1995-09-19,0.0,13.5,26.6,20.9,2.49,9.0,45,74,25,12.0
1995-09-20,0.0,12.7,26.6,20.4,2.14,8.7,42,68,27,11.9
1995-09-21,0.0,13.5,26.7,20.4,2.07,9.9,51,78,29,12.0
1995-09-22,0.4,13.7,25.9,20.1,1.78,8.2,68,96,37,12.0
1995-09-23,2.0,14.9,24.0,19.2,1.63,8.4,73,94,45,11.9
1995-09-24,0.0,12.9,23.9,18.6,1.55,6.9,69,96,38,11.9
1995-09-25,0.0,12.6,27.1,20.3,1.39,11.2,60,96,24,11.4
1995-09-26,0.9,13.1,22.6,17.8,3.16,11.7,47,83,24,11.9
1995-09-27,0.0,11.9,25.8,18.3,1.85,7.4,44,70,28,11.8
1995-09-28,0.0,11.0,30.8,20.9,1.61,6.3,53,90,15,11.8
1995-09-29,0.0,13.4,29.5,21.5,1.76,9.4,57,81,29,11.8
1995-09-30,0.0,13.9,26.9,20.2,1.63,8.0,71,98,36,11.6
1995-10-01,0.0,14.3,28.1,21.3,1.52,8.6,66,96,33,11.7
1995-10-02,0.0,13.0,28.9,21.4,1.42,8.3,66,96,30,11.3
1995-10-03,0.1,17.0,28.3,22.0,1.31,6.2,66,87,37,8.2
1995-10-04,0.3,15.6,29.1,22.5,1.57,9.2,70,98,39,11.4
1995-10-05,0.8,16.0,26.2,20.8,1.23,8.7,77,97,49,11.0
1995-10-06,0.9,16.9,24.4,20.2,1.78,7.7,79,96,57,11.1
1995-10-07,0.0,15.2,25.1,20.1,2.18,8.8,77,95,53,11.0
1995-10-08,1.7,16.6,24.6,20.4,2.55,9.6,78,94,55,10.9
1995-10-09,0.0,15.9,25.8,20.5,1.93,7.0,76,97,44,10.9
1995-10-10,0.0,17.0,24.5,20.4,1.52,7.9,75,96,45,10.0
1995-10-11,0.2,15.8,23.5,19.5,2.29,10.2,77,93,55,8.1
1995-10-12,0.0,14.4,23.7,19.1,2.2,7.0,68,93,41,10.2
1995-10-13,0.0,14.5,23.4,18.8,1.72,6.4,74,91,50,10.6
1995-10-14,0.0,13.9,25.2,19.5,1.13,6.1,76,98,43,9.8
1995-10-15,0.0,13.7,27.1,20.2,1.91,8.0,67,94,28,10.8
1995-10-16,0.0,15.0,24.1,19.1,1.61,7.3,77,100,44,9.9
1995-10-17,0.0,13.3,24.9,18.8,1.76,8.3,73,98,40,10.7
1995-10-18,0.0,11.8,25.9,18.6,1.52,5.4,71,98,32,10.5
1995-10-19,0.0,12.2,24.3,18.6,1.62,8.1,66,92,35,10.6
1995-10-20,0.0,11.1,24.6,17.8,1.78,7.8,67,90,34,10.5
1995-10-21,0.0,12.3,23.1,17.5,1.78,7.7,71,96,38,10.3
1995-10-22,0.0,10.8,22.9,16.9,1.76,7.0,71,95,38,10.3
1995-10-23,0.0,11.4,22.7,17.0,1.86,7.8,77,97,47,10.4
1995-10-24,0.0,13.7,23.1,17.9,1.27,6.7,79,99,49,6.5
1995-10-25,0.0,13.5,25.7,19.3,1.14,6.7,74,98,42,10.1
1995-10-26,0.0,12.4,25.1,18.6,1.38,7.6,74,97,40,9.5
1995-10-27,0.0,13.1,28.6,20.5,1.12,6.5,67,96,34,10.3
1995-10-28,0.0,13.5,29.2,21.2,1.48,7.4,58,84,27,10.2
1995-10-29,0.0,13.6,29.2,21.1,1.82,8.5,52,73,27,10.2
1995-10-30,0.0,12.0,26.4,18.8,1.67,7.0,54,75,29,10.1
1995-10-31,0.0,13.2,23.3,18.2,2.21,10.1,72,89,51,6.9
1995-11-01,0.0,16.8,27.0,20.7,1.48,6.1,68,89,37,10.0
1995-11-02,0.0,14.6,26.7,20.2,3.95,14.6,56,79,34,7.0
1995-11-03,0.0,18.3,26.6,21.6,4.55,14.6,42,56,22,10.1
1995-11-04,0.0,17.3,26.5,20.9,3.82,12.5,42,76,22,10.0
1995-11-05,1.7,13.9,19.8,16.5,1.99,8.0,81,97,60,7.2
1995-11-06,0.3,14.8,18.6,16.6,1.82,7.4,75,86,63,3.8
1995-11-07,0.0,11.3,20.0,15.6,1.02,3.9,68,95,39,7.0
1995-11-08,0.0,7.4,23.6,14.9,1.56,5.9,53,75,18,9.9
1995-11-09,0.1,8.2,20.2,14.2,1.29,5.3,72,90,50,7.2
1995-11-10,1.5,10.3,20.8,14.9,1.54,6.8,80,95,50,9.6
1995-11-11,0.0,10.3,23.4,17.0,2.36,12.8,74,100,39,9.9
1995-11-12,0.8,12.9,21.2,16.6,2.19,10.0,62,90,36,6.2
1995-11-13,0.0,7.0,19.9,13.3,3.08,11.5,57,88,30,9.8
1995-11-14,0.0,9.1,21.2,14.4,2.48,8.9,55,75,33,9.8
1995-11-15,0.0,8.0,21.8,14.6,1.45,6.7,70,91,43,8.0
1995-11-16,0.3,10.5,25.1,17.3,1.44,9.2,67,95,32,9.8
1995-11-17,0.0,13.2,27.3,20.1,2.27,10.5,58,80,39,9.4
1995-11-18,0.0,13.7,27.3,20.1,2.16,8.6,63,89,36,6.1
1995-11-19,0.0,14.1,25.3,19.5,1.91,8.3,67,92,40,9.6
1995-11-20,0.0,10.7,25.4,17.9,1.41,4.4,67,94,37,8.9
1995-11-21,0.0,12.4,26.4,18.0,1.84,8.0,70,96,34,9.7
1995-11-22,0.0,14.1,20.4,16.7,4.11,14.0,58,99,35,9.7
1995-11-23,0.0,13.2,19.1,15.8,3.09,10.6,51,60,38,9.5
1995-11-24,0.0,6.5,19.0,13.0,1.51,6.0,66,90,36,9.7
1995-11-25,1.3,11.3,17.0,13.7,1.68,9.4,79,95,57,6.8
1995-11-26,1.0,6.6,16.7,11.4,2.7,10.4,67,96,32,9.7
1995-11-27,0.0,3.1,16.7,9.8,1.92,6.3,60,85,34,9.7
1995-11-28,0.0,3.0,16.7,9.6,1.69,6.5,72,92,40,9.6
1995-11-29,0.4,8.4,17.8,12.3,2.51,10.0,77,91,51,8.4
1995-11-30,0.0,6.9,18.0,12.3,1.39,4.7,78,97,52,8.6
1995-12-01,0.0,7.1,18.2,12.5,2.18,8.8,73,94,45,8.8
1995-12-02,0.0,7.8,17.6,12.3,1.85,7.8,72,88,49,7.9
1995-12-03,0.0,6.1,20.0,12.6,3.37,14.4,64,92,38,8.5
1995-12-04,0.0,9.6,20.0,13.7,3.36,11.7,56,75,35,9.5
1995-12-05,0.6,9.0,15.3,11.5,4.19,14.4,55,66,40,7.5
1995-12-06,0.0,3.0,14.7,9.6,1.57,7.0,64,89,41,9.0
1995-12-07,1.5,7.3,14.3,11.0,1.04,7.5,84,95,74,0.7
1995-12-08,0.0,4.0,15.1,9.5,1.27,4.9,81,99,53,8.9
1995-12-09,7.1,8.4,14.8,11.1,1.63,9.2,88,97,76,7.5
1995-12-10,7.7,10.4,15.2,12.1,2.81,9.4,91,97,81,5.4
1995-12-11,7.3,10.8,15.7,12.9,2.95,10.5,89,96,78,3.5
1995-12-12,0.9,8.0,16.2,12.0,1.83,7.8,80,96,51,8.7
1995-12-13,0.0,4.6,17.8,9.9,2.28,9.1,72,92,39,9.4
1995-12-14,1.2,4.8,9.9,7.7,2.11,5.9,74,91,56,3.6
1995-12-15,13.3,7.2,13.1,9.7,1.95,8.9,90,96,82,3.6
1995-12-16,1.3,7.0,16.6,11.4,1.22,10.8,84,99,56,8.8
1995-12-17,0.0,4.3,17.0,9.9,1.46,5.9,78,96,49,9.4
1995-12-18,0.0,2.8,15.9,8.6,1.5,4.7,78,93,51,9.2
1995-12-19,1.5,4.2,15.4,9.4,1.24,4.7,85,96,63,7.3
1995-12-20,0.0,6.2,19.0,11.6,1.66,5.9,85,96,61,8.8
1995-12-21,0.0,7.4,18.4,12.2,1.26,3.9,87,98,64,9.3
1995-12-22,0.0,6.8,20.1,12.4,1.65,6.2,82,99,51,7.7
1995-12-23,5.0,12.3,17.2,14.6,1.79,8.4,86,96,78,0.7
1995-12-24,0.0,9.8,21.7,15.0,1.9,8.2,81,96,56,9.1
1995-12-25,1.1,11.9,20.3,15.6,2.5,7.3,77,87,62,8.7
1995-12-26,0.0,14.0,20.9,16.7,3.56,14.7,66,85,44,9.0
1995-12-27,1.7,8.8,16.1,12.7,1.55,14.7,76,97,53,2.9
1995-12-28,0.0,6.0,18.8,10.9,2.05,7.8,79,98,45,9.4
1995-12-29,5.9,6.4,13.3,9.4,1.58,7.5,87,94,71,0.0
1995-12-30,0.0,9.4,19.2,13.6,1.95,9.1,89,95,74,4.0
1995-12-31,0.0,9.5,20.0,14.5,2.62,12.4,74,93,48,9.3
1996-01-01,0.0,10.3,21.7,15.3,1.93,13.2,66,87,40,9.2
1996-01-02,0.0,6.4,18.5,12.2,1.78,8.3,71,92,42,9.3
1996-01-03,0.7,7.4,18.9,11.8,1.74,5.9,79,91,53,8.9
1996-01-04,0.0,5.7,16.8,11.0,1.15,3.3,85,97,64,5.9
1996-01-05,2.7,9.5,17.4,13.0,1.53,6.6,84,94,63,6.5
1996-01-06,0.1,8.6,20.7,13.7,1.41,7.7,84,94,66,8.5
1996-01-07,0.1,9.6,18.4,13.9,2.76,14.2,73,94,39,9.4
1996-01-08,0.0,4.1,17.0,10.5,1.26,4.2,79,94,58,9.0
1996-01-09,6.8,6.8,14.3,10.9,1.27,8.5,92,99,80,4.1
1996-01-10,0.0,5.6,15.2,9.7,2.87,10.6,73,96,43,9.5
1996-01-11,0.0,6.4,15.5,10.5,1.44,7.9,76,87,63,7.0
1996-01-12,0.2,6.5,14.4,10.7,3.56,15.1,73,96,47,9.2
1996-01-13,0.0,6.5,15.2,10.6,4.31,13.0,58,75,40,9.6
1996-01-14,0.0,2.7,14.0,7.8,1.76,8.0,79,92,56,7.2
1996-01-15,0.2,8.1,16.9,12.4,2.45,8.9,84,96,59,8.6
1996-01-16,0.1,7.2,16.8,11.7,2.76,10.9,88,97,65,7.1
1996-01-17,3.4,11.7,14.7,12.9,4.37,13.6,86,96,72,5.1
1996-01-18,9.8,9.8,14.4,11.7,2.39,9.3,89,95,82,7.8
1996-01-19,1.9,9.3,13.9,11.0,1.66,5.9,86,96,67,9.0
1996-01-20,2.1,6.3,13.8,9.8,1.04,6.1,89,100,75,8.8
1996-01-21,0.4,7.5,15.7,11.6,2.44,12.5,81,93,63,3.9
1996-01-22,0.6,9.0,15.0,12.1,1.64,6.2,85,93,71,2.7
1996-01-23,1.4,9.9,15.6,12.5,2.87,12.5,81,94,61,8.2
1996-01-24,0.0,6.2,15.9,11.2,2.8,11.3,67,90,34,9.7
1996-01-25,0.0,3.9,14.9,8.7,2.65,10.6,69,86,42,9.7
1996-01-26,0.0,1.6,14.4,8.0,1.73,7.0,76,93,48,9.2
1996-01-27,0.6,6.5,15.3,10.6,1.84,8.1,86,98,63,7.8
1996-01-28,0.2,4.6,16.5,10.5,1.68,7.0,85,98,59,9.5
1996-01-29,1.2,4.3,15.7,10.5,1.49,6.6,80,100,53,9.7
1996-01-30,0.0,5.9,16.4,10.5,2.62,10.3,69,86,44,9.7
1996-01-31,2.7,4.5,13.9,9.1,1.62,5.5,85,96,68,5.1
1996-02-01,4.6,9.1,14.8,11.6,1.91,9.2,85,98,63,5.7
1996-02-02,0.0,3.4,17.4,9.9,2.49,9.2,70,88,38,9.9
1996-02-03,0.7,2.3,16.3,8.9,1.55,5.6,74,93,43,9.8
1996-02-04,0.0,4.2,16.2,9.7,2.91,9.6,67,93,36,9.9
1996-02-05,0.0,6.4,15.0,10.2,3.47,11.9,59,76,39,10.0
1996-02-06,0.9,9.8,19.6,15.2,6.15,22.4,55,75,41,10.0
1996-02-07,0.0,6.5,18.5,13.3,4.55,17.3,55,81,42,10.1
1996-02-08,0.0,10.9,17.0,13.6,5.08,16.6,41,51,29,9.9
1996-02-09,0.0,4.5,14.9,9.8,1.52,6.2,69,87,52,6.5
1996-02-10,0.0,4.4,17.2,10.8,1.76,7.4,73,97,40,9.4
1996-02-11,0.4,7.0,16.1,11.0,3.27,11.8,61,96,31,10.4
1996-02-12,0.0,3.5,17.4,10.5,2.3,7.4,52,78,31,10.5
1996-02-13,0.0,7.2,18.8,12.9,3.21,10.8,61,87,39,10.3
1996-02-14,11.9,6.8,14.9,9.6,2.22,9.0,82,91,63,3.4
1996-02-15,10.8,6.7,10.2,8.5,4.0,12.0,77,93,61,1.4
1996-02-16,0.0,3.1,13.0,8.1,1.84,7.0,65,85,41,10.7
1996-02-17,0.0,1.3,17.6,8.5,1.87,4.7,65,84,36,10.7
1996-02-18,0.0,2.2,18.5,10.0,1.87,7.6,73,93,41,10.7
1996-02-19,0.0,5.7,16.3,10.6,3.07,13.2,65,88,39,10.7
1996-02-20,0.0,6.1,11.6,8.4,4.54,14.2,49,70,26,10.7
1996-02-21,0.0,3.2,10.7,6.7,5.17,14.6,37,47,25,10.7
1996-02-22,0.0,2.6,11.4,6.6,5.11,15.1,39,47,26,10.8
1996-02-23,0.0,1.5,13.8,7.2,2.24,7.4,46,64,31,10.8
1996-02-24,0.0,-0.7,15.1,7.1,1.78,6.6,61,89,30,10.8
1996-02-25,0.0,-0.9,14.9,7.5,1.43,5.3,66,91,37,10.1
1996-02-26,2.4,1.1,14.4,8.1,1.92,10.3,75,98,48,7.6
1996-02-27,2.5,5.5,10.5,7.9,5.25,16.5,59,72,49,8.2
1996-02-28,0.0,5.4,17.0,10.6,2.35,9.0,57,79,33,10.9
1996-02-29,0.0,3.0,15.6,9.8,1.47,6.9,73,96,46,9.8
1996-03-01,0.0,4.3,17.1,10.7,1.35,5.1,72,99,36,10.9
1996-03-02,0.0,4.7,17.1,10.3,2.44,10.5,62,88,32,9.4
1996-03-03,0.3,4.1,15.2,10.1,1.72,7.1,75,96,47,10.8
1996-03-04,0.1,6.9,14.2,10.2,2.14,8.4,77,94,50,10.4
1996-03-05,0.0,5.6,13.4,9.5,2.27,10.0,75,97,52,7.6
1996-03-06,0.4,9.4,14.2,11.2,3.3,11.3,63,78,47,10.2
1996-03-07,0.0,9.2,13.3,10.8,2.58,8.1,66,76,52,4.4
1996-03-08,1.7,9.0,13.8,11.1,2.79,11.1,75,85,64,4.6
1996-03-09,2.1,7.9,12.6,10.0,2.07,7.4,77,88,63,0.0
1996-03-10,2.4,7.6,13.1,10.4,2.19,7.9,81,88,66,4.4
1996-03-11,0.4,6.0,16.0,10.5,1.77,8.4,77,97,45,11.0
1996-03-12,0.0,4.2,15.0,9.5,1.74,6.7,76,99,44,11.0
1996-03-13,2.3,3.0,15.6,9.9,1.84,10.0,78,98,51,6.3
1996-03-14,2.3,1.2,16.1,8.8,1.99,8.8,72,98,38,11.6
1996-03-15,0.1,6.5,16.0,10.8,4.28,15.8,53,76,31,11.6
1996-03-16,0.0,7.3,15.8,10.9,4.57,14.9,44,68,22,11.7
1996-03-17,0.0,3.8,17.8,10.9,2.12,8.3,41,63,22,11.7
1996-03-18,0.0,2.0,18.5,10.7,2.04,8.5,58,88,29,11.7
1996-03-19,0.3,4.1,18.9,12.3,1.45,8.5,64,90,37,11.7
1996-03-20,0.0,5.5,20.6,13.1,1.72,8.7,70,95,40,11.6
1996-03-21,0.0,6.1,22.1,14.0,1.76,7.7,66,95,35,11.7
1996-03-22,0.0,5.3,21.6,14.2,2.07,9.9,61,93,33,11.8
1996-03-23,0.0,7.7,23.4,15.3,1.96,8.6,59,80,35,11.9
1996-03-24,0.2,8.9,22.6,15.7,1.86,9.2,66,93,38,9.8
1996-03-25,0.6,11.5,23.7,17.1,0.99,6.2,73,94,46,6.2
1996-03-26,0.9,12.8,22.9,17.7,2.94,10.4,64,95,32,11.7
1996-03-27,0.0,13.2,23.8,18.0,3.92,12.3,46,66,27,12.0
1996-03-28,0.0,13.3,25.3,18.8,3.49,12.1,44,64,24,12.0
1996-03-29,0.0,9.2,25.3,17.5,2.19,9.6,50,80,28,12.0
1996-03-30,0.1,8.6,22.9,17.0,3.57,18.9,59,92,32,12.0
1996-03-31,0.0,14.3,24.8,18.7,3.19,11.2,47,63,26,12.0
1996-04-01,1.6,10.7,23.7,16.8,4.02,17.3,52,81,29,11.5
1996-04-02,0.0,11.5,20.9,16.5,4.54,14.8,44,67,27,12.0
1996-04-03,0.0,11.0,21.4,15.7,3.38,12.7,34,58,9,12.1
1996-04-04,0.0,6.8,17.9,12.4,2.44,9.2,49,68,36,12.0
1996-04-05,1.2,5.7,13.7,10.3,1.26,5.9,68,89,50,0.6
1996-04-06,0.7,6.6,19.7,13.4,1.26,9.2,71,94,45,11.0
1996-04-07,3.1,11.8,21.7,16.0,1.63,9.2,68,94,37,10.1
1996-04-08,0.8,9.9,19.8,15.4,1.93,9.6,67,91,48,12.2
1996-04-09,0.0,6.7,22.7,15.3,1.85,9.4,63,93,34,12.1
1996-04-10,0.0,8.2,25.8,17.2,1.96,9.0,59,91,27,12.1
1996-04-11,0.0,10.0,26.3,18.5,1.73,9.2,53,88,20,12.2
1996-04-12,0.0,8.9,27.2,18.6,1.71,9.1,48,80,22,12.2
1996-04-13,0.0,10.2,28.1,19.9,1.53,7.2,52,89,23,12.4
1996-04-14,0.0,11.3,26.2,18.8,2.1,10.5,51,76,32,12.4
1996-04-15,0.0,13.3,22.5,17.3,2.43,10.4,63,84,40,12.4
1996-04-16,0.1,11.6,21.8,16.2,2.06,10.3,68,93,37,11.4
1996-04-17,0.0,11.5,25.3,18.5,3.67,14.7,48,92,16,12.8
1996-04-18,0.0,10.2,21.9,16.3,2.16,10.2,65,99,35,12.7
1996-04-19,0.0,9.2,20.4,14.6,2.87,12.2,66,90,36,12.2
1996-04-20,0.0,9.8,23.8,16.6,2.35,8.6,62,88,37,10.6
1996-04-21,0.0,10.2,23.7,17.2,1.76,9.0,68,94,41,12.3
1996-04-22,0.3,13.6,24.3,18.4,1.79,14.2,72,97,46,10.0
1996-04-23,0.0,11.7,23.8,17.4,1.9,9.5,50,76,21,12.6
1996-04-24,0.0,9.9,22.4,16.9,2.88,11.9,51,83,26,9.6
1996-04-25,0.0,9.4,23.9,16.4,2.29,12.1,48,74,21,12.9
1996-04-26,0.1,7.3,22.5,15.6,1.94,10.2,54,88,26,13.2
1996-04-27,0.5,11.0,22.6,16.2,1.93,10.4,64,89,36,13.5
1996-04-28,0.2,12.0,22.3,16.6,1.79,9.1,63,87,38,12.2
1996-04-29,0.2,10.5,24.2,17.9,2.33,8.4,59,94,33,11.4
1996-04-30,4.0,13.6,24.0,18.5,2.66,9.5,56,75,34,12.4
1996-05-01,0.0,10.4,23.2,17.6,2.7,11.0,48,77,27,12.1
1996-05-02,0.0,10.7,23.5,17.8,3.41,13.8,50,85,24,13.1
1996-05-03,7.0,12.4,17.8,15.4,1.58,8.9,72,97,57,0.0
1996-05-04,7.5,11.6,22.6,16.5,1.59,8.8,82,100,54,12.7
1996-05-05,1.1,14.4,20.7,17.2,1.87,9.2,80,98,59,11.9
1996-05-06,0.3,13.8,23.1,17.7,2.53,12.6,78,99,50,11.8
1996-05-07,1.1,10.5,21.0,16.4,2.04,10.3,76,98,56,12.1
1996-05-08,0.0,9.2,24.0,17.3,1.72,7.3,64,93,35,13.9
1996-05-09,0.3,11.5,23.4,18.1,1.8,7.8,61,91,35,13.9
1996-05-10,2.2,13.2,22.7,18.0,2.65,11.0,59,83,36,13.0
1996-05-11,0.1,10.5,21.6,16.5,2.95,12.0,49,80,24,14.0
1996-05-12,0.1,12.3,23.5,17.6,4.71,14.8,39,60,20,14.0
1996-05-13,0.0,11.4,25.4,18.4,2.65,9.3,36,54,21,14.0
1996-05-14,0.3,12.9,18.9,15.8,1.65,6.3,62,80,42,1.7
1996-05-15,0.0,9.2,24.9,17.7,1.92,9.6,58,93,32,14.0
1996-05-16,0.0,10.1,27.4,19.2,1.65,9.9,55,87,30,14.0
1996-05-17,0.0,12.0,28.3,21.3,2.54,13.7,54,91,32,14.0
1996-05-18,0.0,14.2,27.2,21.9,2.74,11.8,42,72,25,14.0
1996-05-19,3.0,12.4,23.1,18.8,2.92,11.4,43,76,22,14.0
1996-05-20,0.0,10.7,25.2,18.2,2.92,11.3,42,73,22,14.0
1996-05-21,0.0,10.9,25.7,19.0,1.95,10.4,48,81,26,14.0
1996-05-22,0.0,13.7,25.0,19.1,2.06,10.5,49,71,27,14.0
1996-05-23,0.0,10.8,25.8,19.1,1.98,10.6,48,83,22,14.0
1996-05-24,0.0,9.9,27.4,19.5,1.77,9.6,46,85,14,14.0
1996-05-25,0.0,11.2,31.6,21.9,1.88,9.9,44,78,18,14.0
1996-05-26,0.0,14.1,30.8,23.1,2.45,11.7,43,66,23,14.0
1996-05-27,0.0,14.3,33.3,24.9,1.73,9.1,41,78,18,14.0
1996-05-28,0.0,17.3,29.1,23.8,2.53,9.8,43,62,31,14.0
1996-05-29,0.0,17.4,28.5,22.7,2.05,11.1,53,84,27,14.0
1996-05-30,0.0,13.5,29.9,22.4,2.02,10.6,44,75,21,14.0
1996-05-31,0.0,15.1,29.2,22.0,2.03,10.1,47,69,25,14.0
1996-06-01,0.0,15.0,26.4,20.5,2.27,9.8,60,86,32,14.0
1996-06-02,0.5,16.3,25.9,20.7,1.7,9.0,68,94,43,13.0
1996-06-03,0.1,14.8,26.9,20.6,2.56,12.3,56,92,20,14.0
1996-06-04,0.0,12.3,26.8,20.5,2.25,10.9,53,89,27,14.0
1996-06-05,0.0,13.0,28.8,21.8,2.22,10.0,50,84,28,14.0
1996-06-06,0.0,14.1,29.4,22.9,2.24,10.5,48,76,31,14.0
1996-06-07,0.0,15.3,27.9,22.1,2.51,10.5,57,82,36,13.5
1996-06-08,0.0,15.2,29.1,22.5,2.37,10.3,63,95,35,14.0
1996-06-09,0.0,15.8,29.7,22.9,2.2,10.6,63,95,33,14.0
1996-06-10,0.0,15.7,29.9,23.1,2.11,10.4,58,91,31,13.9
1996-06-11,0.0,15.8,30.5,23.6,2.39,10.9,56,91,29,14.0
1996-06-12,0.0,15.2,31.2,24.3,2.65,11.6,49,83,25,14.0
1996-06-13,0.0,15.2,32.2,24.7,2.41,11.3,43,80,18,14.0
1996-06-14,0.0,16.7,32.3,25.6,2.25,11.3,40,58,28,14.0
1996-06-15,0.0,17.4,31.9,25.4,2.09,10.1,53,85,31,14.0
1996-06-16,0.0,18.8,30.6,24.7,2.04,9.5,61,85,41,14.0
1996-06-17,0.1,20.1,29.7,24.6,2.06,10.4,60,84,41,13.3
1996-06-18,0.0,18.5,31.6,24.9,1.84,10.6,58,92,30,14.0
1996-06-19,0.0,17.9,34.7,26.6,2.03,11.8,47,89,16,14.0
1996-06-20,0.0,17.8,34.9,27.3,1.9,11.2,44,79,21,14.0
1996-06-21,0.0,19.4,33.9,27.3,3.31,13.2,35,61,17,14.0
1996-06-22,0.0,19.7,32.0,25.9,2.71,10.0,28,55,16,14.0
1996-06-23,0.3,17.6,27.1,22.7,2.2,9.5,65,95,39,14.0
1996-06-24,0.0,17.1,25.7,21.2,2.9,12.2,60,89,34,14.0
1996-06-25,0.0,14.0,27.3,20.7,2.18,11.9,54,84,26,14.0
1996-06-26,0.0,14.1,28.1,21.5,2.11,11.5,56,86,30,14.0
1996-06-27,0.0,14.9,28.3,22.0,2.67,10.7,57,89,30,14.0
1996-06-28,0.0,14.0,30.0,22.7,2.05,9.4,51,84,27,14.0
1996-06-29,0.0,15.2,33.7,25.0,1.93,9.7,44,81,18,14.0
1996-06-30,0.0,19.6,32.4,25.7,2.19,10.5,42,62,23,14.0
1996-07-01,0.0,18.0,33.8,26.2,1.78,9.9,47,73,23,14.0
1996-07-02,0.2,18.6,31.4,24.8,2.66,10.6,66,93,40,14.0
1996-07-03,0.5,20.4,31.2,24.8,2.26,10.6,68,86,40,11.6
1996-07-04,0.0,18.9,33.6,26.3,1.92,9.7,66,98,35,14.0
1996-07-05,0.0,19.5,36.2,28.5,1.98,10.9,53,94,24,14.0
1996-07-06,0.0,23.7,35.1,29.0,2.74,11.9,36,54,24,14.0
1996-07-07,0.0,18.5,35.0,27.5,2.92,13.7,40,65,20,14.0
1996-07-08,0.0,20.9,30.0,25.0,2.71,12.7,29,45,14,14.0
1996-07-09,0.0,14.8,28.0,22.2,2.76,10.4,50,65,36,14.0
1996-07-10,0.0,17.0,28.4,22.9,2.68,11.5,58,89,31,14.0
1996-07-11,0.0,17.2,29.0,23.1,2.21,11.1,58,80,36,14.0
1996-07-12,0.0,17.5,29.3,23.5,2.09,10.2,59,91,33,14.0
1996-07-13,0.0,16.5,29.9,23.7,2.11,10.7,50,81,29,13.5
1996-07-14,0.4,18.4,28.9,23.9,2.91,12.4,53,74,40,13.1
1996-07-15,0.0,16.4,30.9,24.2,3.01,12.2,50,81,26,14.0
1996-07-16,0.0,15.3,31.5,24.4,2.56,11.2,50,83,25,14.0
1996-07-17,0.2,17.1,31.4,24.7,2.03,9.8,53,80,29,14.0
1996-07-18,0.0,18.4,34.4,26.8,2.0,10.6,53,92,25,14.0
1996-07-19,0.0,20.8,35.5,28.3,1.82,10.2,43,64,25,14.0
1996-07-20,0.0,21.5,35.8,28.3,1.82,9.5,46,70,25,14.0
1996-07-21,0.0,20.8,33.1,26.7,2.28,11.0,50,80,25,13.9
1996-07-22,0.0,19.5,33.5,26.3,2.05,9.7,52,76,29,13.9
1996-07-23,0.0,17.9,35.2,26.9,2.08,10.4,56,92,27,13.9
1996-07-24,0.0,19.6,38.4,29.7,1.66,8.2,47,84,19,13.8
1996-07-25,0.0,22.0,36.5,29.6,2.36,12.2,48,78,22,13.9
1996-07-26,0.0,21.6,33.7,27.7,1.69,9.1,58,94,30,13.8
1996-07-27,1.0,22.8,32.2,27.1,2.26,11.6,44,73,25,13.2
1996-07-28,0.0,20.5,30.9,25.8,2.37,11.5,63,91,41,13.6
1996-07-29,0.0,19.3,31.7,25.6,2.11,9.2,62,91,36,13.7
1996-07-30,0.0,20.3,33.4,26.2,1.81,10.5,63,91,36,13.8
1996-07-31,0.0,20.8,31.4,25.6,2.14,10.3,64,85,41,13.6
1996-08-01,0.0,20.2,32.0,25.7,2.19,10.2,67,96,37,13.2
1996-08-02,0.0,20.0,32.4,25.9,1.95,9.6,66,96,37,13.6
1996-08-03,0.0,19.7,31.7,25.3,2.22,10.6,67,94,39,13.6
1996-08-04,0.0,19.7,31.7,25.4,1.84,9.7,64,93,36,13.5
1996-08-05,0.0,19.8,35.0,27.4,1.72,10.7,59,93,29,13.5
1996-08-06,0.0,19.7,35.8,28.2,1.79,9.3,49,78,22,13.4
1996-08-07,0.0,20.8,33.1,26.5,2.05,10.3,62,91,35,13.4
1996-08-08,0.0,19.9,35.3,27.4,2.24,10.8,52,80,23,13.4
1996-08-09,0.0,21.2,33.8,26.9,2.11,10.7,64,95,30,13.3
1996-08-10,0.0,19.7,35.1,27.6,1.93,10.5,61,98,28,13.3
1996-08-11,0.0,21.2,37.3,28.5,2.48,12.0,43,80,16,13.4
1996-08-12,0.2,21.0,32.5,26.3,2.35,10.2,71,97,41,13.1
1996-08-13,0.1,22.0,30.9,25.9,2.42,10.2,72,96,45,12.4
1996-08-14,0.1,22.0,30.9,25.8,2.55,10.0,67,91,41,12.9
1996-08-15,0.0,21.1,30.6,25.6,2.79,12.1,64,91,40,12.9
1996-08-16,0.0,21.5,30.8,25.8,1.73,8.9,57,75,35,12.6
1996-08-17,0.0,19.9,32.7,26.4,1.77,9.5,63,92,37,13.0
1996-08-18,0.0,19.0,32.7,26.0,1.99,11.2,62,94,32,13.0
1996-08-19,0.0,19.6,32.5,25.6,1.76,9.2,66,97,36,12.9
1996-08-20,0.0,18.8,31.6,25.3,1.76,8.9,62,93,32,12.7
1996-08-21,0.0,18.8,33.5,26.1,1.78,10.2,58,94,26,12.8
1996-08-22,0.0,17.4,33.7,26.0,2.0,10.9,43,67,20,12.8
1996-08-23,0.0,18.1,35.8,27.2,2.23,11.5,39,70,17,12.8
1996-08-24,0.0,22.5,34.4,27.2,2.8,10.8,41,74,18,12.5
1996-08-25,0.0,21.0,29.8,25.2,2.82,10.8,68,92,43,12.0
1996-08-26,0.0,19.8,33.0,26.0,2.09,8.7,62,95,26,12.3
1996-08-27,0.0,20.3,31.9,25.8,1.88,9.5,67,90,40,12.2
1996-08-28,3.5,21.9,28.5,24.3,2.33,10.2,77,92,52,11.4
1996-08-29,6.3,20.4,26.3,22.6,2.55,9.6,81,95,65,10.0
1996-08-30,2.6,19.6,26.8,22.5,2.61,9.9,66,86,42,12.0
1996-08-31,0.0,18.2,25.4,21.9,2.94,10.6,64,84,44,12.1
1996-09-01,1.4,16.2,25.6,21.1,2.75,11.3,65,86,44,10.7
1996-09-02,0.9,18.0,26.7,21.7,2.03,7.9,69,92,44,12.0
1996-09-03,0.0,16.6,26.6,21.5,2.08,10.7,70,91,44,11.9
1996-09-04,0.6,18.2,26.6,22.0,1.94,8.0,73,91,50,11.7
1996-09-05,0.0,16.8,29.7,23.5,1.57,7.6,67,97,33,11.1
1996-09-06,0.0,18.7,31.9,25.1,2.16,7.3,50,78,23,11.8
1996-09-07,0.0,16.7,33.2,25.4,1.7,6.0,46,80,19,8.5
1996-09-08,13.8,18.5,28.9,23.6,1.56,8.3,58,91,39,10.7
1996-09-09,10.6,17.0,23.8,19.4,1.97,10.8,80,94,58,10.9
1996-09-10,1.0,17.0,22.7,19.6,3.31,11.4,70,83,51,5.7
1996-09-11,48.6,16.8,19.5,18.1,2.79,13.4,87,94,74,6.9
1996-09-12,29.5,16.0,23.4,19.0,3.02,10.3,71,90,49,8.2
1996-09-13,0.0,14.3,26.5,20.3,2.05,6.7,68,88,45,11.8
1996-09-14,0.4,14.7,25.8,20.2,1.8,6.8,78,95,51,11.7
1996-09-15,1.0,16.3,24.9,20.6,1.19,5.3,82,98,59,12.0
1996-09-16,0.0,15.3,25.6,20.6,1.46,7.4,82,100,56,12.0
1996-09-17,2.0,17.6,25.5,20.9,2.2,7.9,65,95,45,10.3
1996-09-18,0.2,15.5,25.6,20.1,2.52,8.5,59,79,50,11.6
1996-09-19,0.0,13.1,24.0,18.7,3.31,13.3,60,84,37,12.0
1996-09-20,3.9,12.2,24.8,18.8,1.83,9.6,73,93,50,9.1
1996-09-21,0.0,12.1,25.3,18.8,2.86,11.7,70,97,40,12.0
1996-09-22,0.0,15.7,24.3,19.6,3.62,13.0,53,70,34,11.7
1996-09-23,0.0,11.9,25.2,18.8,2.25,7.9,60,84,39,11.9
1996-09-24,0.0,13.4,26.6,19.6,1.96,7.4,67,85,41,11.9
1996-09-25,0.0,12.5,26.2,19.4,1.4,5.5,67,93,39,11.0
1996-09-26,0.0,12.8,25.2,19.3,1.88,7.2,61,86,40,11.8
1996-09-27,0.0,11.9,27.6,19.7,1.25,5.2,70,97,36,11.8
1996-09-28,0.0,13.6,27.6,20.7,1.54,7.7,69,94,42,11.8
1996-09-29,0.0,13.3,27.1,20.4,1.41,7.8,69,95,43,11.7
1996-09-30,0.0,13.0,26.1,19.6,1.53,8.8,78,100,48,11.7
1996-10-01,0.0,13.3,29.0,21.3,1.51,8.9,66,98,35,11.5
1996-10-02,0.0,17.0,26.4,21.1,2.59,9.4,44,78,19,11.6
1996-10-03,0.0,12.9,23.5,18.1,2.5,9.6,46,68,29,11.6
1996-10-04,0.0,10.5,24.0,17.6,1.54,8.1,64,94,33,11.5
1996-10-05,2.9,10.9,23.4,17.2,1.47,8.1,68,90,44,11.2
1996-10-06,2.1,11.8,19.2,15.6,3.62,15.2,53,95,23,11.0
1996-10-07,0.0,9.8,21.5,14.6,3.39,12.9,45,67,25,11.1
1996-10-08,0.0,11.3,23.7,16.3,2.99,12.0,44,61,25,11.2
1996-10-09,0.0,11.0,23.4,16.6,2.2,8.9,53,74,32,11.1
1996-10-10,0.0,9.1,23.1,16.5,1.54,7.2,73,96,45,10.9
1996-10-11,0.0,11.9,22.9,17.1,1.39,7.7,77,100,48,10.3
1996-10-12,0.0,11.7,22.2,16.8,1.72,8.6,78,100,48,9.8
1996-10-13,4.1,13.1,20.7,16.5,2.34,10.4,79,96,55,7.8
1996-10-14,10.5,14.8,18.3,16.3,2.64,12.0,82,94,57,0.4
1996-10-15,0.0,14.9,22.0,17.8,4.99,14.8,48,63,31,10.8
1996-10-16,0.0,12.7,19.5,15.7,2.23,6.9,59,65,46,1.1
1996-10-17,0.0,10.0,23.2,16.2,1.66,5.4,68,87,44,10.0
1996-10-18,0.0,13.0,26.9,19.4,1.82,7.4,72,94,44,10.4
1996-10-19,0.0,14.2,26.9,19.8,1.78,6.0,71,88,42,10.3
1996-10-20,0.0,13.8,25.0,19.2,1.23,5.5,77,93,52,10.4
1996-10-21,0.0,12.2,25.5,18.7,1.14,6.1,77,100,43,10.3
1996-10-22,0.0,10.7,26.9,18.5,1.18,4.3,70,95,38,10.5
1996-10-23,0.0,12.3,28.1,19.0,1.77,6.0,70,93,33,10.5
1996-10-24,0.0,13.5,23.4,17.9,1.36,6.9,82,96,57,10.2
1996-10-25,0.0,12.7,22.5,17.5,1.0,5.0,85,100,63,8.2
1996-10-26,0.0,15.7,22.4,18.3,0.98,5.6,82,97,58,10.0
1996-10-27,0.0,13.6,24.9,18.7,1.1,5.6,81,100,49,10.1
1996-10-28,0.0,11.6,25.4,18.1,1.3,6.6,78,100,43,10.1
1996-10-29,0.0,10.9,26.7,18.3,1.52,6.2,66,95,30,10.2
1996-10-30,0.2,15.3,20.1,18.1,2.29,8.5,66,83,51,9.9
1996-10-31,0.0,11.0,21.8,16.0,1.19,5.1,76,95,46,10.0
1996-11-01,0.0,8.1,23.4,15.5,1.34,4.8,70,99,29,10.1
1996-11-02,0.0,6.5,22.8,14.5,1.18,5.5,66,91,30,10.1
1996-11-03,0.0,7.5,22.2,14.8,1.11,6.1,72,93,42,10.1
1996-11-04,0.0,7.5,23.3,14.9,1.37,6.2,78,99,41,10.0
1996-11-05,0.4,10.3,21.9,15.6,2.29,11.7,67,93,41,10.0
1996-11-06,0.0,8.5,20.7,15.1,1.26,4.3,70,95,42,9.9
1996-11-07,0.0,7.2,21.9,14.7,1.27,5.6,71,97,38,9.9
1996-11-08,0.0,6.9,22.0,14.1,1.66,7.2,69,89,37,9.9
1996-11-09,0.0,9.1,20.4,14.7,1.51,6.2,79,98,49,9.6
1996-11-10,0.0,8.0,20.4,14.1,1.39,7.9,83,100,54,9.9
1996-11-11,0.5,9.7,20.9,14.9,4.35,17.5,79,98,50,9.1
1996-11-12,1.9,14.2,19.9,17.3,4.41,16.2,75,91,61,6.8
1996-11-13,3.4,10.1,17.6,14.1,1.23,6.4,86,97,68,5.9
1996-11-14,3.7,9.5,16.7,13.3,1.34,5.6,86,98,71,8.8
1996-11-15,6.1,7.5,17.9,12.4,1.12,4.5,83,99,51,8.8
1996-11-16,27.5,8.9,11.8,10.1,1.9,7.6,93,96,88,0.0
1996-11-17,0.3,6.1,12.4,9.2,4.55,16.1,59,94,44,9.8
1996-11-18,0.0,7.1,14.2,10.3,3.38,12.4,57,71,44,9.8
1996-11-19,0.0,4.7,16.8,10.0,2.35,6.9,61,82,38,9.8
1996-11-20,0.0,10.5,19.1,14.4,2.8,10.3,63,82,47,9.8
1996-11-21,0.0,6.8,20.0,13.2,2.92,11.2,69,91,45,9.7
1996-11-22,0.0,11.4,19.7,15.0,3.68,12.6,63,85,49,9.7
1996-11-23,0.0,7.1,20.3,12.8,1.97,6.3,76,93,45,9.7
1996-11-24,0.0,9.7,17.8,13.7,1.51,6.7,79,93,65,7.8
1996-11-25,0.0,7.1,20.5,12.9,1.72,6.7,79,100,48,9.0
1996-11-26,0.0,14.1,21.2,17.3,5.1,15.6,61,68,51,9.7
1996-11-27,0.0,11.7,22.2,16.4,2.24,7.9,71,90,49,9.6
1996-11-28,0.0,12.6,16.5,14.8,4.15,13.7,55,71,38,9.6
1996-11-29,0.0,8.3,15.4,11.4,3.42,11.5,51,75,40,9.6
1996-11-30,0.0,5.4,20.7,12.5,3.55,13.1,63,85,43,9.6
1996-12-01,0.0,12.6,20.5,16.6,4.01,14.1,57,76,44,9.6
1996-12-02,0.0,7.3,20.6,12.7,2.07,7.1,74,91,45,9.5
1996-12-03,0.0,7.4,18.3,12.2,1.55,4.4,82,94,58,9.5
1996-12-04,0.0,8.5,16.9,12.2,0.97,4.9,85,100,57,9.0
1996-12-05,2.5,10.3,13.6,12.0,1.95,10.2,80,98,55,3.8
1996-12-06,0.3,4.3,12.9,8.8,1.56,10.1,80,94,63,9.3
1996-12-07,0.7,5.5,12.6,8.8,1.01,4.7,81,95,58,8.5
1996-12-08,0.1,3.0,12.3,7.6,1.7,5.0,79,93,54,3.2
1996-12-09,0.1,5.0,13.8,8.9,2.33,8.2,75,92,50,9.3
1996-12-10,0.0,4.6,15.2,9.1,2.3,7.2,67,80,44,9.4
1996-12-11,6.3,3.8,12.0,8.1,0.97,6.6,88,97,75,0.5
1996-12-12,1.0,6.6,18.9,12.3,1.46,5.4,88,99,66,9.2
1996-12-13,0.0,9.5,18.4,13.2,2.69,8.4,78,90,60,4.4
1996-12-14,0.0,8.8,18.5,13.1,3.03,12.2,72,91,48,9.4
1996-12-15,0.0,6.9,15.6,11.3,1.77,6.2,79,94,60,6.7
1996-12-16,2.3,6.0,15.2,10.5,1.03,5.2,87,98,67,6.8
1996-12-17,0.0,8.3,15.4,11.6,1.09,5.1,90,99,75,3.8
1996-12-18,3.0,11.5,15.8,13.3,1.1,7.7,92,98,82,0.9
1996-12-19,0.8,8.9,17.6,13.2,1.43,7.0,83,100,54,9.2
1996-12-20,1.1,7.8,17.2,12.0,2.04,9.5,80,95,68,8.4
1996-12-21,1.9,10.3,17.4,13.6,3.02,14.6,80,91,63,6.9
1996-12-22,0.0,9.2,16.3,12.4,2.19,9.9,86,96,64,7.4
1996-12-23,0.4,6.7,17.6,11.3,1.6,5.1,81,94,56,8.1
1996-12-24,1.1,7.6,15.8,10.9,3.08,13.5,71,92,41,9.3
1996-12-25,0.0,5.7,16.3,10.9,2.63,10.0,69,86,46,9.3
1996-12-26,0.0,5.4,14.2,9.7,4.4,12.6,51,75,35,9.4
1996-12-27,0.0,-0.2,12.9,6.0,1.65,6.7,77,90,56,9.4
1996-12-28,0.8,0.9,12.6,6.3,1.4,4.7,77,98,46,3.7
1996-12-29,5.1,7.0,9.7,8.3,1.45,4.6,86,92,80,0.0
1996-12-30,1.7,6.6,14.8,10.3,1.42,8.7,84,98,54,8.8
1996-12-31,1.8,4.4,18.1,10.3,2.31,13.3,80,99,51,8.6
1997-01-01,6.6,4.5,13.7,9.4,1.47,6.9,83,95,59,3.5
1997-01-02,8.8,7.6,13.8,10.6,2.52,11.0,81,99,56,9.2
1997-01-03,3.6,7.1,11.6,10.0,4.06,14.6,62,93,36,9.5
1997-01-04,0.0,4.0,11.4,8.0,3.57,13.0,55,76,41,9.5
1997-01-05,2.2,1.5,8.4,5.3,1.21,6.0,86,95,76,0.5
1997-01-06,0.5,2.9,10.4,6.7,3.56,12.1,66,97,39,9.5
1997-01-07,0.7,4.2,11.0,7.2,2.49,10.8,56,72,45,5.2
1997-01-08,5.3,6.1,16.1,9.7,1.32,10.0,78,97,53,6.2
1997-01-09,0.0,8.1,17.3,12.2,4.23,16.8,67,84,51,8.7
1997-01-10,0.0,8.1,17.3,12.3,4.03,13.1,63,76,46,9.0
1997-01-11,0.0,9.7,18.7,13.3,2.3,8.5,78,89,58,9.6
1997-01-12,0.0,8.2,15.7,12.2,1.0,4.3,84,99,58,9.5
1997-01-13,0.0,3.3,13.2,8.6,1.58,5.4,85,100,61,9.2
1997-01-14,1.4,5.1,13.4,9.6,2.61,9.8,85,94,73,7.4
1997-01-15,3.0,10.0,13.8,11.6,3.06,9.0,89,95,77,4.3
1997-01-16,0.0,6.5,15.9,10.4,2.11,6.3,88,97,64,9.1
1997-01-17,1.4,7.1,16.6,11.1,1.81,8.1,80,100,46,9.1
1997-01-18,2.2,3.4,13.6,8.8,1.63,5.6,78,93,57,8.5
1997-01-19,8.0,6.8,15.5,10.6,1.32,8.7,92,99,77,5.0
1997-01-20,2.8,8.6,18.4,12.7,1.9,12.4,84,99,57,7.6
1997-01-21,0.3,5.4,17.2,11.6,1.66,8.5,84,99,59,9.6
1997-01-22,2.1,4.6,17.0,10.5,1.97,8.6,85,95,64,7.6
1997-01-23,2.1,10.3,16.7,12.8,2.24,9.9,84,95,64,6.7
1997-01-24,6.7,9.2,13.1,11.0,1.75,6.0,93,96,87,2.7
1997-01-25,0.6,6.4,16.0,10.7,2.52,8.6,83,97,62,9.6
1997-01-26,0.3,10.5,15.5,12.4,1.98,7.2,80,88,64,9.0
1997-01-27,0.3,5.1,15.3,10.4,1.22,4.7,86,99,64,9.7
1997-01-28,0.1,6.4,14.1,10.1,1.44,5.0,88,99,64,9.4
1997-01-29,0.0,7.4,14.4,10.5,1.82,7.1,86,99,64,6.9
1997-01-30,0.0,6.7,15.6,10.5,1.3,4.6,84,97,64,9.0
1997-01-31,0.0,5.7,18.7,11.4,1.42,4.3,84,100,56,9.2
1997-02-01,0.0,8.0,18.9,12.6,1.89,6.1,81,99,56,9.8
1997-02-02,0.0,7.8,18.2,12.8,1.3,4.5,83,100,52,9.8
1997-02-03,3.9,7.6,15.9,11.2,1.4,5.9,86,96,68,8.9
1997-02-04,0.6,7.4,14.8,10.7,1.42,5.5,83,100,51,9.3
1997-02-05,0.0,3.1,16.8,10.1,1.34,5.0,78,99,47,9.9
1997-02-06,0.0,3.2,17.4,9.8,1.39,4.2,78,95,48,10.1
1997-02-07,0.0,3.0,14.4,8.9,1.61,7.4,83,100,58,10.1
1997-02-08,0.0,5.5,13.9,9.3,1.84,7.1,82,94,65,7.9
1997-02-09,0.0,6.4,15.8,10.7,1.56,5.4,83,95,59,10.0
1997-02-10,0.0,4.2,16.7,10.3,1.24,4.4,81,100,48,10.5
1997-02-11,0.0,3.6,20.1,10.9,1.98,6.7,73,97,42,10.4
1997-02-12,0.0,7.7,21.4,13.5,2.08,5.6,75,91,48,10.6
1997-02-13,0.0,5.9,20.5,13.0,2.43,9.2,69,93,40,10.3
1997-02-14,0.0,8.0,21.7,14.4,2.41,8.2,64,86,46,10.6
1997-02-15,0.0,10.6,19.2,14.6,3.31,12.2,53,73,35,10.7
1997-02-16,0.0,5.0,21.1,12.6,1.72,6.0,61,84,33,10.7
1997-02-17,0.0,6.1,19.1,12.1,2.1,9.6,69,91,42,10.7
1997-02-18,0.0,4.7,20.3,12.2,1.35,5.3,71,97,39,10.7
1997-02-19,0.0,5.4,19.8,12.4,1.73,6.9,70,92,40,10.7
1997-02-20,0.0,5.5,22.2,13.1,1.67,6.3,71,95,36,10.7
1997-02-21,0.0,5.0,20.2,12.5,1.54,7.3,70,98,37,10.5
1997-02-22,0.0,5.6,18.1,12.0,1.46,6.9,69,93,43,9.6
1997-02-23,0.2,5.5,20.2,12.9,1.26,7.2,74,96,48,10.4
1997-02-24,0.0,6.1,22.9,14.2,1.82,6.7,67,97,30,10.8
1997-02-25,0.0,7.4,22.7,14.3,1.96,6.6,62,84,34,10.8
1997-02-26,0.0,8.8,24.1,15.7,2.5,9.3,62,86,31,10.8
1997-02-27,0.0,6.7,20.2,13.5,2.27,12.0,71,95,38,10.9
1997-02-28,0.0,7.5,20.3,13.0,1.42,7.5,72,100,31,10.9
1997-03-01,0.0,2.8,21.6,12.7,1.4,7.2,56,91,20,10.9
1997-03-02,0.0,6.5,26.7,15.9,1.92,8.1,54,79,24,10.9
1997-03-03,0.0,9.3,21.5,15.1,1.45,7.8,64,83,38,10.9
1997-03-04,0.0,5.5,21.8,13.9,1.33,7.0,66,96,31,11.0
1997-03-05,0.0,4.6,24.4,14.9,1.24,5.3,54,89,18,11.1
1997-03-06,0.0,7.5,23.8,16.0,1.63,8.7,49,76,28,11.1
1997-03-07,0.0,7.3,22.0,14.5,2.15,11.9,62,87,33,11.2
1997-03-08,0.0,6.4,19.6,13.2,2.21,10.1,64,97,32,11.1
1997-03-09,0.0,5.1,19.1,12.4,2.45,11.0,59,87,35,11.3
1997-03-10,0.0,3.1,17.8,11.0,2.22,9.8,64,87,42,11.4
1997-03-11,0.0,3.5,21.0,12.4,1.32,6.5,63,96,26,11.5
1997-03-12,0.0,4.7,19.0,12.2,2.39,10.8,63,86,41,11.5
1997-03-13,0.0,3.1,21.7,12.4,1.45,7.6,66,97,30,11.6
1997-03-14,0.0,6.2,25.7,15.5,1.88,8.6,55,92,13,11.6
1997-03-15,0.0,6.9,20.7,14.0,2.05,8.9,61,88,35,11.7
1997-03-16,0.0,5.7,21.9,14.1,1.63,8.2,60,95,28,11.7
1997-03-17,0.0,5.3,24.0,15.3,1.35,7.9,52,86,23,11.7
1997-03-18,0.0,6.5,27.7,17.2,1.49,7.9,51,85,20,11.7
1997-03-19,0.0,9.5,28.1,18.7,1.76,7.7,43,70,18,11.8
1997-03-20,0.0,9.7,21.2,15.6,2.34,9.6,51,82,38,11.8
1997-03-21,0.0,8.6,23.8,15.9,1.58,9.0,71,100,33,11.8
1997-03-22,0.0,9.5,20.6,14.4,2.1,9.6,69,93,40,11.2
1997-03-23,0.0,7.7,20.5,14.2,2.21,9.9,63,92,29,11.9
1997-03-24,0.0,5.9,25.9,16.2,1.55,7.8,54,93,18,11.9
1997-03-25,25.2,8.9,16.5,11.6,3.35,15.4,83,94,57,1.0
1997-03-26,0.0,7.1,17.1,12.3,2.31,7.4,77,94,55,11.6
1997-03-27,0.0,5.9,17.7,12.1,2.23,9.9,74,98,44,12.0
1997-03-28,0.0,5.6,20.6,13.2,1.58,6.2,73,96,48,12.0
1997-03-29,0.0,6.8,19.6,13.2,2.43,10.7,76,96,51,12.0
1997-03-30,0.0,6.6,18.2,12.8,1.62,8.0,72,99,45,12.0
1997-03-31,0.0,6.7,18.4,13.2,1.96,9.4,71,94,50,12.0
1997-04-01,0.0,6.0,19.0,12.8,1.54,8.1,72,96,49,12.0
1997-04-02,0.3,6.6,21.2,14.0,1.58,9.6,75,99,51,12.0
1997-04-03,0.0,6.7,22.1,14.6,1.53,8.4,66,99,34,12.0
1997-04-04,0.0,7.2,25.1,16.3,1.82,8.3,59,91,31,12.1
1997-04-05,0.0,7.2,21.5,15.2,2.58,11.0,64,91,40,12.1
1997-04-06,0.0,8.3,21.9,15.1,2.38,12.2,62,97,29,10.5
1997-04-07,1.0,11.7,21.7,16.4,2.01,9.9,50,83,35,11.1
1997-04-08,2.1,11.6,18.6,15.0,4.13,16.2,71,84,55,7.0
1997-04-09,28.1,12.7,13.9,13.3,5.23,13.9,87,97,74,0.0
1997-04-10,0.1,12.4,15.2,13.8,3.43,12.2,74,82,66,3.2
1997-04-11,0.0,6.9,19.5,13.2,1.95,6.3,70,92,41,12.4
1997-04-12,0.0,5.3,23.7,14.7,1.51,8.0,67,97,31,12.5
1997-04-13,0.0,8.0,21.5,15.2,1.69,8.4,67,92,33,12.5
1997-04-14,0.0,6.2,22.1,14.5,2.38,10.4,61,90,32,12.6
1997-04-15,0.0,5.9,22.8,14.9,1.76,7.7,63,92,33,12.7
1997-04-16,0.0,7.9,26.9,17.5,1.63,8.1,60,92,26,12.2
1997-04-17,4.8,12.1,22.3,17.3,1.13,9.1,67,95,46,8.7
1997-04-18,0.0,12.6,20.5,15.7,2.42,10.4,72,97,45,11.6
1997-04-19,3.7,12.8,20.4,16.1,1.72,7.3,81,97,59,7.3
1997-04-20,9.0,14.1,19.0,15.8,1.99,9.2,85,97,68,6.2
1997-04-21,12.5,12.3,15.1,13.9,2.23,9.4,83,94,67,0.9
1997-04-22,7.4,11.4,20.8,15.7,1.25,9.2,81,99,57,9.6
1997-04-23,0.9,11.4,20.8,16.1,1.76,9.3,78,97,51,12.6
1997-04-24,0.1,11.9,21.7,16.5,1.61,8.1,80,99,53,12.6
1997-04-25,0.6,13.1,20.4,16.3,1.47,7.5,83,99,63,10.3
1997-04-26,0.0,9.6,23.3,17.0,1.73,9.4,77,100,47,12.9
1997-04-27,0.0,14.0,27.3,20.3,2.63,10.6,62,88,37,12.6
1997-04-28,0.0,15.4,25.7,20.6,2.44,8.2,59,78,46,13.5
1997-04-29,0.0,12.9,29.0,21.2,1.62,7.0,66,96,37,13.6
1997-04-30,0.0,16.2,24.1,19.4,2.76,11.4,65,88,38,13.6
1997-05-01,0.0,11.1,22.6,17.2,2.08,9.2,67,97,41,13.6
1997-05-02,0.0,10.0,23.0,17.1,1.88,9.4,63,93,37,12.6
1997-05-03,0.1,11.9,25.9,18.9,1.57,9.1,50,79,23,13.4
1997-05-04,0.0,12.6,28.6,21.1,1.57,10.1,56,84,36,13.5
1997-05-05,0.4,14.7,28.9,22.5,2.87,13.4,52,86,24,13.8
1997-05-06,0.0,14.6,25.4,20.3,3.7,13.0,37,68,17,13.8
1997-05-07,0.0,11.9,21.6,17.1,5.06,19.7,37,66,23,13.8
1997-05-08,0.0,10.7,22.5,16.0,3.68,14.0,37,72,18,13.9
1997-05-09,0.0,8.7,24.9,17.4,1.71,10.1,58,93,27,13.9
1997-05-10,0.0,12.3,23.9,18.6,1.84,10.3,59,86,39,13.9
1997-05-11,0.6,14.5,23.9,18.3,1.67,8.6,71,94,46,10.3
1997-05-12,0.4,13.7,24.4,18.5,2.19,10.9,73,100,44,13.5
1997-05-13,0.0,13.4,26.0,19.2,1.87,9.9,68,93,36,9.9
1997-05-14,4.0,13.6,21.4,17.5,1.57,6.3,73,92,52,4.5
1997-05-15,0.5,11.5,23.8,18.4,1.54,9.1,72,95,46,13.0
1997-05-16,0.0,14.0,24.2,18.7,2.53,12.3,71,100,34,12.6
1997-05-17,0.0,11.3,24.0,18.2,2.08,10.4,59,90,32,14.0
1997-05-18,0.0,11.6,24.7,18.8,2.06,10.3,59,85,39,14.0
1997-05-19,0.0,11.2,27.6,20.0,1.53,9.1,61,96,30,14.0
1997-05-20,0.0,15.7,28.4,22.0,2.1,10.9,47,67,28,14.0
1997-05-21,0.8,16.7,29.0,22.8,2.54,9.2,41,65,21,13.3
1997-05-22,0.0,15.8,28.1,22.3,2.26,10.6,44,69,30,14.0
1997-05-23,0.0,13.9,27.4,20.8,2.4,10.7,61,92,30,13.7
1997-05-24,12.2,14.6,24.8,19.1,1.92,8.8,77,92,55,6.8
1997-05-25,0.9,16.9,27.5,22.1,2.79,10.9,66,85,47,14.0
1997-05-26,0.0,16.3,28.4,22.0,1.98,9.5,66,87,43,14.0
1997-05-27,0.0,14.9,29.1,22.3,1.73,8.3,70,96,43,14.0
1997-05-28,0.0,16.1,31.6,24.4,1.64,6.5,58,95,29,13.5
1997-05-29,0.0,15.7,30.0,23.6,2.71,12.1,57,88,31,13.4
1997-05-30,0.0,16.1,27.8,22.0,2.74,11.8,64,87,42,13.6
1997-05-31,4.8,16.6,24.3,20.4,1.74,10.0,76,93,60,9.6
1997-06-01,0.1,13.4,27.1,20.9,2.51,10.5,58,91,29,14.0
1997-06-02,0.0,14.2,27.9,21.8,2.09,9.1,53,85,32,14.0
1997-06-03,0.1,14.5,28.8,22.4,2.61,10.3,50,82,30,13.6
1997-06-04,1.5,18.0,27.0,21.9,3.15,10.5,51,66,34,9.1
1997-06-05,0.5,12.4,25.1,19.6,2.68,9.9,54,74,43,9.3
1997-06-06,0.0,14.4,30.9,23.4,1.89,9.1,59,91,35,14.0
1997-06-07,0.4,17.4,30.7,24.5,1.28,10.6,61,92,36,13.4
1997-06-08,0.0,17.9,32.5,25.4,2.27,9.5,52,77,28,14.0
1997-06-09,0.0,18.4,31.3,25.5,2.34,11.2,48,79,27,14.0
1997-06-10,0.0,16.6,31.8,24.7,2.02,8.6,48,73,28,13.2
1997-06-11,0.0,18.7,33.2,26.5,1.77,9.0,53,88,31,13.2
1997-06-12,0.0,19.3,34.3,27.4,1.69,8.6,47,80,24,14.0
1997-06-13,0.0,19.9,36.1,28.3,1.47,8.5,50,80,27,14.0
1997-06-14,0.0,22.6,35.8,28.4,2.65,12.0,40,56,22,13.9
1997-06-15,0.0,21.4,29.7,25.5,2.13,9.9,61,80,44,13.8
1997-06-16,0.0,20.1,32.2,26.1,1.67,8.1,63,93,39,13.7
1997-06-17,0.3,20.4,30.4,25.0,2.26,12.3,64,87,40,13.9
1997-06-18,14.0,18.5,26.6,21.7,2.15,10.0,80,98,55,11.1
1997-06-19,0.2,16.0,30.1,22.6,2.11,12.0,64,94,32,14.0
1997-06-20,0.0,16.8,31.3,24.5,1.7,8.3,56,85,32,14.0
1997-06-21,0.0,17.1,33.2,25.8,1.73,8.5,56,94,26,14.0
1997-06-22,0.0,20.6,31.3,25.8,2.41,9.2,45,66,30,13.9
1997-06-23,0.0,17.9,28.4,23.4,2.65,11.6,66,91,40,14.0
1997-06-24,0.1,18.8,28.8,23.6,2.38,9.5,66,96,38,13.6
1997-06-25,0.0,18.1,30.3,24.3,2.11,9.7,54,83,32,14.0
1997-06-26,0.0,16.7,35.5,27.2,2.02,11.0,47,85,23,14.0
1997-06-27,1.3,20.7,28.3,24.4,3.25,11.5,52,79,31,12.1
1997-06-28,13.8,18.8,26.7,21.9,2.07,14.1,62,92,21,13.0
1997-06-29,0.0,14.4,26.2,20.3,2.59,10.0,39,56,23,14.0
1997-06-30,0.0,11.8,26.9,20.0,2.21,11.0,44,77,25,14.0
1997-07-01,0.0,14.9,27.3,21.6,2.06,9.6,45,71,26,14.0
1997-07-02,0.4,16.5,27.6,21.9,1.24,7.0,63,87,40,13.3
1997-07-03,0.0,16.9,28.3,23.1,2.59,11.2,46,71,31,14.0
1997-07-04,0.0,15.1,29.7,23.2,1.93,10.7,49,86,23,14.0
1997-07-05,0.0,16.1,28.0,22.3,2.49,11.1,59,92,33,14.0
1997-07-06,0.0,15.1,27.3,21.5,2.96,11.8,60,83,38,14.0
1997-07-07,0.0,15.0,28.2,22.1,2.46,10.2,58,93,29,14.0
1997-07-08,0.0,14.6,30.0,23.1,2.06,10.6,48,85,22,13.9
1997-07-09,0.0,16.9,30.7,23.6,1.88,10.1,53,80,26,14.0
1997-07-10,0.0,17.3,31.7,24.5,1.65,10.5,53,84,24,13.8
1997-07-11,0.0,19.0,31.2,24.7,1.77,11.0,53,77,30,14.0
1997-07-12,0.0,17.6,31.1,24.5,2.21,10.8,56,85,31,14.0
1997-07-13,0.0,17.0,32.3,25.1,2.64,10.8,53,81,28,13.1
1997-07-14,0.0,21.7,33.4,27.1,2.72,12.5,48,66,30,12.3
1997-07-15,0.0,20.0,30.4,25.9,3.29,12.9,58,78,47,14.0
1997-07-16,0.0,20.2,33.2,26.8,1.75,8.5,52,86,24,14.0
1997-07-17,0.0,22.9,34.4,28.2,3.02,11.3,34,48,22,14.0
1997-07-18,0.0,19.7,32.4,26.0,2.36,10.5,52,84,30,14.0
1997-07-19,0.0,18.5,30.2,24.7,2.66,10.5,61,87,40,14.0
1997-07-20,0.0,19.2,29.3,24.0,2.28,10.5,59,85,36,14.0
1997-07-21,0.0,17.2,30.4,24.1,2.39,10.9,48,77,26,13.9
1997-07-22,0.0,17.0,32.0,24.8,2.23,9.3,48,66,30,13.9
1997-07-23,0.0,19.7,31.5,25.6,1.67,8.8,59,85,36,13.9
1997-07-24,0.0,19.1,34.3,27.1,1.83,10.4,50,87,23,13.9
1997-07-25,0.0,19.6,35.5,27.9,1.89,10.3,44,70,24,13.9
1997-07-26,0.0,20.0,35.9,28.3,2.24,10.9,43,71,23,13.9
1997-07-27,0.0,20.8,34.9,28.1,2.05,10.9,44,70,24,13.9
1997-07-28,0.0,19.5,34.0,26.9,2.4,11.6,50,82,24,13.8
1997-07-29,0.0,18.9,33.7,26.5,2.26,11.2,52,78,28,13.8
1997-07-30,0.0,19.1,34.5,26.9,2.4,11.4,56,88,26,13.8
1997-07-31,0.0,18.9,33.6,27.0,2.39,11.3,51,82,30,13.8
1997-08-01,0.0,19.1,35.1,27.7,1.92,9.7,47,79,24,13.8
1997-08-02,0.0,19.5,35.4,27.9,2.03,11.0,48,82,22,13.8
1997-08-03,0.0,20.4,35.0,27.7,2.12,11.4,48,74,24,13.7
1997-08-04,1.8,20.5,32.9,26.4,2.21,11.6,57,77,36,12.7
1997-08-05,0.0,20.3,33.2,26.2,1.74,9.1,64,96,34,13.5
1997-08-06,0.4,21.3,32.7,26.7,1.69,9.1,59,81,36,13.4
1997-08-07,0.0,19.4,33.1,25.9,1.67,10.4,64,95,30,13.5
1997-08-08,0.0,19.8,31.9,26.0,2.47,9.9,67,95,40,12.7
1997-08-09,0.0,20.4,33.3,27.0,2.02,10.9,69,96,41,13.4
1997-08-10,0.8,21.7,32.4,26.5,2.49,13.5,69,95,45,13.2
1997-08-11,0.0,19.1,33.3,26.6,1.88,8.8,45,72,24,13.3
1997-08-12,0.0,19.0,33.0,26.5,1.99,9.8,47,76,26,13.3
1997-08-13,0.0,18.4,33.8,26.4,1.64,8.8,51,80,27,13.3
1997-08-14,0.0,19.0,32.6,26.2,1.86,9.7,57,88,33,13.2
1997-08-15,0.0,17.8,33.8,26.4,1.83,9.8,52,90,24,13.2
1997-08-16,0.0,17.7,33.8,26.2,1.78,9.4,50,79,26,13.2
1997-08-17,0.0,19.2,32.8,26.3,2.03,9.1,61,93,34,13.1
1997-08-18,0.0,18.9,33.0,26.1,1.7,9.7,62,94,33,13.0
1997-08-19,0.0,18.7,33.5,26.3,1.84,10.0,63,94,33,12.9
1997-08-20,0.0,19.0,35.2,27.0,2.09,11.2,59,92,26,12.9
1997-08-21,0.0,19.5,33.1,26.5,2.49,11.9,59,87,33,11.2
1997-08-22,0.0,21.5,31.0,26.3,1.75,8.5,66,91,43,12.1
1997-08-23,0.4,20.9,30.7,25.6,2.31,11.3,70,94,45,12.5
1997-08-24,0.1,19.2,29.7,24.4,2.29,9.2,69,94,41,11.1
1997-08-25,0.0,20.7,30.7,25.2,1.31,8.7,62,87,34,12.0
1997-08-26,0.0,20.0,31.1,26.3,2.04,7.6,54,79,35,12.3
1997-08-27,0.0,19.3,32.9,26.7,2.27,10.6,53,83,28,12.4
1997-08-28,0.0,21.3,31.1,26.3,4.06,13.1,29,56,12,12.4
1997-08-29,0.0,15.7,29.4,23.6,2.24,8.8,34,59,22,12.3
1997-08-30,0.0,15.1,30.0,23.0,2.28,10.4,54,90,27,12.2
1997-08-31,0.0,15.2,31.9,23.8,1.87,8.7,54,79,25,12.0
1997-09-01,0.0,19.0,30.1,24.1,1.38,8.7,70,90,45,7.4
1997-09-02,0.0,20.1,30.8,24.4,1.94,11.1,65,93,31,12.0
1997-09-03,0.0,17.8,29.9,23.8,1.78,9.3,64,94,34,12.0
1997-09-04,0.0,17.7,29.6,23.6,1.77,8.5,70,98,41,12.0
1997-09-05,0.0,18.8,29.8,23.8,1.73,9.2,67,93,39,12.0
1997-09-06,0.0,17.0,29.7,23.4,2.2,11.3,67,93,39,12.0
1997-09-07,0.0,19.8,30.6,24.7,2.71,11.2,65,92,33,12.0
1997-09-08,0.0,16.1,31.2,24.1,2.05,9.6,63,92,30,12.0
1997-09-09,0.0,17.1,31.5,24.6,1.52,8.7,62,96,30,12.0
1997-09-10,0.0,17.7,35.2,26.5,1.68,8.3,48,82,18,12.0
1997-09-11,0.0,18.2,35.1,27.0,2.04,11.1,39,63,17,12.0
1997-09-12,0.0,17.3,34.4,26.3,1.65,8.9,52,77,26,12.0
1997-09-13,0.0,21.3,34.2,27.8,1.46,7.0,49,82,26,11.9
1997-09-14,4.2,21.4,27.8,24.1,2.11,8.7,72,90,49,11.6
1997-09-15,4.5,19.5,26.8,22.8,1.29,7.9,81,97,62,10.2
1997-09-16,0.0,19.9,26.4,22.7,2.53,9.9,72,91,50,10.9
1997-09-17,0.0,20.1,26.2,22.7,2.98,10.4,70,84,54,9.8
1997-09-18,0.4,17.5,27.0,22.5,2.44,9.5,69,87,51,12.0
1997-09-19,0.7,17.2,27.7,22.3,1.52,6.8,76,93,54,12.0
1997-09-20,2.1,18.6,30.2,23.6,1.16,8.1,75,100,39,12.0
1997-09-21,5.7,17.6,27.5,22.4,1.56,8.2,77,97,56,11.8
1997-09-22,0.3,18.4,27.1,22.5,1.69,8.3,73,93,48,11.3
1997-09-23,0.0,16.8,27.2,21.7,1.66,7.9,78,99,50,11.9
1997-09-24,0.0,17.5,27.6,22.1,1.42,8.2,75,99,42,11.3
1997-09-25,0.7,18.3,27.3,22.4,1.89,10.3,76,97,51,11.5
1997-09-26,0.0,18.9,25.5,22.0,2.64,10.5,74,93,52,7.0
1997-09-27,0.2,18.1,25.0,21.7,3.22,11.9,73,90,55,8.6
1997-09-28,26.6,19.1,23.0,20.5,1.86,9.4,88,96,77,2.6
1997-09-29,3.8,20.1,26.4,22.9,3.91,15.4,81,89,69,11.0
1997-09-30,44.5,19.1,23.7,21.2,2.97,13.7,91,98,81,5.9
1997-10-01,0.6,18.4,25.6,21.6,1.53,5.4,84,95,65,11.6
1997-10-02,0.0,15.2,27.6,21.3,1.2,4.5,81,100,51,11.6
1997-10-03,0.0,14.7,27.8,21.4,1.33,6.1,80,99,50,11.6
1997-10-04,0.0,15.3,26.7,20.9,1.69,7.7,81,99,55,11.1
1997-10-05,3.3,16.1,24.5,19.9,2.62,10.7,80,93,61,8.3
1997-10-06,0.1,17.1,25.1,20.9,1.44,5.7,78,93,59,10.9
1997-10-07,0.0,15.1,26.0,20.6,1.4,6.2,80,97,55,11.0
1997-10-08,0.0,16.1,28.3,21.9,1.53,6.1,74,95,45,11.0
1997-10-09,0.0,17.0,29.6,22.4,1.98,7.2,68,94,34,10.9
1997-10-10,0.0,16.1,30.9,22.6,2.26,7.7,62,87,34,10.6
1997-10-11,0.0,20.8,31.3,25.1,2.73,10.1,56,69,36,10.9
1997-10-12,0.0,19.9,30.9,24.7,2.23,8.8,58,82,37,10.9
1997-10-13,1.1,18.5,23.4,20.6,2.12,10.2,57,91,28,8.4
1997-10-14,0.0,12.9,22.5,17.2,2.44,9.9,49,68,33,10.8
1997-10-15,0.0,11.2,22.2,17.0,1.32,5.1,66,89,44,10.3
1997-10-16,0.0,10.3,23.6,17.2,1.35,6.0,72,95,44,10.7
1997-10-17,0.0,10.9,23.0,17.2,1.53,7.3,78,99,53,10.7
1997-10-18,0.0,12.5,24.7,18.3,2.08,8.9,78,97,48,10.3
1997-10-19,0.0,13.2,25.2,18.8,1.62,6.8,80,97,52,9.3
1997-10-20,0.0,16.0,26.3,20.5,1.12,6.1,83,99,56,2.9
1997-10-21,2.0,16.7,28.8,22.5,1.72,9.0,74,97,45,10.4
1997-10-22,0.4,17.4,27.9,22.4,1.61,8.3,71,97,40,10.2
1997-10-23,0.0,17.9,25.4,21.0,2.03,8.4,63,81,42,9.7
1997-10-24,0.0,14.8,24.7,19.2,2.02,8.0,61,79,35,10.1
1997-10-25,0.3,12.7,23.9,18.4,1.62,7.8,76,96,49,10.3
1997-10-26,0.0,13.2,23.9,18.5,1.4,6.0,81,98,54,9.8
1997-10-27,0.0,15.5,24.5,19.7,1.17,7.6,82,100,55,10.0
1997-10-28,0.0,14.4,25.6,19.8,2.7,10.1,65,93,37,10.1
1997-10-29,0.3,13.8,19.8,17.3,4.2,12.2,59,68,48,10.0
1997-10-30,0.0,9.2,19.2,14.7,1.45,6.9,65,90,40,10.1
1997-10-31,0.0,7.9,19.5,14.1,1.65,7.7,74,96,49,9.3
1997-11-01,0.0,11.8,19.7,15.5,1.65,7.9,71,92,48,7.6
1997-11-02,4.0,10.0,19.3,14.4,1.43,7.4,81,96,60,5.5
1997-11-03,1.7,13.4,21.1,16.6,0.91,5.9,88,99,71,5.6
1997-11-04,0.0,11.8,24.7,17.8,1.55,7.3,75,99,46,10.0
1997-11-05,2.1,14.8,22.5,18.4,2.29,12.3,79,92,65,7.5
1997-11-06,0.0,14.4,20.7,17.9,4.39,15.8,57,91,31,9.9
1997-11-07,0.2,8.3,20.0,14.1,2.35,11.6,64,86,39,9.6
1997-11-08,0.0,10.7,21.5,15.5,2.05,8.5,66,88,38,9.9
1997-11-09,0.0,10.5,23.4,16.4,2.57,10.8,66,86,42,9.9
1997-11-10,0.0,9.3,21.4,14.9,2.26,11.0,65,90,34,9.9
1997-11-11,1.0,7.5,21.1,13.9,3.03,14.6,65,87,37,9.9
1997-11-12,0.0,7.5,16.6,12.1,3.69,13.7,57,79,33,9.8
1997-11-13,8.2,6.3,15.7,11.6,1.26,10.0,75,92,55,4.5
1997-11-14,2.0,12.5,20.1,15.6,1.91,9.2,78,96,50,9.7
1997-11-15,0.0,8.2,20.4,14.1,1.54,4.7,78,95,50,9.8
1997-11-16,0.0,7.2,20.0,13.4,1.32,5.3,82,100,50,9.8
1997-11-17,0.0,8.5,22.1,14.3,1.8,5.6,75,92,45,8.9
1997-11-18,0.0,8.6,22.0,14.7,1.54,7.3,74,95,45,9.3
1997-11-19,0.2,9.2,20.1,14.9,2.66,11.7,69,91,43,9.8
1997-11-20,0.0,7.3,21.6,14.0,2.34,8.1,67,91,36,9.1
1997-11-21,7.1,10.3,15.3,12.5,1.23,7.4,86,95,65,1.4
1997-11-22,3.8,9.7,14.9,12.0,4.17,19.5,71,98,50,9.7
1997-11-23,0.0,7.9,16.5,11.6,2.75,11.1,58,80,40,9.7
1997-11-24,0.1,5.2,15.8,10.3,1.02,10.1,81,94,63,7.6
1997-11-25,2.1,4.8,16.0,10.2,2.28,10.0,87,95,73,2.2
1997-11-26,0.0,8.6,17.7,13.1,2.77,12.3,80,99,54,9.6
1997-11-27,0.0,10.5,19.7,14.5,3.27,10.8,65,85,43,9.7
1997-11-28,1.7,7.7,20.0,12.9,1.46,4.6,77,92,48,9.3
1997-11-29,0.0,8.7,19.1,13.7,2.59,9.2,68,91,40,9.6
1997-11-30,0.0,10.0,18.4,13.8,3.77,15.4,60,78,39,9.6
1997-12-01,0.0,10.8,19.1,14.5,3.65,12.0,60,77,42,9.6
1997-12-02,0.0,7.4,21.8,13.4,2.64,9.5,68,88,41,9.6
1997-12-03,0.0,8.9,17.4,13.8,1.55,9.0,75,95,56,8.6
1997-12-04,8.7,8.4,13.7,11.9,2.16,10.1,93,97,88,0.0
1997-12-05,22.1,6.4,8.5,7.4,5.72,20.8,83,87,76,0.0
1997-12-06,0.0,5.4,14.9,9.5,2.25,10.5,69,84,50,9.5
1997-12-07,0.0,1.7,15.8,7.4,1.67,5.0,74,89,44,9.4
1997-12-08,0.0,3.8,18.3,9.8,2.27,7.0,72,92,51,9.5
1997-12-09,0.0,6.6,17.7,11.2,1.98,9.0,80,96,52,9.2
1997-12-10,0.0,6.3,17.8,10.8,1.67,5.6,79,93,51,8.6
1997-12-11,0.0,7.0,19.1,11.9,1.88,5.2,78,92,54,9.1
1997-12-12,6.0,8.8,18.6,13.3,2.28,8.5,81,93,60,3.0
1997-12-13,0.0,5.8,15.0,10.0,2.19,7.7,69,87,42,9.4
1997-12-14,0.0,2.2,13.6,7.7,1.44,5.8,80,93,58,9.4
1997-12-15,0.0,2.3,16.5,8.2,1.61,5.6,79,99,47,8.8
1997-12-16,0.0,6.6,15.6,10.4,1.55,7.4,85,95,68,6.8
1997-12-17,1.4,7.5,15.7,11.9,3.01,10.9,89,98,77,2.2
1997-12-18,0.0,12.9,19.6,15.8,3.23,11.5,78,85,61,9.3
1997-12-19,0.8,9.0,17.5,13.1,2.25,7.1,79,95,48,6.7
1997-12-20,0.0,6.1,15.6,10.1,2.56,12.0,69,85,45,9.4
1997-12-21,0.0,4.1,15.4,9.4,1.76,6.9,80,93,58,7.8
1997-12-22,0.0,8.2,18.7,12.7,1.51,6.2,84,95,71,7.6
1997-12-23,0.0,9.6,17.6,13.9,3.98,14.0,63,76,45,9.4
1997-12-24,0.0,4.7,17.7,10.5,1.79,5.6,75,91,48,9.1
1997-12-25,0.0,5.2,19.3,10.8,1.79,5.3,75,93,42,9.4
1997-12-26,0.8,6.1,16.0,10.2,3.36,13.3,73,90,54,6.0
1997-12-27,0.0,5.3,14.5,9.9,3.43,12.4,61,80,42,9.4
1997-12-28,0.0,3.2,14.1,8.8,1.75,8.0,73,90,53,8.5
1997-12-29,0.3,3.7,14.3,8.9,1.25,5.5,78,95,55,8.5
1997-12-30,0.3,7.4,15.0,10.8,0.93,5.2,85,96,68,5.4
1997-12-31,1.7,7.5,15.9,11.2,1.15,4.7,87,99,64,8.3
1998-01-01,7.8,8.7,12.4,10.7,3.98,13.2,71,95,49,6.3
1998-01-02,0.0,5.2,16.0,10.5,2.95,10.9,61,74,49,8.1
1998-01-03,0.0,8.9,19.6,13.2,2.35,9.6,74,92,53,9.4
1998-01-04,0.0,6.7,18.8,11.8,1.55,4.6,86,98,62,8.7
1998-01-05,0.0,7.6,18.7,11.8,1.89,6.1,82,94,55,7.7
1998-01-06,0.0,5.2,16.6,10.1,1.55,5.2,78,94,50,9.3
1998-01-07,0.0,4.2,16.2,9.1,2.01,7.4,75,93,48,9.3
1998-01-08,0.0,3.0,15.1,8.7,1.44,5.1,81,95,55,9.0
1998-01-09,0.0,4.8,13.9,9.2,1.45,5.2,87,97,73,6.1
1998-01-10,0.1,9.6,15.4,12.1,2.38,9.0,88,98,71,3.3
1998-01-11,0.0,7.8,15.9,11.6,1.92,6.3,85,98,60,9.1
1998-01-12,0.9,5.7,15.0,10.3,1.58,7.7,88,98,71,4.8
1998-01-13,1.0,8.2,17.6,11.9,1.65,9.1,78,99,42,9.3
1998-01-14,0.0,6.8,13.6,9.9,3.79,13.7,53,69,35,9.6
1998-01-15,0.0,3.8,15.4,9.0,2.18,7.2,60,81,40,9.6
1998-01-16,0.0,2.8,17.1,9.0,3.01,12.5,70,91,45,9.6
1998-01-17,0.0,6.0,15.9,10.7,2.27,9.4,66,88,38,9.4
1998-01-18,0.0,3.3,18.1,9.4,1.58,5.1,72,94,39,9.6
1998-01-19,0.0,6.1,19.3,11.8,3.15,12.4,66,89,38,9.6
1998-01-20,0.0,11.9,19.9,15.5,4.73,15.1,57,68,45,9.4
1998-01-21,0.0,5.6,14.9,10.8,2.34,8.0,59,83,30,9.6
1998-01-22,0.0,1.6,16.5,8.8,1.14,4.6,71,97,30,9.6
1998-01-23,0.9,2.8,16.2,9.1,1.21,4.0,77,94,52,9.7
1998-01-24,4.1,5.3,14.0,9.1,2.79,11.1,75,96,41,9.7
1998-01-25,0.9,2.2,12.7,7.5,1.59,4.6,77,94,50,9.2
1998-01-26,7.1,7.0,11.0,8.5,2.03,6.9,91,97,74,7.9
1998-01-27,3.2,6.9,13.0,9.5,2.45,9.5,86,97,66,6.2
1998-01-28,0.0,7.0,15.5,10.8,2.51,11.3,81,95,61,7.8
1998-01-29,10.9,8.8,13.1,11.0,2.21,8.1,87,95,77,3.1
1998-01-30,0.5,4.4,14.2,9.2,2.05,7.2,86,96,63,7.0
1998-01-31,5.3,7.5,15.0,11.3,1.59,6.6,85,96,63,8.1
1998-02-01,0.5,5.8,17.1,11.5,1.2,5.2,83,98,49,9.8
1998-02-02,3.5,8.5,13.8,11.2,1.84,7.8,93,99,83,0.1
1998-02-03,2.3,10.8,17.5,13.1,1.08,7.8,87,99,59,8.9
1998-02-04,4.4,8.2,15.1,11.3,1.12,7.4,90,97,77,6.2
1998-02-05,2.4,10.2,16.3,12.5,0.87,6.8,88,96,68,9.9
1998-02-06,1.0,6.8,14.8,10.7,1.38,5.9,91,100,77,5.8
1998-02-07,0.0,7.6,15.4,11.3,1.25,5.6,85,100,59,10.0
1998-02-08,0.0,7.3,14.1,10.2,1.8,8.6,87,100,66,9.3
1998-02-09,2.2,7.8,13.7,10.5,1.95,8.1,83,94,66,6.8
1998-02-10,0.0,8.8,14.4,11.4,2.57,9.3,78,90,60,7.0
1998-02-11,0.0,11.0,14.1,12.3,2.54,8.6,80,88,71,1.2
1998-02-12,0.9,10.7,13.6,12.1,1.86,7.2,80,86,68,2.6
1998-02-13,0.0,10.6,15.4,12.6,1.17,5.0,81,91,69,4.8
1998-02-14,0.0,6.7,17.2,12.0,1.14,5.1,85,100,62,10.6
1998-02-15,0.0,4.2,19.4,11.4,1.06,3.7,81,100,49,10.6
1998-02-16,0.0,4.4,19.0,11.4,1.14,4.9,81,96,57,10.7
1998-02-17,0.0,5.4,19.7,12.4,1.07,5.0,86,100,62,10.7
1998-02-18,0.0,9.1,15.9,12.1,1.47,6.0,87,100,68,10.6
1998-02-19,0.0,6.6,14.9,10.7,1.43,5.9,85,99,66,9.3
1998-02-20,0.0,6.1,18.0,11.3,1.11,4.1,82,100,56,10.6
1998-02-21,0.0,4.8,20.4,12.4,1.33,5.9,81,98,53,10.1
1998-02-22,0.0,11.4,16.9,13.4,4.26,14.2,55,91,24,10.8
1998-02-23,0.0,8.2,16.4,11.8,4.55,13.9,41,51,31,10.8
1998-02-24,0.0,4.4,16.0,10.5,1.88,7.6,50,74,31,10.8
1998-02-25,0.0,2.7,17.7,10.2,1.41,5.7,64,89,34,10.8
1998-02-26,0.0,2.8,17.8,10.7,1.36,5.8,67,96,36,10.8
1998-02-27,0.0,3.1,19.1,11.1,1.71,6.2,65,94,32,10.9
1998-02-28,0.0,2.4,19.7,11.1,1.28,4.7,62,91,27,10.1
1998-03-01,0.0,5.4,21.1,12.5,1.99,7.3,64,87,30,10.9
1998-03-02,0.0,5.0,20.7,12.7,1.47,7.1,71,94,40,10.9
1998-03-03,0.0,5.6,22.9,14.1,1.7,7.1,66,95,31,10.9
1998-03-04,0.0,5.9,23.7,15.2,1.25,7.0,65,94,32,10.7
1998-03-05,0.0,9.0,26.1,16.6,1.59,5.4,49,85,16,10.0
1998-03-06,0.0,7.9,23.2,16.2,1.61,6.7,51,72,32,11.1
1998-03-07,0.0,7.7,28.1,17.4,2.08,8.7,52,90,15,11.0
1998-03-08,0.0,10.3,27.6,18.6,2.33,8.9,42,69,22,11.2
1998-03-09,0.0,16.5,22.7,19.4,5.44,16.0,37,50,24,11.2
1998-03-10,0.0,11.1,18.7,14.9,2.98,10.7,43,82,28,11.4
1998-03-11,0.4,8.3,20.6,14.2,3.46,17.2,61,95,24,10.0
1998-03-12,0.1,8.4,17.0,12.8,4.39,14.3,35,63,22,11.4
1998-03-13,0.7,4.8,15.5,9.9,2.18,10.4,55,75,31,11.6
1998-03-14,0.0,3.2,17.2,10.4,1.54,8.6,63,98,28,11.6
1998-03-15,0.0,3.7,21.6,12.4,1.83,8.1,55,89,20,11.7
1998-03-16,0.0,4.6,25.3,14.6,1.96,9.4,52,88,15,11.7
1998-03-17,0.0,5.8,24.1,15.6,1.64,9.3,51,83,23,11.7
1998-03-18,0.0,7.1,23.6,15.5,2.04,11.0,49,73,26,11.7
1998-03-19,0.0,6.5,22.0,14.3,2.01,9.0,57,78,29,11.4
1998-03-20,0.0,5.4,22.6,14.3,1.75,9.7,62,94,27,11.8
1998-03-21,0.0,4.6,22.7,14.4,1.65,9.0,57,93,22,11.8
1998-03-22,0.0,8.2,20.7,14.3,2.34,11.3,68,97,36,10.9
1998-03-23,0.0,9.0,19.9,14.2,1.85,8.4,68,91,41,10.9
1998-03-24,0.0,7.5,23.3,15.2,1.73,9.2,67,99,25,11.9
1998-03-25,0.4,11.6,16.8,13.7,2.56,8.3,66,92,46,9.1
1998-03-26,0.0,8.3,18.6,13.2,2.0,9.5,63,86,39,11.9
1998-03-27,0.0,7.6,20.4,13.9,1.66,8.9,62,88,37,11.4
1998-03-28,0.0,9.6,21.2,14.9,1.87,9.0,59,84,32,8.7
1998-03-29,0.7,11.6,19.0,15.0,1.33,6.3,61,77,44,7.6
1998-03-30,6.0,10.5,22.3,16.0,1.58,6.9,74,97,44,11.0
1998-03-31,0.4,12.9,20.6,15.9,2.0,8.5,79,99,47,9.2
1998-04-01,0.0,9.9,23.2,16.4,2.19,8.9,66,96,30,12.0
1998-04-02,0.0,8.1,24.3,16.4,2.1,9.6,64,91,33,12.0
1998-04-03,0.0,8.7,26.0,17.8,1.85,10.0,60,90,32,12.1
1998-04-04,0.0,9.4,26.0,18.1,2.57,11.8,53,82,30,12.0
1998-04-05,0.0,10.2,24.5,17.9,3.1,13.0,45,80,23,12.0
1998-04-06,0.0,10.9,23.2,16.7,2.54,11.5,54,78,30,8.9
1998-04-07,0.0,9.6,25.0,17.7,2.0,11.2,60,88,35,11.6
1998-04-08,0.0,14.7,21.9,17.9,2.95,11.5,38,64,17,9.7
1998-04-09,0.0,6.6,21.5,15.0,3.14,13.4,43,71,20,12.1
1998-04-10,0.1,9.0,19.1,14.2,4.53,16.4,37,61,19,12.2
1998-04-11,0.3,6.4,17.5,12.3,4.34,19.5,40,68,20,12.2
1998-04-12,0.0,7.0,19.3,13.1,3.7,12.7,34,54,15,12.3
1998-04-13,0.0,4.5,21.1,13.2,2.03,10.8,40,63,19,12.5
1998-04-14,0.0,5.8,19.1,13.0,2.59,11.8,53,72,34,12.1
1998-04-15,0.0,7.2,22.4,14.7,2.73,13.4,56,93,19,10.8
1998-04-16,0.0,7.2,22.6,15.6,3.67,14.2,48,84,22,12.5
1998-04-17,0.0,12.5,21.8,17.3,4.53,16.2,40,67,20,12.7
1998-04-18,0.0,8.5,22.6,15.4,3.1,13.1,41,65,18,12.8
1998-04-19,0.0,8.4,22.8,15.8,1.92,9.8,43,65,23,12.2
1998-04-20,0.0,8.6,23.5,16.8,1.84,9.0,56,86,30,12.3
1998-04-21,0.0,9.3,24.0,16.9,2.64,11.7,57,97,24,12.8
1998-04-22,2.1,9.3,24.2,16.7,1.71,11.7,50,77,26,11.0
1998-04-23,0.1,13.4,25.0,18.6,2.93,12.5,57,87,30,13.0
1998-04-24,0.0,10.7,27.7,19.6,1.98,10.7,49,79,25,13.2
1998-04-25,0.0,13.3,27.7,20.7,2.07,11.3,49,77,26,13.3
1998-04-26,0.0,13.0,29.5,20.7,2.89,19.1,45,76,19,11.8
1998-04-27,0.0,14.6,22.8,18.7,4.88,13.5,28,43,16,13.3
1998-04-28,0.0,10.9,23.5,17.9,2.63,10.2,39,63,27,13.1
1998-04-29,0.6,10.9,25.4,18.6,3.88,16.6,48,81,25,13.5
1998-04-30,0.0,9.3,22.5,16.8,3.26,11.9,42,76,19,13.5
1998-05-01,1.4,9.9,21.1,15.4,2.52,11.4,52,81,31,13.1
1998-05-02,4.8,8.5,19.0,13.4,1.86,10.7,73,96,39,11.2
1998-05-03,1.0,8.6,21.0,14.4,2.48,10.1,66,93,33,13.0
1998-05-04,0.1,9.8,23.4,16.7,2.91,9.2,51,79,26,13.7
1998-05-05,0.0,11.9,22.8,16.7,3.38,12.5,44,77,24,13.8
1998-05-06,0.0,8.7,24.1,16.7,1.99,10.6,64,94,33,13.8
1998-05-07,0.0,10.7,23.6,17.1,2.64,12.5,65,100,28,13.8
1998-05-08,0.0,10.7,23.4,17.6,3.28,13.0,57,78,39,13.1
1998-05-09,0.0,10.4,24.8,18.4,2.71,10.1,59,90,36,13.4
1998-05-10,3.4,15.0,22.0,18.4,2.35,8.9,61,75,51,10.5
1998-05-11,9.6,12.4,22.7,17.9,1.27,7.5,74,92,57,13.1
1998-05-12,4.1,14.4,22.7,18.2,1.49,8.1,75,97,53,11.6
1998-05-13,0.0,10.7,23.5,17.7,1.76,7.9,73,96,47,14.0
1998-05-14,12.8,14.5,18.5,16.4,2.15,9.9,83,93,64,1.2
1998-05-15,0.3,14.8,22.9,18.3,2.22,6.5,67,76,50,8.4
1998-05-16,0.2,11.5,28.0,20.4,1.53,8.8,66,95,36,13.9
1998-05-17,0.3,13.7,27.3,20.9,1.58,6.9,69,95,44,14.0
1998-05-18,0.0,15.8,26.6,21.3,1.85,9.7,62,88,39,14.0
1998-05-19,0.0,13.6,25.8,20.1,1.91,9.6,58,86,34,13.7
1998-05-20,1.4,14.5,22.6,18.7,1.54,8.3,65,89,45,9.4
1998-05-21,0.0,14.2,23.2,18.8,1.56,9.0,63,82,48,13.7
1998-05-22,0.1,12.7,24.9,19.3,1.98,9.9,62,94,36,13.5
1998-05-23,0.0,11.3,26.3,19.4,1.85,10.4,58,88,33,14.0
1998-05-24,7.8,14.4,22.7,18.6,1.06,6.2,75,93,52,9.1
1998-05-25,1.0,11.7,24.4,18.9,1.52,7.0,70,98,42,13.7
1998-05-26,0.0,13.1,25.2,19.9,1.75,7.8,66,96,40,14.0
1998-05-27,0.5,13.2,25.4,19.9,1.64,8.5,63,92,42,13.7
1998-05-28,0.0,15.8,25.9,20.8,3.3,11.4,48,70,26,14.0
1998-05-29,0.3,12.7,24.6,19.5,2.04,9.0,50,76,34,11.9
1998-05-30,0.3,13.6,26.3,21.1,1.68,7.8,58,94,31,9.9
1998-05-31,0.0,14.3,26.9,20.8,2.12,9.3,46,71,28,13.9
1998-06-01,0.0,14.6,29.4,22.1,1.95,10.3,56,88,33,13.0
1998-06-02,0.0,15.8,30.1,23.4,1.9,8.1,54,83,33,13.3
1998-06-03,0.0,17.0,29.6,23.3,2.49,11.0,58,79,35,14.0
1998-06-04,0.0,16.1,31.0,23.9,1.95,9.8,62,90,35,14.0
1998-06-05,4.5,18.2,24.6,22.0,2.85,11.1,71,92,58,11.5
1998-06-06,0.0,18.8,30.7,24.7,2.43,9.2,46,70,24,14.0
1998-06-07,0.0,20.1,30.2,24.9,2.46,9.7,45,61,29,13.6
1998-06-08,0.0,18.9,28.7,23.6,2.05,9.7,60,73,42,13.8
1998-06-09,0.0,17.2,32.0,25.0,1.86,10.0,55,92,25,14.0
1998-06-10,0.0,17.9,36.5,28.4,2.47,11.4,43,75,23,14.0
1998-06-11,0.0,21.6,28.9,25.4,2.48,10.3,40,65,26,14.0
1998-06-12,1.1,16.6,27.6,21.2,2.19,11.7,53,91,15,13.9
1998-06-13,0.0,13.9,27.8,21.3,1.83,9.3,45,77,24,14.0
1998-06-14,0.0,14.8,31.1,23.6,2.01,10.8,41,68,20,14.0
1998-06-15,0.0,17.5,27.7,22.1,2.72,11.6,67,95,41,14.0
1998-06-16,1.1,18.9,24.9,21.5,2.9,11.0,70,88,49,13.1
1998-06-17,0.0,15.0,27.2,21.6,2.19,10.1,63,94,40,14.0
1998-06-18,0.0,15.2,29.2,22.5,2.06,10.8,56,90,31,14.0
1998-06-19,0.0,12.8,30.7,22.8,2.3,10.8,46,87,20,14.0
1998-06-20,0.0,13.2,31.4,23.3,2.51,11.3,40,70,19,14.0
1998-06-21,0.0,14.3,32.3,24.5,1.85,9.4,40,70,17,14.0
1998-06-22,0.0,20.2,33.4,26.4,1.67,9.9,42,60,22,11.9
1998-06-23,0.0,20.4,32.4,25.9,2.04,10.0,51,72,29,13.1
1998-06-24,0.0,19.3,32.4,25.3,1.78,9.5,57,84,30,14.0
1998-06-25,0.0,19.8,31.4,25.2,1.88,9.0,61,84,38,13.6
1998-06-26,0.0,19.6,30.6,24.7,2.14,9.6,65,88,41,14.0
1998-06-27,0.0,19.2,33.1,26.3,1.75,10.2,57,90,30,14.0
1998-06-28,0.0,20.1,33.2,26.8,2.15,9.5,53,75,32,14.0
1998-06-29,0.0,19.1,33.0,26.4,2.14,10.1,59,92,32,14.0
1998-06-30,0.0,19.9,31.8,25.9,2.25,10.0,61,88,36,14.0
1998-07-01,0.0,20.6,35.0,27.6,1.93,10.2,56,92,22,14.0
1998-07-02,0.0,20.8,34.7,28.5,2.19,9.2,37,59,25,14.0
1998-07-03,0.0,22.2,33.7,27.9,3.13,10.7,29,48,19,14.0
1998-07-04,0.0,19.2,31.7,25.8,2.72,12.0,46,69,25,14.0
1998-07-05,0.0,17.3,31.8,25.5,2.23,10.5,47,79,26,14.0
1998-07-06,0.0,17.3,34.3,26.4,2.04,11.8,46,74,18,14.0
1998-07-07,0.0,19.7,35.8,28.0,2.2,11.3,45,92,13,14.0
1998-07-08,0.0,20.3,30.9,25.7,2.62,11.4,50,94,32,14.0
1998-07-09,0.0,18.8,31.5,25.5,2.13,10.6,54,82,30,14.0
1998-07-10,0.0,18.7,31.7,25.5,2.16,9.4,59,94,33,14.0
1998-07-11,0.0,20.6,32.3,26.3,2.22,9.9,50,71,29,13.0
1998-07-12,0.0,17.7,33.0,25.7,2.39,10.1,52,85,24,14.0
1998-07-13,0.0,17.7,36.3,27.8,2.07,10.8,45,81,21,14.0
1998-07-14,0.0,21.4,32.2,26.4,2.93,12.5,59,77,40,13.7
1998-07-15,0.1,21.1,29.3,25.1,2.57,10.1,67,93,45,13.9
1998-07-16,0.0,20.2,32.5,25.9,2.14,10.5,59,87,32,14.0
1998-07-17,0.0,19.8,34.3,27.0,2.21,11.3,49,85,22,14.0
1998-07-18,0.0,19.4,34.5,27.2,2.34,11.4,39,59,22,14.0
1998-07-19,0.0,17.7,36.5,27.6,2.13,10.2,39,61,15,14.0
1998-07-20,0.0,19.3,34.2,26.9,2.11,10.2,58,87,31,14.0
1998-07-21,0.0,20.1,36.6,28.5,2.02,10.9,51,93,21,13.9
1998-07-22,0.0,23.1,32.8,27.5,2.27,9.9,59,81,41,13.9
1998-07-23,0.0,21.4,35.7,28.3,1.68,10.0,56,93,25,13.9
1998-07-24,0.0,21.8,35.3,28.3,2.1,11.2,51,84,23,13.9
1998-07-25,0.0,21.1,35.1,28.1,2.33,11.3,53,84,24,13.9
1998-07-26,0.0,19.6,35.0,27.7,1.95,9.2,58,92,27,13.9
1998-07-27,0.0,20.2,38.0,29.2,1.81,10.3,58,92,27,13.9
1998-07-28,0.0,22.4,33.1,27.3,2.28,9.9,67,94,40,13.7
1998-07-29,0.0,21.5,33.9,27.5,2.12,10.6,63,93,35,13.7
1998-07-30,0.0,22.2,35.7,28.4,1.99,10.9,59,90,27,13.8
1998-07-31,0.0,22.4,34.4,27.9,2.22,10.7,62,88,36,13.7
1998-08-01,0.5,22.3,33.1,27.1,2.2,11.5,64,87,38,13.4
1998-08-02,0.6,21.5,29.5,25.2,3.08,11.8,71,98,49,13.0
1998-08-03,3.0,18.5,29.8,23.4,2.6,11.2,54,83,23,13.4
1998-08-04,0.0,16.1,31.3,23.8,1.86,10.3,56,91,26,13.7
1998-08-05,0.0,17.0,32.6,25.3,1.91,9.6,52,90,24,13.7
1998-08-06,0.0,17.5,34.0,26.4,1.98,10.6,42,69,22,13.7
1998-08-07,0.0,17.7,34.1,26.9,2.04,10.8,42,69,25,13.6
1998-08-08,0.0,18.0,34.3,26.8,2.23,10.3,45,74,23,13.6
1998-08-09,0.0,17.6,34.9,26.8,2.07,9.9,47,80,19,13.5
1998-08-10,0.0,17.9,35.9,27.4,2.14,10.8,49,86,19,13.5
1998-08-11,0.0,18.4,35.7,27.8,2.06,9.4,46,74,23,13.4
1998-08-12,0.0,20.1,35.1,28.3,2.15,11.2,47,78,23,13.3
1998-08-13,0.0,19.6,33.5,26.9,1.97,10.1,59,93,28,12.9
1998-08-14,0.0,19.2,33.6,26.6,2.17,9.6,58,87,30,13.2
1998-08-15,0.0,20.9,31.1,26.2,1.88,9.8,67,95,39,8.8
1998-08-16,1.4,19.6,33.5,27.0,1.95,8.6,66,97,40,13.0
1998-08-17,0.4,22.1,31.9,27.0,1.58,7.4,73,97,48,8.9
1998-08-18,0.2,21.3,34.8,27.8,2.2,9.1,61,85,34,12.9
1998-08-19,1.0,21.9,30.0,26.4,2.33,10.5,72,94,55,12.9
1998-08-20,0.0,19.5,32.7,26.1,2.04,9.8,65,96,36,12.8
1998-08-21,0.0,19.9,34.1,27.0,1.71,9.2,55,89,24,12.8
1998-08-22,0.0,19.3,35.7,27.5,1.87,9.7,53,90,19,12.8
1998-08-23,0.0,20.0,34.5,27.5,2.02,10.3,54,79,27,12.2
1998-08-24,0.0,20.4,33.7,27.1,1.94,9.6,60,90,35,12.7
1998-08-25,0.0,19.5,33.6,26.7,2.12,10.0,60,90,33,12.5
1998-08-26,0.0,20.4,34.4,26.6,2.05,10.2,65,89,31,12.4
1998-08-27,0.0,19.9,36.8,28.7,1.58,8.4,56,96,19,12.3
1998-08-28,0.9,22.4,33.4,27.3,1.8,11.2,60,83,33,12.1
1998-08-29,1.0,22.7,28.2,25.2,2.44,9.2,80,92,64,11.7
1998-08-30,0.0,20.4,32.1,26.0,2.37,10.8,66,97,32,12.2
1998-08-31,0.0,20.8,31.5,26.1,2.85,12.9,59,71,43,11.6
1998-09-01,0.0,20.5,35.5,27.8,1.89,8.0,59,87,32,12.1
1998-09-02,0.0,21.9,33.1,27.8,1.67,9.0,67,94,43,12.0
1998-09-03,0.0,21.4,35.9,28.2,2.25,11.7,56,87,26,12.0
1998-09-04,0.0,20.0,35.7,28.3,1.71,9.7,58,93,29,12.0
1998-09-05,0.0,23.1,33.8,28.0,3.01,11.9,41,74,24,12.0
1998-09-06,0.0,20.7,31.9,25.7,1.8,9.3,67,89,39,12.0
1998-09-07,0.0,18.6,34.1,27.2,2.87,11.5,49,93,17,11.5
1998-09-08,0.0,19.2,31.9,25.9,2.41,10.9,35,61,17,12.0
1998-09-09,0.0,16.9,30.7,24.1,1.8,9.1,60,88,35,12.0
1998-09-10,0.0,17.4,32.3,25.1,1.64,8.8,65,95,36,12.0
1998-09-11,0.0,19.7,34.5,27.4,2.08,9.9,49,94,15,12.0
1998-09-12,0.0,23.8,32.3,27.2,3.46,12.8,32,45,21,11.7
1998-09-13,0.0,19.2,35.0,26.9,2.79,11.7,35,54,19,12.0
1998-09-14,0.0,22.4,32.1,26.6,1.58,9.1,44,79,26,12.0
1998-09-15,2.2,20.3,26.5,23.0,2.27,9.8,76,96,49,11.8
1998-09-16,0.0,17.1,29.8,23.2,1.75,8.6,62,88,35,12.0
1998-09-17,0.0,17.2,29.8,23.9,1.97,10.2,62,91,35,12.0
1998-09-18,4.1,19.4,23.4,21.7,2.48,9.7,81,91,72,3.6
1998-09-19,0.6,20.0,26.9,22.8,3.69,14.0,67,83,44,10.0
1998-09-20,0.0,20.1,26.8,23.2,3.43,13.0,65,82,44,12.0
1998-09-21,1.3,19.6,25.1,21.7,2.53,11.0,65,80,44,6.3
1998-09-22,0.0,16.6,24.9,20.8,1.85,8.1,66,85,45,11.7
1998-09-23,0.4,17.5,24.2,20.8,1.08,6.3,70,89,49,11.4
1998-09-24,0.1,15.2,25.2,20.8,1.81,9.0,74,97,55,11.9
1998-09-25,0.0,17.8,26.5,21.1,1.64,9.8,78,96,49,10.4
1998-09-26,2.1,17.6,24.9,21.4,1.24,8.5,73,97,44,7.0
1998-09-27,0.6,14.3,26.7,20.6,1.86,6.2,62,86,41,11.3
1998-09-28,0.0,17.3,26.5,21.7,1.28,6.5,66,83,46,6.1
1998-09-29,0.0,18.7,30.0,23.9,2.25,10.7,63,81,38,11.7
1998-09-30,0.0,16.1,27.5,21.9,2.93,11.0,53,90,22,11.7
1998-10-01,0.0,14.3,25.4,20.4,3.29,11.9,40,69,22,11.7
1998-10-02,0.0,12.5,26.6,19.7,2.42,9.6,40,63,21,11.5
1998-10-03,0.0,11.9,26.9,19.3,2.18,9.1,45,67,23,11.6
1998-10-04,0.0,14.3,29.3,21.8,2.01,12.2,54,75,35,11.3
1998-10-05,1.4,14.0,24.9,19.6,2.62,11.5,55,86,28,11.2
1998-10-06,0.0,10.9,24.2,18.1,2.53,9.6,47,76,23,11.0
1998-10-07,0.0,14.8,23.9,19.1,4.49,13.0,40,58,21,11.1
1998-10-08,0.2,13.5,22.3,17.6,3.67,13.5,40,56,27,10.8
1998-10-09,0.0,10.8,21.0,16.1,2.12,9.7,50,70,30,10.6
1998-10-10,0.0,9.4,23.5,16.7,1.56,7.1,55,85,24,10.9
1998-10-11,0.0,11.7,24.9,18.0,1.86,7.3,56,83,29,10.6
1998-10-12,0.0,11.9,29.7,20.5,2.35,10.0,53,88,30,10.8
1998-10-13,0.0,16.1,25.8,21.1,2.6,10.0,60,83,38,10.8
1998-10-14,0.0,13.3,24.6,19.1,1.68,8.5,71,100,42,10.8
1998-10-15,0.0,9.8,24.4,17.5,1.79,8.2,68,95,35,10.7
1998-10-16,0.0,12.5,25.3,18.8,1.38,6.7,71,95,39,9.6
1998-10-17,0.0,11.7,27.8,19.9,1.2,7.0,71,96,37,10.7
1998-10-18,0.0,13.5,28.9,20.6,1.79,7.2,58,87,28,10.7
1998-10-19,0.0,16.9,22.7,19.2,4.59,16.1,44,67,21,10.6
1998-10-20,0.0,12.1,22.1,16.9,2.65,9.3,39,68,20,10.6
1998-10-21,0.0,8.3,21.8,15.6,1.66,8.2,65,92,37,10.6
1998-10-22,0.0,8.3,22.3,15.7,1.41,6.3,70,97,40,10.4
1998-10-23,0.0,8.5,25.4,16.9,1.1,4.5,64,95,27,10.5
1998-10-24,0.0,10.6,28.9,18.8,1.97,6.0,46,77,23,10.4
1998-10-25,0.0,13.8,31.3,21.7,2.62,8.5,44,62,20,10.0
1998-10-26,0.0,17.8,23.9,20.9,2.7,9.6,62,76,50,7.4
1998-10-27,0.0,10.4,23.4,17.3,1.6,7.7,69,97,38,10.3
1998-10-28,0.0,9.2,25.7,17.1,1.2,5.8,68,99,28,10.1
1998-10-29,0.0,7.8,29.2,18.1,1.22,5.2,54,92,16,10.3
1998-10-30,0.0,11.8,22.7,17.6,1.89,6.9,61,84,50,10.1
1998-10-31,0.0,12.4,24.0,17.5,1.37,7.2,80,100,45,10.0
1998-11-01,0.0,10.1,28.0,18.5,2.13,7.9,58,95,21,10.0
1998-11-02,0.0,14.1,26.9,20.1,2.03,6.9,46,62,28,9.5
1998-11-03,0.0,12.5,25.1,18.6,1.8,6.2,62,88,37,7.7
1998-11-04,0.0,11.4,26.7,19.1,2.2,10.1,54,88,27,10.0
1998-11-05,12.6,13.3,17.3,14.9,1.9,6.1,82,91,60,0.0
1998-11-06,8.7,13.3,15.4,14.3,1.84,6.9,88,94,80,0.0
1998-11-07,0.0,12.5,18.2,15.0,1.49,6.9,77,94,58,9.9
1998-11-08,0.0,9.4,18.8,14.0,1.38,5.9,75,94,52,9.9
1998-11-09,0.0,8.0,20.8,14.2,1.01,3.7,77,95,54,9.9
1998-11-10,0.0,9.7,25.2,16.4,2.11,7.6,72,95,41,9.9
1998-11-11,0.0,13.7,23.4,18.4,1.99,8.1,68,89,42,9.9
1998-11-12,0.0,11.4,23.9,17.1,2.2,11.4,70,94,36,9.9
1998-11-13,0.0,9.0,24.2,16.0,1.72,6.8,67,94,33,9.8
1998-11-14,0.0,11.5,23.8,17.6,1.45,6.5,68,93,44,9.8
1998-11-15,0.1,10.6,18.4,14.6,2.1,7.4,76,87,66,5.9
1998-11-16,0.1,12.8,18.7,15.3,1.1,4.6,74,85,55,5.0
1998-11-17,0.0,10.5,18.6,14.7,1.3,5.7,82,96,63,8.1
1998-11-18,0.0,10.7,19.9,14.8,1.99,10.2,73,100,34,9.7
1998-11-19,0.0,6.4,15.3,11.5,1.96,9.4,58,93,25,9.6
1998-11-20,0.0,3.2,15.7,10.2,1.57,5.6,54,81,27,9.8
1998-11-21,0.0,4.0,15.8,10.1,1.45,4.5,67,89,36,9.7
1998-11-22,0.0,7.6,15.7,11.2,0.93,4.1,72,95,39,9.7
1998-11-23,1.1,2.5,14.8,8.7,1.34,5.3,71,88,51,9.3
1998-11-24,0.0,5.5,14.9,9.7,2.28,9.5,54,81,25,9.7
1998-11-25,0.0,3.9,19.7,10.8,2.51,8.5,58,81,35,9.1
1998-11-26,0.0,9.5,17.9,13.5,4.79,14.2,46,58,32,9.7
1998-11-27,0.0,7.2,17.7,12.2,2.64,9.2,51,71,33,9.6
1998-11-28,0.0,10.9,21.3,14.8,3.09,10.6,52,67,29,9.6
1998-11-29,0.0,6.5,16.9,11.6,4.11,15.5,56,87,27,9.5
1998-11-30,0.0,7.0,14.2,10.3,4.19,13.5,39,51,23,9.6
1998-12-01,1.0,4.6,12.7,7.7,2.48,7.7,55,84,35,9.6
1998-12-02,26.6,7.2,9.7,8.5,3.28,12.7,90,93,85,0.0
1998-12-03,0.1,6.1,11.5,8.2,3.14,10.5,77,93,56,8.6
1998-12-04,0.0,6.1,13.8,9.2,3.06,8.7,64,74,48,8.9
1998-12-05,0.0,5.2,13.3,8.8,3.4,11.6,57,69,42,9.5
1998-12-06,0.0,3.8,13.9,7.9,2.44,8.8,62,82,38,9.5
1998-12-07,0.0,1.6,13.4,6.9,1.66,5.1,68,88,44,9.5
1998-12-08,0.0,0.5,14.2,6.5,1.46,4.0,75,93,46,9.5
1998-12-09,0.0,1.3,16.6,7.6,1.65,4.8,72,95,37,9.4
1998-12-10,0.0,3.2,18.0,9.0,2.25,6.0,63,84,32,9.4
1998-12-11,0.0,6.7,19.0,11.9,2.4,7.8,69,82,54,7.9
1998-12-12,0.0,11.4,20.3,15.3,2.8,9.9,72,86,52,9.4
1998-12-13,0.0,7.0,19.7,12.4,1.49,4.9,79,95,51,9.4
1998-12-14,0.0,5.1,19.4,11.4,1.06,3.8,80,97,52,9.4
1998-12-15,0.0,3.7,19.4,10.7,1.21,4.0,71,95,37,9.4
1998-12-16,0.0,2.7,17.1,9.3,1.12,4.8,77,93,48,9.4
1998-12-17,0.0,2.6,17.5,9.5,0.87,4.1,74,97,43,9.4
1998-12-18,0.0,2.5,15.0,8.7,1.15,3.6,82,93,63,9.2
1998-12-19,0.0,2.6,17.6,9.3,1.45,5.0,77,100,41,9.3
1998-12-20,0.0,3.1,18.0,9.6,2.22,9.0,71,95,40,9.4
1998-12-21,0.0,7.8,13.4,10.2,5.26,17.6,41,63,25,9.4
1998-12-22,0.0,-0.4,13.6,6.6,1.71,6.5,64,85,41,9.4
1998-12-23,0.0,1.4,12.7,7.1,1.52,5.6,80,95,62,3.2
1998-12-24,0.0,3.3,15.2,8.8,1.64,7.0,74,98,40,8.9
1998-12-25,0.0,1.4,13.2,7.1,1.67,5.4,65,87,37,9.4
1998-12-26,0.0,-1.1,13.9,6.1,1.41,4.3,64,90,31,9.4
1998-12-27,0.0,-1.0,13.6,6.2,1.3,6.3,77,91,59,9.3
1998-12-28,0.0,1.1,15.0,6.8,1.5,5.5,78,100,41,9.2
1998-12-29,0.0,0.8,13.9,7.1,1.61,6.3,81,95,54,9.0
1998-12-30,0.9,8.4,16.2,11.5,1.46,6.9,87,98,65,7.1
1998-12-31,0.4,2.4,13.4,7.9,2.52,11.8,76,97,40,9.3
1999-01-01,1.6,3.1,12.8,8.7,2.79,12.5,68,94,36,9.3
1999-01-02,0.0,5.0,16.0,10.3,2.61,8.0,55,77,34,9.4
1999-01-03,0.0,5.8,16.9,10.3,2.36,8.2,66,85,41,9.4
1999-01-04,0.0,4.1,19.4,10.0,1.79,5.4,65,86,32,9.5
1999-01-05,0.0,1.6,17.8,8.7,1.4,5.2,69,92,34,9.5
1999-01-06,0.0,3.7,16.9,9.7,1.68,6.4,76,92,59,9.5
1999-01-07,0.0,2.9,20.6,9.5,2.16,7.7,71,99,29,9.3
1999-01-08,0.0,3.9,20.9,10.3,1.92,5.7,61,83,28,9.5
1999-01-09,0.0,6.3,17.0,10.7,1.97,6.4,72,92,48,5.2
1999-01-10,0.0,7.7,12.8,10.2,4.73,17.0,46,89,28,9.5
1999-01-11,0.0,0.6,12.3,7.0,1.77,7.7,58,87,37,9.3
1999-01-12,1.2,4.7,9.3,7.5,2.06,7.2,70,79,59,0.0
1999-01-13,0.0,1.0,16.0,7.7,1.88,7.4,72,95,38,9.6
1999-01-14,0.0,1.5,14.5,7.5,1.83,7.7,76,90,54,9.4
1999-01-15,0.1,8.6,14.6,10.9,2.23,8.6,74,91,54,9.0
1999-01-16,0.0,0.9,15.3,8.1,1.34,5.3,81,96,55,9.6
1999-01-17,2.8,8.5,14.4,10.7,1.3,9.0,84,99,64,9.2
1999-01-18,0.0,6.4,14.0,9.4,5.3,15.3,52,66,34,9.6
1999-01-19,0.0,4.5,15.7,9.6,2.62,9.9,46,62,29,9.6
1999-01-20,0.0,0.2,15.1,7.6,1.44,6.8,67,88,40,9.6
1999-01-21,0.0,4.6,13.8,9.6,1.79,8.5,85,99,63,3.8
1999-01-22,8.4,8.1,15.0,10.9,3.0,13.6,87,98,66,8.9
1999-01-23,3.4,5.9,14.4,9.7,1.47,6.5,84,98,60,8.9
1999-01-24,0.0,4.2,16.4,9.3,1.96,6.7,79,97,48,9.7
1999-01-25,0.0,2.4,16.1,9.2,1.31,4.5,80,97,48,9.7
1999-01-26,0.0,2.5,18.7,9.8,1.78,6.5,73,99,36,9.7
1999-01-27,0.0,5.2,17.4,11.3,3.48,12.7,65,89,45,9.7
1999-01-28,0.0,9.6,19.2,13.8,3.96,11.0,57,72,38,9.7
1999-01-29,0.0,11.5,19.7,14.9,4.47,13.2,48,56,37,9.7
1999-01-30,0.1,7.6,16.1,12.1,2.35,8.1,66,84,49,9.7
1999-01-31,4.3,5.3,11.1,8.7,2.04,11.0,74,95,51,5.1
1999-02-01,0.0,-0.6,10.7,5.1,1.59,6.4,63,93,28,9.9
1999-02-02,0.0,-2.2,11.8,5.4,1.86,8.1,54,83,32,9.9
1999-02-03,0.0,-2.0,15.3,6.4,1.78,5.9,54,79,28,9.9
1999-02-04,0.0,-0.2,16.5,8.2,1.43,5.9,65,91,35,10.0
1999-02-05,0.0,2.2,21.8,11.1,2.18,9.8,60,94,24,10.1
1999-02-06,0.0,9.6,20.9,14.2,3.46,11.1,35,50,18,10.1
1999-02-07,0.0,3.5,19.7,11.2,2.54,9.5,53,76,33,10.2
1999-02-08,0.0,8.0,17.7,12.5,3.16,11.7,47,64,25,10.3
1999-02-09,0.1,2.1,19.5,10.3,2.32,11.2,59,87,26,9.9
1999-02-10,0.1,6.4,12.7,9.6,4.56,14.3,43,79,18,10.3
1999-02-11,0.0,4.7,14.5,9.2,4.04,13.1,34,47,22,10.2
1999-02-12,0.0,5.3,14.9,9.3,3.2,11.8,44,57,24,10.5
1999-02-13,0.0,2.3,12.1,7.3,2.39,8.1,56,78,29,10.0
1999-02-14,1.7,4.0,9.9,6.6,3.01,11.4,70,89,44,10.2
1999-02-15,0.0,-1.9,12.8,5.6,1.53,5.8,61,90,27,10.4
1999-02-16,0.0,-0.7,15.3,7.4,1.37,7.0,61,90,28,10.7
1999-02-17,0.0,2.7,18.7,10.1,2.34,11.0,60,87,29,10.7
1999-02-18,0.0,3.2,18.9,10.8,1.86,6.6,61,88,29,10.7
1999-02-19,0.0,4.4,19.4,11.5,1.86,6.5,63,83,32,10.7
1999-02-20,0.0,4.7,24.5,13.9,2.04,8.3,56,94,18,10.7
1999-02-21,0.0,9.9,23.7,16.0,2.98,11.0,39,53,23,10.8
1999-02-22,0.0,11.0,24.8,17.1,3.5,13.5,45,66,23,10.8
1999-02-23,0.0,11.5,22.2,16.2,2.94,11.7,45,57,26,10.8
1999-02-24,0.0,6.2,21.8,14.3,2.0,9.8,56,76,36,10.8
1999-02-25,5.4,10.1,15.0,12.7,1.99,9.0,75,93,48,2.0
1999-02-26,1.2,9.2,17.1,13.2,4.61,15.4,75,95,50,10.8
1999-02-27,40.9,9.8,13.6,11.7,2.43,12.5,87,93,77,2.4
1999-02-28,9.7,10.2,14.0,11.9,3.94,16.5,83,94,73,1.0
1999-03-01,0.0,9.2,18.2,12.7,2.74,8.0,71,88,44,10.9
1999-03-02,0.0,4.1,18.1,11.3,1.4,8.3,78,99,50,10.9
1999-03-03,0.0,6.0,19.1,13.0,1.61,7.8,73,97,49,10.9
1999-03-04,0.0,7.1,15.6,12.1,3.74,15.5,55,81,33,11.0
1999-03-05,0.0,3.4,16.3,10.0,3.31,13.7,54,83,26,11.1
1999-03-06,0.0,2.4,16.6,9.3,2.91,10.8,58,86,27,11.1
1999-03-07,0.0,2.5,17.4,9.3,2.2,9.7,62,84,32,11.2
1999-03-08,0.0,2.8,18.1,10.5,1.59,8.0,71,95,40,11.0
1999-03-09,0.0,2.8,19.8,11.5,1.45,8.1,73,97,43,11.2
1999-03-10,0.0,5.9,20.2,12.9,1.49,8.3,74,96,48,11.0
1999-03-11,1.4,6.2,19.0,12.5,1.69,7.6,77,95,55,10.4
1999-03-12,15.6,10.6,15.5,12.6,1.67,8.0,86,96,66,5.3
1999-03-13,1.2,8.3,18.9,13.3,1.47,6.9,80,100,51,10.8
1999-03-14,14.4,11.1,15.9,13.5,2.52,9.8,84,93,71,6.7
1999-03-15,1.7,12.7,17.7,14.6,2.42,9.2,81,89,72,10.2
1999-03-16,0.3,9.5,19.4,14.2,2.97,13.8,68,88,42,11.0
1999-03-17,0.0,9.3,20.8,14.6,2.46,9.6,64,88,43,11.7
1999-03-18,0.0,9.9,18.5,13.7,1.66,7.2,72,92,48,11.7
1999-03-19,0.0,6.8,21.4,13.4,1.72,6.2,65,96,33,11.8
1999-03-20,0.0,6.7,18.9,13.0,1.88,8.6,78,99,51,11.8
1999-03-21,0.0,8.6,18.8,13.6,1.53,7.8,80,99,55,11.7
1999-03-22,0.0,6.7,21.1,13.6,1.86,9.4,73,98,40,11.8
1999-03-23,0.0,5.7,17.3,12.1,2.36,10.9,73,97,47,11.9
1999-03-24,13.0,9.9,17.2,12.4,2.72,10.8,81,92,59,5.7
1999-03-25,2.0,6.2,21.3,13.8,2.02,9.4,76,99,45,11.9
1999-03-26,0.0,7.8,17.3,12.4,4.38,15.5,52,87,25,11.9
1999-03-27,0.0,5.5,16.9,11.9,3.92,16.6,50,73,33,12.0
1999-03-28,0.1,9.3,17.6,13.2,5.33,19.6,46,65,28,12.0
1999-03-29,0.0,6.1,22.2,13.9,2.57,9.7,50,85,29,12.0
1999-03-30,0.0,5.9,22.2,14.1,1.64,9.0,69,94,41,12.0
1999-03-31,0.0,6.5,22.5,15.1,1.77,9.4,64,96,33,12.0
1999-04-01,0.5,6.7,22.4,15.1,1.4,8.9,62,88,38,12.0
1999-04-02,0.0,9.5,23.9,16.2,2.1,7.9,58,90,27,12.0
1999-04-03,0.0,9.5,25.3,17.2,2.04,8.4,54,82,28,12.0
1999-04-04,0.0,9.1,25.5,17.7,1.83,8.6,54,87,28,12.1
1999-04-05,0.0,10.4,25.2,18.4,1.59,8.7,50,75,32,12.2
1999-04-06,0.0,8.1,25.5,18.0,1.68,9.1,49,89,22,12.2
1999-04-07,0.0,7.6,28.1,18.0,1.62,10.7,45,78,17,10.8
1999-04-08,0.0,9.8,24.7,16.8,2.96,11.9,48,82,20,12.2
1999-04-09,0.0,7.5,20.7,14.6,2.12,11.3,59,84,30,12.2
1999-04-10,0.0,6.9,22.2,14.7,2.1,10.4,65,97,33,12.3
1999-04-11,0.0,7.8,24.6,16.4,1.81,11.0,57,89,27,12.3
1999-04-12,0.0,7.8,25.4,16.8,1.91,10.3,58,92,26,12.4
1999-04-13,0.0,13.0,22.0,17.3,2.49,13.1,48,68,38,12.4
1999-04-14,0.0,9.2,20.9,15.2,2.15,11.1,60,84,38,12.4
1999-04-15,0.4,8.3,23.2,15.5,2.16,15.5,56,92,28,12.0
1999-04-16,0.1,7.3,20.5,14.8,3.09,13.6,34,62,16,12.7
1999-04-17,0.0,11.6,21.3,16.8,3.87,15.1,41,78,18,12.7
1999-04-18,0.0,6.7,22.2,14.6,2.31,10.9,38,64,19,12.9
1999-04-19,0.0,7.3,22.9,15.3,2.01,10.3,59,90,29,12.9
1999-04-20,0.0,8.4,27.4,18.6,1.95,10.6,51,84,24,11.4
1999-04-21,0.0,12.7,27.4,21.0,2.73,10.3,44,69,27,11.4
1999-04-22,0.0,13.9,27.6,21.1,2.33,9.9,42,71,20,13.1
1999-04-23,0.0,12.4,27.4,20.3,2.98,12.9,35,61,19,12.3
1999-04-24,0.0,12.5,22.7,17.8,2.27,11.5,42,69,28,13.3
1999-04-25,0.0,9.8,25.3,18.0,1.99,12.3,58,81,32,13.3
1999-04-26,0.0,15.0,24.2,19.3,3.29,10.1,43,76,22,13.1
1999-04-27,0.2,13.9,22.8,17.7,2.61,11.5,43,75,26,11.0
1999-04-28,4.5,12.8,19.7,15.6,2.44,11.5,73,96,44,8.2
1999-04-29,0.0,8.1,23.4,16.5,1.75,10.4,61,93,32,13.5
1999-04-30,0.4,10.8,24.4,17.6,2.1,8.7,60,91,30,12.3
1999-05-01,0.5,11.1,24.0,17.7,2.94,11.5,58,83,34,12.3
1999-05-02,0.0,10.4,23.2,17.3,1.67,9.0,67,97,37,12.8
1999-05-03,0.9,11.9,24.8,18.8,2.87,10.7,59,93,30,12.8
1999-05-04,0.0,16.2,27.0,21.3,4.2,12.7,45,64,27,13.7
1999-05-05,0.0,13.8,27.9,21.2,1.82,7.7,48,77,30,13.5
1999-05-06,0.1,15.4,29.7,22.8,1.9,9.8,50,79,29,13.5
1999-05-07,0.3,17.0,28.2,22.3,1.72,11.0,57,82,34,12.0
1999-05-08,0.0,17.2,28.5,22.4,2.38,10.6,52,75,30,12.2
1999-05-09,0.0,13.9,27.4,21.0,2.57,10.8,58,87,31,13.3
1999-05-10,0.0,15.5,29.4,22.5,1.66,9.0,51,78,31,13.6
1999-05-11,0.0,14.0,31.3,23.4,1.59,9.0,51,85,27,13.9
1999-05-12,0.0,15.3,32.9,24.4,1.7,8.3,51,86,24,14.0
1999-05-13,0.0,15.9,30.7,23.7,1.67,8.2,56,84,33,13.6
1999-05-14,0.0,17.7,34.2,25.7,2.26,11.5,42,78,19,14.0
1999-05-15,0.0,18.0,31.5,24.7,2.54,10.4,42,66,24,14.0
1999-05-16,0.4,17.0,26.8,21.3,2.55,14.9,61,86,34,14.0
1999-05-17,0.0,14.3,26.5,20.4,3.27,12.4,45,89,20,14.0
1999-05-18,0.0,13.8,25.0,20.1,3.01,11.8,38,65,22,14.0
1999-05-19,0.0,11.6,25.1,19.1,3.11,13.8,38,69,18,14.0
1999-05-20,0.0,14.0,27.0,20.3,2.72,9.8,33,46,19,14.0
1999-05-21,0.0,13.4,27.8,20.4,2.64,12.6,40,65,20,14.0
1999-05-22,0.0,11.8,26.8,19.8,2.17,10.2,51,89,23,14.0
1999-05-23,0.0,13.5,27.8,21.4,2.09,10.3,43,72,21,14.0
1999-05-24,0.0,12.8,27.6,20.8,2.72,11.7,51,79,28,14.0
1999-05-25,0.0,12.4,28.4,21.2,2.18,10.5,51,85,26,13.8
1999-05-26,0.0,13.9,28.7,21.7,2.27,10.4,49,80,22,12.7
1999-05-27,0.0,16.1,31.6,23.1,1.96,10.0,43,62,22,10.7
1999-05-28,0.0,15.8,30.2,22.7,1.9,11.3,57,82,32,12.7
1999-05-29,0.0,17.5,28.5,22.5,1.86,9.8,65,89,40,11.0
1999-05-30,0.0,18.5,28.9,23.4,1.73,9.1,60,85,39,9.0
1999-05-31,0.0,19.0,30.3,24.4,1.82,11.5,58,82,33,8.9
1999-06-01,0.0,19.6,32.0,26.2,2.09,11.0,50,74,31,13.0
1999-06-02,0.1,19.4,33.7,26.1,1.7,9.4,53,86,28,13.9
1999-06-03,0.0,16.5,33.8,25.9,1.66,9.8,44,80,20,13.4
1999-06-04,0.0,19.3,31.0,24.6,3.01,11.4,40,80,22,14.0
1999-06-05,0.0,17.8,30.2,23.5,1.92,11.1,64,91,35,14.0
1999-06-06,0.0,17.6,30.6,23.5,2.69,12.1,55,82,28,14.0
1999-06-07,0.6,18.2,28.5,22.6,2.23,10.0,68,95,38,14.0
1999-06-08,1.1,17.3,25.5,21.4,3.25,12.5,73,97,49,13.3
1999-06-09,3.5,16.5,25.4,21.1,2.41,11.2,63,89,39,13.4
1999-06-10,0.0,15.5,27.6,21.4,1.78,10.3,60,85,36,14.0
1999-06-11,0.0,15.1,28.0,21.7,2.19,10.9,58,88,34,13.3
1999-06-12,0.0,15.1,28.5,22.6,2.01,9.2,52,85,28,13.1
1999-06-13,0.0,15.3,30.0,23.5,2.58,11.8,45,75,24,14.0
1999-06-14,0.8,15.2,28.7,23.0,2.18,10.5,53,79,32,14.0
1999-06-15,0.0,17.7,29.1,23.2,2.33,10.0,67,98,39,14.0
1999-06-16,0.0,16.8,30.6,23.8,1.87,9.6,62,100,30,13.4
1999-06-17,0.0,17.2,32.6,25.1,2.65,12.4,53,86,24,14.0
1999-06-18,0.1,16.7,29.5,23.9,2.91,12.1,51,84,28,14.0
1999-06-19,0.0,16.4,32.0,24.8,2.45,13.2,45,78,23,14.0
1999-06-20,0.0,17.7,31.0,24.6,2.26,10.1,53,82,30,14.0
1999-06-21,0.0,17.2,34.9,26.4,2.12,11.2,51,87,22,14.0
1999-06-22,0.0,18.6,27.8,23.5,3.33,12.3,60,79,44,14.0
1999-06-23,0.1,17.3,30.2,23.2,2.51,10.6,56,82,32,14.0
1999-06-24,0.0,16.7,29.9,23.3,2.07,10.1,54,82,31,14.0
1999-06-25,0.0,15.7,30.3,23.6,2.02,9.7,54,85,32,14.0
1999-06-26,0.0,17.5,31.9,24.9,1.82,10.2,60,89,38,14.0
1999-06-27,0.0,18.0,36.1,27.8,1.96,9.8,43,88,17,14.0
1999-06-28,0.0,20.2,31.6,26.8,3.12,11.6,40,79,25,13.9
1999-06-29,0.0,19.3,32.1,25.8,1.78,10.3,65,95,39,14.0
1999-06-30,0.0,20.1,32.5,26.6,2.17,10.7,51,80,27,14.0
1999-07-01,0.0,18.6,33.6,26.6,2.26,11.1,44,67,24,13.3
1999-07-02,0.0,18.9,36.9,28.2,1.66,12.7,43,71,19,13.0
1999-07-03,0.0,20.8,39.4,30.1,2.27,11.3,39,62,16,14.0
1999-07-04,0.0,22.4,35.3,28.4,1.85,10.6,53,75,33,14.0
1999-07-05,0.0,21.9,34.8,28.1,2.52,12.2,42,70,26,13.7
1999-07-06,0.0,20.1,33.6,27.2,2.67,13.3,54,79,32,14.0
1999-07-07,0.0,22.0,29.7,25.7,2.95,10.7,65,93,40,13.8
1999-07-08,0.0,18.5,31.1,25.3,2.27,10.7,56,86,34,14.0
1999-07-09,0.0,19.9,31.3,25.5,2.24,10.4,58,86,35,14.0
1999-07-10,0.0,18.7,32.3,25.5,2.15,10.2,61,91,34,14.0
1999-07-11,0.0,19.6,31.6,25.6,2.48,9.9,65,93,40,14.0
1999-07-12,0.0,20.4,30.9,25.5,1.66,8.9,66,94,42,13.7
1999-07-13,0.0,19.7,32.8,26.9,1.84,7.5,47,73,28,14.0
1999-07-14,0.0,20.1,34.1,27.2,2.12,10.9,54,89,28,14.0
1999-07-15,0.0,19.3,34.0,26.9,2.24,10.1,53,84,26,14.0
1999-07-16,0.0,21.3,31.7,26.3,2.37,10.8,57,74,39,14.0
1999-07-17,0.0,19.8,32.8,26.1,2.1,10.1,65,96,35,13.9
1999-07-18,0.0,21.0,31.0,25.7,2.2,9.8,68,95,42,14.0
1999-07-19,0.1,20.8,31.7,25.8,1.7,10.0,68,91,39,13.8
1999-07-20,0.0,20.3,32.4,26.8,2.06,10.2,63,96,37,14.0
1999-07-21,0.0,18.9,34.3,27.3,2.12,10.8,53,93,24,13.9
1999-07-22,0.0,19.2,34.5,27.3,2.13,10.5,44,60,28,13.9
1999-07-23,0.0,21.4,31.8,26.1,2.51,11.1,66,86,42,13.9
1999-07-24,0.0,21.0,30.4,25.6,2.66,10.6,65,94,39,13.7
1999-07-25,0.0,19.8,31.5,25.6,2.36,10.3,61,91,35,13.9
1999-07-26,0.0,19.1,32.3,25.8,2.31,11.2,60,96,29,13.9
1999-07-27,3.0,20.0,30.5,25.5,1.68,10.9,58,82,34,13.8
1999-07-28,0.0,18.1,33.6,26.8,2.26,12.3,46,78,24,13.9
1999-07-29,0.0,19.4,33.4,26.9,2.01,10.1,49,76,31,13.8
1999-07-30,0.0,19.4,33.8,26.6,2.17,10.4,59,92,27,13.7
1999-07-31,0.0,19.8,31.8,25.8,2.55,10.9,69,96,40,13.8
1999-08-01,0.0,21.2,31.6,26.0,2.22,10.6,69,95,43,13.4
1999-08-02,0.0,20.4,32.9,26.4,1.99,9.5,64,94,34,13.6
1999-08-03,0.2,21.5,31.1,26.2,1.88,9.1,70,97,47,13.0
1999-08-04,0.0,22.3,34.2,27.9,1.44,9.2,64,93,39,13.4
1999-08-05,0.0,21.9,37.2,29.6,1.92,10.4,50,75,27,13.6
1999-08-06,0.0,22.1,36.0,28.9,1.66,9.2,57,92,30,13.5
1999-08-07,0.0,21.5,36.2,29.7,2.1,11.0,37,56,22,13.5
1999-08-08,0.0,22.5,35.2,29.3,2.3,11.3,39,60,27,13.5
1999-08-09,0.0,23.0,35.2,28.7,1.85,9.0,38,65,21,13.1
1999-08-10,0.0,23.6,35.2,28.4,2.65,11.3,37,69,18,13.5
1999-08-11,0.0,21.7,31.9,26.4,2.45,10.7,66,87,41,13.3
1999-08-12,0.0,20.9,33.9,26.8,1.67,9.5,64,94,33,13.2
1999-08-13,0.0,21.4,31.1,25.8,2.56,10.2,70,97,42,12.9
1999-08-14,0.0,20.7,32.3,26.0,2.1,9.4,63,92,35,13.0
1999-08-15,0.0,19.7,35.1,27.3,1.93,10.1,58,92,25,13.2
1999-08-16,0.0,20.4,36.5,28.6,1.69,9.8,57,89,29,13.2
1999-08-17,0.0,22.3,36.7,29.4,2.5,12.5,41,61,21,13.2
1999-08-18,0.0,20.0,36.8,27.8,1.79,9.6,57,85,24,12.4
1999-08-19,0.0,21.5,33.0,27.0,2.08,8.5,64,90,41,12.6
1999-08-20,0.0,23.1,32.4,27.3,2.14,10.7,64,82,47,12.8
1999-08-21,0.0,20.9,32.7,26.5,1.85,9.0,68,92,42,12.8
1999-08-22,0.0,21.4,33.4,26.9,1.7,9.2,66,92,37,12.8
1999-08-23,0.0,21.1,34.5,26.9,1.96,10.6,67,94,33,12.5
1999-08-24,0.0,21.0,35.7,28.0,2.0,10.5,61,91,30,12.7
1999-08-25,0.0,22.3,37.0,29.5,1.9,9.8,54,82,30,12.5
1999-08-26,0.7,24.8,33.1,28.7,2.12,10.0,54,87,32,11.1
1999-08-27,0.0,21.4,35.2,28.2,1.79,9.5,60,91,33,12.4
1999-08-28,0.0,20.8,36.8,29.2,1.7,9.4,53,84,25,12.1
1999-08-29,0.0,21.0,34.4,27.5,2.17,10.9,65,88,35,11.0
1999-08-30,0.0,22.6,31.9,26.8,2.19,9.6,74,98,45,12.1
1999-08-31,0.0,22.4,31.6,26.4,2.51,11.3,70,97,38,12.1
1999-09-01,0.0,20.6,31.3,25.8,3.06,13.2,67,92,38,12.1
1999-09-02,0.0,20.8,33.6,27.0,2.04,8.5,61,83,35,12.0
1999-09-03,0.0,22.3,37.1,29.3,2.43,11.1,50,94,16,12.1
1999-09-04,11.3,21.4,30.6,26.3,2.91,10.3,61,92,51,12.0
1999-09-05,8.8,22.2,27.6,24.5,1.8,6.8,79,94,57,9.9
1999-09-06,2.6,20.9,28.7,24.6,1.48,7.7,74,85,58,11.3
1999-09-07,2.2,19.2,29.3,24.0,1.51,7.7,71,95,43,12.0
1999-09-08,0.3,18.4,28.1,23.4,1.66,7.2,73,95,50,12.0
1999-09-09,0.0,17.8,29.4,24.0,1.86,9.3,68,95,42,12.0
1999-09-10,0.0,17.3,29.2,23.6,2.17,10.0,67,92,42,12.0
1999-09-11,0.0,16.5,29.7,23.2,1.85,7.4,68,96,36,12.0
1999-09-12,0.0,16.8,29.7,23.5,1.76,8.8,69,95,37,12.0
1999-09-13,0.0,19.3,28.3,23.4,1.85,9.1,74,97,45,11.3
1999-09-14,0.0,18.1,27.7,23.0,1.64,9.1,71,94,47,11.7
1999-09-15,0.0,14.5,30.9,22.9,1.92,7.0,56,93,19,12.0
1999-09-16,0.0,14.8,31.9,23.5,2.0,9.2,48,77,20,12.0
1999-09-17,0.0,16.5,31.7,24.0,2.18,11.1,45,67,24,12.0
1999-09-18,0.0,16.4,27.9,23.0,2.67,10.1,45,66,28,11.3
1999-09-19,9.8,18.1,21.6,19.9,2.28,16.9,70,86,58,3.0
1999-09-20,0.0,11.6,25.5,18.9,2.93,10.4,55,86,28,12.0
1999-09-21,0.0,12.8,26.8,19.8,1.89,8.4,56,81,34,12.0
1999-09-22,0.0,13.5,28.2,21.6,1.22,6.8,62,92,37,12.0
1999-09-23,0.0,15.8,30.7,23.3,1.53,6.6,59,92,29,11.9
1999-09-24,0.0,15.3,31.8,24.0,1.49,7.0,57,89,29,11.9
1999-09-25,0.0,16.2,31.4,24.1,1.62,10.2,58,91,29,9.7
1999-09-26,0.0,16.8,28.0,22.5,1.97,8.5,53,78,28,11.9
1999-09-27,0.0,17.7,27.5,21.9,1.32,7.0,69,96,40,11.3
1999-09-28,0.0,14.7,30.7,22.9,1.78,6.9,54,87,25,11.8
1999-09-29,0.0,15.1,31.5,24.0,1.62,8.2,48,77,25,11.8
1999-09-30,0.0,15.1,30.3,23.4,3.3,15.4,50,82,27,11.7
1999-10-01,0.0,14.6,27.9,21.8,1.9,9.2,51,81,33,11.7
1999-10-02,0.0,14.6,28.9,21.9,1.35,8.4,65,98,28,11.6
1999-10-03,0.0,14.1,31.2,23.0,1.37,6.2,51,81,21,11.5
1999-10-04,0.0,17.0,25.2,20.8,2.79,11.8,57,78,39,11.3
1999-10-05,0.0,18.1,22.5,20.2,2.84,10.9,70,85,55,5.7
1999-10-06,6.1,17.6,22.4,19.8,2.04,8.6,75,95,62,5.6
1999-10-07,3.5,17.1,21.0,18.9,3.38,12.4,79,96,64,3.7
1999-10-08,6.2,17.2,19.6,18.3,3.31,11.3,72,85,64,2.5
1999-10-09,0.0,15.5,22.0,18.5,2.44,9.0,65,80,47,9.4
1999-10-10,0.0,12.0,23.7,17.5,2.01,9.0,74,92,49,10.8
1999-10-11,1.1,15.5,23.3,18.7,1.97,7.5,79,90,61,7.1
1999-10-12,9.0,17.4,21.7,19.3,1.05,8.2,89,98,78,3.0
1999-10-13,0.4,14.4,24.3,19.2,1.32,4.6,85,100,60,10.2
1999-10-14,1.5,15.1,25.5,19.9,1.22,6.1,84,100,54,7.6
1999-10-15,0.0,14.8,25.4,19.7,1.27,5.2,80,100,47,10.4
1999-10-16,0.3,16.1,24.5,20.4,1.24,5.7,80,96,56,10.6
1999-10-17,0.0,16.5,23.8,19.6,1.3,8.5,80,100,56,9.9
1999-10-18,0.0,13.3,23.8,18.0,2.8,11.3,58,82,34,10.5
1999-10-19,0.0,10.5,24.1,16.9,1.86,8.7,64,85,39,10.3
1999-10-20,12.3,13.2,18.6,15.8,3.37,15.5,79,91,67,0.8
1999-10-21,0.2,10.9,22.9,16.6,2.4,9.2,64,83,39,9.2
1999-10-22,0.2,12.7,25.1,18.6,2.46,11.7,75,93,54,9.5
1999-10-23,0.0,14.1,24.0,19.3,2.66,8.9,68,87,43,10.0
1999-10-24,5.7,14.2,21.2,17.7,2.27,13.6,85,93,72,7.5
1999-10-25,0.2,10.2,20.5,16.5,1.55,6.3,80,97,55,9.6
1999-10-26,14.0,14.2,19.2,16.6,2.23,9.3,86,99,67,3.7
1999-10-27,0.0,14.1,25.1,18.6,1.92,7.2,81,95,58,10.0
1999-10-28,0.0,12.0,25.1,18.2,1.63,6.6,77,96,52,10.2
1999-10-29,0.0,16.0,25.4,19.8,1.61,5.6,73,86,53,9.0
1999-10-30,0.0,14.4,25.3,19.0,1.83,7.5,71,97,38,10.0
1999-10-31,0.0,13.2,23.2,17.7,1.85,6.3,63,81,44,10.1
1999-11-01,0.0,10.4,22.6,16.6,1.24,6.2,76,95,49,10.0
1999-11-02,0.0,10.3,23.8,17.3,1.21,6.1,76,100,46,10.0
1999-11-03,0.0,13.8,19.6,16.3,1.84,5.8,65,89,51,10.0
1999-11-04,0.0,8.6,19.7,14.2,1.27,4.6,80,99,53,10.0
1999-11-05,0.0,7.6,21.6,14.4,1.27,6.2,80,97,52,10.0
1999-11-06,0.0,10.3,25.5,17.2,2.61,11.0,66,96,34,9.9
1999-11-07,0.0,15.2,22.3,18.2,3.54,13.2,49,67,26,9.9
1999-11-08,0.0,8.1,19.6,13.8,1.45,4.7,56,76,33,9.9
1999-11-09,0.0,7.7,18.8,13.7,1.35,7.1,69,84,50,9.9
1999-11-10,0.0,7.8,18.5,13.3,1.58,5.3,72,95,43,9.9
1999-11-11,7.0,9.3,14.2,11.9,2.48,9.4,85,94,76,4.4
1999-11-12,8.6,9.1,15.8,12.5,1.64,7.4,87,95,77,7.1
1999-11-13,1.8,6.1,17.1,11.1,2.08,7.6,71,95,35,9.8
1999-11-14,0.0,4.6,14.9,9.5,1.51,5.6,73,91,52,9.6
1999-11-15,0.0,4.7,14.2,9.2,2.22,8.6,75,95,50,8.9
1999-11-16,0.0,4.8,15.1,9.7,1.58,6.0,71,91,46,9.8
1999-11-17,0.0,5.7,15.6,9.7,3.05,10.7,57,81,38,9.8
1999-11-18,0.0,7.9,16.9,11.2,2.88,9.9,57,78,40,9.8
1999-11-19,0.0,6.2,18.1,11.4,2.43,9.9,66,84,44,9.5
1999-11-20,5.3,3.2,11.6,7.4,2.23,8.7,69,88,44,0.6
1999-11-21,0.0,0.1,9.9,4.9,3.18,10.2,54,76,39,9.5
1999-11-22,0.0,3.9,12.1,7.2,4.58,14.1,44,52,32,9.7
1999-11-23,0.0,2.4,12.6,7.6,1.87,7.2,57,78,37,9.7
1999-11-24,0.0,-0.4,14.0,6.6,1.18,4.1,66,90,36,9.7
1999-11-25,0.0,0.2,14.5,7.1,1.4,4.9,73,90,51,9.7
1999-11-26,0.0,4.4,14.6,9.2,1.65,5.7,81,95,60,9.2
1999-11-27,0.0,3.6,15.3,9.3,1.94,6.3,79,97,51,9.6
1999-11-28,0.0,5.8,16.0,10.1,2.17,9.1,78,92,54,9.5
1999-11-29,4.9,7.7,13.0,10.8,2.15,7.0,87,91,81,0.0
1999-11-30,0.1,8.6,15.6,12.1,2.65,9.7,80,92,62,9.3
1999-12-01,0.9,11.0,16.7,13.5,2.34,8.6,77,85,65,7.6
1999-12-02,0.0,8.9,17.9,13.1,1.32,4.8,81,93,62,8.8
1999-12-03,0.0,8.6,17.3,12.4,1.19,4.0,86,99,62,9.5
1999-12-04,0.8,6.1,16.0,10.7,1.31,4.9,83,98,57,0.5
1999-12-05,0.0,9.5,17.2,12.4,3.14,10.0,68,82,44,9.5
1999-12-06,0.0,7.2,14.2,10.3,1.46,4.7,78,91,61,8.5
1999-12-07,0.0,4.6,14.2,9.3,1.28,4.9,82,98,61,9.5
1999-12-08,0.0,1.9,14.0,7.6,1.15,3.7,80,99,50,9.5
1999-12-09,0.0,2.2,15.6,8.3,1.84,7.0,76,94,48,8.8
1999-12-10,0.0,6.1,15.1,10.4,3.64,12.7,59,88,35,9.4
1999-12-11,0.0,8.1,16.1,11.3,3.13,9.5,61,73,46,9.4
1999-12-12,0.0,4.5,16.7,10.3,2.33,8.5,73,92,49,9.4
1999-12-13,0.0,7.4,18.3,11.8,1.25,4.0,84,97,59,9.1
1999-12-14,0.0,7.7,19.7,13.0,1.94,8.7,77,96,51,7.3
1999-12-15,1.8,9.7,16.8,12.2,3.35,12.3,67,89,40,6.8
1999-12-16,0.2,5.0,9.1,7.0,6.62,22.0,30,44,20,9.4
1999-12-17,0.0,1.3,10.7,5.2,2.78,10.3,42,58,22,9.4
1999-12-18,0.0,-0.4,13.0,5.5,2.7,7.4,59,75,35,8.4
1999-12-19,0.0,4.8,16.0,9.5,2.57,9.4,70,88,47,8.5
1999-12-20,0.0,10.2,17.0,12.7,4.36,12.8,54,68,34,9.4
1999-12-21,0.0,4.9,15.8,9.6,1.77,6.8,56,74,31,9.4
1999-12-22,0.0,0.5,14.6,7.3,1.19,4.8,72,91,44,9.4
1999-12-23,0.0,1.2,14.3,7.5,1.01,4.0,76,95,50,9.3
1999-12-24,0.0,0.2,15.5,7.1,1.48,4.8,77,96,44,9.4
1999-12-25,0.0,2.2,17.5,8.4,1.69,5.5,74,94,40,9.2
1999-12-26,0.0,5.6,18.3,10.8,2.18,7.7,76,92,49,8.8
1999-12-27,0.0,6.1,19.3,12.1,2.34,9.9,73,95,44,8.5
1999-12-28,0.5,9.9,18.3,14.2,2.13,9.9,64,89,47,8.7
1999-12-29,10.4,7.4,11.5,9.4,2.39,9.3,77,92,69,4.2
1999-12-30,3.3,7.0,11.9,9.0,2.0,8.6,75,90,55,8.3
1999-12-31,0.0,2.5,13.4,8.0,1.06,4.5,72,95,42,8.9
2000-01-01,0.0,-0.1,13.6,6.4,1.32,4.1,71,91,44,9.4
2000-01-02,0.0,-0.4,13.5,6.3,1.05,4.4,78,94,53,9.4
2000-01-03,0.0,1.1,12.6,6.9,1.37,5.1,83,98,62,8.4
2000-01-04,0.0,1.3,13.7,7.2,1.23,4.1,82,97,59,9.4
2000-01-05,0.0,0.5,12.7,6.4,1.26,5.6,83,98,58,9.4
2000-01-06,0.0,-0.1,13.6,6.4,1.09,4.0,79,100,48,9.4
2000-01-07,0.0,-1.5,14.2,5.7,1.23,4.0,72,93,40,9.5
2000-01-08,0.0,-1.8,12.5,5.2,1.03,3.7,75,92,50,8.9
2000-01-09,0.0,-0.3,14.5,6.5,1.22,4.7,76,96,48,9.5
2000-01-10,0.9,2.5,11.7,7.0,2.48,10.0,85,96,64,8.2
2000-01-11,2.4,7.7,10.8,8.9,2.98,11.1,83,91,73,5.9
2000-01-12,0.0,6.0,12.8,9.1,1.74,6.3,76,89,56,8.3
2000-01-13,0.0,0.1,13.6,6.7,1.56,4.8,76,96,46,9.6
2000-01-14,5.3,4.1,11.1,7.1,1.36,8.0,92,99,83,4.9
2000-01-15,2.6,2.9,10.9,6.0,1.68,5.3,92,100,78,8.3
2000-01-16,0.0,2.8,13.3,7.4,1.91,6.8,83,98,51,9.4
2000-01-17,0.0,3.4,13.4,7.8,1.62,5.2,82,99,56,9.3
2000-01-18,0.0,1.0,16.5,7.2,2.18,6.8,73,97,36,9.6
2000-01-19,0.0,2.7,14.5,7.9,2.47,8.1,70,84,48,9.6
2000-01-20,0.0,1.4,12.8,7.5,1.79,7.7,79,98,52,8.6
2000-01-21,0.0,2.9,14.0,8.0,1.6,5.2,78,97,50,9.3
2000-01-22,0.0,-0.1,14.7,6.7,1.54,4.4,76,96,43,9.6
2000-01-23,0.0,2.2,12.8,6.9,2.44,10.2,61,89,38,9.7
2000-01-24,0.0,-0.2,11.0,5.2,1.98,6.9,65,90,37,9.7
2000-01-25,0.0,1.5,8.6,5.4,1.45,4.2,80,92,68,0.0
2000-01-26,0.2,5.1,11.6,8.2,1.8,7.4,75,90,59,3.6
2000-01-27,0.0,0.9,13.7,7.6,1.89,8.6,79,96,56,7.6
2000-01-28,0.0,4.1,15.1,9.2,1.37,4.9,76,96,49,9.1
2000-01-29,0.0,2.7,16.5,9.0,1.35,4.9,74,96,40,9.6
2000-01-30,0.0,2.8,19.4,9.6,2.05,7.1,69,94,35,9.7
2000-01-31,0.0,2.2,19.0,10.1,1.26,5.5,72,96,35,9.7
2000-02-01,0.0,4.6,21.3,11.5,1.73,5.1,73,93,42,6.2
2000-02-02,0.0,7.6,20.8,13.6,2.92,11.4,72,92,44,9.8
2000-02-03,0.0,10.3,19.7,14.4,2.29,9.5,65,83,42,9.9
2000-02-04,0.0,4.0,18.1,11.4,1.31,6.9,76,96,48,10.0
2000-02-05,0.0,1.8,17.2,9.7,1.35,6.6,69,98,30,10.0
2000-02-06,0.0,1.8,20.2,10.2,1.29,4.2,67,92,30,10.0
2000-02-07,0.0,7.0,21.3,13.4,2.5,10.6,57,82,29,9.9
2000-02-08,0.0,6.8,23.8,14.1,2.24,7.8,63,88,34,10.2
2000-02-09,0.0,11.4,21.7,15.4,3.0,10.0,54,81,30,10.2
2000-02-10,0.0,4.7,20.0,12.7,1.21,6.0,68,96,35,10.4
2000-02-11,0.0,7.5,21.1,13.2,2.01,7.2,61,79,35,10.2
2000-02-12,0.0,6.0,19.9,12.2,2.19,9.0,68,92,35,10.1
2000-02-13,0.0,4.2,18.9,11.5,1.36,6.3,69,99,31,10.1
2000-02-14,0.0,8.2,22.7,14.3,2.56,9.4,47,64,31,10.3
2000-02-15,0.0,6.3,23.0,14.6,1.66,6.1,60,90,31,10.6
2000-02-16,0.0,7.2,24.2,15.3,2.57,9.6,57,87,25,10.7
2000-02-17,0.0,11.6,22.3,16.6,5.12,14.5,38,49,28,10.7
2000-02-18,0.0,10.1,20.8,15.6,2.33,11.0,51,74,34,10.7
2000-02-19,0.0,6.8,25.4,15.4,2.0,6.6,52,87,18,10.7
2000-02-20,0.0,6.6,19.7,13.1,2.07,8.7,56,80,43,10.7
2000-02-21,0.0,7.9,18.4,12.2,1.64,8.5,77,96,48,10.7
2000-02-22,0.0,5.6,22.4,13.6,1.28,7.8,70,100,32,10.4
2000-02-23,0.0,8.6,20.3,13.6,1.63,9.5,69,96,31,10.8
2000-02-24,0.0,6.1,16.6,11.4,1.76,7.7,72,97,46,10.8
2000-02-25,0.0,3.7,17.9,10.8,1.42,7.5,67,95,36,10.8
2000-02-26,0.0,4.2,18.6,11.0,1.62,7.3,68,95,32,10.7
2000-02-27,0.0,3.2,20.1,11.4,1.68,8.1,67,95,27,10.9
2000-02-28,0.0,4.2,18.8,11.3,1.46,7.5,70,95,38,10.9
2000-02-29,0.0,5.7,19.4,12.6,1.32,8.1,75,99,42,10.9
2000-03-01,0.0,5.1,25.1,15.0,1.9,8.4,58,97,20,10.9
2000-03-02,0.0,8.7,19.2,14.3,2.4,10.8,47,72,28,10.9
2000-03-03,0.0,2.5,20.0,11.4,1.13,5.8,58,95,19,11.0
2000-03-04,0.0,5.4,24.4,13.9,2.07,8.8,52,86,15,11.0
2000-03-05,0.0,5.3,19.9,13.2,2.05,10.6,63,87,33,11.1
2000-03-06,0.0,9.0,19.0,13.0,1.79,8.7,74,99,39,11.0
2000-03-07,0.0,4.0,20.3,12.2,1.42,7.6,68,97,32,11.2
2000-03-08,0.0,5.4,20.2,13.1,1.45,7.7,67,95,38,11.2
2000-03-09,0.0,5.0,23.0,14.3,1.36,7.4,62,95,29,11.3
2000-03-10,0.0,5.9,25.2,15.7,1.55,7.8,53,91,17,11.4
2000-03-11,0.0,6.5,25.4,16.7,1.54,8.5,40,73,19,11.4
2000-03-12,0.0,8.1,24.1,16.0,1.56,9.1,51,73,26,11.1
2000-03-13,1.4,7.8,22.0,14.6,1.39,8.2,66,92,31,11.1
2000-03-14,0.3,7.4,19.2,13.4,3.25,13.4,68,95,41,11.6
2000-03-15,0.0,6.0,23.5,14.5,1.63,8.3,59,92,26,11.6
2000-03-16,0.0,7.2,17.7,13.1,2.45,11.5,66,87,46,11.7
2000-03-17,0.0,4.9,20.0,13.0,1.33,6.7,64,97,28,11.7
2000-03-18,0.0,4.2,21.4,13.4,1.55,8.1,60,93,25,11.7
2000-03-19,0.1,8.9,18.4,13.5,2.3,11.5,64,83,44,11.8
2000-03-20,2.6,9.1,16.7,12.7,2.5,9.8,76,95,52,11.2
2000-03-21,0.0,8.2,17.4,12.9,3.31,11.7,71,93,47,9.0
2000-03-22,1.5,10.9,20.9,15.2,2.82,8.6,69,87,46,9.0
2000-03-23,0.6,6.1,21.5,14.4,1.53,8.7,71,98,35,11.9
2000-03-24,0.0,6.8,20.8,14.2,1.87,7.5,54,83,28,11.9
2000-03-25,0.0,7.4,20.5,14.3,1.72,7.2,60,87,33,11.9
2000-03-26,0.0,7.0,22.2,14.5,2.42,9.6,55,87,20,11.9
2000-03-27,0.0,5.7,23.2,14.8,2.15,9.9,55,86,25,12.0
2000-03-28,0.5,7.7,18.1,13.3,2.29,8.7,47,69,35,11.0
2000-03-29,0.0,2.9,17.4,10.6,2.12,10.3,47,69,28,11.9
2000-03-30,0.0,5.8,20.0,13.4,2.0,9.3,63,89,36,12.0
2000-03-31,0.0,7.1,23.1,15.6,2.09,11.4,60,100,22,12.1
2000-04-01,0.0,6.2,22.0,14.7,2.15,9.3,49,85,25,12.0
2000-04-02,0.0,10.8,20.7,15.1,2.47,17.3,74,100,40,10.1
2000-04-03,0.0,8.2,20.0,14.9,3.66,14.6,51,72,30,12.0
2000-04-04,0.0,7.0,19.4,13.7,3.94,15.0,49,77,26,12.1
2000-04-05,0.0,8.5,19.8,13.8,3.4,14.1,40,64,17,12.2
2000-04-06,0.0,4.7,20.1,12.8,2.29,9.6,44,68,22,12.0
2000-04-07,0.0,6.6,17.9,12.3,2.9,13.0,65,89,42,12.0
2000-04-08,2.6,10.6,19.0,14.2,2.63,10.4,67,84,49,8.9
2000-04-09,0.9,11.2,20.0,15.0,1.74,10.2,74,93,51,7.9
2000-04-10,0.0,8.5,23.2,16.4,3.06,11.8,57,95,20,12.2
2000-04-11,0.0,10.0,21.7,15.8,5.24,20.0,43,63,26,12.4
2000-04-12,0.0,6.0,22.9,15.4,2.1,9.4,51,85,28,12.5
2000-04-13,0.0,7.4,21.7,15.6,2.09,9.1,54,86,33,12.4
2000-04-14,0.2,8.2,24.4,16.8,2.57,13.1,49,76,30,12.2
2000-04-15,0.0,8.9,21.6,16.2,2.66,12.3,61,87,37,12.5
2000-04-16,2.7,12.4,21.2,16.3,3.47,17.7,67,98,33,10.0
2000-04-17,0.0,10.9,22.8,16.5,4.41,15.4,40,57,19,12.9
2000-04-18,0.0,8.4,24.1,16.8,3.68,14.6,48,83,21,12.8
2000-04-19,0.0,11.9,25.8,19.1,3.3,13.3,52,83,29,12.4
2000-04-20,0.0,10.6,28.4,20.1,2.33,9.8,47,81,21,13.0
2000-04-21,0.0,11.5,28.6,20.5,2.29,9.6,46,76,23,13.1
2000-04-22,0.0,11.1,28.5,20.8,2.65,15.6,51,91,22,12.8
2000-04-23,0.0,12.4,23.9,18.1,4.05,11.8,35,52,17,13.3
2000-04-24,0.0,8.6,24.8,17.4,1.92,8.1,35,63,19,13.3
2000-04-25,0.0,9.1,25.3,18.0,2.03,10.7,44,68,25,13.4
2000-04-26,0.2,9.8,24.6,17.8,1.94,9.4,56,90,28,12.8
2000-04-27,4.0,13.0,21.3,17.3,2.36,9.4,50,90,28,12.4
2000-04-28,0.0,11.4,21.7,16.4,3.42,13.5,41,61,22,13.5
2000-04-29,0.0,7.7,21.5,15.1,2.27,11.7,48,71,26,9.7
2000-04-30,0.0,11.4,21.0,16.0,3.48,13.2,56,74,38,4.0
2000-05-01,0.7,12.5,22.0,16.7,3.39,13.8,61,73,42,11.6
2000-05-02,0.8,9.9,23.1,16.8,2.06,9.7,67,95,43,13.7
2000-05-03,0.0,11.0,24.8,18.2,3.32,13.9,62,92,40,13.7
2000-05-04,0.8,14.7,28.7,21.1,2.61,12.4,50,72,27,13.5
2000-05-05,4.4,14.6,20.8,18.2,1.7,10.5,62,83,43,6.0
2000-05-06,0.1,11.1,24.1,17.8,1.73,7.8,60,91,32,9.7
2000-05-07,0.0,10.9,25.1,18.3,2.04,10.6,57,88,31,13.8
2000-05-08,0.7,12.7,24.9,18.2,2.09,9.3,66,93,33,12.7
2000-05-09,0.7,13.3,24.5,18.6,1.58,9.2,68,95,39,12.1
2000-05-10,7.2,14.3,22.8,17.9,1.62,8.6,70,95,46,11.6
2000-05-11,0.0,10.5,25.2,18.3,1.96,7.9,60,88,32,14.0
2000-05-12,0.0,11.7,26.2,19.4,2.51,11.1,59,95,28,14.0
2000-05-13,0.0,11.2,27.6,19.9,1.78,8.7,56,88,31,14.0
2000-05-14,0.0,12.4,27.3,20.3,2.04,9.9,63,93,39,14.0
2000-05-15,0.0,13.4,28.3,21.4,2.33,11.9,48,88,19,14.0
2000-05-16,0.0,12.2,27.5,20.8,2.35,10.7,45,71,26,14.0
2000-05-17,0.0,13.9,29.7,21.4,1.98,10.0,53,81,24,14.0
2000-05-18,0.0,12.6,28.4,21.4,1.93,9.5,56,93,31,14.0
2000-05-19,0.0,16.2,27.8,21.8,2.17,9.9,54,73,34,14.0
2000-05-20,0.1,13.5,27.1,20.6,2.24,10.4,65,96,36,13.3
2000-05-21,4.3,15.9,22.8,19.4,1.44,6.8,74,93,54,4.7
2000-05-22,0.2,14.2,25.9,20.7,1.86,8.6,66,91,45,14.0
2000-05-23,0.0,14.0,25.6,20.3,2.37,10.6,70,96,45,14.0
2000-05-24,2.1,15.5,26.5,20.8,2.2,9.6,65,92,36,13.1
2000-05-25,1.1,14.5,28.5,21.3,1.75,9.0,67,95,35,13.6
2000-05-26,0.0,16.9,30.3,23.8,1.64,9.3,61,92,34,14.0
2000-05-27,0.0,19.0,28.3,23.2,3.24,12.2,53,77,33,14.0
2000-05-28,0.0,14.9,31.7,23.8,1.68,10.8,55,92,25,14.0
2000-05-29,0.0,21.3,34.5,27.3,2.55,10.6,38,54,24,14.0
2000-05-30,0.0,19.3,32.2,25.8,2.32,10.8,48,74,26,14.0
2000-05-31,0.0,19.7,33.2,26.4,2.13,10.9,46,71,25,14.0
2000-06-01,0.0,17.4,31.0,24.8,2.55,11.6,52,79,29,14.0
2000-06-02,0.0,17.3,31.3,24.7,2.4,11.2,49,77,26,14.0
2000-06-03,0.0,16.1,30.4,23.7,2.41,11.3,53,81,28,14.0
2000-06-04,0.0,17.5,30.5,24.0,2.52,11.5,59,83,35,12.9
2000-06-05,0.0,18.8,30.3,24.3,2.21,11.2,65,90,39,14.0
2000-06-06,0.0,18.2,29.1,22.9,2.35,12.4,55,90,20,14.0
2000-06-07,0.0,14.1,28.2,21.8,2.27,10.3,52,82,28,14.0
2000-06-08,0.0,15.7,28.3,22.0,2.34,11.0,60,92,32,14.0
2000-06-09,0.5,15.9,27.5,21.6,2.0,10.7,65,91,40,13.1
2000-06-10,0.2,16.4,27.4,21.9,6.35,17.9,25,46,12,14.0
2000-06-11,0.0,15.0,30.2,22.6,3.78,15.4,26,61,14,14.0
2000-06-12,0.0,13.7,28.5,21.5,2.23,11.0,51,80,23,14.0
2000-06-13,0.0,15.1,27.2,21.6,2.28,10.0,60,89,36,14.0
2000-06-14,0.0,15.3,28.6,22.4,2.33,11.0,58,90,33,14.0
2000-06-15,0.0,15.5,30.0,23.7,2.04,9.7,55,87,34,14.0
2000-06-16,0.0,16.0,32.9,25.8,2.47,11.9,45,85,21,14.0
2000-06-17,0.0,15.5,33.8,26.0,2.76,12.5,35,61,16,14.0
2000-06-18,0.0,18.0,33.2,26.0,2.9,11.8,41,61,23,14.0
2000-06-19,0.0,16.3,30.5,24.1,2.97,12.7,54,89,28,14.0
2000-06-20,0.0,15.4,29.2,22.9,2.37,10.5,56,88,32,14.0
2000-06-21,0.0,17.7,30.6,23.8,1.83,10.4,61,88,37,13.8
2000-06-22,0.0,19.0,31.1,24.6,1.9,10.5,59,87,31,14.0
2000-06-23,0.0,18.7,30.4,24.4,2.13,10.2,65,95,37,14.0
2000-06-24,0.1,18.3,30.2,23.9,2.52,10.4,66,90,41,14.0
2000-06-25,0.0,17.0,29.4,23.2,2.47,11.1,67,93,41,14.0
2000-06-26,0.0,17.5,31.2,24.4,2.17,10.4,62,93,34,13.9
2000-06-27,0.0,17.7,34.9,26.4,1.47,7.8,56,89,28,13.4
2000-06-28,0.0,19.2,39.5,29.7,2.07,11.0,40,84,12,14.0
2000-06-29,0.0,20.3,33.4,26.5,2.41,10.3,54,80,32,14.0
2000-06-30,0.0,20.1,33.3,26.1,1.84,10.2,63,94,32,14.0
2000-07-01,0.0,18.9,36.3,27.6,1.7,9.9,58,90,27,14.0
2000-07-02,0.0,20.1,36.4,28.2,1.91,9.6,57,91,30,14.0
2000-07-03,0.0,20.9,36.3,29.3,1.84,9.2,46,86,19,14.0
2000-07-04,0.0,22.9,33.4,28.1,3.08,10.8,32,60,21,14.0
2000-07-05,0.0,19.8,31.1,25.5,2.79,11.8,64,95,39,14.0
2000-07-06,0.0,18.2,33.7,26.3,2.08,9.7,61,92,34,14.0
2000-07-07,0.0,19.4,39.7,30.4,1.47,8.7,50,93,21,14.0
2000-07-08,0.0,21.7,30.9,26.7,2.94,11.3,56,74,35,14.0
2000-07-09,0.0,20.8,30.8,25.3,2.48,10.3,62,85,37,14.0
2000-07-10,0.0,19.1,36.3,27.8,2.64,15.1,50,92,16,14.0
2000-07-11,1.8,21.6,27.7,24.7,2.37,11.2,49,68,33,14.0
2000-07-12,0.0,18.8,28.7,23.6,2.18,11.2,60,85,35,13.9
2000-07-13,0.0,15.9,30.1,23.3,2.21,9.7,55,87,30,14.0
2000-07-14,0.0,16.5,33.9,25.5,1.78,10.3,52,89,23,14.0
2000-07-15,0.0,18.9,33.4,25.9,2.35,13.5,55,85,26,14.0
2000-07-16,0.0,18.2,30.5,24.8,2.83,11.7,58,84,39,14.0
2000-07-17,0.0,20.9,31.2,25.0,3.44,11.5,59,84,30,13.8
2000-07-18,0.0,18.1,31.3,24.7,2.12,9.7,56,81,36,14.0
2000-07-19,0.0,19.6,32.2,25.4,1.72,10.2,63,89,36,14.0
2000-07-20,0.0,18.6,33.0,26.1,2.17,10.3,57,93,27,14.0
2000-07-21,0.0,19.7,32.4,26.4,2.24,10.8,50,76,30,13.9
2000-07-22,0.0,18.4,34.2,26.5,2.01,10.3,57,89,27,13.9
2000-07-23,0.0,22.1,34.0,27.9,1.03,11.5,61,89,38,13.8
2000-07-24,0.0,19.7,33.3,26.8,2.42,11.4,36,50,22,13.9
2000-07-25,0.0,19.4,34.9,27.9,1.75,11.2,44,69,25,13.9
2000-07-26,0.0,22.5,35.4,28.5,2.52,10.0,38,52,22,13.9
2000-07-27,0.0,20.1,33.9,27.0,2.04,9.5,53,75,29,13.9
2000-07-28,0.0,19.3,37.3,27.9,2.41,12.2,55,90,16,13.8
2000-07-29,0.0,21.9,31.4,26.1,2.53,10.8,67,96,35,13.2
2000-07-30,0.0,19.2,31.0,25.2,2.44,11.0,59,81,38,13.8
2000-07-31,0.0,18.5,32.7,25.8,2.07,10.3,57,85,33,13.8
2000-08-01,0.0,18.8,34.0,26.6,2.07,10.3,55,87,29,13.8
2000-08-02,0.0,18.9,38.2,28.7,1.67,10.6,47,84,17,13.2
2000-08-03,0.0,21.5,32.9,26.9,2.42,10.4,59,79,39,13.7
2000-08-04,0.1,22.6,28.6,24.8,2.74,10.9,58,76,39,11.6
2000-08-05,0.0,18.6,29.0,23.8,2.22,10.9,60,85,34,13.4
2000-08-06,0.0,18.0,29.4,23.7,2.58,11.2,58,86,32,13.5
2000-08-07,0.0,17.2,29.3,23.3,2.48,10.8,58,91,30,13.4
2000-08-08,0.0,15.6,31.2,23.8,2.14,9.0,49,77,27,13.5
2000-08-09,0.0,14.9,32.7,24.5,1.91,9.7,51,89,21,13.6
2000-08-10,0.0,16.8,33.6,25.7,2.07,10.7,51,87,23,13.5
2000-08-11,0.0,18.1,34.5,26.5,1.8,10.7,51,81,23,13.4
2000-08-12,0.0,19.8,35.9,27.8,2.73,10.2,35,73,17,13.2
2000-08-13,0.0,19.9,32.3,26.1,2.18,10.5,63,93,35,13.0
2000-08-14,0.0,18.7,35.5,27.1,1.72,10.2,58,97,20,13.2
2000-08-15,0.0,19.3,35.1,27.4,2.16,10.3,50,81,23,13.2
2000-08-16,0.0,19.3,35.4,27.6,1.85,9.9,46,72,23,13.2
2000-08-17,0.0,18.8,34.9,27.3,2.15,11.0,52,81,26,13.1
2000-08-18,0.0,18.1,33.9,26.3,1.91,9.7,62,93,30,13.1
2000-08-19,0.0,19.6,36.1,28.0,1.99,10.3,61,95,30,13.0
2000-08-20,0.0,19.2,38.7,29.0,1.66,10.0,53,91,22,12.9
2000-08-21,0.0,23.2,37.9,30.1,1.43,7.1,46,76,20,12.8
2000-08-22,0.0,20.7,34.2,27.8,2.28,9.5,37,63,17,12.8
2000-08-23,0.0,21.0,30.4,25.3,1.42,12.2,63,88,34,5.8
2000-08-24,0.0,20.0,33.3,26.6,2.07,9.5,64,91,38,12.6
2000-08-25,0.0,19.2,35.2,27.0,2.44,11.2,67,99,29,12.6
2000-08-26,0.0,19.8,34.9,27.6,1.66,9.4,54,96,21,12.5
2000-08-27,0.0,19.4,32.2,25.9,3.07,11.1,48,84,32,12.3
2000-08-28,0.3,21.9,29.8,25.4,3.03,11.0,70,94,45,12.3
2000-08-29,0.0,19.3,30.6,24.7,2.08,9.3,66,89,42,12.0
2000-08-30,0.0,19.1,31.9,25.8,1.55,8.9,66,95,39,11.6
2000-08-31,0.0,21.3,31.7,25.9,2.25,10.3,70,91,45,12.0
2000-09-01,0.0,21.2,31.0,25.7,1.67,8.8,70,90,46,11.9
2000-09-02,0.0,20.9,32.5,26.0,1.83,9.3,73,97,42,12.0
2000-09-03,0.1,21.9,31.0,25.7,2.01,9.9,72,95,45,12.0
2000-09-04,3.5,21.0,27.4,23.7,2.3,9.7,77,96,57,11.3
2000-09-05,0.0,16.7,28.4,23.1,2.1,8.2,66,95,40,12.0
2000-09-06,0.0,16.0,30.0,23.3,1.53,7.6,61,95,29,12.0
2000-09-07,0.0,15.6,35.1,25.6,1.53,7.4,54,93,18,12.0
2000-09-08,0.0,17.8,29.8,24.1,2.37,10.9,67,94,42,12.0
2000-09-09,0.0,18.1,29.5,23.9,1.93,9.9,62,95,32,12.0
2000-09-10,0.0,15.5,29.5,22.7,1.64,7.9,58,85,35,12.0
2000-09-11,0.0,15.7,29.3,22.4,1.52,8.7,65,96,30,11.9
2000-09-12,0.0,16.4,29.8,23.0,1.4,8.0,69,95,42,12.0
2000-09-13,0.0,16.8,30.5,23.6,1.72,8.0,68,97,40,12.0
2000-09-14,0.0,16.3,32.2,24.4,1.49,8.7,64,97,29,12.0
2000-09-15,0.0,15.6,34.5,25.2,1.57,8.5,56,91,17,12.0
2000-09-16,0.0,16.4,35.5,26.1,1.43,8.3,53,84,21,12.0
2000-09-17,0.0,17.9,34.1,25.8,2.02,9.1,43,76,19,12.0
2000-09-18,0.0,16.9,31.6,24.5,1.9,8.7,44,65,25,12.0
2000-09-19,0.0,17.7,32.2,25.1,2.56,11.2,46,72,23,12.0
2000-09-20,0.0,18.7,27.1,22.9,3.29,12.1,35,52,15,12.0
2000-09-21,0.0,12.4,27.8,20.3,1.79,8.2,38,64,18,12.0
2000-09-22,0.0,12.4,27.7,20.2,2.04,9.4,61,90,30,12.0
2000-09-23,0.0,13.3,27.3,20.6,1.75,8.0,68,94,40,11.9
2000-09-24,0.0,15.0,29.4,22.3,1.48,7.5,70,97,40,11.9
2000-09-25,0.0,15.2,28.7,22.0,2.05,10.0,74,99,42,11.9
2000-09-26,0.0,16.8,28.9,22.7,1.82,7.7,72,96,42,11.3
2000-09-27,0.0,17.3,29.0,22.6,1.51,8.5,74,99,38,11.8
2000-09-28,0.2,19.0,27.2,22.4,1.61,9.9,77,98,50,8.7
2000-09-29,0.4,16.0,25.9,21.5,2.94,11.8,55,93,24,11.7
2000-09-30,0.0,16.0,25.0,20.3,3.08,10.2,42,62,25,11.0
2000-10-01,0.0,15.7,25.5,20.6,3.43,12.5,38,62,20,11.6
2000-10-02,0.0,17.5,29.8,22.8,3.62,14.7,38,65,17,11.6
2000-10-03,0.0,14.2,29.1,21.6,2.09,9.9,38,64,19,11.6
2000-10-04,0.0,14.0,27.4,20.9,1.74,8.5,64,86,38,11.4
2000-10-05,0.0,14.2,27.2,20.7,1.44,8.4,69,97,36,10.9
2000-10-06,0.0,14.0,26.3,20.0,1.88,8.8,73,96,42,11.0
2000-10-07,0.2,18.1,24.0,20.4,1.82,9.0,75,94,53,10.8
2000-10-08,0.0,15.2,26.8,20.5,1.37,8.4,74,96,43,11.1
2000-10-09,0.0,14.1,26.9,20.3,1.66,9.8,71,98,41,11.0
2000-10-10,0.0,14.2,28.5,21.0,2.75,11.5,52,90,24,10.2
2000-10-11,0.0,11.8,28.2,20.4,2.55,11.7,45,70,24,10.9
2000-10-12,16.8,13.1,20.8,17.0,1.78,9.0,76,93,50,0.0
2000-10-13,0.0,11.3,21.0,15.5,3.5,11.5,52,76,30,10.7
2000-10-14,0.0,11.1,20.4,15.6,3.57,12.1,44,57,31,10.8
2000-10-15,0.0,8.4,22.4,15.2,2.19,7.6,53,79,27,10.6
2000-10-16,0.0,9.4,22.5,16.4,1.39,5.5,64,90,41,10.7
2000-10-17,0.0,11.4,22.0,16.8,1.75,6.5,74,89,53,10.7
2000-10-18,0.0,9.8,23.7,16.8,1.33,6.9,74,98,40,10.6
2000-10-19,0.0,10.0,25.6,17.6,1.35,6.4,71,95,34,10.4
2000-10-20,0.0,14.4,22.2,17.5,1.5,8.1,81,100,48,10.0
2000-10-21,2.4,15.1,20.1,17.0,1.3,8.1,85,98,60,3.7
2000-10-22,5.2,13.5,23.0,18.1,2.57,10.0,80,95,58,9.9
2000-10-23,23.2,16.3,19.0,17.5,2.49,10.1,91,97,85,0.2
2000-10-24,31.1,15.8,18.8,17.4,2.14,9.8,92,96,84,3.4
2000-10-25,1.5,14.3,21.6,17.6,1.51,6.3,84,97,65,10.1
2000-10-26,0.4,11.7,21.9,17.0,1.08,4.0,79,96,52,10.2
2000-10-27,0.0,11.0,22.4,16.6,1.29,5.3,82,95,58,10.1
2000-10-28,0.0,11.1,23.8,17.0,1.62,5.2,83,100,54,10.0
2000-10-29,0.0,11.5,24.1,17.2,1.55,5.0,78,97,49,10.1
2000-10-30,0.0,13.8,22.1,17.0,1.5,6.9,88,100,61,10.0
2000-10-31,1.9,11.1,19.4,14.6,2.12,10.2,67,94,33,7.7
2000-11-01,0.0,6.5,18.9,12.9,1.83,5.8,64,85,41,10.1
2000-11-02,0.0,6.5,20.4,13.4,1.53,5.6,74,96,42,10.1
2000-11-03,1.2,10.4,19.4,14.5,2.58,10.8,69,95,41,10.0
2000-11-04,0.0,5.4,17.4,11.2,1.96,6.0,64,84,38,9.2
2000-11-05,0.0,8.2,18.8,12.9,1.82,6.8,72,88,47,9.1
2000-11-06,2.2,11.2,18.7,15.2,3.48,12.4,68,89,42,9.0
2000-11-07,0.0,8.6,16.9,12.6,3.88,12.9,51,71,37,9.9
2000-11-08,0.0,3.6,17.0,9.7,2.15,8.7,67,89,34,9.9
2000-11-09,0.0,3.0,16.2,9.4,1.49,4.9,72,94,43,9.9
2000-11-10,0.0,3.1,16.4,9.6,2.07,8.4,74,94,45,9.9
2000-11-11,0.5,9.5,16.2,13.1,2.07,7.6,79,85,71,0.0
2000-11-12,0.0,10.4,18.9,14.5,1.52,7.6,84,98,65,9.8
2000-11-13,5.1,9.3,17.4,13.6,1.11,7.8,87,98,69,0.5
2000-11-14,0.2,6.1,16.3,11.8,1.6,6.2,78,96,49,9.2
2000-11-15,4.8,8.5,13.8,10.6,2.0,7.6,84,91,74,0.0
2000-11-16,0.0,3.4,17.7,9.8,2.38,8.1,68,94,33,9.5
2000-11-17,0.1,8.7,15.8,11.8,4.12,13.1,58,81,40,9.8
2000-11-18,0.0,7.9,16.5,11.0,3.33,11.0,52,72,38,9.8
2000-11-19,0.0,3.6,18.1,10.2,2.13,6.6,68,86,41,9.8
2000-11-20,0.0,4.7,18.2,11.0,1.98,8.3,74,93,51,6.9
2000-11-21,0.0,8.0,17.3,12.6,2.24,10.9,66,88,48,9.7
2000-11-22,0.0,5.3,17.4,10.8,1.59,5.6,78,93,50,9.1
2000-11-23,0.5,9.5,19.3,13.8,2.14,10.0,80,94,55,6.8
2000-11-24,0.9,8.7,16.9,12.7,2.55,10.9,60,83,42,9.1
2000-11-25,0.0,8.4,21.8,14.3,1.89,8.6,76,94,49,9.2
2000-11-26,0.0,11.3,22.5,15.9,2.85,11.0,71,91,44,9.7
2000-11-27,0.0,9.6,23.3,15.0,1.81,6.4,79,94,47,9.6
2000-11-28,0.0,7.5,19.5,12.9,1.11,4.6,82,95,56,8.9
2000-11-29,0.1,8.0,17.6,12.4,1.02,6.1,84,98,68,6.2
2000-11-30,0.0,4.4,17.8,11.0,1.47,4.9,76,95,47,9.6
2000-12-01,0.0,6.6,17.7,12.7,0.87,6.1,79,94,61,8.9
2000-12-02,0.5,7.2,20.0,12.9,1.77,8.8,75,98,46,9.5
2000-12-03,0.0,6.8,17.2,11.2,2.36,7.7,71,89,45,9.1
2000-12-04,0.0,5.2,17.8,11.1,1.33,3.9,75,94,44,9.5
2000-12-05,0.0,5.2,16.0,10.4,0.75,3.5,84,95,67,5.9
2000-12-06,0.8,7.4,18.6,12.9,0.93,6.1,82,99,56,7.5
2000-12-07,0.3,9.5,18.1,13.6,1.39,8.2,83,100,61,2.0
2000-12-08,0.0,11.0,19.8,14.6,1.53,6.9,71,88,52,5.7
2000-12-09,0.0,6.2,17.4,11.2,1.4,5.5,76,93,46,9.0
2000-12-10,0.0,3.8,17.4,9.5,1.5,4.3,74,92,40,9.3
2000-12-11,0.0,3.5,17.9,9.6,1.42,4.0,74,92,43,8.2
2000-12-12,0.0,3.4,19.5,9.7,1.59,4.7,73,93,37,9.4
2000-12-13,0.0,4.2,19.6,10.0,1.62,5.2,68,92,33,9.0
2000-12-14,0.0,3.1,19.9,9.8,1.33,4.8,70,93,33,8.8
2000-12-15,0.0,5.3,16.3,10.0,2.35,8.8,70,94,49,8.7
2000-12-16,0.0,5.0,13.8,8.9,1.75,6.7,54,73,32,8.8
2000-12-17,0.0,0.9,14.6,6.6,1.51,4.7,72,90,43,8.9
2000-12-18,0.0,1.7,16.3,7.7,1.76,4.9,71,90,40,9.4
2000-12-19,0.0,0.9,14.6,7.5,0.87,3.6,81,95,60,9.2
2000-12-20,0.0,1.6,14.4,7.4,1.78,6.6,81,97,58,7.3
2000-12-21,0.0,4.7,14.6,8.9,1.66,4.8,81,98,51,8.7
2000-12-22,0.1,7.5,14.4,10.6,2.58,11.6,87,98,65,0.0
2000-12-23,1.7,2.4,15.3,8.7,1.71,9.3,84,99,51,7.6
2000-12-24,3.6,9.1,16.7,12.1,2.82,13.6,82,96,57,6.6
2000-12-25,0.0,5.5,17.5,11.4,1.88,8.3,75,95,41,8.8
2000-12-26,0.5,7.8,16.6,12.3,1.7,7.7,89,98,72,6.7
2000-12-27,0.1,4.4,15.7,10.3,3.25,16.4,72,95,42,9.0
2000-12-28,0.0,8.0,14.0,11.4,4.01,17.8,61,82,52,7.1
2000-12-29,0.0,10.5,17.9,14.0,5.44,19.0,54,72,40,8.9
2000-12-30,0.0,6.5,16.8,12.1,5.11,21.4,59,85,38,9.1
2000-12-31,0.0,6.3,15.0,10.2,2.34,11.6,58,93,48,8.2
2001-01-01,0.0,7.1,17.3,11.5,1.1,5.9,82,95,57,9.1
2001-01-02,0.0,6.3,18.4,11.6,2.2,12.0,71,95,40,9.2
2001-01-03,0.1,3.6,16.6,9.8,1.39,4.7,74,94,46,9.3
2001-01-04,2.4,6.9,18.9,11.6,1.37,8.9,80,94,54,7.0
2001-01-05,0.0,4.6,18.7,10.9,1.64,5.4,84,96,63,3.5
2001-01-06,0.0,10.0,18.6,13.4,2.54,9.7,70,91,49,3.9
2001-01-07,0.0,4.5,14.5,9.3,3.13,11.6,64,88,36,9.5
2001-01-08,0.0,4.1,14.1,8.8,2.62,9.9,54,80,31,9.5
2001-01-09,0.0,1.4,14.0,8.7,1.15,7.1,78,98,54,9.3
2001-01-10,0.0,5.7,18.5,11.3,0.94,4.9,79,95,53,8.8
2001-01-11,0.0,7.0,19.4,12.4,1.87,11.2,72,94,39,7.6
2001-01-12,10.5,6.8,12.4,9.5,1.33,5.7,90,95,84,1.1
2001-01-13,0.4,8.5,16.4,11.8,2.66,9.2,75,96,50,9.4
2001-01-14,0.0,4.7,15.9,10.0,1.83,6.9,76,93,46,9.5
2001-01-15,0.5,3.6,15.2,9.4,1.33,5.0,80,97,51,9.4
2001-01-16,0.0,3.3,14.6,8.7,1.59,5.9,78,96,48,7.9
2001-01-17,0.0,3.3,16.3,9.4,1.67,7.7,73,95,41,9.4
2001-01-18,3.2,1.9,12.6,7.1,1.21,9.9,86,97,71,5.7
2001-01-19,0.0,3.5,15.3,9.3,4.26,16.6,68,98,39,9.6
2001-01-20,0.0,6.8,16.4,10.4,2.72,8.9,63,81,40,9.6
2001-01-21,0.0,2.0,16.3,8.4,1.73,5.8,74,93,45,9.6
2001-01-22,0.0,1.9,17.4,9.0,1.09,4.2,79,97,48,8.6
2001-01-23,0.0,4.4,20.5,11.4,2.04,9.4,77,95,50,9.7
2001-01-24,0.0,9.1,21.8,14.6,2.17,7.9,72,90,44,9.3
2001-01-25,0.0,8.2,17.4,13.1,2.74,10.6,66,91,33,9.0
2001-01-26,0.0,3.6,15.5,9.5,3.02,10.4,64,86,38,8.4
2001-01-27,4.5,9.5,19.8,14.3,1.89,10.7,73,92,51,9.7
2001-01-28,0.0,7.8,14.7,11.3,5.03,19.8,67,97,36,9.7
2001-01-29,0.0,10.0,15.1,11.8,7.96,21.9,44,55,34,9.7
2001-01-30,0.0,6.9,15.3,10.6,5.44,14.4,42,48,32,9.8
2001-01-31,0.0,8.6,18.6,13.2,4.76,15.5,51,62,38,9.8
2001-02-01,0.0,11.4,18.3,14.6,4.22,14.3,52,65,34,9.9
2001-02-02,0.0,4.4,17.8,10.8,1.53,5.7,64,91,32,9.9
2001-02-03,0.0,3.3,18.7,10.4,1.54,5.1,71,92,39,9.9
2001-02-04,0.0,4.3,19.3,11.6,1.56,7.5,68,96,39,10.0
2001-02-05,0.0,4.3,21.0,12.1,1.83,7.8,67,92,36,9.9
2001-02-06,0.0,4.6,18.3,11.2,1.69,8.5,77,96,50,9.2
2001-02-07,0.0,4.9,19.8,12.6,2.4,14.6,65,95,36,9.9
2001-02-08,0.0,5.8,18.0,11.7,3.55,14.2,57,82,34,10.3
2001-02-09,0.0,7.0,18.0,11.8,2.37,9.9,54,77,30,10.4
2001-02-10,0.0,5.7,22.4,13.3,2.64,11.1,62,85,38,10.2
2001-02-11,0.0,6.5,20.4,13.1,1.65,7.8,72,96,44,10.5
2001-02-12,0.0,5.2,20.6,12.9,1.34,6.9,69,95,38,10.6
2001-02-13,0.0,5.2,24.0,13.8,1.73,6.8,62,94,24,10.6
2001-02-14,9.3,8.2,14.8,11.3,1.62,8.9,78,88,63,9.8
2001-02-15,7.5,7.4,14.1,10.7,3.35,11.5,79,88,63,8.1
2001-02-16,4.5,9.1,15.4,11.9,4.01,12.7,71,90,50,10.5
2001-02-17,0.0,8.5,17.6,12.2,2.43,7.4,64,89,39,10.7
2001-02-18,0.0,6.0,12.8,9.1,3.17,10.6,72,96,46,10.0
2001-02-19,4.7,7.6,13.1,10.1,3.19,11.3,81,94,66,9.7
2001-02-20,0.0,6.6,16.0,10.8,1.43,4.9,74,92,48,9.9
2001-02-21,0.0,1.9,18.4,9.9,1.41,5.1,72,96,37,10.8
2001-02-22,0.0,1.9,22.1,11.6,1.76,6.4,64,97,25,10.8
2001-02-23,0.0,6.4,22.6,13.1,2.44,9.0,58,77,28,8.7
2001-02-24,3.4,7.2,17.4,11.4,1.73,8.8,76,92,49,10.8
2001-02-25,0.0,5.1,15.8,10.1,2.76,11.2,61,90,27,10.8
2001-02-26,0.0,2.4,15.0,8.7,2.25,7.9,57,84,27,10.8
2001-02-27,0.0,2.3,15.4,9.3,3.53,16.2,65,97,30,10.6
2001-02-28,0.0,3.9,13.9,8.7,4.3,16.7,50,73,27,10.9
2001-03-01,0.0,3.8,15.5,9.4,2.43,10.9,69,91,54,8.5
2001-03-02,0.0,9.5,23.5,15.2,4.24,18.1,70,91,37,8.7
2001-03-03,0.0,11.4,22.9,16.4,3.36,16.2,63,87,34,9.2
2001-03-04,0.0,11.6,22.1,16.8,2.93,10.6,64,87,42,10.9
2001-03-05,0.7,11.2,24.3,17.4,1.88,9.3,63,88,36,10.6
2001-03-06,0.0,12.0,26.8,18.8,1.34,9.8,57,81,31,10.4
2001-03-07,1.7,13.1,26.2,18.5,1.72,9.3,62,81,31,5.5
2001-03-08,0.0,10.1,19.7,15.4,3.27,13.5,57,81,34,10.0
2001-03-09,0.5,8.6,23.2,15.5,3.1,11.5,61,89,32,11.1
2001-03-10,1.7,13.3,26.3,19.4,3.73,14.1,59,79,37,11.1
2001-03-11,0.0,13.7,25.5,19.1,2.21,8.5,67,88,43,11.4
2001-03-12,0.0,10.1,26.2,18.3,2.08,11.0,66,96,32,11.4
2001-03-13,0.0,12.0,21.8,16.7,2.84,11.7,44,63,20,11.6
2001-03-14,0.0,6.1,20.8,13.6,1.99,8.3,53,77,29,11.6
2001-03-15,0.0,5.0,19.9,12.8,2.09,10.3,55,84,27,11.6
2001-03-16,0.0,6.0,21.8,14.0,1.33,6.6,62,87,37,11.5
2001-03-17,0.0,9.3,21.6,15.5,1.81,8.5,52,80,27,10.5
2001-03-18,0.0,7.5,23.4,15.1,2.25,9.5,53,78,26,11.7
2001-03-19,0.0,7.5,24.1,16.2,2.14,8.8,58,90,31,11.8
2001-03-20,0.0,9.0,26.9,17.9,1.83,8.2,58,89,25,11.8
2001-03-21,0.0,9.5,30.0,19.9,2.03,8.4,42,75,19,10.8
2001-03-22,0.0,11.1,29.8,20.8,2.12,9.2,38,70,18,11.8
2001-03-23,0.0,11.1,31.5,21.1,2.08,10.1,37,63,15,11.9
2001-03-24,0.0,12.4,32.3,22.8,2.07,11.4,35,62,12,11.9
2001-03-25,0.0,12.1,22.8,18.3,3.15,12.1,39,64,25,11.9
2001-03-26,1.3,9.4,20.9,15.7,2.19,8.2,48,75,32,11.9
2001-03-27,0.0,8.9,22.3,15.1,2.52,12.4,54,82,26,12.0
2001-03-28,0.0,9.3,23.7,16.1,2.28,9.2,47,78,21,12.0
2001-03-29,0.0,11.2,23.1,17.0,4.1,16.0,43,63,27,12.0
2001-03-30,0.0,11.3,24.2,17.9,4.4,16.7,46,63,29,12.0
2001-03-31,0.0,13.6,21.4,17.9,3.27,11.4,55,71,42,12.1
2001-04-01,0.0,5.9,22.1,15.0,1.91,9.8,57,97,24,12.0
2001-04-02,0.0,6.2,22.7,14.9,1.84,9.7,55,86,25,12.0
2001-04-03,0.0,7.6,22.5,15.6,1.87,9.4,67,92,36,12.0
2001-04-04,0.0,11.2,25.8,18.5,1.73,8.7,60,98,24,12.1
2001-04-05,0.0,14.4,27.7,20.4,2.76,10.7,48,72,25,12.0
2001-04-06,0.0,11.9,28.6,20.5,2.06,9.1,51,78,26,12.0
2001-04-07,0.0,16.3,25.3,20.8,4.08,15.6,38,65,18,12.2
2001-04-08,0.0,13.4,25.1,19.0,4.84,16.7,30,47,15,12.2
2001-04-09,0.0,10.5,24.1,18.0,2.26,9.5,38,63,27,12.3
2001-04-10,0.0,9.6,29.3,19.4,1.71,8.7,45,82,16,12.3
2001-04-11,0.0,14.6,26.1,19.0,3.4,12.4,35,57,12,12.4
2001-04-12,0.0,10.3,22.1,15.6,2.61,11.8,42,72,19,12.5
2001-04-13,0.0,9.3,21.9,15.7,2.09,10.1,55,84,25,12.5
2001-04-14,0.0,7.7,22.4,14.9,2.24,12.1,58,82,28,12.5
2001-04-15,0.0,10.0,22.0,15.6,2.18,11.2,62,88,36,12.5
2001-04-16,0.0,8.0,29.0,18.7,2.17,11.6,51,90,17,12.6
2001-04-17,0.0,12.5,22.4,17.3,3.04,11.2,59,79,38,10.4
2001-04-18,20.5,12.4,16.4,14.1,2.5,11.7,80,95,58,8.7
2001-04-19,0.0,8.7,20.0,14.5,1.52,8.7,71,94,46,12.0
2001-04-20,8.1,11.2,14.5,12.9,1.77,9.4,85,94,72,10.9
2001-04-21,0.0,8.0,20.1,14.0,3.25,13.1,53,96,21,13.1
2001-04-22,0.0,5.9,23.1,15.3,1.85,8.9,52,83,31,12.9
2001-04-23,0.0,14.9,27.6,20.9,2.87,10.8,49,68,29,13.1
2001-04-24,0.0,11.6,26.8,19.7,2.2,10.6,59,90,36,12.9
2001-04-25,0.0,15.5,26.2,20.4,2.4,10.0,56,85,30,12.0
2001-04-26,0.0,12.7,22.5,17.7,2.71,11.8,63,92,37,11.3
2001-04-27,3.6,12.9,23.1,17.4,1.46,10.6,64,80,42,10.7
2001-04-28,0.0,10.5,22.6,16.6,2.1,10.5,71,93,41,13.4
2001-04-29,0.0,12.0,22.5,16.7,1.98,10.2,71,99,37,12.8
2001-04-30,2.8,12.6,21.0,16.5,2.75,12.1,54,99,14,12.7
2001-05-01,1.1,7.6,19.7,13.9,1.99,11.5,44,70,30,13.6
2001-05-02,0.5,7.3,18.9,13.4,1.82,8.8,58,82,38,12.9
2001-05-03,2.8,9.3,18.7,13.4,1.71,10.8,68,89,38,11.2
2001-05-04,4.3,8.8,19.7,13.7,2.33,11.5,70,93,40,13.6
2001-05-05,0.0,10.2,21.8,15.9,2.92,10.9,57,82,33,13.8
2001-05-06,0.3,8.7,22.0,16.4,1.73,7.5,52,82,33,13.8
2001-05-07,0.0,9.4,22.5,16.1,2.04,10.7,66,90,32,13.6
2001-05-08,0.2,11.5,20.5,16.2,2.87,12.3,72,99,47,13.5
2001-05-09,6.6,12.1,19.2,15.8,2.79,11.3,73,89,53,7.2
2001-05-10,3.6,12.2,22.6,17.2,2.37,9.9,65,95,35,13.9
2001-05-11,0.0,13.7,23.6,18.4,2.91,10.1,55,73,38,14.0
2001-05-12,0.0,10.1,25.2,18.6,1.9,9.1,62,94,37,13.4
2001-05-13,0.0,11.6,26.1,19.6,1.55,8.6,61,90,37,14.0
2001-05-14,0.0,13.2,26.1,19.6,2.08,9.5,57,92,32,13.9
2001-05-15,0.0,16.0,26.6,21.1,1.98,9.9,51,72,33,12.5
2001-05-16,0.0,14.0,29.7,22.8,1.97,9.4,53,87,32,13.4
2001-05-17,0.9,15.6,31.5,24.4,1.83,9.9,51,86,28,13.4
2001-05-18,2.4,17.8,24.1,20.9,2.5,11.6,66,83,50,7.1
2001-05-19,2.3,15.7,23.0,18.9,1.43,8.0,63,87,35,9.3
2001-05-20,0.0,16.0,25.1,20.1,1.91,8.3,55,78,32,13.0
2001-05-21,0.9,12.5,24.7,19.9,1.85,8.3,52,87,32,14.0
2001-05-22,0.0,14.3,27.4,21.2,1.67,9.2,54,79,35,12.0
2001-05-23,2.2,16.2,27.5,21.3,2.08,8.9,59,85,35,14.0
2001-05-24,0.0,13.9,27.5,21.6,1.75,8.8,54,86,35,14.0
2001-05-25,0.0,14.1,31.9,23.4,1.42,10.4,49,82,22,14.0
2001-05-26,0.0,15.2,29.7,23.1,2.33,10.1,52,87,26,14.0
2001-05-27,0.0,15.4,29.9,23.4,2.22,10.9,48,78,27,14.0
2001-05-28,0.0,13.6,30.8,23.2,2.22,10.3,44,86,17,14.0
2001-05-29,0.0,13.4,31.2,23.4,2.24,10.8,36,71,16,14.0
2001-05-30,0.0,13.2,31.6,23.7,1.99,9.4,35,65,15,14.0
2001-05-31,0.0,13.9,33.0,24.1,1.8,9.5,39,74,13,14.0
2001-06-01,0.0,18.1,31.3,24.3,2.03,10.4,41,65,19,14.0
2001-06-02,0.0,17.3,30.1,23.5,2.02,10.4,63,92,36,14.0
2001-06-03,0.0,16.7,35.6,26.6,1.43,9.5,53,93,21,14.0
2001-06-04,0.0,18.3,29.8,23.9,2.56,10.8,66,96,40,14.0
2001-06-05,0.0,16.6,32.1,24.3,1.65,9.7,62,97,30,14.0
2001-06-06,0.0,16.0,30.5,23.8,2.67,12.7,57,88,26,14.0
2001-06-07,0.0,17.5,28.5,22.4,2.26,10.6,66,94,37,13.8
2001-06-08,0.0,15.3,32.7,24.2,1.78,9.5,57,95,25,14.0
2001-06-09,0.0,17.4,35.4,27.3,1.87,9.9,44,87,18,14.0
2001-06-10,2.7,20.0,29.9,24.8,1.83,8.4,48,78,33,13.1
2001-06-11,10.3,18.1,23.2,20.7,3.2,11.7,72,90,52,12.8
2001-06-12,0.0,14.6,26.1,21.0,2.08,8.7,61,90,38,14.0
2001-06-13,0.0,15.3,28.8,22.5,2.02,10.6,64,92,40,14.0
2001-06-14,0.0,16.7,32.8,25.0,1.92,10.0,59,96,28,14.0
2001-06-15,0.0,17.4,34.1,26.8,1.84,10.1,44,75,23,14.0
2001-06-16,0.0,22.1,32.8,26.8,3.36,12.9,25,43,13,14.0
2001-06-17,0.0,16.1,30.5,23.7,2.75,13.0,42,75,26,14.0
2001-06-18,0.0,18.0,27.6,22.5,2.6,10.9,62,96,33,14.0
2001-06-19,0.0,15.7,27.6,21.6,2.32,10.4,55,82,31,14.0
2001-06-20,0.0,13.6,30.1,22.6,2.04,9.5,49,87,21,14.0
2001-06-21,0.0,14.9,33.2,24.6,1.92,10.3,42,81,16,14.0
2001-06-22,0.0,16.2,36.8,27.1,2.0,10.3,34,65,11,14.0
2001-06-23,0.0,18.8,39.4,29.9,1.97,10.7,27,48,11,14.0
2001-06-24,0.0,20.1,37.5,30.1,2.67,13.0,25,42,13,14.0
2001-06-25,0.0,18.9,37.0,29.0,2.03,9.2,30,48,15,14.0
2001-06-26,0.0,19.7,40.2,30.6,1.97,11.2,33,60,13,14.0
2001-06-27,0.0,20.8,35.9,29.5,2.31,11.3,28,53,13,14.0
2001-06-28,0.0,20.3,31.9,26.1,2.42,11.3,46,71,28,14.0
2001-06-29,0.0,19.4,31.4,25.2,2.15,10.3,57,91,29,14.0
2001-06-30,0.0,16.4,32.7,25.4,1.99,10.0,48,82,24,14.0
2001-07-01,0.0,17.4,33.4,26.1,2.34,11.8,48,78,25,14.0
2001-07-02,0.0,16.9,34.5,26.6,2.13,10.5,45,80,22,14.0
2001-07-03,0.0,20.6,33.8,27.1,1.88,10.1,48,73,27,14.0
2001-07-04,0.0,20.4,33.7,26.4,2.16,11.5,62,87,35,14.0
2001-07-05,0.0,18.9,33.5,26.7,2.03,11.0,48,92,21,14.0
2001-07-06,0.0,20.3,32.7,26.5,2.62,10.1,31,45,19,14.0
2001-07-07,0.0,20.9,32.1,26.7,2.9,11.0,35,63,23,14.0
2001-07-08,0.0,19.7,32.5,25.9,2.04,10.5,57,92,27,14.0
2001-07-09,0.0,19.5,33.5,25.8,1.74,8.8,56,85,26,13.3
2001-07-10,0.0,20.1,32.8,26.4,1.92,10.7,56,80,35,14.0
2001-07-11,0.0,19.3,34.4,27.0,2.2,10.9,58,92,27,14.0
2001-07-12,0.0,19.3,33.8,26.5,2.28,10.2,60,90,30,14.0
2001-07-13,0.0,20.1,33.4,26.6,1.92,10.5,63,93,36,14.0
2001-07-14,0.0,19.7,35.9,28.1,1.93,12.0,53,89,24,14.0
2001-07-15,0.0,24.4,34.5,28.9,3.29,12.2,36,77,21,13.0
2001-07-16,4.0,21.0,30.6,24.6,2.77,10.8,76,97,45,10.3
2001-07-17,0.0,21.0,33.4,26.3,1.88,11.1,62,94,28,13.8
2001-07-18,0.0,18.0,36.2,27.7,1.87,10.0,41,80,17,14.0
2001-07-19,0.0,21.9,32.2,26.3,4.13,16.4,24,43,10,14.0
2001-07-20,0.0,17.7,30.5,24.5,2.38,11.1,42,68,26,14.0
2001-07-21,0.0,16.6,30.6,23.8,2.47,10.4,57,94,24,12.6
2001-07-22,0.0,17.0,31.7,24.6,1.99,10.2,59,90,32,12.1
2001-07-23,0.0,19.2,33.7,26.1,2.07,9.2,61,87,36,13.5
2001-07-24,0.0,20.8,32.4,26.0,1.92,11.0,69,93,41,13.9
2001-07-25,0.0,20.6,33.9,26.7,1.76,10.5,64,95,32,13.9
2001-07-26,0.0,20.6,33.2,26.4,2.01,10.5,61,89,30,13.9
2001-07-27,0.0,21.0,33.7,26.6,1.81,9.7,65,99,31,13.3
2001-07-28,0.0,19.9,30.9,25.5,2.24,9.7,66,91,44,12.6
2001-07-29,0.0,19.5,33.3,26.5,2.74,12.8,61,95,30,13.8
2001-07-30,0.0,23.0,32.7,27.5,2.62,11.7,51,71,30,8.0
2001-07-31,0.0,21.1,34.6,28.2,3.68,15.1,40,54,25,13.8
2001-08-01,0.0,21.2,35.9,28.8,2.55,10.2,40,56,25,13.8
2001-08-02,0.0,20.8,38.0,29.7,1.72,10.2,45,76,21,13.6
2001-08-03,0.0,24.1,35.4,29.4,2.74,11.1,42,73,26,13.7
2001-08-04,0.0,21.6,32.6,27.3,2.43,10.3,69,96,43,13.6
2001-08-05,0.0,22.4,31.9,26.6,2.29,10.6,67,93,40,13.1
2001-08-06,0.0,21.0,33.1,26.8,1.93,10.3,61,90,34,13.5
2001-08-07,0.0,20.4,33.8,27.2,2.15,11.0,60,95,31,13.5
2001-08-08,0.0,20.1,38.1,29.6,1.84,10.2,50,85,22,13.5
2001-08-09,0.0,21.4,33.2,27.2,2.24,9.7,64,93,38,13.5
2001-08-10,0.0,21.2,31.2,26.1,2.72,11.2,71,97,44,13.1
2001-08-11,0.0,21.3,30.4,25.7,2.71,11.4,64,88,41,13.2
2001-08-12,0.0,19.6,31.9,25.6,2.24,10.8,60,87,35,13.2
2001-08-13,0.0,18.6,32.2,25.5,2.12,11.0,60,91,34,13.2
2001-08-14,0.0,19.4,33.8,26.4,2.21,10.2,61,89,34,13.2
2001-08-15,0.0,20.6,35.2,27.3,2.13,9.5,62,93,30,12.9
2001-08-16,0.0,22.7,35.5,28.4,1.73,9.6,59,92,25,12.3
2001-08-17,2.1,21.6,30.3,25.7,1.98,9.4,74,95,55,12.2
2001-08-18,0.0,21.9,32.6,26.4,1.27,8.7,69,97,37,12.8
2001-08-19,0.0,19.6,34.3,27.2,1.7,8.9,59,94,30,12.4
2001-08-20,0.0,19.4,35.0,27.4,2.26,11.2,53,83,20,12.9
2001-08-21,0.0,20.1,32.7,26.4,1.74,9.3,65,93,39,12.8
2001-08-22,0.0,20.2,35.1,27.3,1.74,10.1,63,91,36,12.8
2001-08-23,0.0,21.1,34.4,27.2,1.55,9.5,61,89,31,12.6
2001-08-24,0.0,20.1,35.1,27.5,1.98,10.4,60,94,28,12.7
2001-08-25,0.0,19.2,34.4,27.2,2.61,12.0,57,90,29,12.0
2001-08-26,0.0,21.0,33.9,27.4,2.38,12.0,54,80,28,12.5
2001-08-27,0.0,19.3,33.7,26.8,2.42,11.9,56,84,32,12.4
2001-08-28,0.0,19.0,33.9,26.6,1.92,9.3,62,84,37,12.2
2001-08-29,0.0,20.4,36.0,28.5,1.65,7.3,52,94,21,12.3
2001-08-30,0.0,22.1,34.6,28.0,2.54,12.0,39,67,22,12.2
2001-08-31,0.2,20.2,31.1,25.5,2.32,10.2,69,92,42,12.0
2001-09-01,1.5,21.0,28.5,24.6,2.49,11.2,73,94,56,11.6
2001-09-02,0.6,22.1,27.4,24.1,2.93,10.9,71,82,55,9.0
2001-09-03,0.0,18.1,29.7,23.9,2.08,9.9,68,94,43,12.0
2001-09-04,0.0,16.8,33.0,25.0,1.97,9.1,62,94,30,12.0
2001-09-05,0.0,19.9,30.6,24.8,2.19,8.8,74,97,46,12.0
2001-09-06,0.0,21.3,29.9,25.0,1.81,8.4,74,97,48,12.0
2001-09-07,2.3,19.3,27.7,23.2,2.12,8.4,75,97,51,11.7
2001-09-08,0.0,17.4,29.2,23.3,1.73,8.2,68,97,35,12.0
2001-09-09,0.0,15.7,33.3,24.7,1.64,9.8,56,96,22,12.0
2001-09-10,0.0,16.8,29.5,23.3,2.36,11.1,61,76,41,12.0
2001-09-11,0.0,20.4,30.0,24.4,1.74,8.6,67,85,43,11.1
2001-09-12,1.2,20.6,28.9,23.9,1.74,9.5,78,98,51,10.3
2001-09-13,0.0,18.0,31.0,24.1,1.65,8.7,71,100,34,11.6
2001-09-14,0.0,16.4,34.9,25.3,1.91,10.8,58,94,17,12.0
2001-09-15,0.1,19.6,27.6,23.6,2.99,9.5,69,86,50,11.8
2001-09-16,0.0,17.2,29.5,23.2,1.89,8.4,71,96,44,12.0
2001-09-17,0.0,17.8,29.7,23.3,1.5,9.4,74,97,45,12.0
2001-09-18,1.2,19.3,23.5,21.1,3.48,10.2,68,84,51,4.9
2001-09-19,1.1,19.3,25.4,21.8,2.38,8.4,75,85,60,4.5
2001-09-20,0.7,17.7,27.6,22.3,2.26,9.0,74,95,47,10.6
2001-09-21,0.0,17.3,26.6,22.1,1.84,8.1,76,98,51,10.8
2001-09-22,2.2,19.2,24.5,21.8,1.92,12.1,83,96,67,4.2
2001-09-23,0.0,15.1,28.5,22.0,2.34,10.8,59,87,30,11.9
2001-09-24,0.0,14.8,29.2,22.1,1.92,7.8,54,85,28,11.9
2001-09-25,0.0,15.7,28.4,22.1,1.77,8.3,47,71,26,11.9
2001-09-26,0.5,14.2,26.7,20.6,2.19,9.9,63,90,35,8.9
2001-09-27,0.3,16.1,26.6,21.2,2.33,9.4,69,90,42,10.8
2001-09-28,5.9,18.7,25.5,21.6,1.25,5.4,79,93,60,5.1
2001-09-29,3.5,16.8,26.4,21.2,1.1,7.0,78,96,53,9.9
2001-09-30,0.0,15.8,27.3,21.4,1.61,6.4,75,96,44,11.6
2001-10-01,0.0,16.0,28.2,22.3,1.46,7.2,73,96,44,11.7
2001-10-02,0.0,16.9,28.0,22.2,1.32,6.1,74,99,41,11.3
2001-10-03,0.0,15.8,28.1,22.2,1.14,9.5,73,97,47,10.7
2001-10-04,0.0,17.7,28.5,22.7,1.66,8.1,71,94,43,10.4
2001-10-05,0.0,16.2,29.5,22.5,1.3,7.0,73,96,42,10.1
2001-10-06,0.0,17.0,30.1,23.4,1.58,10.5,64,94,35,9.9
2001-10-07,0.0,16.4,28.2,22.7,2.06,8.3,53,88,30,11.3
2001-10-08,0.0,13.2,26.8,20.4,1.96,7.7,50,72,29,11.2
2001-10-09,0.2,13.8,25.0,19.7,1.38,7.4,65,92,37,10.6
2001-10-10,12.6,15.6,22.0,18.4,2.69,14.2,87,96,66,2.7
2001-10-11,4.3,19.4,26.6,22.4,4.11,15.2,79,92,62,10.0
2001-10-12,0.5,18.7,26.1,22.3,2.07,13.1,75,90,61,5.3
2001-10-13,1.0,15.7,26.3,21.0,1.29,9.9,76,97,49,10.8
2001-10-14,0.0,14.0,25.8,20.1,1.3,5.9,74,97,45,10.8
2001-10-15,0.0,15.0,27.0,20.7,1.28,4.9,69,94,37,10.0
2001-10-16,0.0,13.8,26.0,19.7,1.82,7.9,75,93,48,10.7
2001-10-17,0.6,16.6,23.9,19.8,1.41,6.5,82,98,60,10.0
2001-10-18,0.0,14.5,26.2,20.2,1.49,7.5,80,99,51,10.6
2001-10-19,0.0,14.4,26.4,20.1,2.06,12.2,78,100,47,9.3
2001-10-20,1.2,17.4,24.6,20.5,1.97,11.8,64,90,38,8.7
2001-10-21,0.0,12.3,25.6,19.0,1.4,5.9,64,88,37,10.3
2001-10-22,0.0,11.6,25.1,18.2,1.36,6.6,71,90,46,10.0
2001-10-23,0.0,13.5,27.3,20.2,1.26,7.8,67,97,36,9.4
2001-10-24,0.0,12.5,25.9,18.8,1.79,6.6,66,90,39,10.4
2001-10-25,0.0,12.5,23.6,18.1,1.69,6.9,78,99,48,10.0
2001-10-26,0.9,12.6,21.7,17.4,0.97,4.5,80,100,54,9.1
2001-10-27,0.0,12.0,23.6,17.8,1.22,6.6,81,99,55,10.2
2001-10-28,0.0,12.2,24.0,18.3,1.37,7.3,82,100,56,10.0
2001-10-29,0.0,12.7,25.5,18.8,1.33,6.6,78,100,48,10.1
2001-10-30,0.0,11.6,27.7,19.3,1.32,6.7,68,95,31,10.1
2001-10-31,0.0,11.5,27.2,19.2,1.5,6.0,65,91,31,10.1
2001-11-01,0.9,12.0,23.6,17.6,1.91,8.2,77,90,54,10.0
2001-11-02,3.4,14.4,18.3,16.3,2.13,8.6,77,92,58,7.5
2001-11-03,0.0,8.8,21.2,14.7,1.65,5.6,74,95,45,10.0
2001-11-04,0.2,10.7,20.4,15.7,1.26,5.3,78,95,54,7.4
2001-11-05,10.0,13.9,19.3,16.4,0.98,6.2,91,98,76,1.6
2001-11-06,14.2,14.6,17.8,15.9,1.38,5.3,93,99,82,1.6
2001-11-07,0.0,13.7,21.1,17.0,1.14,5.4,79,96,54,9.9
2001-11-08,0.0,11.3,22.5,16.5,1.76,7.9,72,98,35,9.9
2001-11-09,0.0,10.8,15.2,13.3,3.88,13.0,50,78,28,5.7
2001-11-10,0.1,7.1,11.6,9.1,5.5,14.5,32,38,27,6.1
2001-11-11,3.9,7.2,11.1,9.5,3.98,13.9,49,63,33,1.5
2001-11-12,0.0,8.7,17.3,12.4,3.54,12.2,47,67,32,9.8
2001-11-13,0.0,11.2,19.5,14.7,5.16,14.2,51,61,41,9.8
2001-11-14,3.7,5.7,14.0,11.4,5.61,18.6,53,85,27,9.7
2001-11-15,11.4,3.8,11.2,6.8,3.26,10.6,75,92,49,5.0
2001-11-16,0.1,3.0,13.0,7.9,1.51,6.5,81,99,58,9.8
2001-11-17,0.0,4.8,16.3,10.5,1.18,3.9,76,94,53,9.8
2001-11-18,0.0,7.5,16.7,11.6,1.42,5.0,73,93,46,9.8
2001-11-19,0.0,6.4,15.6,10.4,2.53,9.3,67,92,40,9.8
2001-11-20,0.0,5.3,15.3,10.3,2.32,6.3,64,79,47,8.7
2001-11-21,1.0,7.6,14.3,11.0,2.7,10.0,80,88,67,1.2
2001-11-22,14.6,10.5,12.4,11.4,2.92,8.5,88,89,82,0.0
2001-11-23,0.2,5.8,15.9,10.7,1.65,5.8,73,92,42,9.7
2001-11-24,0.1,3.5,14.3,9.3,1.52,5.0,84,92,70,4.9
2001-11-25,0.0,8.5,14.9,11.8,0.93,3.0,80,99,55,8.7
2001-11-26,0.0,4.5,16.3,10.1,1.34,4.8,84,97,60,9.1
2001-11-27,0.0,7.3,14.9,10.9,1.74,6.4,79,96,58,3.0
2001-11-28,0.0,4.5,15.0,9.3,1.98,7.6,68,93,34,9.6
2001-11-29,0.0,4.7,17.0,9.8,2.21,9.2,69,82,47,9.6
2001-11-30,0.0,3.7,18.3,9.7,1.87,5.5,75,94,43,9.6
2001-12-01,0.0,5.3,19.3,10.6,2.14,6.3,71,87,39,9.6
2001-12-02,0.0,3.6,16.2,9.6,1.22,3.8,79,93,58,9.6
2001-12-03,0.0,4.8,16.7,10.3,1.23,4.1,84,98,60,9.5
2001-12-04,0.0,4.1,18.0,9.9,1.53,4.8,80,99,47,9.5
2001-12-05,0.0,3.9,20.0,9.9,1.83,5.1,74,93,39,9.5
2001-12-06,0.0,3.5,17.7,9.8,1.44,4.2,78,93,52,9.5
2001-12-07,0.0,5.0,17.5,10.1,1.29,4.1,77,95,45,9.3
2001-12-08,1.0,6.0,16.1,10.5,2.22,8.4,84,96,62,7.9
2001-12-09,0.0,8.4,14.3,11.3,2.19,8.8,77,93,54,9.1
2001-12-10,0.9,5.2,12.8,9.1,2.23,9.1,81,89,65,8.7
2001-12-11,1.8,9.1,12.4,10.4,2.59,10.3,78,92,61,3.4
2001-12-12,0.0,5.2,13.2,9.2,1.78,7.3,74,90,55,8.8
2001-12-13,0.0,2.0,15.2,8.0,1.47,5.0,81,96,55,9.4
2001-12-14,0.3,3.7,16.6,9.0,2.19,8.4,75,90,45,9.2
2001-12-15,9.0,2.8,9.6,5.4,2.73,10.6,78,93,49,2.5
2001-12-16,0.0,-0.7,10.2,4.0,2.09,9.0,61,88,50,9.4
2001-12-17,0.2,-1.7,12.0,4.7,1.99,10.2,79,92,58,7.7
2001-12-18,2.2,8.8,11.4,9.9,3.6,11.7,69,75,61,0.1
2001-12-19,3.6,8.1,11.3,9.7,3.05,10.9,77,90,65,8.7
2001-12-20,0.1,5.6,10.5,8.2,1.96,7.2,85,93,69,5.4
2001-12-21,0.0,2.6,11.6,6.9,1.53,5.0,85,97,66,6.3
2001-12-22,0.0,3.5,13.6,8.3,1.22,5.1,85,98,64,8.0
2001-12-23,17.2,4.6,9.8,7.1,1.74,8.8,95,98,89,0.0
2001-12-24,3.7,4.5,8.4,6.4,2.28,8.7,85,91,78,0.3
2001-12-25,0.0,5.5,11.5,7.9,1.35,5.4,77,91,57,8.8
2001-12-26,0.0,0.8,13.5,6.6,2.67,11.5,72,95,41,9.4
2001-12-27,0.0,2.3,12.6,6.8,2.53,9.0,66,86,46,9.4
2001-12-28,0.0,0.2,13.5,5.4,1.84,5.0,74,89,44,8.7
2001-12-29,0.0,0.3,15.1,6.0,1.78,5.1,75,92,44,9.4
2001-12-30,0.0,3.6,19.5,9.9,2.19,5.7,70,90,45,8.8
2001-12-31,1.5,7.6,19.5,12.4,1.65,6.0,81,94,59,6.8
2002-01-01,2.0,10.6,12.9,11.6,3.08,9.5,87,99,74,2.8
2002-01-02,2.2,10.5,13.5,11.5,2.55,9.8,86,94,76,1.2
2002-01-03,4.4,7.6,12.8,10.1,0.84,7.6,95,100,84,0.9
2002-01-04,0.0,4.7,14.5,9.3,2.86,10.6,85,100,67,8.3
2002-01-05,2.2,8.6,12.8,11.1,3.33,10.2,85,95,71,7.3
2002-01-06,0.1,7.3,12.5,9.7,2.16,10.3,76,89,61,8.8
2002-01-07,0.0,4.7,12.7,8.5,2.01,8.3,78,92,56,9.2
2002-01-08,0.0,4.7,13.3,8.5,2.17,9.3,79,92,54,9.0
2002-01-09,0.0,5.1,13.8,8.9,1.97,7.4,81,93,58,7.8
2002-01-10,0.0,6.0,13.4,9.5,1.49,5.3,82,95,62,7.1
2002-01-11,0.0,4.4,13.6,9.2,0.98,3.7,82,99,58,9.1
2002-01-12,0.0,3.2,13.5,8.5,1.02,4.3,82,99,59,9.2
2002-01-13,0.0,1.6,15.3,8.4,1.38,4.9,80,98,54,8.0
2002-01-14,0.0,8.7,16.2,12.0,2.54,10.5,70,85,50,9.6
2002-01-15,0.0,2.7,15.9,8.7,1.89,7.1,76,95,46,9.6
2002-01-16,0.0,7.0,14.7,10.2,3.67,10.8,60,72,42,9.6
2002-01-17,0.0,1.9,14.5,7.8,1.74,5.3,74,92,48,9.6
2002-01-18,0.0,3.5,14.5,8.7,1.85,7.9,77,95,52,9.6
2002-01-19,0.0,1.7,15.5,8.5,1.47,5.4,77,97,45,9.6
2002-01-20,0.0,2.8,15.1,8.3,1.5,4.9,79,94,53,9.4
2002-01-21,0.0,1.8,14.8,8.3,1.24,6.5,85,99,60,9.6
2002-01-22,0.0,3.9,17.4,10.3,1.77,7.5,75,98,45,9.6
2002-01-23,0.0,4.0,17.8,10.7,1.6,9.4,77,95,56,9.3
2002-01-24,0.0,5.7,16.8,11.3,2.52,9.7,67,88,42,9.7
2002-01-25,0.0,4.1,17.0,9.5,2.01,5.8,71,89,40,9.7
2002-01-26,0.0,6.9,19.3,11.6,2.71,9.5,69,85,43,9.7
2002-01-27,0.0,4.2,19.5,10.2,2.11,6.2,70,93,36,9.7
2002-01-28,0.0,3.6,19.3,10.4,1.51,4.5,68,91,34,9.7
2002-01-29,0.0,1.2,17.0,9.3,1.08,3.8,74,94,45,9.7
2002-01-30,0.0,1.7,15.0,8.3,0.99,4.1,80,97,52,9.0
2002-01-31,0.0,4.6,18.9,10.6,1.9,8.3,73,95,37,9.2
2002-02-01,0.0,2.7,17.8,9.5,1.74,5.9,73,92,42,9.9
2002-02-02,0.0,0.4,17.0,8.8,1.21,5.6,75,99,37,9.8
2002-02-03,0.0,2.0,16.5,9.1,1.2,5.7,77,95,50,9.0
2002-02-04,0.0,5.4,19.0,11.8,1.9,9.6,73,95,41,10.0
2002-02-05,0.0,5.1,20.4,12.0,2.02,7.3,73,94,44,10.0
2002-02-06,0.0,10.7,16.2,13.4,5.18,17.8,46,70,27,9.0
2002-02-07,0.0,9.7,17.4,13.0,4.51,14.3,44,61,31,10.2
2002-02-08,0.0,3.3,17.1,10.3,1.68,6.6,68,94,37,10.3
2002-02-09,0.0,2.6,20.2,11.2,1.59,5.7,68,96,34,10.4
2002-02-10,0.0,6.4,21.8,13.0,1.71,5.6,66,89,33,10.1
2002-02-11,0.0,5.4,22.9,13.4,1.44,5.5,64,92,28,10.5
2002-02-12,0.0,5.6,22.5,13.4,1.56,5.3,64,88,31,10.5
2002-02-13,0.0,4.6,20.9,12.6,1.24,5.8,68,94,34,10.6
2002-02-14,0.0,5.2,20.5,12.4,2.21,10.5,69,94,35,10.6
2002-02-15,0.0,6.9,16.5,11.3,2.13,9.9,50,88,27,10.6
2002-02-16,0.0,2.8,14.7,9.4,2.05,8.9,66,91,41,10.4
2002-02-17,1.1,8.2,13.3,10.3,2.07,8.6,73,83,53,3.4
2002-02-18,0.0,2.8,15.5,9.0,1.71,7.8,75,99,40,10.7
2002-02-19,0.0,2.0,15.6,8.8,1.78,6.3,69,96,34,10.7
2002-02-20,0.0,0.9,18.6,9.9,1.79,7.6,62,96,23,10.7
2002-02-21,0.0,11.1,19.4,14.6,4.55,15.9,37,50,23,10.8
2002-02-22,0.0,9.5,18.2,13.4,3.25,11.1,37,65,24,10.8
2002-02-23,0.0,3.6,22.9,13.3,1.86,8.1,55,91,24,10.8
2002-02-24,0.0,7.3,23.1,14.3,2.08,7.6,50,78,24,10.8
2002-02-25,0.0,5.3,22.5,14.0,1.45,6.5,64,92,29,10.8
2002-02-26,0.0,5.4,25.1,14.5,1.79,6.1,59,91,18,10.8
2002-02-27,0.0,5.4,25.4,14.6,2.02,5.7,44,68,15,10.9
2002-02-28,0.0,8.7,22.1,15.0,2.37,9.4,43,69,26,10.9
2002-03-01,0.5,6.5,21.0,14.4,1.55,10.3,55,81,38,9.6
2002-03-02,2.9,9.5,16.6,12.6,1.51,7.0,65,93,38,8.0
2002-03-03,1.3,5.0,15.4,10.6,3.14,14.1,77,95,49,8.2
2002-03-04,14.6,9.4,12.6,11.1,2.37,9.9,81,91,68,0.2
2002-03-05,0.0,4.0,17.2,10.6,3.68,13.8,68,97,34,11.0
2002-03-06,0.0,8.7,17.4,12.3,3.5,11.3,53,78,35,9.1
2002-03-07,2.1,8.0,13.6,10.5,1.64,7.1,82,94,60,2.9
2002-03-08,0.0,5.5,16.7,10.9,2.06,7.5,76,94,48,11.1
2002-03-09,0.0,7.3,20.8,13.5,1.68,7.1,71,93,38,11.2
2002-03-10,0.0,6.2,21.1,13.8,1.59,7.8,74,96,46,11.3
2002-03-11,0.0,7.5,18.9,13.2,1.68,9.3,80,100,51,10.0
2002-03-12,0.6,6.9,19.7,12.9,1.76,8.5,77,100,39,8.3
2002-03-13,0.7,7.0,20.4,12.7,2.24,13.4,72,95,46,10.7
2002-03-14,1.0,7.3,19.4,12.8,1.9,10.5,67,87,45,11.6
2002-03-15,0.0,4.2,19.7,11.9,2.16,10.7,70,95,37,11.7
2002-03-16,1.0,9.1,17.5,12.7,1.83,10.4,79,100,53,8.3
2002-03-17,0.0,9.3,19.2,13.7,3.26,11.2,53,74,31,11.1
2002-03-18,0.0,6.2,23.7,14.7,1.96,8.9,63,93,35,11.3
2002-03-19,0.0,10.2,26.0,17.2,2.56,9.4,56,82,27,11.8
2002-03-20,0.0,10.7,28.8,19.3,1.9,7.2,52,80,24,11.8
2002-03-21,0.0,10.2,30.5,20.6,1.56,6.0,50,86,18,11.8
2002-03-22,0.0,12.8,28.6,20.1,2.1,8.8,46,67,25,11.8
2002-03-23,0.0,10.5,28.8,19.0,2.07,10.1,47,72,21,11.9
2002-03-24,0.0,12.0,22.0,16.1,2.02,10.4,66,99,35,11.9
2002-03-25,0.0,9.9,20.4,14.7,2.08,9.6,68,94,42,11.9
2002-03-26,0.0,8.9,18.4,13.6,2.22,8.2,67,88,48,9.9
2002-03-27,0.0,5.6,18.7,12.6,2.65,12.0,61,91,33,12.0
2002-03-28,0.7,10.2,16.4,13.1,5.33,19.5,64,79,48,9.4
2002-03-29,4.2,10.7,17.6,13.4,4.38,13.9,67,87,46,11.0
2002-03-30,0.0,5.9,18.9,12.9,1.48,8.2,66,93,39,12.0
2002-03-31,0.0,5.3,20.4,12.8,2.23,10.1,74,100,39,12.0
2002-04-01,0.0,7.4,18.4,12.9,2.61,11.2,76,99,46,10.5
2002-04-02,33.9,9.1,12.8,10.8,5.84,19.3,80,86,66,0.0
2002-04-03,0.4,5.7,17.2,12.2,4.3,20.0,61,93,30,12.0
2002-04-04,0.0,9.4,18.7,13.3,5.63,17.2,41,56,23,12.0
2002-04-05,0.0,4.9,19.6,11.9,2.42,11.3,61,93,38,12.0
2002-04-06,3.3,8.9,19.0,13.9,1.69,10.6,83,99,61,12.0
2002-04-07,3.3,10.4,16.2,13.2,1.93,9.2,77,95,51,11.5
2002-04-08,3.5,9.6,19.4,14.1,1.62,8.1,76,97,49,12.2
2002-04-09,0.2,6.8,20.7,14.0,1.2,8.1,74,99,39,10.5
2002-04-10,0.0,6.8,20.9,14.6,1.73,8.0,71,96,39,12.1
2002-04-11,6.5,9.4,17.6,13.1,2.73,11.9,84,100,65,8.2
2002-04-12,2.0,8.7,16.5,12.4,3.62,11.8,64,91,38,11.7
2002-04-13,0.1,10.1,20.7,15.1,3.17,11.6,59,77,36,11.8
2002-04-14,8.1,8.3,16.8,12.9,1.99,9.1,79,91,66,11.0
2002-04-15,9.5,8.8,17.4,13.2,0.97,8.4,86,99,66,10.8
2002-04-16,0.0,6.4,19.4,13.0,1.67,9.8,75,100,37,12.4
2002-04-17,0.0,7.8,19.9,13.9,1.68,8.2,78,100,49,12.4
2002-04-18,0.0,7.4,20.7,14.5,1.73,8.8,73,97,46,11.7
2002-04-19,0.0,7.5,21.1,15.2,1.72,8.4,69,98,43,12.8
2002-04-20,0.0,8.4,23.4,16.5,1.5,8.6,67,93,44,12.9
2002-04-21,0.0,9.3,23.4,16.3,2.58,14.2,67,94,44,13.1
2002-04-22,0.0,6.9,22.0,15.1,1.92,8.7,60,94,30,13.2
2002-04-23,0.0,7.1,24.6,16.7,1.55,8.1,54,91,26,13.3
2002-04-24,0.0,8.5,26.3,18.0,1.83,10.3,49,86,24,13.3
2002-04-25,0.0,9.5,29.8,20.4,1.64,9.2,47,83,24,13.4
2002-04-26,0.0,14.0,29.0,21.8,1.82,10.6,48,75,28,13.2
2002-04-27,0.0,13.7,26.0,20.7,2.76,12.0,54,76,32,13.4
2002-04-28,0.0,13.5,26.9,19.9,1.5,9.4,69,94,40,13.4
2002-04-29,0.0,15.4,25.8,20.1,2.37,11.3,63,83,44,13.2
2002-04-30,0.0,13.8,23.1,18.1,1.94,9.5,69,89,47,13.6
2002-05-01,0.0,11.3,26.0,19.2,1.76,10.4,71,97,45,13.6
2002-05-02,0.4,15.3,24.1,19.5,3.06,10.9,37,65,24,13.5
2002-05-03,0.3,11.5,20.2,15.4,4.37,15.5,45,73,23,13.7
2002-05-04,0.0,10.4,23.0,16.0,3.23,12.7,34,56,13,13.7
2002-05-05,0.0,10.2,21.2,15.7,2.32,10.2,55,80,29,11.0
2002-05-06,13.5,12.1,15.5,13.8,3.62,13.3,75,88,61,0.5
2002-05-07,54.2,9.9,12.8,11.4,5.47,15.8,85,86,83,0.0
2002-05-08,0.7,10.1,20.2,14.9,2.43,9.1,67,87,47,13.9
2002-05-09,0.0,8.5,21.3,15.4,1.77,7.8,66,88,44,13.9
2002-05-10,3.9,12.3,21.1,16.8,2.23,7.9,72,84,56,12.2
2002-05-11,1.1,10.9,19.6,16.0,2.14,10.3,67,89,45,13.9
2002-05-12,0.0,8.7,22.5,16.2,2.18,9.2,64,90,41,14.0
2002-05-13,0.0,8.4,24.5,17.5,1.33,7.9,70,92,47,14.0
2002-05-14,0.0,11.9,27.8,19.8,1.99,8.2,68,96,37,14.0
2002-05-15,0.0,11.7,25.2,19.2,1.91,9.0,69,98,42,12.6
2002-05-16,0.0,12.7,26.3,20.0,2.05,8.8,60,87,37,14.0
2002-05-17,0.0,12.1,26.2,20.3,1.53,10.7,60,91,40,14.0
2002-05-18,0.0,16.1,26.5,21.0,3.2,11.5,41,69,28,14.0
2002-05-19,0.0,11.6,24.7,18.8,1.95,8.3,59,87,36,14.0
2002-05-20,0.0,10.9,25.7,19.0,1.95,9.2,52,88,24,14.0
2002-05-21,0.0,10.5,27.3,19.6,1.79,9.5,52,78,36,14.0
2002-05-22,0.0,12.9,28.9,21.8,1.97,12.8,58,92,33,14.0
2002-05-23,0.0,16.5,26.5,21.3,4.06,13.4,31,49,16,14.0
2002-05-24,0.0,11.2,27.8,20.2,2.34,11.6,38,67,23,14.0
2002-05-25,0.0,14.0,31.7,23.0,2.09,10.9,47,73,22,14.0
2002-05-26,0.0,14.3,29.4,22.0,1.82,12.3,55,85,24,14.0
2002-05-27,0.0,18.0,26.6,21.3,3.66,12.8,43,80,25,13.9
2002-05-28,0.0,14.5,26.0,20.1,2.12,9.8,65,95,35,14.0
2002-05-29,0.0,12.7,26.9,20.6,2.36,12.3,54,92,26,14.0
2002-05-30,0.8,12.3,26.1,19.8,2.62,10.6,55,79,34,10.8
2002-05-31,5.5,15.5,26.8,21.2,2.8,12.4,60,88,38,12.0
2002-06-01,0.0,16.4,29.2,22.9,2.65,9.8,51,71,34,14.0
2002-06-02,0.0,15.5,31.2,24.1,2.12,9.5,49,83,27,14.0
2002-06-03,0.0,16.6,31.1,24.2,1.68,8.7,53,79,35,14.0
2002-06-04,2.5,17.8,28.5,22.9,2.29,14.4,61,91,28,13.7
2002-06-05,0.6,14.9,27.4,22.0,3.45,12.6,43,76,23,14.0
2002-06-06,0.0,15.3,27.6,21.6,3.23,11.9,39,53,24,13.7
2002-06-07,0.1,15.7,27.9,21.4,3.94,13.2,48,68,23,14.0
2002-06-08,0.0,17.6,26.2,21.5,3.71,13.7,44,78,19,11.3
2002-06-09,0.0,15.5,28.8,21.9,3.03,10.4,28,39,17,14.0
2002-06-10,0.0,14.6,31.9,23.7,2.34,11.2,37,64,20,14.0
2002-06-11,0.0,17.4,28.9,23.0,2.4,10.8,50,75,30,14.0
2002-06-12,0.0,15.8,29.2,22.7,2.18,10.7,49,78,27,13.0
2002-06-13,0.0,15.2,28.3,22.5,2.24,11.8,46,74,24,11.7
2002-06-14,0.0,14.2,31.2,23.6,2.46,11.1,41,70,19,14.0
2002-06-15,0.0,14.9,31.7,24.0,2.46,10.8,45,73,24,14.0
2002-06-16,0.0,16.5,32.2,25.0,2.54,11.4,43,70,22,14.0
2002-06-17,0.0,17.3,33.6,26.0,2.29,10.4,39,65,18,14.0
2002-06-18,0.0,16.6,33.6,25.8,2.17,10.2,43,74,21,14.0
2002-06-19,0.0,17.9,32.8,25.6,2.43,11.1,45,70,23,14.0
2002-06-20,0.0,17.4,32.8,25.6,2.52,12.2,42,69,22,13.6
2002-06-21,0.0,16.9,34.3,26.2,1.8,8.3,47,79,24,14.0
2002-06-22,0.0,19.6,33.6,26.6,1.94,9.4,53,81,27,14.0
2002-06-23,0.0,19.3,33.3,26.4,2.01,9.8,48,71,29,14.0
2002-06-24,0.0,19.1,30.2,25.1,2.59,12.3,65,93,42,14.0
2002-06-25,0.0,19.3,30.5,25.2,3.12,13.3,66,95,40,14.0
2002-06-26,0.0,19.3,31.2,25.4,3.2,13.6,57,83,34,13.8
2002-06-27,0.0,18.1,34.0,26.3,1.65,8.3,55,79,34,12.6
2002-06-28,0.0,20.4,33.0,27.0,2.49,11.6,58,90,29,14.0
2002-06-29,0.7,21.7,30.8,25.1,2.74,10.7,71,89,44,12.4
2002-06-30,1.2,21.0,28.2,23.9,2.68,10.9,72,90,50,11.9
2002-07-01,19.8,19.2,23.3,21.2,2.52,7.9,86,97,75,9.9
2002-07-02,0.0,17.1,31.0,24.5,1.71,9.6,68,99,38,14.0
2002-07-03,0.0,18.3,32.3,25.8,1.63,9.2,63,89,41,14.0
2002-07-04,0.0,18.2,31.7,25.1,2.64,10.7,67,89,44,14.0
2002-07-05,0.0,19.6,28.8,23.7,2.12,9.2,74,96,50,14.0
2002-07-06,0.0,18.5,28.6,23.7,2.07,10.2,73,98,52,14.0
2002-07-07,0.0,17.1,29.1,23.5,2.3,9.7,69,96,46,14.0
2002-07-08,0.0,16.8,30.2,23.7,1.89,8.6,66,93,41,14.0
2002-07-09,0.0,18.8,32.1,25.4,1.85,9.9,69,97,41,14.0
2002-07-10,0.0,18.2,35.2,26.9,2.24,11.4,52,90,20,14.0
2002-07-11,0.0,19.9,30.5,25.2,2.59,10.7,65,83,46,14.0
2002-07-12,0.0,20.1,31.0,25.5,2.0,9.3,66,91,43,14.0
2002-07-13,0.6,20.4,30.4,24.9,2.18,11.0,70,95,42,13.7
2002-07-14,0.4,20.4,29.7,24.5,2.6,11.2,53,92,15,14.0
2002-07-15,0.0,15.5,30.1,23.1,2.19,11.5,53,90,25,14.0
2002-07-16,0.0,15.8,31.5,24.2,2.0,9.9,52,87,26,14.0
2002-07-17,0.0,16.5,31.1,24.5,2.36,10.4,53,82,33,14.0
2002-07-18,0.0,16.9,32.2,25.0,2.08,10.8,53,84,28,14.0
2002-07-19,0.0,17.8,33.5,26.4,1.97,10.7,48,83,22,14.0
2002-07-20,0.0,17.3,33.2,26.1,2.49,11.1,49,76,26,14.0
2002-07-21,0.0,19.3,33.7,26.9,1.85,10.0,55,81,33,13.9
2002-07-22,0.0,21.6,32.8,27.1,1.86,9.9,59,84,39,13.7
2002-07-23,0.0,22.3,34.7,27.8,2.42,9.8,39,75,19,13.9
2002-07-24,0.0,20.9,34.0,27.0,2.59,11.7,43,64,22,13.9
2002-07-25,0.0,18.7,34.6,27.1,2.09,11.1,55,92,25,13.9
2002-07-26,0.0,19.3,33.3,26.7,2.21,9.9,57,91,29,13.9
2002-07-27,0.0,20.0,31.3,25.5,2.09,10.0,65,89,41,13.9
2002-07-28,0.0,19.1,32.6,25.9,2.26,10.4,58,90,31,13.9
2002-07-29,0.0,18.0,33.8,26.4,2.19,10.0,51,85,25,13.8
2002-07-30,0.0,20.1,32.3,26.3,2.2,9.6,57,78,35,13.8
2002-07-31,0.0,20.8,30.6,25.3,2.43,10.3,69,95,43,13.5
2002-08-01,0.0,20.9,31.3,25.5,2.41,11.1,71,95,45,13.1
2002-08-02,0.1,21.3,30.9,25.5,2.39,9.4,70,92,44,12.9
2002-08-03,0.0,21.5,32.5,26.7,1.69,8.9,68,92,46,13.5
2002-08-04,0.0,19.9,34.2,27.5,1.87,8.9,62,96,33,13.7
2002-08-05,0.1,20.8,33.4,27.4,1.34,7.9,65,92,38,12.0
2002-08-06,0.0,21.6,36.1,28.4,2.56,12.3,52,82,17,13.7
2002-08-07,0.0,23.1,31.1,26.5,2.79,10.3,72,95,45,13.0
2002-08-08,0.4,22.2,31.1,25.8,2.26,9.2,67,85,42,13.0
2002-08-09,0.6,22.0,30.3,25.7,2.46,11.0,72,91,50,13.0
2002-08-10,0.0,22.0,32.2,26.7,2.42,10.6,49,87,29,8.9
2002-08-11,0.0,20.7,31.8,25.4,2.52,12.4,50,78,13,13.2
2002-08-12,0.0,19.1,34.0,26.2,1.78,10.6,57,95,24,13.2
2002-08-13,0.0,19.1,32.2,25.7,2.12,10.1,61,90,34,13.3
2002-08-14,0.0,18.5,32.6,25.7,2.03,10.0,61,90,36,12.8
2002-08-15,0.0,19.9,34.1,26.6,1.78,10.2,62,91,33,13.1
2002-08-16,0.0,20.6,32.6,26.4,1.97,8.8,62,89,35,13.1
2002-08-17,0.0,20.0,32.4,26.2,1.6,9.1,59,87,34,13.1
2002-08-18,0.0,18.7,33.4,26.0,1.87,10.9,60,94,28,13.1
2002-08-19,0.0,18.0,33.3,25.8,2.12,9.7,62,92,30,13.0
2002-08-20,0.0,19.8,32.6,26.2,1.6,8.9,69,95,41,12.7
2002-08-21,0.0,20.8,31.1,25.4,1.88,9.5,71,97,42,12.6
2002-08-22,0.0,21.0,30.9,25.5,2.02,9.9,69,95,41,12.4
2002-08-23,1.2,20.5,30.8,25.0,2.37,10.2,73,97,43,11.2
2002-08-24,9.8,20.4,27.8,23.5,1.51,7.4,78,96,56,11.2
2002-08-25,0.0,20.3,28.4,24.0,2.07,10.0,71,95,45,12.3
2002-08-26,0.0,16.0,29.9,23.4,1.75,7.3,59,92,30,12.4
2002-08-27,0.6,18.2,28.5,22.9,1.59,9.4,69,93,37,12.0
2002-08-28,0.3,19.2,27.2,22.8,1.38,8.0,74,97,49,12.1
2002-08-29,0.0,16.4,29.5,23.6,1.63,8.0,65,98,36,12.2
2002-08-30,0.0,16.6,30.0,23.8,1.76,8.8,68,96,39,12.2
2002-08-31,0.0,17.1,33.1,24.9,1.45,9.0,67,98,29,12.1
2002-09-01,0.0,18.4,29.8,24.3,1.93,9.0,68,94,43,12.0
2002-09-02,0.0,19.4,31.4,24.6,1.95,8.3,71,96,37,12.0
2002-09-03,0.0,18.7,30.4,24.4,1.61,9.0,74,99,42,10.6
2002-09-04,0.0,19.5,32.4,25.4,2.27,8.0,47,89,22,12.0
2002-09-05,0.0,17.1,32.4,24.8,2.08,9.3,44,70,20,12.0
2002-09-06,0.0,18.3,29.0,23.5,2.07,9.0,64,90,37,12.0
2002-09-07,0.0,18.7,30.6,24.1,1.61,10.0,69,98,37,12.0
2002-09-08,0.0,16.5,32.2,24.5,2.12,10.6,52,85,22,12.0
2002-09-09,0.0,17.2,32.3,24.9,1.75,8.2,47,72,27,12.0
2002-09-10,0.0,17.9,31.2,24.6,2.34,9.7,51,76,29,12.0
2002-09-11,0.0,17.3,29.9,23.7,1.7,8.8,68,94,40,10.8
2002-09-12,0.0,19.8,30.6,24.8,1.87,10.3,65,93,37,12.0
2002-09-13,0.2,18.2,30.5,24.3,2.02,9.8,67,90,41,12.0
2002-09-14,0.0,20.5,29.0,24.2,2.31,10.3,72,93,43,10.7
2002-09-15,0.0,20.2,28.3,23.7,1.82,8.1,74,94,47,11.2
2002-09-16,0.7,19.7,27.4,23.5,1.35,9.1,74,95,49,9.0
2002-09-17,0.0,18.9,29.6,23.8,1.93,11.9,74,98,43,12.0
2002-09-18,0.0,17.9,30.1,23.4,1.51,7.0,73,99,39,11.6
2002-09-19,0.0,16.9,30.7,23.9,1.71,8.3,69,97,38,12.0
2002-09-20,0.0,16.6,30.9,24.3,1.68,8.1,65,95,32,12.0
2002-09-21,0.0,17.5,30.2,24.5,1.5,7.6,62,97,31,12.0
2002-09-22,0.0,19.4,28.9,24.2,2.73,8.3,45,62,31,12.0
2002-09-23,0.0,19.1,27.9,23.6,3.68,11.4,47,67,30,11.9
2002-09-24,0.0,18.5,27.9,22.9,2.62,10.0,44,65,25,11.9
2002-09-25,0.1,15.6,25.6,20.8,2.14,8.6,51,71,40,8.1
2002-09-26,9.9,16.8,25.4,20.3,1.32,7.6,78,96,54,11.1
2002-09-27,0.0,15.1,27.8,21.7,1.36,7.4,69,97,33,11.4
2002-09-28,0.7,17.4,26.7,21.2,1.48,7.6,79,99,48,11.3
2002-09-29,0.1,17.0,26.1,20.9,1.8,8.6,77,99,51,11.2
2002-09-30,0.0,15.7,25.0,20.4,2.14,9.5,72,95,49,11.6
2002-10-01,0.0,14.6,22.9,18.9,2.1,9.0,70,90,49,2.7
2002-10-02,11.0,17.1,19.7,18.3,1.29,5.2,85,95,75,1.9
2002-10-03,0.0,15.0,24.5,19.4,1.53,6.4,80,97,56,8.0
2002-10-04,0.0,16.0,24.2,20.0,1.71,7.5,79,97,56,9.6
2002-10-05,0.0,14.2,24.8,19.5,1.48,6.2,75,99,43,10.2
2002-10-06,0.0,13.8,24.6,19.5,1.33,4.6,73,96,43,5.3
2002-10-07,0.0,13.4,27.6,20.2,1.94,7.5,67,91,36,10.8
2002-10-08,0.2,14.5,24.5,20.1,1.89,10.6,74,92,53,8.0
2002-10-09,4.4,15.9,24.8,19.8,2.15,11.0,69,97,38,10.1
2002-10-10,0.4,13.5,18.6,16.0,5.32,18.1,48,60,37,10.8
2002-10-11,0.0,14.2,24.9,18.7,4.51,16.5,38,55,22,11.0
2002-10-12,0.0,16.4,27.1,21.0,3.85,12.3,48,63,35,10.9
2002-10-13,0.0,14.8,27.5,20.7,2.1,6.2,62,87,32,10.9
2002-10-14,0.0,13.1,27.9,20.0,1.71,8.4,70,91,37,10.8
2002-10-15,0.0,13.4,27.6,20.4,1.48,7.8,72,99,41,10.7
2002-10-16,0.0,12.5,28.1,20.1,1.44,7.7,64,95,31,10.1
2002-10-17,0.0,17.5,24.7,20.5,2.73,11.1,51,81,24,10.2
2002-10-18,0.0,10.1,22.6,16.7,2.34,9.7,57,78,39,10.7
2002-10-19,0.0,13.0,23.7,17.8,1.77,7.8,72,92,46,10.3
2002-10-20,0.0,13.5,25.0,18.7,1.54,7.3,76,96,50,9.1
2002-10-21,0.1,16.0,27.6,21.1,1.62,9.6,73,99,42,9.5
2002-10-22,0.0,14.8,26.3,20.5,2.74,10.8,51,74,27,10.5
2002-10-23,0.0,12.1,25.7,19.2,2.56,10.2,51,86,25,10.3
2002-10-24,0.0,10.1,23.6,17.0,1.71,6.3,56,81,32,8.0
2002-10-25,0.0,10.9,26.7,18.2,1.82,6.1,56,83,28,10.3
2002-10-26,0.0,12.4,28.6,19.4,1.68,5.9,60,85,26,10.3
2002-10-27,0.0,11.1,29.2,19.5,1.16,4.5,64,95,25,10.3
2002-10-28,0.0,12.7,23.3,17.8,2.24,9.7,74,92,52,10.2
2002-10-29,0.0,9.5,23.3,16.2,1.55,6.3,75,99,43,10.1
2002-10-30,0.0,9.7,23.7,17.0,1.46,10.3,76,100,50,10.0
2002-10-31,0.0,12.3,24.5,18.5,2.55,10.4,55,86,30,10.1
2002-11-01,0.0,10.4,24.6,17.2,1.78,7.1,53,77,26,10.0
2002-11-02,0.0,10.3,25.7,17.4,1.86,5.8,56,79,33,10.1
2002-11-03,0.0,13.5,28.4,20.2,3.18,12.3,59,80,37,8.9
2002-11-04,0.0,15.3,24.2,19.7,2.04,8.5,62,86,38,10.0
2002-11-05,0.0,12.7,22.1,16.9,2.08,10.3,56,87,29,9.3
2002-11-06,0.0,8.3,24.4,16.7,1.75,7.2,58,89,25,9.9
2002-11-07,0.0,15.5,20.2,17.6,5.39,18.8,38,63,21,9.9
2002-11-08,0.0,13.6,22.9,17.3,3.83,12.3,31,40,22,9.3
2002-11-09,0.0,10.8,25.0,17.8,3.2,11.7,32,49,16,7.2
2002-11-10,0.0,14.5,27.2,20.4,2.53,8.9,32,47,23,9.9
2002-11-11,0.0,9.0,25.7,17.3,1.52,6.0,48,80,20,9.9
2002-11-12,0.0,9.7,24.0,16.2,1.63,6.8,53,78,29,9.1
2002-11-13,0.0,9.2,22.5,15.9,2.34,9.6,69,93,34,9.8
2002-11-14,7.7,13.9,17.0,15.7,3.87,18.5,85,95,72,2.8
2002-11-15,2.1,10.4,15.9,14.0,1.4,8.6,79,93,56,4.2
2002-11-16,0.1,5.6,18.0,11.5,1.42,7.0,69,93,36,9.8
2002-11-17,0.0,4.6,16.6,10.7,2.23,9.5,66,91,37,9.7
2002-11-18,0.0,7.0,18.4,12.4,2.35,7.1,65,86,37,9.8
2002-11-19,0.2,6.0,18.2,11.8,2.19,10.5,78,92,52,9.1
2002-11-20,5.8,9.4,16.3,13.0,2.23,11.5,67,96,29,9.8
2002-11-21,0.4,10.0,21.5,14.5,2.57,11.8,67,93,42,9.7
2002-11-22,0.0,5.8,19.8,12.4,2.11,7.1,72,92,38,9.7
2002-11-23,5.4,9.7,18.1,14.2,1.5,9.6,86,96,68,5.2
2002-11-24,19.6,11.3,15.3,13.2,2.82,14.9,84,98,67,7.4
2002-11-25,0.0,8.5,15.7,11.7,3.47,13.0,62,89,40,6.5
2002-11-26,0.0,8.6,17.3,12.0,3.6,11.0,58,70,42,9.7
2002-11-27,0.0,7.1,19.7,12.5,1.79,5.2,77,90,57,9.7
2002-11-28,1.1,9.7,21.5,15.2,2.13,10.7,76,96,56,9.6
2002-11-29,0.0,8.6,18.2,13.4,3.08,10.9,58,78,39,9.6
2002-11-30,0.0,9.6,17.8,13.6,4.18,15.8,62,84,39,9.6
2002-12-01,0.0,8.9,18.7,13.6,2.52,9.6,65,80,47,7.6
2002-12-02,0.0,13.5,19.2,15.9,3.58,11.5,61,77,41,9.6
2002-12-03,0.0,11.1,18.0,14.0,3.81,12.7,53,63,37,7.8
2002-12-04,0.0,11.3,18.7,14.4,4.41,12.4,54,65,40,9.5
2002-12-05,0.0,10.6,15.7,13.5,5.02,16.0,50,67,30,9.5
2002-12-06,0.0,7.0,14.8,10.2,4.59,14.3,46,64,36,9.5
2002-12-07,0.0,6.3,14.8,10.4,1.96,8.7,61,80,41,8.6
2002-12-08,0.0,4.9,15.4,10.3,1.35,5.5,67,92,41,8.6
2002-12-09,0.4,3.0,14.6,9.5,1.38,7.1,77,96,53,7.8
2002-12-10,1.8,9.5,16.2,12.4,1.39,6.5,78,92,55,9.0
2002-12-11,0.0,3.9,16.5,10.4,1.08,4.9,81,98,53,8.3
2002-12-12,0.0,6.5,17.2,11.2,1.08,4.6,79,98,48,9.0
2002-12-13,0.0,3.6,15.6,9.3,1.54,7.1,83,94,62,8.2
2002-12-14,0.6,9.2,19.3,12.7,1.57,5.7,82,96,55,7.0
2002-12-15,0.0,4.9,19.0,11.2,1.61,5.4,77,95,47,9.3
2002-12-16,0.0,4.0,16.7,10.1,1.3,6.0,81,96,51,9.4
2002-12-17,1.4,5.6,18.3,11.9,1.03,7.2,83,99,60,5.7
2002-12-18,0.5,9.8,18.8,14.2,1.42,4.0,89,97,75,1.4
2002-12-19,8.5,11.1,15.5,13.5,0.94,4.5,97,99,91,0.7
2002-12-20,3.2,12.8,17.6,14.4,1.31,5.6,86,98,62,6.2
2002-12-21,0.0,9.1,18.1,13.3,1.26,4.1,85,98,60,8.8
2002-12-22,0.0,6.8,18.2,11.8,1.38,4.5,84,98,55,9.2
2002-12-23,0.0,4.9,18.9,11.7,1.12,4.7,85,100,56,8.8
2002-12-24,0.0,7.5,19.8,13.1,2.28,9.5,74,95,41,9.3
2002-12-25,0.0,7.6,21.3,13.1,1.92,8.2,80,95,53,8.3
2002-12-26,0.0,6.4,18.5,11.9,1.45,5.1,80,97,51,8.2
2002-12-27,0.8,8.0,16.2,12.2,2.07,9.5,77,89,65,6.6
2002-12-28,0.0,10.6,16.0,12.6,4.14,14.4,54,73,37,9.4
2002-12-29,0.0,5.0,17.6,10.5,2.0,7.6,63,82,39,9.4
2002-12-30,0.0,6.3,18.5,11.3,2.1,8.5,71,92,37,6.4
2002-12-31,0.0,8.2,16.3,12.5,3.44,12.0,58,78,41,8.8
2003-01-01,1.0,8.5,19.5,12.4,1.93,7.1,71,91,47,7.2
2003-01-02,0.0,7.5,20.7,12.5,1.51,5.3,75,95,41,8.7
2003-01-03,0.0,5.3,21.4,12.5,1.55,8.0,77,97,50,8.9
2003-01-04,0.6,7.2,18.4,12.1,2.07,10.0,75,95,39,9.1
2003-01-05,0.0,4.8,15.9,10.2,1.69,6.3,80,96,54,8.6
2003-01-06,0.2,7.0,14.5,10.8,4.51,19.1,64,98,34,9.5
2003-01-07,1.4,4.0,15.6,9.9,2.33,11.1,58,84,35,9.1
2003-01-08,0.2,5.6,16.0,10.4,2.57,13.4,71,96,38,9.4
2003-01-09,0.1,3.4,14.3,8.5,2.26,9.4,65,82,38,9.2
2003-01-10,4.6,5.8,9.7,7.5,4.25,16.4,75,86,60,1.9
2003-01-11,0.3,2.8,9.7,5.8,3.43,10.6,48,64,30,9.6
2003-01-12,7.1,-0.2,7.9,3.8,2.54,9.9,78,88,64,5.1
2003-01-13,0.0,1.3,10.7,6.2,1.72,5.7,73,90,48,9.5
2003-01-14,0.0,-2.6,11.2,4.4,1.08,4.2,64,91,33,9.6
2003-01-15,0.0,-2.1,11.7,4.4,1.63,5.6,68,86,44,9.6
2003-01-16,0.4,1.4,13.2,6.2,2.06,6.7,64,89,33,9.4
2003-01-17,0.0,0.2,13.9,5.9,1.82,5.1,67,84,38,9.6
2003-01-18,0.0,0.8,15.4,6.7,1.98,6.3,67,84,33,9.3
2003-01-19,0.3,2.3,15.7,8.3,3.4,16.5,71,93,44,9.2
2003-01-20,0.0,2.5,15.7,9.5,1.88,9.3,65,91,40,9.6
2003-01-21,0.8,8.1,17.7,12.1,2.42,12.4,68,92,37,9.0
2003-01-22,0.1,4.4,17.6,10.6,1.82,9.8,73,92,42,9.6
2003-01-23,0.0,9.0,15.7,12.0,4.54,13.5,59,92,35,9.7
2003-01-24,0.0,6.2,14.9,9.8,3.29,10.3,44,58,25,9.7
2003-01-25,0.0,2.2,16.2,8.0,2.63,8.1,47,67,20,9.7
2003-01-26,0.0,4.1,16.5,10.0,3.13,10.8,44,59,33,9.7
2003-01-27,0.0,8.7,20.6,13.5,2.1,11.0,64,82,44,9.0
2003-01-28,0.0,7.0,23.0,13.4,2.18,7.0,65,91,29,9.7
2003-01-29,0.0,9.4,15.7,12.1,5.04,16.6,44,63,27,9.7
2003-01-30,0.0,6.3,13.9,9.7,6.44,17.2,37,45,24,9.8
2003-01-31,0.0,5.4,10.4,8.1,7.1,23.4,31,57,8,9.9
2003-02-01,0.0,2.3,12.2,6.8,4.63,13.1,35,47,29,9.8
2003-02-02,0.0,4.7,18.0,10.4,2.96,10.3,48,67,32,9.9
2003-02-03,0.0,3.2,19.6,10.5,2.05,7.1,62,88,32,9.9
2003-02-04,0.0,9.1,17.1,13.0,4.31,16.9,55,66,42,9.7
2003-02-05,0.0,8.4,16.7,12.7,3.12,13.1,44,60,25,10.1
2003-02-06,0.0,5.0,17.2,10.3,2.45,9.9,55,77,29,9.9
2003-02-07,0.1,6.6,13.1,10.1,1.76,8.5,74,89,59,5.4
2003-02-08,0.0,5.2,14.3,9.6,2.49,9.9,67,91,39,7.8
2003-02-09,0.0,2.3,18.9,10.0,2.18,9.2,61,91,24,10.4
2003-02-10,0.0,9.2,18.3,12.4,3.03,11.9,54,76,30,8.4
2003-02-11,0.0,5.2,17.1,10.9,1.59,8.4,70,93,40,10.0
2003-02-12,0.2,4.3,17.8,11.0,1.37,4.9,72,95,43,8.0
2003-02-13,15.8,8.5,13.4,10.9,1.75,7.9,85,95,64,5.8
2003-02-14,2.4,5.2,13.5,8.8,1.51,8.6,84,99,54,8.2
2003-02-15,0.1,2.3,11.9,6.6,2.89,12.0,73,94,41,9.4
2003-02-16,2.4,4.3,13.3,8.0,3.03,11.6,69,87,42,10.6
2003-02-17,0.0,3.7,11.7,7.0,3.11,11.3,48,85,22,10.7
2003-02-18,2.3,0.3,8.7,4.8,1.43,4.5,72,92,55,5.5
2003-02-19,1.4,5.8,12.8,8.6,1.43,7.0,91,97,78,0.2
2003-02-20,0.2,0.7,15.3,8.2,2.39,11.2,69,98,32,10.7
2003-02-21,0.0,2.4,14.8,8.3,2.34,7.7,70,90,42,9.9
2003-02-22,0.2,6.9,15.1,10.6,1.39,5.2,75,91,53,8.6
2003-02-23,0.0,4.6,14.7,10.3,2.23,9.6,80,100,61,8.6
2003-02-24,3.3,10.6,14.9,12.2,2.88,10.2,84,91,72,3.6
2003-02-25,2.6,9.1,18.3,13.0,2.48,11.6,81,96,52,7.4
2003-02-26,12.7,8.0,17.1,12.3,1.97,8.3,77,97,39,10.8
2003-02-27,0.2,6.1,16.1,10.9,4.19,19.2,68,97,38,10.9
2003-02-28,0.0,8.0,18.8,13.0,2.6,10.9,58,86,40,10.5
2003-03-01,0.0,4.9,20.1,12.7,1.53,5.7,75,96,45,10.9
2003-03-02,0.0,8.3,22.0,14.0,1.96,6.4,69,87,40,10.7
2003-03-03,0.0,12.1,24.1,17.3,3.68,10.9,58,72,40,10.9
2003-03-04,0.0,11.5,23.2,16.9,2.06,7.5,64,93,40,11.0
2003-03-05,0.0,7.4,20.7,14.3,1.63,8.6,79,100,45,11.0
2003-03-06,0.0,8.2,21.0,13.6,2.37,9.7,71,94,30,10.8
2003-03-07,0.0,6.0,18.2,12.2,1.56,7.4,79,100,51,10.5
2003-03-08,0.0,10.0,17.9,13.4,1.68,7.8,76,96,49,8.8
2003-03-09,0.0,5.1,18.9,12.1,1.49,7.5,69,98,36,11.2
2003-03-10,0.0,3.7,19.1,12.0,1.54,8.6,65,95,34,11.2
2003-03-11,0.0,4.2,18.9,11.7,1.45,7.5,68,95,35,11.4
2003-03-12,0.0,3.5,23.1,13.2,1.4,7.0,63,98,24,11.5
2003-03-13,0.0,6.4,22.0,13.9,1.86,9.5,64,87,41,11.6
2003-03-14,0.0,5.9,20.6,13.3,1.63,8.3,77,99,46,11.5
2003-03-15,0.0,10.7,18.2,13.6,1.57,8.3,80,96,55,4.3
2003-03-16,0.5,10.6,14.9,12.7,4.33,13.9,67,86,47,10.0
2003-03-17,0.0,10.0,13.1,11.5,4.07,13.3,54,62,48,0.0
2003-03-18,0.4,9.1,14.8,11.6,2.08,8.8,63,85,43,5.7
2003-03-19,0.0,3.1,16.2,10.4,2.32,10.3,61,89,35,11.8
2003-03-20,0.0,3.1,18.4,11.1,2.08,9.6,56,93,22,11.8
2003-03-21,0.4,3.0,16.7,10.6,2.53,10.6,51,74,34,9.9
2003-03-22,4.0,5.6,16.5,11.1,2.89,10.9,71,82,58,9.6
2003-03-23,0.0,7.7,19.6,13.2,3.07,11.7,71,89,43,11.9
2003-03-24,0.0,5.8,17.7,12.0,2.48,10.6,70,98,37,11.9
2003-03-25,0.0,2.7,17.0,10.7,1.79,7.6,69,94,41,11.9
2003-03-26,0.0,5.2,19.5,12.7,1.6,9.3,72,97,41,10.5
2003-03-27,2.2,7.7,19.2,13.1,1.86,9.4,79,97,49,4.8
2003-03-28,0.6,9.9,22.5,16.0,2.2,9.1,68,99,29,12.0
2003-03-29,5.6,8.4,21.7,14.3,1.88,9.1,66,91,38,8.2
2003-03-30,0.7,11.6,22.5,16.1,1.84,8.0,69,96,34,9.2
2003-03-31,0.0,8.4,22.7,15.6,2.1,8.8,59,85,29,12.0
2003-04-01,0.0,7.8,21.3,15.2,1.8,8.1,69,97,38,12.1
2003-04-02,0.0,7.5,26.1,17.1,3.67,14.9,57,94,23,11.3
2003-04-03,0.0,10.9,18.8,15.1,5.74,18.6,32,45,16,12.1
2003-04-04,0.0,5.8,17.8,11.6,2.29,10.5,43,60,26,12.1
2003-04-05,0.0,3.9,18.6,11.7,2.11,9.3,60,91,29,12.1
2003-04-06,0.0,4.2,24.5,14.8,2.07,8.4,56,97,18,12.2
2003-04-07,0.0,7.9,23.2,15.8,3.02,11.1,51,88,30,12.1
2003-04-08,0.0,9.8,19.7,14.7,2.87,10.6,64,89,38,12.2
2003-04-09,0.0,6.3,21.4,14.1,1.89,9.3,61,90,35,12.2
2003-04-10,0.0,9.4,24.0,16.8,2.24,11.2,62,92,29,12.3
2003-04-11,0.0,11.5,21.4,17.0,3.43,14.3,45,71,28,10.9
2003-04-12,0.0,10.4,23.1,16.9,1.75,8.5,48,71,32,10.2
2003-04-13,0.0,9.2,22.9,16.5,2.9,14.8,65,95,35,12.4
2003-04-14,0.0,12.8,22.2,16.7,2.43,12.4,63,91,33,11.0
2003-04-15,4.1,11.9,19.7,15.1,2.93,12.5,67,90,39,7.5
2003-04-16,13.1,11.8,17.1,14.7,4.51,15.2,77,89,62,6.9
2003-04-17,0.0,8.8,21.6,15.3,1.86,9.1,65,89,40,12.4
2003-04-18,0.0,8.0,21.7,15.4,1.58,8.3,68,96,40,12.1
2003-04-19,5.6,11.8,20.0,15.9,1.7,9.8,65,90,44,12.7
2003-04-20,2.4,7.2,19.9,14.3,2.16,10.5,61,87,38,12.8
2003-04-21,0.0,7.7,22.0,15.0,1.99,8.3,61,87,36,13.0
2003-04-22,3.5,9.2,18.6,14.0,2.23,9.1,72,90,49,7.5
2003-04-23,0.8,8.7,20.9,15.3,1.73,9.2,69,97,40,12.2
2003-04-24,0.0,9.4,23.1,16.4,2.03,8.8,68,92,40,11.8
2003-04-25,0.0,9.9,25.2,17.8,1.55,8.1,71,98,42,13.2
2003-04-26,0.0,10.1,28.9,19.5,1.93,15.4,61,96,29,13.4
2003-04-27,0.0,10.9,25.0,18.5,2.33,10.5,62,92,39,13.2
2003-04-28,0.0,10.4,27.1,19.1,2.02,10.1,62,94,33,13.5
2003-04-29,0.0,12.0,27.9,20.2,2.07,10.4,63,93,36,10.8
2003-04-30,0.2,16.7,27.0,20.6,1.36,7.0,62,87,31,8.8
2003-05-01,0.0,11.8,25.1,19.0,2.48,11.7,63,87,35,12.1
2003-05-02,0.0,12.8,27.1,20.0,1.77,11.3,65,93,37,13.6
2003-05-03,0.0,14.3,24.7,19.8,3.13,14.7,60,87,37,13.7
2003-05-04,0.0,12.0,26.0,19.0,2.38,10.2,52,78,27,13.2
2003-05-05,1.7,13.5,25.2,19.2,1.41,8.2,65,87,42,13.1
2003-05-06,18.1,12.0,18.9,15.4,2.68,11.7,81,89,69,0.0
2003-05-07,0.7,11.4,18.8,14.7,3.09,12.2,58,71,46,6.6
2003-05-08,2.4,11.7,20.1,15.8,1.38,9.2,72,95,55,12.1
2003-05-09,0.0,9.3,24.3,17.3,1.73,8.2,61,93,34,13.9
2003-05-10,0.0,10.3,25.0,18.6,2.0,10.0,60,91,38,13.9
2003-05-11,0.0,11.8,25.5,19.0,1.75,8.3,60,84,38,13.9
2003-05-12,0.0,11.9,26.2,19.5,1.83,10.2,62,91,37,14.0
2003-05-13,0.0,12.3,27.2,20.5,1.91,9.8,58,89,36,14.0
2003-05-14,0.0,13.1,25.2,19.3,2.55,10.9,68,96,42,14.0
2003-05-15,0.0,13.5,23.8,18.3,2.27,10.8,71,94,46,13.7
2003-05-16,0.6,12.3,23.4,18.1,1.79,7.3,71,95,46,9.4
2003-05-17,0.0,14.0,25.9,19.9,1.59,10.2,72,99,43,13.9
2003-05-18,0.0,15.4,28.4,21.4,1.84,10.5,67,97,38,14.0
2003-05-19,0.0,13.7,32.5,23.6,1.73,10.7,55,95,23,14.0
2003-05-20,0.0,17.8,26.9,22.2,3.09,12.4,49,72,36,14.0
2003-05-21,0.0,13.7,26.1,20.3,2.14,9.7,62,94,36,14.0
2003-05-22,0.0,13.2,27.5,21.1,1.99,10.1,56,88,34,14.0
2003-05-23,0.0,13.9,30.9,23.2,2.01,10.4,45,83,19,14.0
2003-05-24,0.0,15.4,32.3,24.9,1.7,9.9,36,59,23,14.0
2003-05-25,0.2,16.6,26.4,21.0,3.46,12.9,39,72,16,14.0
2003-05-26,0.0,12.7,26.9,19.4,2.83,11.1,47,90,11,14.0
2003-05-27,0.0,10.8,25.7,19.2,2.29,10.9,52,87,26,14.0
2003-05-28,0.0,11.7,26.4,19.9,2.32,10.5,56,89,31,14.0
2003-05-29,0.0,13.1,28.3,21.1,2.08,10.1,53,82,30,14.0
2003-05-30,0.0,13.1,30.2,22.4,2.01,9.6,50,87,25,14.0
2003-05-31,0.0,14.6,30.5,23.4,2.09,10.4,46,76,24,13.4
2003-06-01,0.0,17.2,30.3,24.3,1.8,10.1,44,72,23,14.0
2003-06-02,0.1,16.0,31.5,24.4,2.01,11.3,49,80,27,14.0
2003-06-03,0.0,17.9,29.6,23.4,2.24,11.2,65,99,33,14.0
2003-06-04,0.0,17.5,29.4,23.1,2.12,11.3,66,98,35,12.4
2003-06-05,0.1,17.6,29.6,23.7,2.47,11.1,65,94,40,12.7
2003-06-06,0.0,17.5,31.0,24.6,2.36,10.6,57,89,35,14.0
2003-06-07,0.0,17.5,31.0,24.8,2.17,10.9,54,87,32,14.0
2003-06-08,0.0,17.8,32.2,25.2,2.07,10.3,52,79,29,14.0
2003-06-09,0.0,18.7,31.8,25.2,2.06,9.6,58,87,32,14.0
2003-06-10,0.0,17.7,33.4,26.0,2.09,10.5,55,91,27,14.0
2003-06-11,0.0,17.8,32.7,26.0,2.37,11.2,53,90,26,14.0
2003-06-12,0.0,17.4,35.2,27.2,2.75,11.2,44,76,21,14.0
2003-06-13,0.0,19.2,35.5,28.3,2.65,12.1,37,61,21,14.0
2003-06-14,0.0,19.8,36.6,29.5,1.44,11.4,35,60,21,12.0
2003-06-15,0.2,21.3,37.0,29.7,1.73,10.7,44,72,25,14.0
2003-06-16,1.9,21.9,33.6,28.1,1.67,10.8,49,78,28,14.0
2003-06-17,0.0,19.6,33.8,27.4,1.94,9.3,48,77,27,14.0
2003-06-18,0.0,18.8,32.7,26.1,2.59,12.0,56,85,31,14.0
2003-06-19,0.0,18.6,30.9,25.2,2.75,11.9,63,90,40,14.0
2003-06-20,0.0,17.8,33.2,26.1,2.51,11.6,54,92,25,14.0
2003-06-21,0.0,17.5,34.9,26.9,2.2,10.3,45,78,21,14.0
2003-06-22,0.0,17.2,35.3,27.2,2.18,10.6,42,71,18,14.0
2003-06-23,0.0,20.7,33.9,27.3,2.33,10.2,60,79,40,14.0
2003-06-24,0.0,20.9,35.0,28.1,2.2,9.9,64,93,40,14.0
2003-06-25,0.0,21.7,35.4,28.5,2.19,9.8,58,88,30,14.0
2003-06-26,0.0,21.3,36.5,28.8,1.5,8.6,56,91,30,14.0
2003-06-27,0.0,20.0,35.5,28.5,2.26,10.9,50,84,25,14.0
2003-06-28,0.0,21.1,32.0,26.6,2.27,9.9,67,94,41,14.0
2003-06-29,0.0,21.0,35.1,27.8,1.85,11.9,57,94,24,14.0
2003-06-30,0.0,18.1,37.5,29.0,1.95,9.1,35,62,15,14.0
2003-07-01,0.0,23.3,35.5,29.8,2.49,9.5,37,54,25,14.0
2003-07-02,0.0,22.5,34.6,28.1,2.85,13.0,34,47,21,14.0
2003-07-03,0.0,22.3,34.1,27.4,2.83,13.6,40,73,21,14.0
2003-07-04,0.5,20.8,30.3,25.3,2.7,10.9,71,96,46,14.0
2003-07-05,0.0,20.6,30.4,25.4,2.44,11.0,68,97,41,14.0
2003-07-06,0.0,19.1,31.4,25.5,2.41,11.7,63,92,36,14.0
2003-07-07,0.0,18.4,32.6,25.9,2.3,10.4,58,93,30,14.0
2003-07-08,0.0,17.8,33.8,26.7,2.23,11.1,47,84,24,14.0
2003-07-09,0.0,17.6,36.4,27.9,2.3,11.2,38,66,13,14.0
2003-07-10,0.0,19.5,34.4,27.6,2.41,11.1,50,80,26,14.0
2003-07-11,0.0,18.6,35.8,28.1,2.32,11.4,49,87,21,14.0
2003-07-12,0.0,20.0,34.6,27.9,2.8,12.2,53,81,26,14.0
2003-07-13,0.0,21.2,35.6,28.3,1.8,10.5,56,88,29,14.0
2003-07-14,0.0,20.6,34.2,27.7,1.83,10.1,57,91,33,14.0
2003-07-15,0.0,19.7,35.0,27.2,2.31,12.5,57,93,28,14.0
2003-07-16,0.0,21.8,34.2,27.1,2.34,9.9,39,65,19,14.0
2003-07-17,0.0,19.0,33.2,26.6,2.21,10.0,53,86,30,13.5
2003-07-18,0.0,19.8,34.9,27.7,2.02,10.0,57,93,31,14.0
2003-07-19,0.0,20.8,37.6,29.7,1.75,9.8,52,82,26,14.0
2003-07-20,0.0,22.5,36.4,29.9,2.11,11.9,55,87,27,13.8
2003-07-21,0.0,24.4,37.7,30.4,1.44,8.8,55,79,31,13.7
2003-07-22,0.0,22.6,35.2,29.7,2.12,9.9,52,79,34,13.9
2003-07-23,0.0,22.3,35.2,28.8,1.81,9.5,59,91,33,12.8
2003-07-24,0.0,21.0,35.4,28.4,2.29,10.8,55,78,29,13.9
2003-07-25,0.0,22.5,35.1,28.3,1.74,9.6,65,94,36,13.8
2003-07-26,0.0,21.4,37.3,29.9,1.85,10.4,55,92,28,13.9
2003-07-27,0.0,21.2,40.2,31.2,1.9,11.0,45,87,15,13.9
2003-07-28,0.2,23.7,33.8,28.6,3.0,11.6,58,81,45,13.9
2003-07-29,0.0,23.5,32.9,27.8,2.41,10.5,66,94,39,13.5
2003-07-30,0.0,21.4,33.6,27.3,2.27,9.9,63,90,39,13.5
2003-07-31,0.0,21.4,36.2,28.6,1.85,9.8,54,88,26,13.8
2003-08-01,0.0,20.8,35.0,27.8,2.17,11.6,63,91,37,13.8
2003-08-02,0.0,21.9,34.3,27.8,1.83,9.9,62,97,30,13.6
2003-08-03,0.0,20.2,34.6,28.0,1.96,10.3,52,89,24,13.7
2003-08-04,0.0,20.5,35.3,28.2,2.17,10.0,48,69,26,13.7
2003-08-05,0.0,20.2,35.4,28.2,2.3,10.7,56,89,25,13.7
2003-08-06,0.0,20.1,36.1,28.7,2.38,10.8,51,87,23,13.7
2003-08-07,0.0,20.4,36.1,29.0,2.26,11.1,45,73,21,13.7
2003-08-08,0.0,20.8,36.0,28.8,2.35,10.3,48,72,23,13.5
2003-08-09,0.1,21.8,35.6,28.9,2.15,11.2,54,81,30,13.5
2003-08-10,0.3,21.3,35.6,28.9,2.09,10.4,54,82,28,13.5
2003-08-11,0.0,21.4,36.2,29.2,2.1,10.5,54,90,22,13.4
2003-08-12,0.0,19.8,36.8,28.8,2.31,10.5,49,83,19,13.4
2003-08-13,0.0,19.6,37.9,29.1,2.09,9.7,41,67,13,13.4
2003-08-14,0.0,19.4,38.1,29.3,1.99,10.1,46,80,16,13.3
2003-08-15,0.5,22.2,37.1,29.4,1.34,8.5,57,82,30,13.1
2003-08-16,0.9,22.6,35.4,28.6,1.32,8.6,64,96,32,13.0
2003-08-17,0.1,23.7,34.2,28.6,2.07,11.9,60,87,30,12.9
2003-08-18,0.0,20.2,34.1,27.4,1.86,8.7,67,96,37,13.1
2003-08-19,0.0,20.8,34.4,28.0,2.1,9.2,66,96,39,12.8
2003-08-20,0.0,21.4,36.4,28.6,1.64,8.3,65,94,31,12.9
2003-08-21,0.7,22.8,33.1,28.2,2.14,10.1,71,98,47,11.2
2003-08-22,0.0,22.8,34.1,28.4,2.45,9.9,67,93,41,12.5
2003-08-23,0.0,22.5,35.4,28.7,2.12,9.3,61,86,32,12.6
2003-08-24,0.0,23.0,34.2,28.3,1.41,9.0,64,88,39,10.7
2003-08-25,0.0,21.1,37.2,29.2,1.71,8.8,50,87,21,12.6
2003-08-26,0.0,21.3,36.7,28.9,1.92,9.8,51,78,25,12.4
2003-08-27,0.0,21.7,34.6,27.6,1.58,9.1,65,98,32,12.3
2003-08-28,0.0,20.2,33.1,27.0,1.59,14.3,52,83,28,12.4
2003-08-29,0.0,19.7,34.5,26.8,2.04,7.3,39,58,21,12.4
2003-08-30,0.0,19.7,34.4,27.1,2.03,9.6,41,60,24,12.2
2003-08-31,0.0,19.4,34.4,27.0,1.96,9.4,54,78,27,12.1
2003-09-01,0.0,19.7,33.8,26.6,1.95,11.1,64,95,32,12.1
2003-09-02,0.1,21.7,31.2,25.8,2.26,10.1,74,97,44,12.0
2003-09-03,4.8,22.2,28.6,24.8,2.5,8.6,80,98,57,8.5
2003-09-04,3.1,22.5,28.0,24.7,2.86,10.0,79,92,66,5.5
2003-09-05,1.0,21.3,31.8,26.2,1.97,7.0,65,89,37,12.0
2003-09-06,0.8,20.8,30.0,25.1,1.96,8.8,72,90,46,12.0
2003-09-07,0.0,21.5,30.5,25.3,1.7,9.1,72,92,44,12.0
2003-09-08,0.0,19.3,32.4,26.0,2.01,9.2,48,77,28,12.0
2003-09-09,0.0,22.9,31.7,27.1,4.09,13.4,33,55,15,12.0
2003-09-10,0.0,18.5,29.2,23.9,2.4,9.0,39,70,23,12.0
2003-09-11,0.0,15.9,31.3,23.9,1.41,8.5,58,94,28,12.0
2003-09-12,0.0,16.4,30.1,23.4,2.37,11.4,60,80,36,12.0
2003-09-13,0.0,19.6,29.7,24.0,1.5,7.9,69,93,39,12.0
2003-09-14,0.4,18.7,28.8,22.6,2.34,13.6,69,90,42,10.6
2003-09-15,0.6,18.8,25.9,22.4,2.91,11.2,59,77,45,12.0
2003-09-16,0.0,17.2,26.9,21.7,2.61,9.1,57,72,38,12.0
2003-09-17,0.0,13.8,28.2,21.3,1.79,9.2,64,94,32,12.0
2003-09-18,0.0,14.9,27.8,21.3,2.26,10.0,69,96,37,12.0
2003-09-19,0.0,15.6,27.8,21.5,2.03,9.0,66,93,37,11.8
2003-09-20,0.0,15.3,28.8,22.3,1.68,8.8,68,93,41,12.0
2003-09-21,0.0,16.8,30.0,23.1,1.62,9.1,70,99,36,11.2
2003-09-22,0.0,17.3,29.0,23.1,1.27,7.1,73,98,45,9.7
2003-09-23,3.0,17.9,27.2,22.1,1.7,8.1,74,91,52,11.5
2003-09-24,1.3,17.7,27.0,22.1,2.11,9.5,75,94,51,11.8
2003-09-25,0.0,17.0,27.3,22.2,1.78,7.3,76,98,48,11.9
2003-09-26,0.0,18.3,28.0,22.6,1.46,8.6,73,95,45,11.5
2003-09-27,0.0,18.5,27.8,22.2,1.57,8.8,75,97,48,8.8
2003-09-28,0.0,16.1,32.6,24.4,1.2,7.9,59,95,27,10.1
2003-09-29,0.0,19.5,29.4,23.6,1.95,9.7,63,83,38,11.0
2003-09-30,0.0,20.0,28.1,23.1,1.61,8.5,76,96,46,8.3
2003-10-01,0.0,18.9,30.2,24.5,1.93,11.9,65,92,39,11.4
2003-10-02,0.0,18.0,30.9,24.5,2.43,14.4,56,80,33,11.4
2003-10-03,0.0,15.9,29.5,23.1,1.9,7.4,54,81,28,11.5
2003-10-04,1.0,18.4,25.4,21.4,2.3,9.3,58,72,41,4.8
2003-10-05,0.0,16.1,27.8,21.7,2.44,9.7,55,84,21,11.4
2003-10-06,6.2,17.0,21.2,18.8,3.57,10.1,66,92,48,4.2
2003-10-07,26.9,16.6,19.7,17.9,2.33,8.9,84,90,71,6.0
2003-10-08,0.0,12.3,25.9,18.5,1.69,6.4,72,96,38,11.2
2003-10-09,0.0,12.6,24.5,18.7,1.47,5.6,78,98,53,11.0
2003-10-10,0.0,13.4,24.3,18.9,1.33,6.5,82,100,58,11.0
2003-10-11,0.0,15.1,23.7,19.1,1.58,8.1,82,99,58,9.2
2003-10-12,0.2,16.4,25.0,20.4,1.49,6.0,81,97,56,10.5
2003-10-13,0.1,16.6,24.5,20.0,1.5,6.6,81,99,53,8.6
2003-10-14,11.4,16.2,20.9,18.1,1.01,6.5,89,97,74,5.6
2003-10-15,0.0,13.3,24.8,18.6,1.65,7.4,77,96,46,10.7
2003-10-16,3.3,15.0,22.8,18.2,1.35,7.3,82,94,58,9.6
2003-10-17,11.3,13.7,20.2,16.6,0.82,4.6,88,97,70,8.3
2003-10-18,0.0,11.4,22.9,16.6,1.85,7.4,77,96,47,10.7
2003-10-19,0.0,15.4,23.0,18.5,1.65,9.7,82,96,63,7.9
2003-10-20,0.0,11.5,24.7,18.0,1.85,8.5,71,92,41,10.4
2003-10-21,2.4,12.9,19.6,16.3,1.18,4.6,84,92,67,1.5
2003-10-22,1.4,13.8,21.4,16.8,1.21,4.7,84,100,57,5.7
2003-10-23,0.0,10.9,18.2,14.2,3.02,11.3,56,85,33,9.8
2003-10-24,0.0,8.4,17.6,12.9,2.45,8.2,48,79,32,10.3
2003-10-25,2.1,9.7,17.5,14.1,3.46,13.0,81,89,67,6.2
2003-10-26,3.4,14.5,21.8,17.3,2.04,9.1,82,96,56,9.4
2003-10-27,3.6,12.0,20.8,16.0,1.01,5.8,82,95,59,7.3
2003-10-28,0.0,10.9,21.1,15.8,1.43,7.2,86,100,62,8.5
2003-10-29,0.0,9.8,22.5,15.9,1.97,9.1,74,94,44,10.2
2003-10-30,0.0,13.6,21.3,16.6,3.17,11.0,60,73,42,10.1
2003-10-31,4.6,9.9,19.3,14.4,3.5,19.3,72,80,64,5.7
2003-11-01,0.0,8.6,18.9,13.4,3.97,14.5,62,85,38,10.0
2003-11-02,0.0,7.9,19.7,13.9,1.88,7.6,64,85,42,10.1
2003-11-03,0.0,9.1,20.5,14.3,1.36,4.9,74,94,44,8.5
2003-11-04,0.2,10.2,18.7,14.7,1.62,5.6,83,95,63,5.8
2003-11-05,0.2,12.5,18.4,15.4,1.5,5.1,83,95,63,1.5
2003-11-06,0.0,14.2,18.6,16.3,1.18,5.5,81,93,66,5.3
2003-11-07,0.0,12.3,19.1,15.3,0.95,4.3,78,95,55,9.9
2003-11-08,0.0,9.1,22.6,15.5,1.26,4.1,78,96,47,9.0
2003-11-09,0.2,13.1,22.1,17.2,1.22,8.0,84,98,61,8.9
2003-11-10,1.7,13.1,19.9,15.9,1.02,4.6,88,100,64,8.4
2003-11-11,0.0,9.7,19.9,14.5,1.71,5.9,81,97,54,9.9
2003-11-12,0.0,10.5,20.9,15.2,1.26,4.8,77,96,46,9.8
2003-11-13,0.0,9.7,20.1,14.8,1.72,7.4,78,92,56,9.8
2003-11-14,0.0,8.6,20.9,14.5,1.39,4.9,81,100,51,9.8
2003-11-15,3.6,9.9,17.6,13.4,1.69,9.1,88,96,71,3.6
2003-11-16,1.6,11.0,17.8,14.2,1.78,7.9,81,99,50,9.6
2003-11-17,2.4,12.0,16.8,14.1,3.68,13.7,83,92,72,6.2
2003-11-18,19.5,12.9,15.4,13.9,4.85,17.7,81,86,77,1.6
2003-11-19,24.9,12.8,17.7,14.7,2.86,9.8,82,90,71,9.7
2003-11-20,2.3,11.8,17.9,14.3,2.66,9.0,82,88,70,7.5
2003-11-21,0.0,11.2,18.2,14.4,1.82,6.1,84,96,63,8.9
2003-11-22,0.2,11.8,17.6,14.2,2.18,7.9,91,99,72,2.2
2003-11-23,0.0,10.6,17.0,13.6,2.51,14.6,85,99,64,6.7
2003-11-24,0.0,5.5,16.4,10.9,1.6,5.4,80,93,58,9.3
2003-11-25,0.7,8.3,17.0,12.2,2.51,10.0,74,91,45,9.3
2003-11-26,0.0,4.3,17.6,10.2,1.86,6.2,74,91,47,9.7
2003-11-27,0.0,8.4,16.3,11.7,2.75,12.6,66,88,39,9.7
2003-11-28,0.0,5.6,15.5,10.1,2.14,8.0,67,85,47,9.6
2003-11-29,0.0,7.2,18.8,11.6,2.2,7.2,74,87,52,9.6
2003-11-30,0.0,7.0,17.8,12.0,1.63,5.5,84,95,62,9.0
2003-12-01,5.2,5.6,14.9,11.0,1.68,8.9,81,95,64,5.7
2003-12-02,0.0,2.4,12.3,6.5,2.0,7.3,72,89,43,9.4
2003-12-03,0.0,2.9,13.2,7.1,2.48,9.0,65,77,41,9.5
2003-12-04,0.0,2.2,13.9,7.5,1.76,6.1,78,91,59,7.4
2003-12-05,0.2,5.4,15.8,10.1,2.63,9.5,78,90,56,7.7
2003-12-06,0.7,4.9,16.6,10.4,1.64,7.7,88,98,67,9.1
2003-12-07,0.3,8.0,17.3,11.6,1.43,7.2,86,100,52,8.4
2003-12-08,0.5,4.9,15.2,9.5,1.88,6.6,80,92,57,6.8
2003-12-09,7.3,7.9,12.0,10.0,1.82,8.3,91,98,81,2.0
2003-12-10,21.0,8.2,12.9,10.6,4.47,18.5,75,97,55,8.6
2003-12-11,0.0,2.5,15.7,8.3,2.65,8.6,68,89,40,9.4
2003-12-12,0.0,7.2,17.9,11.3,2.3,7.3,71,92,57,9.4
2003-12-13,0.0,6.6,18.5,11.1,1.69,4.6,84,96,59,9.4
2003-12-14,0.0,7.1,20.7,12.8,2.81,8.7,72,97,45,9.4
2003-12-15,0.0,11.3,16.8,13.9,2.33,9.5,70,94,53,9.4
2003-12-16,0.0,5.3,14.4,9.7,1.46,5.7,90,100,69,8.5
2003-12-17,0.0,8.4,13.8,10.8,1.97,8.7,84,96,67,7.6
2003-12-18,0.1,4.9,14.7,9.7,1.31,3.9,87,98,69,7.0
2003-12-19,0.0,6.4,16.8,10.6,2.68,10.3,75,96,47,9.4
2003-12-20,0.0,5.6,15.6,10.1,1.31,5.4,83,94,60,8.1
2003-12-21,0.0,4.4,19.6,10.7,1.63,5.3,80,99,48,8.6
2003-12-22,0.0,9.5,14.7,11.8,3.85,13.4,60,81,39,9.3
2003-12-23,0.0,4.4,11.5,7.4,3.53,11.5,46,67,32,9.4
2003-12-24,0.0,1.1,14.3,7.0,2.21,8.2,67,84,48,9.4
2003-12-25,0.0,2.9,13.6,8.0,1.37,5.7,82,97,63,8.8
2003-12-26,0.0,2.6,12.5,7.4,1.06,3.7,87,100,63,8.0
2003-12-27,0.0,2.2,15.6,7.8,1.35,4.5,83,98,56,9.3
2003-12-28,0.0,4.9,14.6,9.2,4.07,18.2,69,98,37,9.3
2003-12-29,0.0,7.1,14.3,10.1,3.8,14.2,48,58,36,8.2
2003-12-30,0.0,9.2,16.4,12.4,4.12,14.1,62,77,50,9.0
2003-12-31,0.0,7.8,18.0,12.3,3.34,14.8,70,90,48,9.3
2004-01-01,0.0,6.0,17.0,11.4,2.78,9.2,54,69,41,9.4
2004-01-02,0.0,10.7,15.8,12.9,4.68,13.3,55,71,37,9.0
2004-01-03,0.0,6.0,14.1,10.8,3.67,12.2,49,70,34,9.4
2004-01-04,0.0,3.6,16.4,9.2,2.71,11.9,66,76,42,9.4
2004-01-05,0.0,1.9,15.6,8.3,1.53,4.7,79,95,51,9.4
2004-01-06,0.0,1.0,16.3,8.0,1.31,4.0,80,99,47,9.5
2004-01-07,0.0,1.2,16.3,7.6,1.49,4.5,75,95,41,9.1
2004-01-08,0.0,3.4,18.8,9.8,2.13,9.3,75,92,46,9.4
2004-01-09,0.0,6.2,20.2,12.6,3.2,13.3,74,94,50,9.3
2004-01-10,0.0,10.0,21.8,14.6,2.86,9.6,68,87,39,9.4
2004-01-11,0.0,7.6,20.3,12.7,2.12,6.2,73,92,46,9.4
2004-01-12,0.0,7.1,21.1,13.0,1.96,5.8,72,92,40,9.6
2004-01-13,0.0,6.2,22.0,12.4,2.07,5.4,68,89,35,9.4
2004-01-14,0.0,6.2,19.5,11.8,3.08,10.8,61,82,34,9.6
2004-01-15,0.0,8.2,15.7,12.3,2.44,9.3,73,91,55,6.9
2004-01-16,0.0,8.3,18.4,12.5,1.47,6.7,79,99,46,9.2
2004-01-17,0.0,5.5,19.0,10.9,2.07,6.5,71,92,37,9.6
2004-01-18,0.0,8.6,13.6,10.6,5.17,18.1,48,79,24,9.6
2004-01-19,0.0,3.7,12.8,8.2,2.84,11.6,40,60,22,9.6
2004-01-20,0.0,-1.3,14.2,6.2,2.04,7.8,47,71,21,9.6
2004-01-21,0.0,6.7,17.0,10.9,3.29,11.6,50,62,38,9.6
2004-01-22,0.0,6.0,18.2,11.5,2.28,8.1,57,77,31,9.6
2004-01-23,0.0,3.8,21.6,11.8,3.36,11.4,56,84,28,9.7
2004-01-24,0.0,12.4,22.4,16.9,3.38,10.3,53,66,40,9.0
2004-01-25,0.0,7.0,20.8,14.4,1.85,7.5,68,94,40,9.7
2004-01-26,0.0,7.4,20.8,13.6,2.83,12.9,68,93,40,8.8
2004-01-27,0.0,10.5,21.3,15.4,3.14,14.6,59,83,34,9.7
2004-01-28,2.1,8.3,15.7,12.5,2.16,8.4,63,94,21,7.8
2004-01-29,0.0,0.9,15.7,8.2,1.6,5.8,56,78,26,9.5
2004-01-30,0.0,3.7,14.6,8.8,1.49,5.5,68,82,47,8.9
2004-01-31,0.0,4.1,17.5,10.8,1.26,6.0,74,95,51,8.7
2004-02-01,0.0,7.7,21.6,13.5,1.53,6.6,74,93,43,9.2
2004-02-02,0.0,7.1,20.1,13.1,1.3,6.0,79,97,50,9.0
2004-02-03,0.0,6.6,19.3,12.9,1.26,7.0,81,100,54,9.9
2004-02-04,0.0,6.7,17.8,12.0,1.31,7.4,82,99,56,9.9
2004-02-05,0.0,4.6,18.0,11.0,1.12,6.3,80,100,50,10.0
2004-02-06,0.0,2.6,18.7,10.5,1.07,5.7,77,99,44,10.1
2004-02-07,0.0,3.7,21.6,11.3,1.44,5.2,73,96,35,10.2
2004-02-08,0.0,7.1,15.7,10.7,1.52,6.0,83,98,56,8.8
2004-02-09,0.0,8.4,14.0,11.1,1.32,6.2,80,95,62,2.1
2004-02-10,0.0,8.4,15.9,11.6,1.92,10.5,70,96,33,10.1
2004-02-11,0.0,2.4,17.3,9.2,1.55,5.3,58,81,24,10.5
2004-02-12,0.0,3.4,21.1,10.9,2.14,7.7,52,82,18,10.5
2004-02-13,0.0,2.0,18.3,10.2,1.42,7.7,70,92,36,10.6
2004-02-14,0.0,4.0,17.9,10.8,1.05,6.0,77,99,41,10.6
2004-02-15,0.0,3.6,19.6,11.4,1.22,5.2,72,97,35,10.6
2004-02-16,0.0,5.5,21.1,12.5,2.08,7.4,65,92,29,10.7
2004-02-17,0.1,7.0,15.3,11.0,1.7,7.9,75,98,42,10.7
2004-02-18,0.0,2.8,14.4,9.1,1.5,8.6,73,99,46,10.0
2004-02-19,0.0,3.5,13.7,8.7,1.92,8.7,75,96,44,7.1
2004-02-20,7.1,8.6,13.6,10.3,2.93,10.4,84,92,74,1.7
2004-02-21,1.8,6.0,16.3,10.5,1.89,10.7,89,98,72,4.7
2004-02-22,0.0,2.9,17.1,10.3,2.1,9.2,65,88,33,10.8
2004-02-23,0.0,3.3,18.5,11.0,1.48,5.5,70,92,37,10.6
2004-02-24,6.1,6.8,14.7,10.6,2.39,10.0,85,95,68,3.3
2004-02-25,4.0,10.4,15.9,12.5,1.51,7.5,89,100,67,7.6
2004-02-26,0.0,4.8,17.6,11.0,2.6,10.6,72,99,35,10.8
2004-02-27,0.3,3.4,15.5,9.6,3.93,20.4,57,88,31,10.9
2004-02-28,0.0,3.8,14.4,9.0,4.11,13.0,38,58,22,10.9
2004-02-29,0.0,2.7,15.1,8.6,3.3,12.4,56,85,31,10.9
2004-03-01,0.1,5.5,12.1,8.2,2.28,9.2,51,74,19,7.4
2004-03-02,0.0,-0.9,11.9,5.5,2.11,8.3,47,75,22,11.0
2004-03-03,0.0,-2.3,16.4,6.9,1.78,6.0,52,81,21,11.0
2004-03-04,0.0,3.1,21.9,11.8,2.34,7.1,50,69,24,11.1
2004-03-05,0.0,8.1,23.5,15.3,1.5,4.8,56,80,31,10.9
2004-03-06,0.0,9.9,21.4,15.6,3.33,11.8,52,76,34,11.1
2004-03-07,0.0,8.6,20.3,14.5,2.07,7.3,61,91,29,11.1
2004-03-08,0.0,5.4,23.1,14.0,1.42,8.7,66,94,33,11.2
2004-03-09,0.0,8.5,18.3,12.8,1.61,8.5,70,90,44,11.0
2004-03-10,0.0,6.1,21.8,14.3,2.18,11.5,65,99,34,11.1
2004-03-11,0.0,7.8,22.6,14.8,2.1,9.9,62,89,33,11.4
2004-03-12,0.0,9.5,22.1,15.7,1.41,8.9,67,88,43,11.0
2004-03-13,10.7,10.9,14.1,12.6,1.37,7.1,87,94,81,0.2
2004-03-14,7.7,9.7,15.0,12.3,2.54,10.6,85,99,70,0.1
2004-03-15,2.2,11.0,18.4,14.2,4.6,20.3,72,82,60,10.0
2004-03-16,17.1,11.3,17.4,14.1,2.59,11.1,81,88,71,5.6
2004-03-17,0.0,9.4,19.9,13.9,1.82,7.5,81,97,54,11.4
2004-03-18,0.0,11.3,19.6,14.4,0.9,6.5,81,97,55,10.9
2004-03-19,0.0,10.8,18.2,13.9,1.09,6.9,83,98,62,7.4
2004-03-20,0.0,8.6,20.6,14.2,1.43,6.9,82,100,55,11.5
2004-03-21,0.0,7.9,24.3,16.1,1.49,6.8,74,100,42,11.8
2004-03-22,0.0,11.2,19.8,15.3,2.0,9.7,60,88,26,11.8
2004-03-23,0.0,8.3,18.8,12.6,3.33,11.6,42,66,25,11.9
2004-03-24,0.0,5.0,18.4,11.6,2.41,11.8,65,86,43,11.9
2004-03-25,0.0,6.2,14.5,10.7,2.51,9.6,68,91,46,9.3
2004-03-26,20.5,8.3,9.7,9.1,3.58,9.8,87,91,77,0.0
2004-03-27,24.6,8.8,11.4,9.8,3.33,11.2,91,93,87,1.4
2004-03-28,7.6,9.0,14.2,11.4,3.77,14.7,85,93,74,1.5
2004-03-29,29.9,9.6,17.0,13.2,3.49,13.6,80,97,51,8.4
2004-03-30,0.5,6.9,18.1,12.3,1.58,7.7,71,94,41,11.4
2004-03-31,0.1,5.2,18.4,12.0,1.7,6.8,70,92,45,12.1
2004-04-01,0.0,4.3,19.2,12.2,1.97,10.6,76,94,53,12.0
2004-04-02,1.7,8.6,19.2,13.7,2.23,9.4,67,98,34,12.0
2004-04-03,0.0,7.4,19.8,13.5,2.31,7.8,59,82,41,12.1
2004-04-04,0.0,5.5,20.8,13.7,1.51,7.4,69,95,44,12.0
2004-04-05,0.0,6.9,21.0,14.1,1.24,6.2,67,95,38,10.7
2004-04-06,0.0,7.2,25.2,16.2,1.73,6.6,67,93,38,12.2
2004-04-07,0.0,10.2,20.7,15.6,2.68,11.0,71,89,58,12.2
2004-04-08,3.8,9.6,18.0,13.5,1.75,8.4,77,95,62,9.2
2004-04-09,13.3,9.1,12.7,10.8,2.04,7.9,85,97,73,1.2
2004-04-10,9.5,6.0,10.4,8.2,1.62,7.5,86,94,75,4.2
2004-04-11,6.8,5.1,10.9,7.6,2.36,8.8,84,96,67,1.8
2004-04-12,0.0,2.8,18.0,11.2,2.73,9.8,64,94,36,12.2
2004-04-13,0.0,5.2,18.1,11.5,2.21,8.4,62,82,34,12.5
2004-04-14,0.0,3.7,16.7,10.7,2.55,10.9,72,98,46,12.5
2004-04-15,13.8,7.2,17.9,12.0,3.7,15.9,78,90,57,7.9
2004-04-16,36.3,11.0,18.4,13.9,5.38,20.8,75,89,51,7.4
2004-04-17,0.0,7.8,19.9,14.0,1.95,8.2,74,93,51,12.6
2004-04-18,0.0,7.1,21.2,14.9,2.84,11.2,56,82,41,12.9
2004-04-19,0.0,10.2,19.2,14.3,3.39,11.8,56,85,32,12.7
2004-04-20,0.0,10.2,22.0,15.4,2.44,10.1,60,84,46,13.1
2004-04-21,0.0,8.8,22.7,15.9,1.7,8.1,73,96,46,13.0
2004-04-22,0.0,9.9,21.2,16.0,3.87,15.7,61,96,29,13.1
2004-04-23,0.0,11.4,21.5,15.9,2.82,9.5,54,79,42,13.3
2004-04-24,0.0,7.6,22.7,15.8,1.67,7.8,66,95,42,13.3
2004-04-25,0.0,8.4,25.3,17.4,1.64,7.7,63,93,39,13.4
2004-04-26,0.0,11.3,22.1,16.7,1.95,9.2,63,87,37,13.4
2004-04-27,0.0,8.9,22.0,15.8,2.09,9.8,55,78,36,13.5
2004-04-28,5.8,9.4,20.1,14.3,1.87,8.8,67,92,37,6.0
2004-04-29,2.6,11.5,22.9,17.0,1.3,7.0,70,97,40,12.8
2004-04-30,0.0,9.0,22.3,16.1,3.1,11.5,53,82,31,13.6
2004-05-01,0.0,6.9,19.9,14.4,1.98,8.0,60,84,40,13.6
2004-05-02,4.3,10.2,18.9,14.4,2.69,9.3,74,95,52,8.9
2004-05-03,12.8,12.4,18.4,14.6,3.62,10.9,80,98,61,11.0
2004-05-04,1.3,11.8,21.8,16.0,3.58,13.0,58,74,38,12.6
2004-05-05,0.0,13.5,19.1,16.3,4.19,14.6,55,66,45,10.8
2004-05-06,0.0,11.2,21.7,16.9,3.08,12.1,55,82,35,13.8
2004-05-07,0.0,8.0,21.5,15.3,1.95,8.3,59,85,40,13.8
2004-05-08,0.0,8.5,20.3,15.1,2.41,11.9,56,83,34,13.9
2004-05-09,0.0,10.6,21.1,15.9,1.94,10.1,74,98,45,13.2
2004-05-10,0.3,9.8,20.6,15.7,2.29,8.9,68,91,44,9.6
2004-05-11,14.7,11.6,14.3,13.1,1.85,7.0,86,95,79,0.0
2004-05-12,6.3,10.9,19.5,14.4,2.43,8.2,75,88,52,8.5
2004-05-13,1.7,9.2,22.3,15.9,2.01,9.3,74,93,49,13.6
2004-05-14,8.8,10.5,19.6,14.9,2.22,9.8,84,95,65,13.2
2004-05-15,0.0,10.5,20.4,15.4,2.07,8.2,74,99,47,13.8
2004-05-16,0.0,8.3,21.8,15.7,2.03,8.5,70,94,45,14.0
2004-05-17,0.0,8.6,23.5,16.8,2.09,9.5,67,97,39,14.0
2004-05-18,0.0,8.8,23.3,16.8,2.52,10.7,64,93,38,14.0
2004-05-19,0.0,10.0,23.3,17.3,2.51,9.6,60,90,35,14.0
2004-05-20,0.0,9.8,23.9,17.5,2.44,9.8,56,83,34,14.0
2004-05-21,0.2,10.0,21.4,17.2,1.36,7.2,61,87,40,10.9
2004-05-22,0.3,13.0,22.2,18.1,1.69,8.1,73,91,56,13.5
2004-05-23,0.9,13.2,22.3,18.0,1.9,9.7,76,99,56,13.8
2004-05-24,0.0,12.7,22.3,17.8,2.05,8.0,66,92,43,11.8
2004-05-25,0.3,11.2,23.3,17.9,1.47,9.9,65,91,40,13.0
2004-05-26,1.0,12.1,24.1,18.6,1.22,8.9,70,97,46,13.6
2004-05-27,0.5,12.6,25.1,19.5,1.38,9.4,66,90,46,13.5
2004-05-28,0.0,13.6,27.5,21.1,1.33,8.9,68,95,40,13.3
2004-05-29,0.5,14.6,29.5,23.0,1.47,8.7,64,96,36,14.0
2004-05-30,0.0,17.9,29.0,23.5,1.51,8.3,61,86,37,14.0
2004-05-31,0.0,17.9,29.0,23.2,1.79,9.1,58,80,39,14.0
2004-06-01,0.0,16.4,31.5,24.1,1.61,9.5,52,81,31,14.0
2004-06-02,0.0,18.2,32.1,25.3,1.86,10.5,48,74,29,14.0
2004-06-03,0.0,17.3,28.8,23.0,2.2,10.3,62,84,42,14.0
2004-06-04,0.0,17.0,27.0,21.9,2.03,9.6,66,93,44,14.0
2004-06-05,0.0,17.1,30.6,23.4,1.85,11.2,62,80,38,14.0
2004-06-06,0.0,18.6,29.8,23.8,2.06,10.3,72,96,47,14.0
2004-06-07,0.0,17.9,28.5,23.3,2.8,12.5,60,94,33,14.0
2004-06-08,0.0,16.0,29.8,23.4,3.33,14.0,54,82,30,13.9
2004-06-09,0.0,16.6,29.6,23.5,2.78,11.4,55,82,31,14.0
2004-06-10,0.0,15.9,29.2,23.1,2.2,10.1,58,92,32,14.0
2004-06-11,0.0,15.6,29.9,23.5,1.88,9.8,48,82,26,14.0
2004-06-12,0.0,16.0,30.2,23.8,1.78,10.4,44,76,23,14.0
2004-06-13,0.0,17.1,30.3,24.1,2.06,12.2,46,71,28,13.9
2004-06-14,1.9,17.2,26.8,21.6,2.44,12.4,64,96,35,12.4
2004-06-15,0.5,15.7,25.3,20.2,2.35,9.9,64,89,40,13.6
2004-06-16,0.0,13.4,29.0,21.7,2.41,11.8,55,89,26,14.0
2004-06-17,0.0,14.5,33.3,24.9,1.87,10.2,46,84,22,14.0
2004-06-18,0.0,17.2,35.2,27.2,2.34,13.9,40,73,21,14.0
2004-06-19,0.0,19.8,33.9,27.5,2.67,10.9,33,53,19,14.0
2004-06-20,0.5,18.1,30.4,24.6,2.59,12.9,43,68,26,14.0
2004-06-21,0.0,18.1,30.0,23.7,2.1,11.4,65,94,35,13.8
2004-06-22,0.0,18.2,31.3,24.7,2.0,10.5,58,88,30,14.0
2004-06-23,0.0,17.2,36.0,27.3,1.92,10.5,51,91,22,14.0
2004-06-24,0.0,21.2,35.1,28.0,2.41,11.0,49,69,29,13.9
2004-06-25,0.0,20.8,30.9,25.5,2.22,10.8,66,96,40,14.0
2004-06-26,0.0,17.7,33.9,26.0,2.02,10.2,56,91,26,14.0
2004-06-27,0.0,18.2,33.9,27.0,2.43,11.4,48,79,29,14.0
2004-06-28,0.0,19.9,34.7,27.5,2.38,10.9,44,66,25,14.0
2004-06-29,0.0,22.4,34.2,28.0,2.09,10.3,43,60,25,13.7
2004-06-30,0.0,20.0,35.6,27.8,1.92,9.7,50,81,25,13.4
2004-07-01,0.0,21.5,33.3,27.5,2.45,10.7,59,84,38,14.0
2004-07-02,0.0,21.2,31.1,25.8,2.67,12.4,67,92,43,14.0
2004-07-03,0.0,18.5,29.3,24.0,2.77,11.4,61,91,33,14.0
2004-07-04,0.0,17.0,29.5,23.5,2.38,10.1,65,91,42,14.0
2004-07-05,0.0,18.4,32.3,25.3,2.03,9.4,64,91,40,13.6
2004-07-06,0.0,20.6,32.5,26.4,2.06,10.5,60,87,35,12.6
2004-07-07,1.1,21.1,32.5,26.8,1.68,9.7,63,88,43,14.0
2004-07-08,0.0,21.3,32.8,26.5,2.4,11.7,30,60,16,14.0
2004-07-09,0.0,17.7,27.7,23.1,3.09,11.0,42,62,34,14.0
2004-07-10,0.0,17.1,29.2,23.4,2.07,10.7,54,81,29,14.0
2004-07-11,0.0,18.4,29.1,23.3,2.21,11.0,65,92,37,13.7
2004-07-12,0.0,19.5,28.4,23.5,2.29,12.7,65,87,40,13.8
2004-07-13,0.0,18.8,28.6,23.5,2.58,9.5,64,91,36,14.0
2004-07-14,0.0,16.6,29.0,23.3,2.51,10.6,63,94,37,14.0
2004-07-15,0.0,16.7,29.9,23.5,2.19,9.5,62,94,35,14.0
2004-07-16,0.0,17.0,30.9,24.1,2.2,10.2,52,82,24,14.0
2004-07-17,0.0,18.4,32.1,24.9,2.42,11.0,50,72,22,14.0
2004-07-18,0.0,18.6,32.8,25.6,1.83,12.0,61,90,33,14.0
2004-07-19,0.0,20.9,31.5,25.7,1.94,10.6,64,91,39,14.0
2004-07-20,0.0,20.7,33.0,26.2,1.88,10.0,60,83,35,14.0
2004-07-21,0.0,19.0,32.0,25.5,2.28,9.8,66,94,38,13.9
2004-07-22,0.0,19.9,34.8,27.0,1.64,9.7,66,94,34,13.9
2004-07-23,0.7,21.5,39.2,30.2,1.77,9.1,58,92,24,13.9
2004-07-24,0.0,24.5,38.0,30.6,1.71,10.6,56,83,29,13.4
2004-07-25,0.0,23.4,35.3,29.1,2.0,10.6,58,85,34,13.9
2004-07-26,0.0,22.4,33.3,27.5,2.18,10.8,62,94,34,13.9
2004-07-27,0.0,21.3,33.6,27.2,2.1,10.7,55,84,28,13.9
2004-07-28,0.0,20.8,32.5,26.4,2.02,9.9,62,89,36,13.8
2004-07-29,0.0,21.4,31.8,26.5,2.17,10.7,65,91,39,13.4
2004-07-30,0.0,21.1,32.7,26.7,2.24,10.2,64,94,33,13.7
2004-07-31,0.0,19.5,32.5,26.3,2.06,10.8,62,92,36,13.8
2004-08-01,0.0,19.0,34.1,27.0,1.96,9.6,58,92,31,13.5
2004-08-02,0.0,19.6,33.4,26.6,1.79,9.1,58,89,32,11.4
2004-08-03,0.2,21.9,35.4,28.9,1.37,9.3,48,76,29,13.7
2004-08-04,0.0,24.8,36.4,29.9,2.62,10.6,31,46,20,13.7
2004-08-05,0.0,21.4,32.7,27.4,2.52,11.0,55,83,33,13.5
2004-08-06,0.0,20.6,33.0,26.6,2.68,11.8,62,94,30,13.6
2004-08-07,0.0,19.3,33.0,26.2,2.8,10.3,59,76,39,13.5
2004-08-08,0.0,20.9,34.1,27.4,1.95,11.3,66,94,40,13.3
2004-08-09,0.0,22.5,35.2,28.5,1.99,12.3,52,73,30,13.3
2004-08-10,0.0,22.1,35.2,28.8,2.07,10.7,45,68,26,13.4
2004-08-11,0.0,23.2,34.0,28.9,2.48,10.2,35,49,24,13.3
2004-08-12,0.0,20.9,35.4,27.9,2.28,11.2,43,62,23,13.3
2004-08-13,0.0,21.1,35.0,27.9,2.4,11.1,43,76,19,13.3
2004-08-14,0.0,21.9,32.4,26.8,2.41,10.1,68,91,41,12.3
2004-08-15,0.0,20.4,33.7,26.9,2.21,10.1,66,98,30,13.1
2004-08-16,0.2,21.6,37.0,28.8,1.91,11.2,60,98,24,13.0
2004-08-17,0.0,21.1,35.5,28.8,2.28,11.3,41,65,21,13.1
2004-08-18,0.0,21.5,34.9,28.5,2.2,11.0,39,65,22,13.0
2004-08-19,0.0,20.8,35.2,28.5,2.19,10.1,41,62,24,13.0
2004-08-20,0.0,24.0,34.2,28.4,3.03,12.7,39,50,25,12.9
2004-08-21,0.0,20.3,30.9,25.9,2.94,11.6,48,70,28,12.8
2004-08-22,0.0,20.8,30.0,24.9,2.64,9.4,66,90,39,12.7
2004-08-23,0.0,19.8,33.3,26.0,1.8,7.9,68,94,40,12.3
2004-08-24,0.0,20.5,37.2,28.9,1.59,7.4,60,95,27,12.1
2004-08-25,0.0,21.2,33.5,27.8,2.33,9.6,63,89,40,12.4
2004-08-26,0.0,22.1,31.6,26.3,1.92,10.4,73,96,43,12.1
2004-08-27,0.3,22.3,30.0,25.9,2.3,10.2,75,98,50,11.9
2004-08-28,0.0,21.6,31.8,26.0,1.85,8.6,72,97,42,11.5
2004-08-29,0.6,21.9,30.4,25.7,2.19,10.1,71,95,45,12.0
2004-08-30,1.6,22.4,30.2,25.6,2.05,9.5,73,91,49,12.1
2004-08-31,0.2,21.1,30.4,25.6,1.82,8.1,73,99,47,11.2
2004-09-01,0.0,21.7,30.2,25.3,1.83,9.5,69,96,40,11.4
2004-09-02,0.3,21.0,29.6,25.1,1.91,9.8,68,95,42,12.0
2004-09-03,4.2,18.1,29.9,24.1,2.55,12.8,75,98,45,9.4
2004-09-04,0.8,20.8,31.4,26.0,3.73,14.3,69,91,49,12.0
2004-09-05,0.6,21.6,33.6,27.0,1.91,8.4,67,87,39,12.0
2004-09-06,1.4,23.1,30.7,26.3,1.77,8.5,72,92,53,12.0
2004-09-07,0.0,19.3,31.6,25.2,1.85,8.2,65,94,34,12.0
2004-09-08,0.0,19.6,30.6,25.5,3.63,14.0,70,96,46,12.0
2004-09-09,0.0,21.3,30.9,25.7,2.68,10.2,65,86,40,12.0
2004-09-10,0.0,20.5,32.4,25.5,1.64,8.1,64,90,29,10.8
2004-09-11,0.0,20.1,33.8,26.6,1.17,8.9,65,95,28,12.0
2004-09-12,1.1,20.7,31.8,26.1,1.99,11.4,70,94,43,11.8
2004-09-13,0.0,21.8,30.8,25.4,1.73,9.3,73,100,41,11.5
2004-09-14,0.0,18.2,31.0,24.7,1.75,9.0,64,96,29,8.9
2004-09-15,0.4,17.4,28.2,22.8,2.65,9.5,55,74,39,11.9
2004-09-16,0.0,17.7,26.6,22.3,2.16,9.9,67,86,45,12.0
2004-09-17,0.4,18.8,27.5,22.6,1.9,9.2,73,91,48,12.0
2004-09-18,0.0,17.8,28.9,23.0,1.82,9.6,71,97,43,12.0
2004-09-19,0.0,16.1,29.3,22.6,1.69,10.0,66,93,36,12.0
2004-09-20,0.0,17.3,28.5,23.0,1.69,8.7,65,90,38,12.0
2004-09-21,0.0,16.0,30.9,23.6,1.55,8.6,66,94,33,12.0
2004-09-22,0.0,17.4,30.9,23.7,1.58,9.7,74,100,38,12.0
2004-09-23,0.0,17.8,31.2,24.3,1.43,8.8,67,99,31,11.9
2004-09-24,0.0,16.2,34.7,25.6,1.35,8.9,55,94,21,11.9
2004-09-25,0.1,17.9,28.5,22.9,2.47,12.5,53,82,20,11.9
2004-09-26,2.0,18.3,24.3,21.1,1.42,6.9,74,94,52,11.4
2004-09-27,0.0,15.2,26.6,21.1,1.52,9.1,73,96,43,11.8
2004-09-28,0.0,15.6,26.3,20.8,1.55,8.9,73,99,42,11.1
2004-09-29,0.0,14.0,28.8,21.3,1.28,7.4,68,97,30,11.7
2004-09-30,0.0,13.8,28.9,21.4,1.6,8.2,68,98,35,11.7
2004-10-01,0.0,14.4,28.2,21.5,1.63,8.0,69,96,36,11.6
2004-10-02,0.0,14.0,28.8,21.6,1.65,8.7,70,97,38,11.6
2004-10-03,0.0,13.7,28.9,21.5,1.99,9.6,67,96,33,11.5
2004-10-04,0.1,15.3,28.8,22.0,1.83,7.7,66,87,40,11.3
2004-10-05,0.0,16.7,29.8,23.2,1.54,7.5,70,99,36,11.3
2004-10-06,0.0,16.8,29.7,23.1,1.14,7.5,71,95,39,8.4
2004-10-07,0.0,19.5,29.1,23.7,1.85,7.3,71,92,46,10.9
2004-10-08,0.0,17.0,28.3,22.5,1.65,8.5,74,98,44,11.0
2004-10-09,0.0,15.3,29.8,22.9,1.54,6.8,63,99,32,10.1
2004-10-10,0.0,15.8,26.8,21.6,2.88,12.5,38,61,19,10.9
2004-10-11,0.0,13.1,25.6,19.8,1.78,7.3,39,63,23,10.9
2004-10-12,0.0,12.3,24.9,18.7,1.97,6.9,44,64,24,10.5
2004-10-13,0.0,11.6,24.1,18.0,2.07,8.8,51,80,30,10.9
2004-10-14,0.0,10.3,25.4,18.2,2.17,9.9,52,96,17,10.8
2004-10-15,0.0,11.4,25.7,18.2,2.47,10.2,41,60,23,10.7
2004-10-16,0.0,10.5,25.4,17.8,1.92,8.3,50,76,26,10.7
2004-10-17,0.0,11.2,25.0,17.8,1.87,7.9,50,70,29,10.3
2004-10-18,0.6,11.2,20.8,16.7,1.37,7.1,73,93,53,3.0
2004-10-19,0.0,14.3,27.6,21.0,1.38,6.6,72,95,45,9.3
2004-10-20,0.0,16.7,30.8,22.9,2.4,10.1,62,87,34,9.0
2004-10-21,0.0,15.5,29.2,22.2,1.62,9.3,62,89,37,10.3
2004-10-22,0.0,15.1,27.0,20.9,1.13,7.0,73,97,44,9.0
2004-10-23,0.0,16.5,25.8,20.8,1.55,7.6,70,88,47,9.8
2004-10-24,0.0,13.2,29.4,21.5,1.41,7.3,66,96,35,10.3
2004-10-25,0.5,13.9,29.3,21.7,1.39,11.2,56,82,32,7.2
2004-10-26,0.2,14.3,22.9,18.2,3.26,10.5,45,62,23,10.3
2004-10-27,1.4,11.0,19.0,15.2,1.72,10.1,61,91,49,1.8
2004-10-28,0.2,10.8,23.7,17.3,1.56,8.3,64,98,26,10.0
2004-10-29,0.0,11.2,23.2,17.0,2.03,8.4,52,77,29,10.1
2004-10-30,0.0,9.3,19.6,14.5,2.36,9.3,50,80,24,9.8
2004-10-31,0.0,8.0,20.8,14.0,2.64,10.1,49,75,27,10.0
2004-11-01,0.4,11.2,20.6,15.2,2.98,10.4,46,61,26,10.1
2004-11-02,0.0,8.0,21.6,14.0,2.52,8.7,54,77,27,10.1
2004-11-03,0.0,7.3,22.0,14.4,1.95,5.4,55,81,27,10.1
2004-11-04,0.2,7.5,21.0,14.5,1.52,6.1,63,86,33,10.0
2004-11-05,1.1,10.8,19.1,15.2,2.3,9.2,80,96,61,9.4
2004-11-06,3.1,15.1,19.4,17.1,2.66,9.0,82,95,68,6.5
2004-11-07,0.0,9.6,20.4,14.9,1.54,4.4,78,99,50,9.9
2004-11-08,0.0,7.5,19.1,13.7,1.42,6.0,74,94,50,9.9
2004-11-09,0.0,7.5,22.6,14.3,2.91,8.9,60,91,28,9.9
2004-11-10,0.0,11.9,18.9,15.0,5.0,16.0,48,63,29,9.9
2004-11-11,0.0,8.7,16.9,12.6,3.35,12.1,42,53,27,9.0
2004-11-12,0.1,7.3,16.4,11.6,3.2,13.4,61,76,40,6.0
2004-11-13,0.2,10.5,21.0,14.8,3.81,12.6,40,68,20,9.8
2004-11-14,0.0,8.6,18.9,13.5,3.09,11.2,34,50,13,9.8
2004-11-15,0.0,7.0,14.2,10.5,2.53,9.9,32,43,22,9.8
2004-11-16,0.0,1.9,16.4,8.6,1.77,5.9,40,59,18,9.8
2004-11-17,0.0,1.0,17.4,9.2,1.49,6.0,52,70,23,9.8
2004-11-18,0.0,1.6,18.1,9.7,1.3,4.6,66,95,27,9.8
2004-11-19,0.0,4.1,22.1,11.4,2.09,7.8,50,80,19,9.8
2004-11-20,0.0,6.4,19.9,12.4,2.06,6.2,63,94,40,9.8
2004-11-21,0.0,8.1,18.3,12.5,1.44,5.7,82,100,52,9.7
2004-11-22,0.0,10.2,18.0,13.8,1.77,5.8,83,98,56,7.8
2004-11-23,0.0,9.4,18.6,13.9,1.37,5.3,78,97,49,9.7
2004-11-24,0.0,6.3,18.6,12.5,1.08,5.1,79,98,48,9.7
2004-11-25,0.0,6.4,17.9,12.0,1.32,6.0,82,100,52,9.7
2004-11-26,0.0,6.8,17.2,11.9,1.1,5.1,81,100,53,9.3
2004-11-27,0.0,5.3,17.6,11.3,1.51,5.7,81,99,51,9.3
2004-11-28,0.0,8.8,17.6,12.6,1.2,4.1,81,99,54,8.7
2004-11-29,0.2,7.2,18.1,12.2,1.35,4.4,71,94,40,7.8
2004-11-30,1.8,7.6,16.5,12.3,1.34,7.2,84,98,64,5.3
2004-12-01,8.7,8.4,14.8,12.6,2.59,11.5,89,99,65,1.6
2004-12-02,0.0,4.3,15.3,10.0,1.47,6.5,75,88,61,9.2
2004-12-03,6.0,6.1,15.6,10.5,2.04,7.5,87,98,69,8.6
2004-12-04,19.2,8.6,13.7,11.0,1.76,6.1,91,97,85,3.6
2004-12-05,4.7,7.1,13.7,10.5,1.96,7.7,90,99,77,5.2
2004-12-06,3.1,9.8,13.3,11.4,2.25,9.4,84,91,76,7.8
2004-12-07,2.1,7.9,13.8,10.8,2.44,9.0,79,92,62,5.3
2004-12-08,3.7,10.0,13.9,11.4,4.0,13.8,71,80,62,4.0
2004-12-09,0.2,7.7,16.2,11.6,2.26,7.0,73,86,53,8.7
2004-12-10,0.8,9.9,17.6,13.0,2.05,6.6,76,89,57,9.2
2004-12-11,0.0,6.6,16.6,11.0,2.13,7.2,79,94,55,9.0
2004-12-12,1.5,10.1,14.7,11.8,2.02,6.9,91,96,85,7.7
2004-12-13,0.5,10.4,16.4,12.8,2.55,10.6,85,95,65,8.4
2004-12-14,0.1,12.0,15.8,13.4,2.78,11.0,84,94,68,4.4
2004-12-15,0.5,11.0,16.2,13.0,2.4,8.0,84,94,69,8.1
2004-12-16,0.0,8.9,16.6,11.6,2.01,7.8,80,94,53,9.0
2004-12-17,0.0,7.4,17.8,11.2,2.76,9.3,71,87,45,9.4
2004-12-18,0.0,7.7,18.7,13.4,3.88,12.5,64,82,49,9.4
2004-12-19,0.0,6.4,17.2,11.7,3.05,11.8,70,92,48,9.4
2004-12-20,0.0,10.2,16.4,12.9,4.08,13.4,59,74,42,9.4
2004-12-21,0.0,4.8,12.3,8.9,1.81,6.7,70,86,51,8.2
2004-12-22,3.2,7.3,11.5,8.8,2.83,9.5,80,88,63,3.5
2004-12-23,0.0,2.9,12.8,7.8,1.36,4.9,73,94,45,9.4
2004-12-24,0.0,0.3,13.4,6.5,1.26,3.5,71,90,40,9.4
2004-12-25,0.0,-0.3,14.4,6.4,2.6,14.0,71,92,41,9.4
2004-12-26,0.0,6.1,10.5,7.8,7.24,18.8,47,59,33,8.7
2004-12-27,0.0,4.7,10.6,7.1,4.79,15.7,43,55,32,9.4
2004-12-28,0.0,4.2,13.7,8.0,3.54,11.1,44,55,30,7.2
2004-12-29,0.0,7.9,13.8,10.7,4.58,14.7,53,71,38,9.4
2004-12-30,0.0,5.9,12.9,9.4,2.59,10.7,60,80,51,9.3
2004-12-31,0.0,1.5,16.0,7.3,1.76,5.2,76,93,45,9.3
2005-01-01,0.0,3.8,17.0,9.2,1.63,5.3,75,92,46,9.3
2005-01-02,0.0,3.5,16.9,9.1,1.66,5.2,75,96,44,9.3
2005-01-03,0.0,3.4,13.8,8.2,1.7,5.1,80,94,60,8.5
2005-01-04,0.0,6.2,13.5,9.8,1.21,4.8,80,94,60,8.4
2005-01-05,0.0,1.6,13.5,7.7,1.03,4.2,77,99,49,9.4
2005-01-06,0.0,-0.1,14.8,6.5,1.42,4.4,74,94,43,9.5
2005-01-07,0.0,-0.9,14.7,6.4,1.21,4.2,72,95,42,9.5
2005-01-08,0.0,-0.2,14.3,6.4,1.06,3.8,71,93,40,9.5
2005-01-09,0.0,-1.3,12.9,5.5,1.25,4.4,78,91,56,9.3
2005-01-10,0.0,4.4,12.5,7.9,1.12,4.5,80,97,52,8.5
2005-01-11,0.0,1.0,14.1,7.2,1.25,4.2,73,93,43,9.4
2005-01-12,0.0,-1.3,14.9,6.0,1.57,4.8,68,93,33,9.6
2005-01-13,0.0,3.0,15.9,8.5,1.93,6.1,68,85,48,9.5
2005-01-14,0.0,1.9,16.4,8.9,1.31,4.6,81,97,54,9.6
2005-01-15,0.0,1.7,15.0,8.4,1.17,6.0,86,100,58,9.6
2005-01-16,0.0,2.0,15.2,8.2,1.53,5.6,82,100,48,9.2
2005-01-17,0.0,2.5,13.1,7.5,1.4,4.3,84,100,61,9.4
2005-01-18,0.0,0.8,18.8,8.8,2.11,9.2,67,99,30,9.6
2005-01-19,0.0,7.9,16.8,12.4,4.27,15.2,49,62,34,9.6
2005-01-20,0.0,9.6,18.9,13.7,3.26,12.4,54,76,39,9.6
2005-01-21,0.0,6.0,22.2,12.4,2.28,7.5,60,87,23,9.6
2005-01-22,0.0,4.5,19.1,11.1,1.94,5.7,56,79,28,9.6
2005-01-23,0.0,2.5,17.2,9.8,1.23,4.9,75,95,42,9.7
2005-01-24,0.0,4.7,16.5,10.0,2.34,9.5,57,94,21,9.0
2005-01-25,0.0,3.8,9.3,6.6,5.79,17.0,26,49,9,9.7
2005-01-26,0.0,2.9,8.1,5.2,5.64,18.6,27,44,12,9.7
2005-01-27,0.0,-1.4,8.4,3.2,2.27,8.3,26,36,16,9.7
2005-01-28,0.0,-3.3,9.5,2.6,3.09,13.0,41,65,22,9.7
2005-01-29,0.0,3.1,14.9,8.6,4.96,15.8,47,61,28,9.6
2005-01-30,1.8,3.7,11.0,7.1,2.44,8.6,61,90,40,8.9
2005-01-31,0.0,-2.4,11.5,4.7,1.5,4.4,62,93,27,9.8
2005-02-01,0.0,-2.6,14.9,5.4,1.68,6.8,60,91,26,9.9
2005-02-02,0.0,1.3,15.3,8.0,2.38,8.4,69,89,43,9.8
2005-02-03,0.0,3.6,14.9,8.9,1.33,6.9,78,99,45,9.7
2005-02-04,0.0,2.3,13.8,8.6,1.43,7.9,78,99,47,9.8
2005-02-05,2.6,5.0,12.8,8.0,1.71,7.4,85,97,65,9.7
2005-02-06,0.4,3.2,12.6,7.7,1.74,7.6,81,99,54,9.9
2005-02-07,0.8,4.2,13.0,8.1,2.73,12.5,81,95,57,9.8
2005-02-08,1.5,3.2,15.2,8.9,2.94,11.4,76,95,43,9.5
2005-02-09,10.3,7.8,13.2,9.6,3.36,13.4,78,90,56,6.1
2005-02-10,0.0,5.1,14.9,9.5,1.73,6.0,77,96,45,10.5
2005-02-11,0.0,0.7,16.7,8.7,1.49,5.0,72,96,37,10.5
2005-02-12,0.0,2.2,20.5,10.2,2.06,5.8,62,93,26,10.5
2005-02-13,0.0,6.6,23.2,13.7,2.64,7.2,47,66,25,10.6
2005-02-14,0.0,8.5,15.3,12.4,5.16,15.1,33,48,19,10.6
2005-02-15,0.0,6.6,14.6,10.1,4.88,16.8,39,50,28,10.4
2005-02-16,0.0,3.8,13.4,8.2,4.5,13.4,32,43,15,10.3
2005-02-17,0.0,1.8,12.5,6.5,2.55,11.0,43,76,22,10.7
2005-02-18,0.0,-1.5,12.4,5.8,1.56,6.2,67,93,37,10.7
2005-02-19,0.0,-1.2,16.5,7.5,2.72,10.1,55,92,24,10.7
2005-02-20,0.0,6.8,17.3,11.4,3.46,11.6,44,61,25,10.6
2005-02-21,1.7,4.6,9.8,7.1,2.16,7.9,59,75,48,4.4
2005-02-22,0.0,-2.5,15.6,7.2,2.88,13.0,55,92,23,10.8
2005-02-23,0.1,1.7,16.5,9.3,1.95,8.9,62,90,36,10.8
2005-02-24,1.4,3.0,14.1,8.7,1.51,6.9,79,100,44,8.6
2005-02-25,3.3,6.0,11.9,8.4,1.69,5.5,70,88,44,5.0
2005-02-26,0.2,-0.4,14.0,7.7,1.81,7.7,66,95,31,10.8
2005-02-27,1.0,2.5,11.8,6.7,1.38,4.8,69,91,38,1.9
2005-02-28,9.2,3.6,7.8,5.5,2.93,12.6,83,94,56,0.0
2005-03-01,6.2,2.8,10.1,5.6,3.54,12.0,70,93,44,8.0
2005-03-02,0.0,3.4,12.6,7.4,1.78,8.6,72,90,52,10.9
2005-03-03,0.1,1.4,15.7,8.9,1.76,7.1,72,97,33,10.2
2005-03-04,12.1,6.2,10.3,7.9,2.74,10.4,73,95,40,0.6
2005-03-05,0.0,1.9,16.1,8.1,3.34,11.2,49,76,30,11.1
2005-03-06,0.0,3.2,15.3,9.0,3.02,9.8,55,77,31,9.3
2005-03-07,0.0,0.6,13.1,6.9,2.82,13.3,56,92,21,11.3
2005-03-08,0.0,-1.7,13.6,6.4,1.66,6.5,61,90,30,11.3
2005-03-09,0.0,-1.7,15.3,7.2,1.25,7.6,69,96,31,11.3
2005-03-10,0.0,-0.7,16.6,8.0,1.52,6.3,68,94,35,10.6
2005-03-11,0.0,3.2,15.6,10.0,1.58,6.6,74,96,51,11.0
2005-03-12,0.2,6.1,15.2,10.6,1.48,7.4,78,98,51,9.7
2005-03-13,0.0,6.1,20.5,12.5,1.55,8.4,76,96,45,11.3
2005-03-14,0.0,7.6,18.7,12.6,1.89,9.0,78,100,49,11.4
2005-03-15,0.0,7.5,19.1,13.1,1.46,7.5,67,92,39,11.0
2005-03-16,0.0,6.9,20.9,13.6,1.75,8.7,63,94,26,11.5
2005-03-17,0.0,5.5,20.1,13.3,1.77,9.3,65,91,42,11.7
2005-03-18,0.0,4.8,19.2,12.4,2.15,9.3,69,95,38,11.7
2005-03-19,0.0,6.8,20.4,13.5,1.58,7.4,73,98,43,10.9
2005-03-20,0.0,7.9,23.7,15.3,1.61,7.2,73,97,41,11.3
2005-03-21,0.0,11.3,23.1,16.1,1.58,10.2,78,100,45,11.1
2005-03-22,0.0,8.8,23.3,16.1,1.33,7.4,75,98,46,11.3
2005-03-23,0.1,11.6,19.0,15.4,1.85,8.1,83,97,66,7.1
2005-03-24,0.0,8.6,23.1,16.0,1.88,8.8,75,100,44,11.9
2005-03-25,0.0,10.5,21.2,15.1,2.02,10.0,78,99,49,9.9
2005-03-26,0.1,12.6,23.7,16.4,2.04,14.7,67,97,32,10.0
2005-03-27,0.0,7.1,22.3,15.3,2.12,9.5,55,91,26,12.0
2005-03-28,0.0,13.1,23.0,17.2,2.94,10.8,41,55,25,10.8
2005-03-29,0.0,11.0,25.1,18.1,3.3,10.8,50,82,27,12.0
2005-03-30,0.0,12.5,26.6,19.4,2.62,9.8,43,68,23,12.0
2005-03-31,0.0,10.2,25.0,17.7,2.18,11.2,46,74,21,11.8
2005-04-01,0.0,8.5,20.9,15.1,2.65,13.7,56,93,32,12.0
2005-04-02,0.2,7.4,18.3,13.4,1.64,8.6,66,87,45,9.5
2005-04-03,0.0,9.6,20.7,14.8,1.75,10.9,70,98,35,12.0
2005-04-04,0.1,8.1,20.5,14.5,1.55,7.6,71,95,45,11.4
2005-04-05,0.0,10.0,21.9,15.4,1.74,10.2,70,98,35,12.1
2005-04-06,0.0,7.9,20.5,14.3,1.69,8.8,72,100,37,10.1
2005-04-07,0.0,10.2,20.8,14.9,1.57,6.7,75,96,49,9.6
2005-04-08,6.3,8.8,23.4,15.6,1.95,10.5,75,98,40,11.6
2005-04-09,4.5,8.3,18.0,13.3,4.34,15.5,45,93,18,12.2
2005-04-10,0.0,5.6,19.8,12.5,4.96,14.4,31,42,21,12.3
2005-04-11,0.0,8.5,21.8,14.3,3.97,14.1,40,70,20,12.1
2005-04-12,0.0,7.5,20.8,13.6,2.37,10.3,53,89,27,12.5
2005-04-13,0.0,5.9,22.0,14.7,1.66,9.3,56,91,27,12.2
2005-04-14,0.0,8.4,22.6,16.0,1.59,8.5,65,93,38,12.4
2005-04-15,0.2,9.8,22.4,15.8,3.77,15.8,47,89,19,12.7
2005-04-16,0.0,8.3,20.9,14.7,4.48,14.5,31,49,15,12.7
2005-04-17,0.0,7.9,24.6,17.1,2.91,10.9,35,56,23,12.2
2005-04-18,0.0,12.4,26.5,19.5,2.57,13.9,48,77,27,11.4
2005-04-19,0.0,13.0,25.1,19.2,2.97,11.8,38,54,21,12.8
2005-04-20,0.0,13.9,25.3,18.8,2.84,11.5,40,55,22,11.9
2005-04-21,0.0,15.6,27.5,20.5,2.69,12.3,41,56,24,12.7
2005-04-22,0.0,13.5,24.8,18.7,1.98,9.9,62,84,41,11.0
2005-04-23,0.0,11.1,24.7,18.3,1.99,9.5,70,98,39,12.4
2005-04-24,0.0,14.1,27.3,20.3,1.73,9.5,56,96,26,11.1
2005-04-25,0.0,14.4,25.1,19.4,2.81,10.6,38,57,23,13.4
2005-04-26,0.0,9.5,24.0,17.3,2.21,10.8,49,80,23,13.5
2005-04-27,0.1,8.8,22.4,16.7,1.9,9.7,48,79,25,9.2
2005-04-28,0.0,10.3,25.7,18.3,1.81,9.0,49,79,22,13.5
2005-04-29,0.0,11.4,26.3,18.9,2.18,10.9,52,83,24,13.6
2005-04-30,0.0,11.0,26.5,19.0,2.17,10.8,53,76,33,13.6
2005-05-01,0.0,13.8,24.8,19.1,1.8,9.6,69,89,49,13.4
2005-05-02,0.6,14.3,24.3,19.1,1.64,10.8,74,96,50,10.2
2005-05-03,0.2,15.2,29.1,21.7,1.54,8.8,67,95,38,13.7
2005-05-04,0.0,15.9,25.1,20.8,2.09,9.2,70,92,49,12.4
2005-05-05,1.3,16.2,21.5,18.2,2.21,10.7,72,92,45,7.2
2005-05-06,0.0,10.7,25.8,18.7,1.85,10.3,62,98,30,13.8
2005-05-07,0.0,10.3,27.6,19.5,1.84,10.4,50,87,18,13.4
2005-05-08,0.0,11.9,32.0,22.5,2.0,9.1,50,91,17,13.5
2005-05-09,0.0,15.5,31.4,23.1,1.91,12.0,51,80,20,12.8
2005-05-10,0.0,14.2,30.5,23.0,1.46,7.4,54,90,25,13.5
2005-05-11,0.0,17.7,25.9,21.5,2.59,11.5,55,81,44,13.5
2005-05-12,0.7,14.7,25.7,19.9,1.76,8.3,71,99,35,13.3
2005-05-13,0.0,13.6,26.0,21.0,1.92,10.6,62,92,37,13.3
2005-05-14,0.0,15.9,27.9,21.5,3.17,11.4,38,58,18,14.0
2005-05-15,0.0,13.0,26.0,19.6,1.79,9.9,52,79,23,12.3
2005-05-16,0.5,12.4,27.5,19.9,1.99,11.4,56,92,24,13.5
2005-05-17,0.1,12.9,25.2,19.4,4.59,15.9,41,63,23,14.0
2005-05-18,0.0,12.0,28.1,20.6,2.34,11.0,35,58,15,14.0
2005-05-19,0.0,12.7,27.5,20.6,1.94,9.9,41,73,17,14.0
2005-05-20,0.0,10.7,29.5,20.9,2.29,10.8,37,64,15,14.0
2005-05-21,0.0,11.9,28.0,20.9,1.57,10.0,45,70,22,14.0
2005-05-22,0.0,14.6,27.8,21.7,1.83,8.5,58,90,34,14.0
2005-05-23,0.0,15.4,25.7,21.0,3.14,14.0,51,73,33,14.0
2005-05-24,0.0,11.5,25.0,18.8,2.75,12.7,56,92,26,14.0
2005-05-25,0.0,10.8,27.7,19.6,2.2,9.7,46,73,20,14.0
2005-05-26,0.0,11.8,28.4,20.6,2.09,10.1,47,84,16,14.0
2005-05-27,0.0,11.9,28.5,21.2,2.14,9.8,45,73,25,14.0
2005-05-28,0.0,13.0,28.4,21.9,2.47,12.4,45,81,22,14.0
2005-05-29,0.0,15.7,28.8,22.7,2.29,9.7,43,66,27,12.8
2005-05-30,0.0,16.8,28.9,22.9,2.4,12.9,45,65,27,10.4
2005-05-31,0.4,18.4,27.1,22.6,3.45,12.6,54,72,38,12.3
2005-06-01,0.0,15.3,26.8,21.9,3.03,12.7,55,88,32,14.0
2005-06-02,0.0,14.9,29.7,23.0,2.92,12.1,48,77,29,14.0
2005-06-03,0.0,14.5,31.3,23.7,1.99,9.8,42,70,23,14.0
2005-06-04,0.0,19.1,30.4,24.2,1.93,9.4,50,68,31,14.0
2005-06-05,0.0,16.4,27.4,22.1,2.32,10.5,67,90,48,14.0
2005-06-06,0.0,15.8,28.3,22.1,2.23,11.0,65,96,38,14.0
2005-06-07,0.0,16.9,27.8,22.7,2.73,12.5,52,74,33,14.0
2005-06-08,0.0,14.8,29.5,22.7,2.27,11.3,50,81,26,14.0
2005-06-09,0.0,13.7,28.5,21.8,2.04,10.1,54,81,33,14.0
2005-06-10,0.0,15.4,27.9,21.1,2.4,10.2,65,97,32,13.0
2005-06-11,0.0,14.6,30.1,22.7,2.21,10.0,54,91,23,14.0
2005-06-12,0.0,16.0,30.5,23.5,2.01,9.1,62,91,37,14.0
2005-06-13,2.4,18.0,30.4,24.0,1.36,8.3,63,91,37,14.0
2005-06-14,0.0,19.3,31.7,25.1,2.72,10.7,44,84,24,14.0
2005-06-15,0.0,17.0,31.4,24.7,1.98,8.9,49,76,29,14.0
2005-06-16,0.0,17.8,32.8,25.4,1.74,10.5,52,87,25,14.0
2005-06-17,0.0,18.4,30.1,24.7,2.27,11.1,54,80,36,14.0
2005-06-18,0.0,18.0,31.8,25.8,2.06,9.8,49,81,29,14.0
2005-06-19,0.0,17.3,33.0,26.0,1.95,9.8,49,87,25,14.0
2005-06-20,0.0,18.7,33.9,26.9,1.75,10.3,44,76,21,14.0
2005-06-21,0.0,18.6,34.6,27.2,1.95,10.0,42,73,21,13.6
2005-06-22,0.0,20.1,34.1,27.4,1.76,9.5,45,67,25,13.0
2005-06-23,0.0,20.2,36.0,28.0,1.84,10.7,49,81,21,13.4
2005-06-24,0.0,19.7,34.5,27.5,2.09,9.7,54,87,28,13.9
2005-06-25,0.0,20.8,32.5,26.6,2.16,11.0,59,88,31,14.0
2005-06-26,0.0,19.7,32.6,25.9,2.26,10.6,63,98,28,14.0
2005-06-27,0.0,18.1,33.5,26.6,2.06,9.6,63,96,36,14.0
2005-06-28,0.0,20.9,34.4,28.1,2.22,10.2,58,89,35,14.0
2005-06-29,0.0,21.0,36.4,29.3,1.79,8.5,49,88,22,14.0
2005-06-30,0.0,20.3,34.7,28.1,2.13,11.4,41,58,19,14.0
2005-07-01,0.0,21.1,31.9,26.6,2.42,10.7,57,78,42,14.0
2005-07-02,0.0,21.3,31.9,25.9,2.36,10.3,65,92,36,14.0
2005-07-03,0.0,18.1,33.8,26.2,2.2,10.3,56,91,27,14.0
2005-07-04,0.0,18.9,34.3,26.9,1.94,9.2,55,87,29,13.8
2005-07-05,0.0,20.7,31.3,26.0,2.82,11.9,65,92,41,14.0
2005-07-06,0.0,20.5,31.1,25.4,2.2,10.4,61,88,36,14.0
2005-07-07,0.0,19.2,31.2,25.6,2.56,11.1,59,87,37,14.0
2005-07-08,0.4,21.8,29.6,25.0,3.03,12.4,69,87,46,13.3
2005-07-09,0.0,19.1,30.6,24.7,2.53,10.4,65,93,37,14.0
2005-07-10,0.0,19.8,28.4,24.1,2.61,9.8,65,82,47,13.7
2005-07-11,0.0,20.4,31.1,25.2,2.08,9.2,60,88,34,13.7
2005-07-12,0.0,16.5,33.8,25.5,1.84,10.2,47,86,15,14.0
2005-07-13,0.0,17.2,33.3,25.6,2.25,9.7,53,87,27,14.0
2005-07-14,0.0,18.4,33.8,26.6,2.61,11.4,50,84,24,14.0
2005-07-15,0.0,19.0,36.3,27.8,2.08,9.5,42,61,24,14.0
2005-07-16,0.0,21.6,36.8,29.1,1.7,8.1,51,74,29,14.0
2005-07-17,0.0,21.8,37.1,29.8,1.94,9.9,53,82,28,14.0
2005-07-18,0.0,23.9,38.8,30.8,2.16,10.0,37,78,14,13.1
2005-07-19,0.0,22.6,31.9,27.1,2.86,11.6,46,73,35,14.0
2005-07-20,0.0,18.1,32.2,25.6,2.36,10.1,55,92,26,14.0
2005-07-21,0.0,18.3,34.3,26.1,1.96,10.5,55,82,23,13.9
2005-07-22,0.0,19.9,34.9,26.9,2.09,11.5,62,93,28,13.9
2005-07-23,0.0,20.1,33.4,26.9,1.79,10.2,63,95,35,13.9
2005-07-24,0.0,20.8,37.4,29.0,1.72,10.7,56,93,25,13.9
2005-07-25,0.0,20.3,36.6,29.1,1.95,10.9,43,72,19,13.9
2005-07-26,0.0,21.5,35.1,28.3,1.98,11.0,43,59,25,13.9
2005-07-27,0.0,19.8,34.4,27.7,1.76,9.8,54,88,29,13.9
2005-07-28,0.0,20.4,35.0,28.3,2.01,10.1,55,88,31,13.8
2005-07-29,0.0,23.2,36.5,29.9,2.36,11.1,38,59,21,13.8
2005-07-30,0.0,21.7,33.9,27.8,2.81,11.5,44,80,20,13.8
2005-07-31,0.0,22.7,31.8,26.3,2.77,12.4,71,93,40,13.1
2005-08-01,0.2,22.1,30.7,26.1,2.03,9.7,67,88,44,13.4
2005-08-02,0.5,21.0,28.4,24.3,2.67,11.0,72,89,50,12.2
2005-08-03,0.4,20.5,30.6,25.0,2.09,10.0,59,87,32,13.5
2005-08-04,0.0,16.9,31.2,24.4,2.19,10.4,54,90,26,13.7
2005-08-05,0.0,15.9,33.2,25.2,1.67,9.5,45,81,20,13.7
2005-08-06,0.0,16.5,34.2,25.9,1.88,9.3,41,73,15,13.7
2005-08-07,0.0,17.5,35.8,27.1,1.83,9.7,49,88,20,13.6
2005-08-08,0.0,21.0,35.0,27.3,2.23,10.2,54,71,32,12.7
2005-08-09,0.0,21.9,33.1,26.7,2.05,9.0,63,80,40,12.2
2005-08-10,0.7,21.6,34.8,28.0,1.78,8.3,60,93,29,13.0
2005-08-11,0.0,21.5,33.7,28.4,2.2,10.4,42,66,27,13.3
2005-08-12,0.0,21.7,31.5,26.3,2.38,9.6,64,90,35,13.2
2005-08-13,0.0,19.3,33.0,26.1,1.85,9.8,58,96,24,13.0
2005-08-14,0.0,16.8,34.1,26.0,2.17,9.3,41,69,17,13.3
2005-08-15,0.0,17.5,32.1,25.5,2.28,10.8,47,70,30,13.3
2005-08-16,0.0,18.8,31.6,24.8,2.15,10.5,66,92,37,12.5
2005-08-17,0.0,18.8,32.0,25.1,1.89,11.0,65,89,40,12.7
2005-08-18,0.0,21.0,31.9,26.0,1.89,9.5,70,94,46,12.9
2005-08-19,0.0,20.5,30.8,25.6,2.1,9.5,70,95,45,6.9
2005-08-20,6.7,21.1,28.4,25.0,2.01,9.1,69,96,49,12.4
2005-08-21,0.5,21.0,29.0,24.0,2.05,9.6,50,76,18,11.6
2005-08-22,0.0,15.4,30.3,23.1,1.71,7.5,52,91,20,12.8
2005-08-23,0.0,15.6,30.1,23.3,1.61,9.7,58,90,33,12.8
2005-08-24,0.0,15.8,32.2,24.3,1.68,10.4,59,92,32,12.7
2005-08-25,0.0,17.5,33.0,25.3,1.52,9.2,61,90,33,12.6
2005-08-26,0.0,18.2,31.6,25.0,2.1,9.3,67,95,38,12.4
2005-08-27,0.0,18.7,33.7,26.0,1.66,10.4,65,97,32,12.3
2005-08-28,0.0,20.2,32.3,25.7,2.14,11.0,70,96,41,12.1
2005-08-29,0.0,21.8,30.0,25.4,2.27,10.2,71,96,42,11.4
2005-08-30,0.0,19.6,30.7,24.7,1.87,9.5,65,91,37,12.1
2005-08-31,0.0,19.5,30.0,24.1,1.77,9.8,68,90,43,12.0
2005-09-01,0.0,20.5,30.8,24.9,2.18,10.2,67,88,40,12.0
2005-09-02,0.0,19.0,31.2,25.0,2.13,9.2,67,95,36,12.0
2005-09-03,0.0,18.3,32.9,25.5,1.65,8.6,64,95,31,12.0
2005-09-04,0.0,18.4,33.2,25.9,1.53,9.1,64,94,32,12.0
2005-09-05,0.0,19.0,35.7,28.1,1.61,10.3,55,95,22,12.0
2005-09-06,0.0,24.0,32.7,28.5,3.7,10.1,25,33,17,12.0
2005-09-07,20.3,18.8,25.9,21.2,1.74,7.4,66,88,26,5.1
2005-09-08,0.0,15.6,27.1,21.6,1.89,7.6,60,83,37,12.0
2005-09-09,0.0,15.2,29.5,22.3,1.84,8.8,63,85,34,12.0
2005-09-10,0.0,17.5,30.5,23.3,1.86,7.4,62,92,34,12.0
2005-09-11,0.0,17.6,28.4,22.3,2.15,7.8,44,66,24,12.0
2005-09-12,0.0,15.5,27.3,21.5,2.63,10.0,51,71,30,11.7
2005-09-13,0.1,15.3,25.2,20.6,2.28,9.7,66,89,46,11.7
2005-09-14,0.0,14.8,26.7,21.0,2.24,9.6,67,91,41,12.0
2005-09-15,0.0,14.1,29.1,21.6,1.6,6.2,64,95,28,12.0
2005-09-16,0.0,14.3,33.0,23.8,1.73,9.1,59,92,24,12.0
2005-09-17,22.2,18.2,28.3,22.8,2.01,10.8,61,95,37,10.8
2005-09-18,4.0,13.9,23.9,18.7,2.53,10.6,57,97,24,11.0
2005-09-19,0.0,9.9,23.8,17.4,1.56,5.6,56,88,28,12.0
2005-09-20,0.0,9.9,24.5,17.7,1.51,6.5,65,93,35,12.0
2005-09-21,0.0,10.8,23.8,17.8,1.54,6.8,71,97,44,12.0
2005-09-22,0.0,11.7,24.9,19.0,1.46,6.8,71,95,46,11.8
2005-09-23,0.0,14.9,23.9,19.5,1.42,6.3,78,96,54,8.8
2005-09-24,0.2,14.9,26.1,20.3,1.15,7.5,80,100,54,11.9
2005-09-25,0.0,14.4,28.0,21.1,1.68,8.6,75,99,40,11.9
2005-09-26,0.5,14.9,24.3,19.7,1.76,6.5,71,94,44,10.4
2005-09-27,0.2,14.9,24.3,19.7,2.1,7.0,74,92,51,11.5
2005-09-28,0.0,15.7,24.7,20.2,2.17,8.1,74,94,47,11.0
2005-09-29,0.0,14.0,26.7,20.3,1.53,7.3,75,97,39,11.5
2005-09-30,0.0,14.0,26.2,20.3,1.54,5.7,76,100,45,11.5
2005-10-01,0.0,14.1,26.9,20.4,1.44,9.1,76,99,41,11.7
2005-10-02,0.0,15.7,25.4,20.2,1.91,9.5,75,99,46,11.3
2005-10-03,0.0,16.7,21.5,19.2,1.83,7.0,64,81,49,5.3
2005-10-04,0.0,10.6,22.6,16.9,1.64,6.5,69,100,39,11.5
2005-10-05,0.0,10.3,24.1,17.6,1.43,7.8,66,93,38,11.4
2005-10-06,0.0,10.5,23.7,17.7,1.39,8.0,73,98,43,11.2
2005-10-07,0.4,15.2,22.9,18.6,1.96,8.3,76,92,53,9.8
2005-10-08,0.0,11.2,22.9,17.6,1.35,6.0,72,99,45,9.9
2005-10-09,0.0,11.3,24.4,18.2,1.73,8.2,72,97,45,10.3
2005-10-10,0.0,13.8,23.7,18.8,1.59,7.8,73,96,45,10.7
2005-10-11,0.7,15.0,22.6,19.0,1.7,6.6,79,95,63,6.8
2005-10-12,0.5,16.8,25.8,20.7,1.37,6.6,73,90,51,10.7
2005-10-13,1.0,15.8,24.2,19.5,2.38,11.2,59,96,23,10.4
2005-10-14,0.0,9.8,22.1,16.4,2.07,8.5,53,84,29,10.6
2005-10-15,0.0,9.6,22.2,16.5,1.26,5.2,62,86,39,10.8
2005-10-16,0.0,10.2,23.8,17.0,1.65,5.8,75,99,45,9.4
2005-10-17,0.0,13.1,23.8,18.1,1.36,4.7,74,98,40,7.9
2005-10-18,2.2,16.3,22.5,18.5,1.15,5.2,83,97,57,3.5
2005-10-19,0.1,13.9,24.5,18.8,1.87,6.8,73,98,37,10.4
2005-10-20,0.0,12.4,23.7,18.0,1.57,6.5,74,98,44,10.4
2005-10-21,0.0,12.6,26.2,18.7,1.59,6.1,68,95,38,10.4
2005-10-22,0.0,11.9,25.6,18.2,1.65,7.5,65,87,34,10.0
2005-10-23,0.5,12.9,24.4,18.2,2.63,9.6,63,91,31,10.1
2005-10-24,0.0,10.9,23.4,16.9,1.6,7.3,64,88,36,10.4
2005-10-25,0.0,10.4,23.0,16.8,1.29,5.8,74,97,40,10.2
2005-10-26,0.0,12.2,21.9,17.2,1.92,7.9,78,99,51,9.6
2005-10-27,0.0,13.3,26.4,19.1,2.18,7.2,76,96,43,10.2
2005-10-28,0.6,14.2,24.4,19.1,1.36,7.5,78,98,49,7.5
2005-10-29,0.0,13.8,26.5,20.3,1.58,7.7,76,98,45,10.1
2005-10-30,0.0,15.7,25.5,19.7,1.57,7.9,80,99,49,10.0
2005-10-31,1.4,16.4,24.8,19.7,0.94,7.6,77,100,43,8.4
2005-11-01,0.0,10.2,23.0,16.7,1.78,6.5,56,86,29,8.3
2005-11-02,0.0,8.8,23.6,16.0,1.51,5.8,61,86,31,10.0
2005-11-03,0.0,9.3,24.7,16.6,1.87,7.2,64,86,30,10.1
2005-11-04,0.0,10.4,22.5,16.3,2.46,10.8,64,94,36,7.9
2005-11-05,0.0,12.8,20.4,16.3,2.85,9.1,35,53,19,9.0
2005-11-06,0.0,5.7,19.1,13.2,1.45,5.1,47,72,27,9.9
2005-11-07,0.0,5.0,20.4,13.4,1.28,6.1,58,87,27,9.9
2005-11-08,0.0,6.6,20.7,13.7,1.36,5.8,70,92,39,9.9
2005-11-09,0.0,7.3,20.3,13.9,4.28,16.3,58,95,24,9.9
2005-11-10,1.7,10.6,14.3,12.3,3.99,12.8,53,86,36,3.6
2005-11-11,0.0,9.1,17.4,13.0,1.6,6.0,75,96,45,9.4
2005-11-12,1.3,10.1,16.0,12.5,1.86,6.9,79,91,59,4.3
2005-11-13,1.3,9.4,16.4,12.8,0.88,7.6,79,96,52,8.3
2005-11-14,3.8,8.4,14.5,11.2,1.58,5.4,80,96,59,7.4
2005-11-15,1.5,6.1,16.7,11.3,1.27,7.6,74,96,47,9.8
2005-11-16,0.0,5.0,17.4,10.9,3.41,12.5,64,90,36,9.8
2005-11-17,0.0,7.7,19.2,12.7,2.38,7.8,57,79,39,9.8
2005-11-18,0.0,7.0,17.0,11.6,1.64,5.0,74,90,51,8.8
2005-11-19,0.0,6.0,18.2,12.3,1.6,7.6,79,95,52,8.1
2005-11-20,0.7,9.6,17.3,13.4,3.08,12.9,81,97,63,5.4
2005-11-21,0.0,12.1,19.1,15.2,2.92,11.6,76,87,60,6.3
2005-11-22,2.2,11.8,18.8,15.0,1.83,7.6,80,95,52,9.7
2005-11-23,5.2,8.8,14.8,12.7,1.45,6.7,84,92,65,5.6
2005-11-24,0.0,7.1,15.1,10.3,2.45,7.7,58,92,30,9.7
2005-11-25,0.0,2.9,17.1,9.8,2.17,6.2,54,82,29,9.2
2005-11-26,0.0,4.9,13.6,9.1,3.13,13.6,57,86,32,9.7
2005-11-27,0.0,1.8,14.0,7.1,2.56,9.4,55,79,26,9.7
2005-11-28,0.0,0.1,14.8,6.7,1.44,4.5,68,89,39,9.6
2005-11-29,0.0,2.8,13.7,7.3,1.68,6.9,74,91,44,6.0
2005-11-30,0.0,3.3,13.6,7.4,2.19,8.7,59,87,27,9.6
2005-12-01,0.0,0.4,15.3,6.9,1.92,6.2,67,89,33,9.6
2005-12-02,3.0,5.4,19.0,11.3,3.34,14.5,74,86,47,6.9
2005-12-03,0.0,7.9,19.9,13.4,2.25,7.7,71,94,40,9.5
2005-12-04,0.0,4.3,19.2,10.9,1.66,7.0,75,95,43,8.8
2005-12-05,0.0,6.4,19.6,12.1,1.95,10.6,71,94,41,9.5
2005-12-06,0.0,3.8,16.5,9.5,1.67,5.6,70,92,41,9.5
2005-12-07,0.0,3.1,15.7,9.4,1.72,5.6,72,91,49,9.5
2005-12-08,0.0,3.8,18.2,10.7,1.61,7.7,72,99,38,9.5
2005-12-09,0.0,7.7,18.0,12.4,3.08,12.1,60,83,37,9.4
2005-12-10,0.0,3.3,15.6,8.9,2.28,8.4,58,85,25,9.4
2005-12-11,0.0,2.8,14.4,8.1,1.82,6.8,61,86,35,9.4
2005-12-12,0.0,-0.0,13.5,7.7,1.19,4.4,60,90,35,8.7
2005-12-13,0.0,0.3,13.7,7.2,1.48,5.2,63,89,36,9.4
2005-12-14,0.0,0.4,14.4,7.2,1.41,5.6,63,90,32,9.4
2005-12-15,0.0,-0.3,13.9,6.7,1.42,4.5,70,91,43,9.4
2005-12-16,0.0,2.0,14.8,7.8,1.38,4.6,75,97,40,9.4
2005-12-17,0.0,2.0,16.8,8.7,3.2,11.5,61,82,41,9.4
2005-12-18,0.4,5.6,13.2,10.0,2.31,8.9,70,93,50,8.8
2005-12-19,5.6,9.3,14.2,11.1,2.54,10.2,82,97,57,5.9
2005-12-20,0.0,6.4,13.2,9.7,2.6,11.6,75,93,53,6.3
2005-12-21,0.0,8.5,13.3,10.3,2.9,10.1,72,90,48,8.6
2005-12-22,0.0,6.1,13.3,9.2,2.12,8.7,75,89,55,7.4
2005-12-23,0.0,3.5,14.7,8.9,1.52,4.6,80,98,53,9.1
2005-12-24,0.8,2.1,12.9,7.4,1.31,4.2,85,97,67,5.2
2005-12-25,0.0,2.3,15.7,8.2,1.41,4.4,82,100,51,8.7
2005-12-26,1.4,3.4,16.1,9.3,1.32,7.3,85,98,57,9.1
2005-12-27,0.0,5.0,16.5,9.7,2.78,11.4,74,100,40,9.2
2005-12-28,0.9,1.9,15.0,8.1,2.11,8.0,74,95,41,8.5
2005-12-29,1.4,2.0,13.0,7.4,1.8,6.3,69,94,33,9.3
2005-12-30,0.0,4.1,18.6,10.2,2.08,9.0,75,89,50,8.9
2005-12-31,0.0,5.1,15.8,9.7,1.87,7.2,77,96,46,6.2
2006-01-01,0.0,5.7,15.5,10.0,2.91,13.0,66,90,37,9.2
2006-01-02,0.0,8.4,15.9,11.3,4.4,13.8,50,60,34,9.4
2006-01-03,0.0,6.1,14.4,9.8,3.33,11.1,52,66,32,9.4
2006-01-04,0.0,2.2,12.4,6.9,1.83,6.0,62,81,43,9.4
2006-01-05,0.0,0.6,14.7,7.1,1.81,5.4,71,90,41,9.4
2006-01-06,2.1,1.8,13.3,7.1,1.44,5.6,75,95,44,6.0
2006-01-07,13.5,7.3,10.7,8.9,1.13,4.2,93,98,86,0.0
2006-01-08,1.8,4.2,13.2,8.7,1.17,4.6,85,99,59,8.3
2006-01-09,0.0,3.7,13.7,8.5,1.74,5.6,82,96,55,9.3
2006-01-10,12.6,6.6,11.5,9.2,1.94,9.5,94,97,88,0.9
2006-01-11,1.8,7.6,13.0,10.1,1.63,5.9,83,96,63,6.7
2006-01-12,0.0,1.7,13.2,8.0,1.23,5.7,80,99,56,9.5
2006-01-13,0.0,1.2,12.7,7.0,1.4,4.3,78,97,52,9.4
2006-01-14,0.0,1.6,12.7,7.1,1.23,3.9,80,96,52,9.3
2006-01-15,0.0,3.6,13.2,7.8,1.51,7.1,85,99,57,9.3
2006-01-16,4.1,7.3,10.9,8.8,1.3,5.9,90,95,81,0.3
2006-01-17,1.1,7.0,14.7,10.4,1.51,5.5,82,96,56,9.2
2006-01-18,0.0,2.9,17.2,9.4,2.2,9.7,77,98,47,9.6
2006-01-19,0.0,6.6,16.4,10.6,1.49,5.2,78,94,54,9.6
2006-01-20,0.0,5.4,14.7,10.5,1.97,7.7,81,97,64,3.7
2006-01-21,0.0,4.8,14.5,9.3,1.36,4.4,85,99,60,9.3
2006-01-22,0.0,3.8,15.2,8.9,1.71,6.0,80,100,47,9.6
2006-01-23,0.0,7.4,13.9,9.9,1.26,4.0,81,96,53,9.3
2006-01-24,0.0,1.7,12.5,7.4,2.22,10.4,79,97,55,8.5
2006-01-25,0.0,5.1,9.7,7.5,2.1,8.6,73,82,64,0.5
2006-01-26,0.0,5.8,13.9,9.0,1.59,5.6,71,88,47,8.8
2006-01-27,13.0,4.7,9.9,7.3,1.8,7.2,90,97,81,0.1
2006-01-28,13.7,1.8,5.3,3.5,2.62,8.7,87,95,65,0.0
2006-01-29,0.9,-3.7,7.8,1.9,1.83,7.8,76,95,59,9.3
2006-01-30,5.0,-0.0,12.2,5.0,3.64,13.3,79,96,40,7.6
2006-01-31,1.6,7.7,14.4,10.4,4.21,17.1,71,84,59,7.5
2006-02-01,0.0,6.7,17.7,11.6,2.0,5.4,73,91,44,9.8
2006-02-02,0.0,2.6,16.8,9.3,1.55,5.3,80,95,49,9.8
2006-02-03,0.3,2.8,14.2,8.7,1.09,5.3,87,100,65,6.4
2006-02-04,5.4,7.5,14.7,10.3,1.79,7.8,82,96,56,9.7
2006-02-05,6.0,8.0,11.8,9.4,1.26,5.3,90,96,80,5.4
2006-02-06,0.0,5.2,13.9,9.0,1.19,4.4,83,99,50,9.7
2006-02-07,0.0,1.4,13.7,8.0,1.52,6.7,83,99,59,10.1
2006-02-08,0.0,1.7,17.7,8.6,1.75,5.6,75,100,37,9.3
2006-02-09,0.0,2.9,18.0,9.4,1.85,5.8,67,83,36,10.3
2006-02-10,0.0,3.9,15.4,8.9,1.14,3.9,82,97,58,7.1
2006-02-11,0.0,6.0,14.0,9.9,1.42,6.1,88,100,69,8.4
2006-02-12,5.3,8.8,12.2,10.3,1.28,6.1,90,98,79,5.3
2006-02-13,0.0,5.2,18.3,11.3,1.52,5.7,81,100,47,10.6
2006-02-14,0.0,7.1,16.4,10.9,1.27,5.8,87,100,61,10.6
2006-02-15,0.0,5.8,18.1,11.2,1.52,7.7,87,100,59,10.5
2006-02-16,0.0,5.0,19.4,11.8,2.58,11.5,71,94,41,10.7
2006-02-17,0.0,5.5,18.3,11.5,1.88,7.0,70,92,40,10.7
2006-02-18,0.0,2.9,18.8,10.6,2.42,10.5,68,91,36,10.7
2006-02-19,1.0,6.9,15.5,10.4,3.57,15.4,64,91,34,9.9
2006-02-20,0.0,3.6,14.5,9.2,2.59,11.9,58,86,33,9.8
2006-02-21,0.4,0.8,14.6,7.9,2.07,8.3,64,90,37,10.8
2006-02-22,0.2,0.5,13.4,6.8,1.78,7.6,72,92,46,10.0
2006-02-23,0.0,4.9,12.8,8.3,2.39,10.6,69,88,39,10.2
2006-02-24,0.0,1.0,13.3,7.2,3.76,15.5,57,87,28,10.8
2006-02-25,0.0,-0.9,15.3,7.5,2.11,8.2,61,86,31,10.6
2006-02-26,3.1,7.8,14.4,10.2,4.06,14.5,69,91,33,9.0
2006-02-27,0.0,7.6,16.3,11.2,4.55,15.7,56,73,37,9.9
2006-02-28,0.0,1.9,15.6,9.2,1.68,5.9,66,89,36,9.4
2006-03-01,0.0,3.6,14.1,8.9,1.47,6.1,71,94,42,10.9
2006-03-02,0.0,1.2,17.4,9.7,1.66,6.8,71,97,37,10.9
2006-03-03,0.0,3.5,18.7,10.5,2.4,9.2,63,91,34,10.6
2006-03-04,0.1,3.3,19.8,12.0,2.62,11.6,67,93,43,10.1
2006-03-05,0.2,8.9,13.9,11.1,6.79,25.6,50,86,18,11.0
2006-03-06,0.0,7.1,16.5,11.3,6.3,17.8,33,44,22,11.2
2006-03-07,0.0,6.1,20.7,13.2,2.83,9.5,42,58,27,11.2
2006-03-08,0.0,9.5,24.9,16.6,2.57,7.6,54,80,26,11.2
2006-03-09,0.0,8.0,25.3,16.6,2.41,9.5,57,90,29,11.3
2006-03-10,0.0,12.1,21.6,16.5,4.11,13.2,44,64,22,11.3
2006-03-11,0.0,12.2,22.8,17.0,5.11,17.1,39,51,28,11.2
2006-03-12,0.0,13.7,25.0,18.6,3.12,13.0,42,60,22,11.5
2006-03-13,0.0,7.9,20.3,14.1,2.44,9.8,63,86,43,11.4
2006-03-14,0.0,8.7,19.4,13.3,1.65,8.7,70,94,42,11.3
2006-03-15,0.0,4.7,21.5,12.9,1.55,8.2,63,98,26,11.7
2006-03-16,0.0,5.4,24.5,14.8,1.73,8.6,59,86,28,11.7
2006-03-17,0.0,10.0,17.5,13.1,2.1,8.7,80,100,55,4.6
2006-03-18,6.5,9.2,15.5,12.3,1.87,11.3,83,93,67,5.6
2006-03-19,0.2,9.6,20.9,15.1,1.6,10.9,72,99,37,11.1
2006-03-20,0.4,7.2,18.5,13.1,1.95,10.5,73,94,48,9.2
2006-03-21,0.1,5.9,19.5,13.0,1.97,7.5,68,96,39,11.2
2006-03-22,0.0,8.7,21.4,14.5,3.76,13.4,53,80,24,11.8
2006-03-23,0.0,8.7,21.3,14.8,2.19,8.5,59,81,41,10.5
2006-03-24,0.0,9.7,24.1,16.9,3.01,12.8,55,86,27,10.2
2006-03-25,0.0,9.4,24.4,17.3,2.1,8.8,57,90,32,11.9
2006-03-26,0.0,10.7,24.9,17.8,1.7,10.0,53,83,25,11.9
2006-03-27,0.0,7.7,28.3,18.5,1.47,8.4,53,90,22,10.8
2006-03-28,0.0,15.8,25.3,19.6,3.6,12.6,44,69,19,12.0
2006-03-29,0.0,8.8,25.5,17.4,1.8,6.5,51,88,18,12.0
2006-03-30,0.0,11.2,27.0,18.8,1.78,9.0,45,68,24,10.2
2006-03-31,0.0,10.8,28.7,20.3,1.32,7.6,44,69,24,10.1
2006-04-01,0.0,11.6,30.1,21.4,1.73,8.5,42,75,19,11.3
2006-04-02,0.0,17.0,27.9,21.3,2.69,9.4,38,61,22,11.4
2006-04-03,0.0,12.9,23.8,17.9,2.17,9.8,55,75,30,12.0
2006-04-04,0.0,11.6,24.9,17.6,2.06,10.1,58,79,31,12.1
2006-04-05,0.0,12.6,25.3,18.8,2.52,10.9,47,85,21,12.1
2006-04-06,2.0,11.4,24.0,18.3,1.87,9.2,51,76,34,12.1
2006-04-07,0.0,9.7,23.1,17.1,2.05,10.1,56,86,33,12.2
2006-04-08,0.0,9.9,23.6,16.9,2.07,10.0,58,82,33,12.2
2006-04-09,0.0,7.5,23.3,16.2,1.78,8.1,66,97,34,11.3
2006-04-10,0.0,11.8,26.5,18.3,2.46,13.8,64,95,28,12.2
2006-04-11,0.0,10.8,20.4,15.6,2.77,9.5,53,75,39,12.1
2006-04-12,0.3,11.1,23.1,16.6,1.51,8.7,69,91,42,12.1
2006-04-13,0.9,12.4,20.8,16.2,2.14,9.5,76,98,53,12.0
2006-04-14,0.0,7.7,21.9,15.3,1.65,8.2,68,100,37,9.4
2006-04-15,4.5,11.2,22.7,16.7,1.94,9.0,68,86,46,10.9
2006-04-16,0.0,9.9,22.8,16.8,2.01,9.2,70,94,42,10.4
2006-04-17,10.9,11.7,22.3,15.9,1.7,9.2,76,99,37,11.1
2006-04-18,0.0,11.9,21.2,15.8,2.77,10.8,66,89,41,12.1
2006-04-19,0.0,10.9,22.2,16.3,1.47,8.5,71,96,43,11.6
2006-04-20,1.8,10.5,24.7,17.6,1.61,8.8,67,94,34,12.7
2006-04-21,0.0,10.3,23.7,17.2,1.76,10.0,73,98,43,12.7
2006-04-22,7.1,13.8,21.6,16.6,2.52,12.0,80,99,51,10.0
2006-04-23,3.5,13.7,23.1,18.0,4.52,16.5,67,88,46,12.4
2006-04-24,0.0,14.0,23.7,18.4,4.33,14.7,57,70,43,13.0
2006-04-25,0.0,13.8,25.4,19.3,3.66,12.4,44,62,27,12.8
2006-04-26,0.0,13.0,26.4,19.4,2.76,11.0,45,73,30,13.4
2006-04-27,0.0,12.0,28.3,20.4,1.72,9.1,60,89,31,13.4
2006-04-28,3.0,13.8,22.6,18.4,1.95,9.6,67,88,46,12.9
2006-04-29,0.2,12.4,23.0,17.9,1.34,9.6,70,95,42,13.1
2006-04-30,0.1,11.3,24.7,18.3,1.7,9.0,72,100,43,13.6
2006-05-01,0.0,11.3,25.1,18.4,2.27,10.0,64,97,33,13.6
2006-05-02,0.0,10.1,26.3,18.9,3.19,13.2,58,89,32,13.7
2006-05-03,2.8,16.9,23.5,19.5,4.67,16.5,67,83,52,8.3
2006-05-04,9.0,14.3,24.7,18.4,3.06,9.8,70,90,41,9.6
2006-05-05,10.4,14.7,20.6,17.7,2.84,11.7,71,86,60,3.8
2006-05-06,0.0,11.4,23.5,17.8,1.8,9.7,70,94,44,13.8
2006-05-07,0.0,13.8,23.2,18.1,1.71,9.1,75,98,49,13.3
2006-05-08,0.0,11.2,26.5,19.3,1.52,8.2,71,99,40,13.9
2006-05-09,0.8,15.8,21.0,18.3,2.94,10.5,76,92,61,8.3
2006-05-10,0.0,13.8,23.5,18.1,2.07,8.9,71,93,49,12.7
2006-05-11,0.3,12.3,23.4,17.6,2.12,9.5,62,90,34,9.3
2006-05-12,0.0,13.1,25.2,18.9,2.04,9.1,60,85,42,13.7
2006-05-13,0.0,13.0,26.7,20.0,2.08,9.0,64,92,40,14.0
2006-05-14,0.0,13.4,26.2,20.1,2.12,10.3,63,92,38,14.0
2006-05-15,0.0,14.1,28.4,21.5,1.74,9.7,62,90,41,13.6
2006-05-16,0.0,14.9,29.9,22.4,1.45,8.6,64,92,39,13.6
2006-05-17,0.0,16.5,32.7,24.8,1.69,9.9,55,89,28,13.7
2006-05-18,0.0,16.3,36.4,27.3,1.69,9.5,49,86,23,11.4
2006-05-19,0.0,19.8,29.3,25.4,2.64,10.5,51,80,35,13.5
2006-05-20,0.0,17.3,30.6,23.4,1.49,10.2,62,93,29,14.0
2006-05-21,0.0,15.6,30.9,23.5,2.15,10.7,57,90,21,14.0
2006-05-22,0.0,16.1,31.7,24.3,1.23,6.8,50,94,18,10.9
2006-05-23,2.7,18.7,29.4,22.8,2.97,12.6,36,76,18,13.0
2006-05-24,0.1,14.0,24.7,19.8,2.44,10.8,53,82,32,14.0
2006-05-25,0.0,10.8,24.7,18.3,2.42,11.5,51,86,25,11.0
2006-05-26,0.2,17.7,25.9,21.3,3.3,13.8,42,60,31,11.9
2006-05-27,0.0,16.0,28.4,22.2,2.93,12.8,50,72,29,13.8
2006-05-28,0.5,17.3,31.8,24.4,2.15,10.0,50,77,29,14.0
2006-05-29,0.0,16.8,34.4,26.0,1.78,10.1,47,78,24,13.9
2006-05-30,0.6,19.2,27.9,23.4,3.0,12.9,61,87,45,10.5
2006-05-31,6.0,15.9,20.9,18.4,2.85,12.1,82,93,67,1.4
2006-06-01,2.6,14.9,21.8,17.9,2.83,8.7,65,93,41,13.3
2006-06-02,0.0,10.5,29.2,20.0,1.95,11.0,58,93,24,14.0
2006-06-03,0.4,14.4,23.3,18.9,2.36,9.5,64,97,36,13.7
2006-06-04,0.0,12.3,26.3,19.7,1.77,8.5,53,91,20,14.0
2006-06-05,0.0,10.7,29.1,20.7,1.68,9.4,44,85,15,14.0
2006-06-06,0.0,10.8,30.0,21.7,2.32,10.5,42,78,20,14.0
2006-06-07,0.0,13.0,32.5,23.7,1.91,9.9,40,76,13,14.0
2006-06-08,0.0,14.6,32.8,24.2,2.1,10.4,42,71,17,14.0
2006-06-09,0.0,15.8,28.8,23.1,2.48,11.3,50,76,30,11.9
2006-06-10,0.1,18.1,28.8,22.9,2.62,11.4,55,76,27,13.0
2006-06-11,0.0,15.1,29.2,22.5,2.64,12.2,54,87,29,14.0
2006-06-12,0.0,14.9,28.0,22.2,3.75,15.3,43,63,24,12.9
2006-06-13,0.0,18.7,27.7,23.0,4.54,15.4,46,61,30,14.0
2006-06-14,0.0,18.4,29.5,23.8,3.79,14.7,51,62,40,14.0
2006-06-15,0.0,18.9,32.3,25.2,2.69,12.8,55,74,36,14.0
2006-06-16,0.0,18.8,30.7,24.8,1.53,9.6,62,88,39,14.0
2006-06-17,0.8,18.4,30.4,24.8,1.98,10.0,55,87,31,13.4
2006-06-18,0.0,18.7,30.5,24.6,2.17,9.7,59,80,38,13.9
2006-06-19,0.1,18.5,33.1,25.7,2.31,11.1,58,89,29,14.0
2006-06-20,0.0,20.0,32.5,25.8,1.65,10.2,59,86,34,13.4
2006-06-21,0.0,20.8,33.4,27.1,1.65,8.6,57,82,35,14.0
2006-06-22,0.0,19.8,34.9,28.0,2.0,10.0,52,89,28,14.0
2006-06-23,0.0,18.4,33.3,26.5,2.29,10.3,50,82,26,14.0
2006-06-24,0.0,20.1,33.1,26.6,1.6,9.0,57,82,33,14.0
2006-06-25,0.0,19.7,34.1,28.0,2.02,10.0,49,82,29,14.0
2006-06-26,0.0,19.3,31.9,25.9,2.4,10.4,57,87,33,14.0
2006-06-27,0.0,19.9,31.7,25.3,1.93,9.4,64,92,35,14.0
2006-06-28,0.4,19.1,32.8,26.2,1.94,8.9,58,93,32,13.9
2006-06-29,0.0,19.9,33.8,27.3,1.87,10.1,50,77,30,14.0
2006-06-30,0.0,20.1,32.3,26.4,2.17,10.5,55,83,31,14.0
2006-07-01,0.0,17.9,32.3,25.7,1.81,9.6,58,94,30,13.5
2006-07-02,0.0,19.3,35.3,27.1,1.91,10.4,56,91,27,14.0
2006-07-03,0.0,18.7,36.6,28.3,1.89,8.9,43,79,18,14.0
2006-07-04,0.0,20.2,35.1,27.7,2.22,10.3,47,70,29,14.0
2006-07-05,0.0,19.7,36.2,28.2,2.0,10.3,48,89,16,14.0
2006-07-06,0.0,19.5,33.9,26.8,2.39,12.3,55,75,32,14.0
2006-07-07,0.0,22.2,31.3,26.2,2.19,9.7,66,89,42,14.0
2006-07-08,0.0,19.5,32.0,25.7,2.26,10.9,62,92,34,14.0
2006-07-09,0.0,18.3,35.6,27.6,1.97,9.8,51,94,21,14.0
2006-07-10,0.0,21.1,36.5,29.0,2.13,10.1,37,56,19,14.0
2006-07-11,0.0,21.0,34.0,27.7,2.04,9.5,48,75,26,13.2
2006-07-12,0.0,20.8,35.0,28.1,2.2,11.8,45,67,25,14.0
2006-07-13,0.0,19.9,34.6,28.2,2.52,12.3,52,82,31,14.0
2006-07-14,0.0,20.9,33.8,27.9,2.38,10.4,57,92,30,14.0
2006-07-15,0.0,19.5,34.8,27.8,2.47,11.3,49,80,24,14.0
2006-07-16,0.0,20.0,34.2,27.8,2.28,11.1,47,67,29,14.0
2006-07-17,0.0,21.0,34.3,28.2,2.01,10.8,58,88,35,14.0
2006-07-18,0.0,22.5,33.9,27.8,2.12,11.1,59,90,33,12.2
2006-07-19,0.0,21.1,33.5,27.3,2.6,11.0,61,94,31,14.0
2006-07-20,0.0,19.8,34.9,27.8,2.6,11.2,56,89,28,14.0
2006-07-21,0.0,19.9,34.9,27.8,1.91,9.2,57,89,32,13.9
2006-07-22,0.0,20.3,39.5,30.2,1.56,10.0,49,88,17,13.9
2006-07-23,0.0,22.5,34.9,28.4,2.39,10.0,63,91,33,13.9
2006-07-24,0.0,21.0,33.9,27.8,2.13,10.7,63,95,37,13.9
2006-07-25,0.0,21.4,35.2,28.1,1.9,10.9,58,92,29,13.9
2006-07-26,0.0,19.4,34.9,27.5,2.04,10.2,61,91,31,13.9
2006-07-27,0.0,22.1,35.2,28.4,1.54,9.8,67,98,34,11.4
2006-07-28,0.0,21.1,36.8,28.8,2.24,11.7,57,92,16,13.9
2006-07-29,0.0,21.8,34.1,27.6,2.03,9.5,70,96,41,13.8
2006-07-30,0.0,21.4,35.7,28.3,1.9,9.7,63,96,29,13.8
2006-07-31,0.0,21.1,39.6,30.3,1.75,10.7,53,91,22,13.8
2006-08-01,0.0,23.3,38.3,30.2,2.56,12.4,45,71,22,13.8
2006-08-02,0.0,22.7,34.4,28.5,2.19,9.7,66,89,40,13.7
2006-08-03,0.0,23.3,37.0,28.9,2.0,11.3,68,99,31,13.7
2006-08-04,0.0,24.6,32.0,27.8,3.15,11.3,58,77,36,13.0
2006-08-05,0.1,23.4,33.4,27.7,2.3,10.7,64,88,38,13.1
2006-08-06,0.0,21.8,32.8,26.9,2.39,11.9,65,89,39,13.5
2006-08-07,0.0,21.6,32.0,26.5,2.38,10.3,62,88,40,13.4
2006-08-08,0.6,21.9,31.3,26.1,2.21,10.6,62,80,41,13.3
2006-08-09,0.0,20.2,31.7,26.1,1.99,10.8,62,91,35,13.3
2006-08-10,0.0,20.2,33.3,26.6,2.16,10.1,60,95,27,13.4
2006-08-11,0.0,19.0,33.7,26.7,2.23,10.4,50,74,27,13.4
2006-08-12,0.0,21.4,38.6,28.9,1.58,10.7,62,97,20,13.3
2006-08-13,0.0,22.9,30.9,26.4,3.23,10.7,55,85,31,13.1
2006-08-14,0.2,22.1,32.2,26.2,2.46,10.2,69,92,40,12.8
2006-08-15,0.0,21.9,34.1,27.5,1.79,10.2,59,93,29,12.5
2006-08-16,0.0,20.4,34.4,28.4,2.67,11.3,28,48,19,13.2
2006-08-17,0.0,20.2,31.9,25.9,2.3,13.0,39,54,29,10.6
2006-08-18,0.0,17.6,29.0,23.9,2.36,11.4,53,77,35,13.0
2006-08-19,0.0,18.1,32.3,25.1,2.21,9.0,40,67,20,13.0
2006-08-20,0.0,17.8,32.2,25.1,2.68,12.3,55,77,31,12.9
2006-08-21,0.0,19.2,31.0,25.3,2.76,12.5,59,91,29,12.8
2006-08-22,0.0,17.1,31.4,24.6,2.19,9.9,54,81,29,12.8
2006-08-23,0.0,16.9,32.7,24.8,1.91,9.9,58,85,29,12.6
2006-08-24,0.0,20.2,32.8,25.4,1.67,9.5,68,91,38,12.6
2006-08-25,0.0,20.2,31.4,25.5,1.78,9.2,65,90,40,12.2
2006-08-26,0.0,20.6,31.1,25.4,2.2,10.2,70,92,44,12.0
2006-08-27,0.0,20.4,31.4,25.7,2.1,9.8,62,93,32,12.3
2006-08-28,0.0,19.0,33.3,26.1,1.87,10.0,61,92,31,12.4
2006-08-29,0.0,19.5,35.0,26.9,1.84,9.8,60,92,31,12.2
2006-08-30,0.0,19.7,31.5,26.0,2.55,11.4,60,88,35,12.1
2006-08-31,0.0,20.9,30.3,25.0,2.45,10.0,66,93,37,12.1
2006-09-01,0.0,18.4,32.5,24.8,1.71,9.9,63,88,34,12.2
2006-09-02,0.0,18.4,33.3,25.4,1.65,9.4,66,100,30,11.0
2006-09-03,0.0,20.0,32.0,25.3,2.05,9.4,69,93,41,12.0
2006-09-04,0.0,19.2,31.8,25.3,1.8,9.7,67,95,38,12.0
2006-09-05,0.0,19.6,31.2,25.3,1.87,8.8,67,93,40,12.0
2006-09-06,0.0,20.1,31.7,25.7,1.88,10.2,64,93,38,10.8
2006-09-07,0.2,19.2,32.2,25.6,1.78,8.4,65,95,35,11.3
2006-09-08,0.0,18.4,32.3,26.0,1.76,8.6,63,94,36,12.0
2006-09-09,0.0,20.4,31.4,26.2,1.47,8.9,65,93,41,11.7
2006-09-10,1.3,19.3,31.6,25.2,1.66,9.0,70,94,39,12.0
2006-09-11,1.3,21.7,28.5,24.7,1.34,7.4,77,96,55,9.4
2006-09-12,12.6,20.2,27.3,22.6,1.34,7.9,82,98,55,9.8
2006-09-13,0.2,16.3,27.8,22.2,1.96,8.3,77,97,47,12.0
2006-09-14,4.3,19.1,26.7,22.2,2.01,9.2,69,96,32,10.0
2006-09-15,0.0,16.2,25.9,20.9,3.64,14.5,46,68,26,12.0
2006-09-16,0.0,16.3,28.1,21.4,2.85,11.1,45,60,25,12.0
2006-09-17,0.0,13.8,30.0,21.9,2.02,6.8,49,75,23,12.0
2006-09-18,0.0,15.4,31.8,23.3,1.71,8.3,50,74,22,12.0
2006-09-19,0.0,15.4,30.3,22.8,1.83,8.9,61,88,28,12.0
2006-09-20,0.1,15.8,27.1,21.9,1.7,7.4,70,99,38,9.7
2006-09-21,0.0,16.2,29.4,22.4,2.65,10.9,76,93,48,11.7
2006-09-22,0.0,18.0,30.4,23.9,1.89,10.4,68,100,35,12.0
2006-09-23,6.4,18.9,25.0,22.3,1.39,9.1,75,96,63,9.8
2006-09-24,0.0,16.4,27.8,22.1,1.89,7.6,62,94,36,11.9
2006-09-25,0.0,15.7,30.1,23.0,2.56,11.4,50,77,30,11.9
2006-09-26,0.0,16.4,31.0,23.3,2.32,8.9,53,82,19,11.9
2006-09-27,0.0,16.1,30.9,22.9,1.31,8.9,70,99,27,11.8
2006-09-28,0.0,16.0,30.8,23.7,1.25,5.4,64,98,32,11.5
2006-09-29,0.0,20.3,31.3,24.8,2.59,9.4,49,68,27,11.7
2006-09-30,0.0,18.4,29.9,24.0,1.47,7.7,60,79,39,11.7
2006-10-01,0.0,16.6,32.4,24.4,1.58,7.0,61,96,26,11.7
2006-10-02,0.0,17.2,32.2,24.9,1.56,10.1,59,90,31,11.6
2006-10-03,0.0,18.7,32.6,25.9,3.23,12.2,45,77,23,11.6
2006-10-04,0.0,19.3,26.8,22.6,3.82,10.9,33,48,19,6.8
2006-10-05,0.0,16.8,26.9,21.4,2.47,8.9,44,70,23,11.4
2006-10-06,0.0,13.3,26.5,20.1,1.61,8.3,63,93,31,11.4
2006-10-07,0.0,13.5,30.1,21.7,1.42,6.7,57,92,23,10.9
2006-10-08,0.0,15.8,28.0,21.6,1.81,8.7,61,80,36,11.0
2006-10-09,0.0,15.3,26.6,20.6,1.76,8.3,75,96,45,10.6
2006-10-10,0.0,15.7,26.7,20.6,1.88,8.5,75,99,42,9.9
2006-10-11,0.0,16.6,28.9,22.5,1.32,6.8,66,95,33,10.9
2006-10-12,0.0,17.5,26.5,21.1,2.32,10.7,50,69,23,10.8
2006-10-13,0.0,11.8,26.3,19.1,1.49,7.5,64,93,30,10.8
2006-10-14,0.0,13.1,25.8,19.2,1.95,8.5,72,93,40,10.7
2006-10-15,0.0,14.3,25.5,19.8,1.76,8.7,75,99,41,10.2
2006-10-16,0.0,17.0,24.8,20.2,2.54,10.2,77,96,48,10.0
2006-10-17,0.0,16.7,26.0,20.7,2.01,8.1,75,93,47,9.5
2006-10-18,1.1,17.4,25.4,20.9,1.7,11.8,75,95,52,9.2
2006-10-19,0.1,14.6,26.1,19.7,1.82,8.4,67,91,36,6.1
2006-10-20,1.9,15.4,26.6,20.1,2.01,7.9,67,80,41,6.9
2006-10-21,1.0,16.9,27.6,21.8,1.75,11.3,67,92,42,9.8
2006-10-22,0.0,13.0,27.3,20.3,1.69,9.1,63,88,37,10.4
2006-10-23,0.5,14.5,26.2,20.1,1.43,11.0,72,95,45,5.1
2006-10-24,0.0,13.9,26.8,20.3,1.64,8.1,70,93,44,10.1
2006-10-25,0.0,16.7,27.9,21.0,1.64,8.5,75,100,37,10.0
2006-10-26,0.6,14.4,23.1,18.9,1.41,7.6,71,92,48,0.0
2006-10-27,3.8,14.4,24.2,19.2,1.72,13.5,80,96,61,7.3
2006-10-28,0.0,14.9,26.2,19.8,1.61,6.8,77,94,49,10.0
2006-10-29,0.0,11.9,29.9,20.0,1.37,4.3,64,97,22,10.2
2006-10-30,0.0,10.3,29.5,19.3,1.36,4.7,55,83,19,10.2
2006-10-31,0.0,12.8,30.2,20.3,1.77,6.1,54,81,22,10.1
2006-11-01,0.0,13.8,27.5,19.8,1.58,6.7,62,84,34,9.4
2006-11-02,8.4,15.7,22.9,18.5,1.31,5.9,77,94,50,3.8
2006-11-03,40.8,14.7,18.5,15.9,2.9,11.8,94,97,91,0.0
2006-11-04,4.1,14.8,18.6,16.2,2.27,8.9,83,91,75,3.9
2006-11-05,0.3,15.0,19.1,16.8,2.49,9.9,76,85,66,7.7
2006-11-06,0.6,11.7,19.6,15.9,2.14,7.8,79,88,69,9.4
2006-11-07,14.8,16.0,18.5,16.9,3.08,10.3,94,96,89,0.4
2006-11-08,17.8,16.0,19.0,17.1,2.04,9.0,92,99,82,3.2
2006-11-09,0.0,12.2,20.5,16.3,2.18,8.9,84,96,63,9.9
2006-11-10,0.0,9.4,20.4,14.7,1.34,4.3,80,97,51,9.9
2006-11-11,0.0,7.5,20.4,13.7,1.2,3.9,75,95,45,9.9
2006-11-12,0.0,6.5,22.3,13.4,1.85,6.6,74,93,45,9.9
2006-11-13,0.0,9.9,19.6,14.4,1.74,6.0,76,89,54,9.8
2006-11-14,0.0,7.1,19.3,13.2,1.19,5.5,83,96,61,9.8
2006-11-15,0.0,8.4,18.6,13.3,1.17,5.2,88,100,64,9.5
2006-11-16,0.8,9.6,20.0,14.6,1.43,9.0,86,100,62,6.3
2006-11-17,6.9,9.8,19.0,15.0,1.7,8.5,75,96,41,8.2
2006-11-18,0.0,5.0,18.4,11.1,1.51,4.1,71,89,43,9.8
2006-11-19,0.0,6.0,19.9,12.0,1.49,4.3,79,94,50,9.7
2006-11-20,0.0,8.1,21.0,13.2,2.07,6.2,78,94,47,9.8
2006-11-21,0.0,9.1,20.0,13.8,2.92,9.7,71,88,47,9.7
2006-11-22,0.1,13.4,20.8,17.0,4.55,16.2,63,82,50,9.5
2006-11-23,0.0,8.6,20.1,13.5,1.87,6.6,76,93,47,9.7
2006-11-24,0.0,7.8,20.2,13.6,1.82,9.5,84,95,64,9.7
2006-11-25,0.0,12.2,21.6,16.0,1.03,7.2,75,94,49,5.1
2006-11-26,0.0,11.1,17.2,13.6,2.29,8.2,79,92,60,8.2
2006-11-27,0.0,7.3,18.1,12.5,1.46,5.0,77,95,53,9.7
2006-11-28,0.0,6.8,17.8,12.4,1.01,4.1,82,97,59,7.2
2006-11-29,0.9,9.8,17.2,13.3,1.84,6.8,79,89,62,8.8
2006-11-30,5.1,12.0,15.4,13.4,2.3,7.5,87,92,76,3.7
2006-12-01,0.4,12.1,17.2,14.2,1.56,5.2,88,97,71,7.2
2006-12-02,0.4,11.5,17.5,14.0,1.25,4.3,89,99,70,4.6
2006-12-03,1.6,9.4,18.9,13.4,2.14,8.7,79,98,47,9.5
2006-12-04,0.0,10.3,20.6,14.4,2.16,7.7,74,88,57,8.8
2006-12-05,0.0,8.2,19.3,13.5,1.43,5.4,85,97,65,9.4
2006-12-06,0.8,11.0,15.4,13.0,5.55,17.8,56,92,35,9.5
2006-12-07,0.0,7.2,16.9,11.8,2.8,9.5,62,83,47,8.8
2006-12-08,1.9,7.0,18.7,11.8,2.61,12.7,72,95,41,9.5
2006-12-09,0.0,7.3,13.8,10.0,3.49,11.1,52,61,39,9.4
2006-12-10,0.0,5.3,13.4,8.8,2.48,8.3,63,83,49,9.2
2006-12-11,0.1,4.7,14.0,9.1,2.37,8.9,79,88,64,6.9
2006-12-12,0.0,9.2,14.0,11.3,1.72,7.1,80,90,67,1.6
2006-12-13,0.0,6.2,14.1,9.9,2.54,9.5,78,92,58,7.9
2006-12-14,0.0,8.0,15.3,10.7,2.58,7.4,73,86,54,8.7
2006-12-15,0.0,8.0,15.8,11.1,2.39,7.7,72,86,56,8.3
2006-12-16,0.0,5.2,16.6,10.5,1.74,6.5,76,95,48,9.4
2006-12-17,0.0,4.0,17.2,9.2,1.95,6.0,76,92,42,9.4
2006-12-18,0.0,4.9,16.1,9.5,2.76,10.4,69,89,43,9.4
2006-12-19,0.0,2.4,11.8,7.2,2.35,7.2,62,80,41,9.3
2006-12-20,1.3,2.4,9.3,5.8,2.69,10.3,76,86,60,7.3
2006-12-21,1.2,4.3,13.8,8.9,2.88,9.1,62,79,37,8.8
2006-12-22,0.6,1.7,12.2,6.2,2.08,5.5,72,89,47,9.3
2006-12-23,1.2,3.5,12.5,7.5,2.22,8.1,81,96,55,8.0
2006-12-24,0.8,5.5,13.4,9.2,3.14,10.2,67,86,49,9.3
2006-12-25,0.0,5.9,14.6,9.8,1.89,5.2,64,77,41,6.8
2006-12-26,0.0,3.6,15.1,8.6,1.39,5.0,70,90,43,9.3
2006-12-27,0.0,2.0,14.2,7.7,1.52,4.6,79,93,55,9.3
2006-12-28,0.0,4.7,13.5,9.0,1.66,6.0,85,98,68,5.3
2006-12-29,0.0,3.8,15.4,8.9,1.58,5.6,78,98,47,9.2
2006-12-30,0.0,2.2,16.7,8.1,1.82,4.9,74,94,41,9.3
2006-12-31,0.0,5.4,17.1,10.4,1.76,6.1,74,87,52,9.3
2007-01-01,0.0,3.3,18.7,10.0,1.84,8.1,75,97,44,9.3
2007-01-02,0.0,8.2,17.7,12.5,2.74,10.3,66,88,42,9.3
2007-01-03,0.0,3.5,16.5,9.4,1.67,5.0,68,90,38,9.4
2007-01-04,0.0,2.9,19.7,9.9,1.95,7.3,62,92,29,8.9
2007-01-05,0.0,7.1,18.3,11.8,2.77,10.6,57,77,37,9.3
2007-01-06,0.0,4.0,16.4,9.5,1.68,5.0,76,92,51,9.4
2007-01-07,0.0,3.5,17.2,9.1,1.72,4.8,78,96,46,9.4
2007-01-08,0.0,4.0,17.2,9.3,2.61,9.3,73,94,40,9.4
2007-01-09,0.0,3.2,16.8,9.4,1.66,5.1,75,93,46,9.4
2007-01-10,0.0,2.1,17.9,9.1,1.14,4.3,76,97,42,9.0
2007-01-11,0.0,3.5,16.2,9.3,1.48,4.4,71,90,43,9.6
2007-01-12,0.0,1.5,17.9,8.7,1.42,4.5,69,92,35,9.6
2007-01-13,0.0,0.6,18.2,8.5,1.24,3.9,69,93,32,9.6
2007-01-14,0.0,1.5,16.7,8.3,1.46,5.4,73,89,42,8.9
2007-01-15,0.0,4.8,14.5,9.3,1.02,4.3,84,98,62,9.0
2007-01-16,0.0,4.0,16.9,9.9,1.23,4.3,83,100,52,9.2
2007-01-17,0.0,4.1,18.2,10.1,2.08,7.3,74,94,42,9.6
2007-01-18,0.0,4.1,20.2,10.6,2.25,7.2,69,93,34,9.6
2007-01-19,0.0,7.6,22.7,13.7,2.07,6.7,62,80,35,9.6
2007-01-20,0.0,5.3,22.3,12.8,1.42,4.1,69,93,35,9.6
2007-01-21,0.0,6.1,19.1,11.7,2.01,7.1,75,94,43,9.6
2007-01-22,0.0,9.6,17.9,13.0,1.49,9.4,76,99,39,8.8
2007-01-23,0.0,7.1,14.4,10.3,3.85,12.6,47,61,29,9.7
2007-01-24,0.0,4.4,12.8,7.9,3.31,11.3,45,67,22,9.7
2007-01-25,2.0,-0.4,10.2,4.8,1.62,6.1,64,85,41,8.2
2007-01-26,19.5,4.1,9.0,6.7,1.89,9.0,92,97,82,1.2
2007-01-27,24.8,7.7,9.2,8.2,5.01,16.6,83,92,69,1.0
2007-01-28,0.4,5.7,12.0,9.1,3.3,11.7,74,82,64,1.4
2007-01-29,3.0,9.2,11.9,10.3,2.37,8.2,85,91,82,0.3
2007-01-30,2.0,9.5,13.5,11.2,1.37,6.4,83,95,66,2.7
2007-01-31,6.3,5.6,12.8,9.7,0.87,5.1,89,98,78,9.3
2007-02-01,0.0,2.7,15.2,8.2,1.79,5.9,77,96,46,9.8
2007-02-02,0.1,3.0,13.2,8.5,1.99,8.9,83,99,65,7.7
2007-02-03,3.0,8.4,12.9,10.7,1.96,7.8,87,95,77,0.3
2007-02-04,0.0,7.3,14.4,11.1,1.33,5.6,85,97,65,6.2
2007-02-05,0.1,9.4,14.6,11.6,0.86,5.7,87,98,71,8.6
2007-02-06,0.0,4.0,16.2,9.7,1.72,6.0,82,100,49,10.0
2007-02-07,0.0,4.3,18.3,10.4,2.39,7.7,72,92,41,9.9
2007-02-08,4.1,6.6,15.9,11.5,1.85,13.9,81,93,66,5.4
2007-02-09,0.6,9.0,17.5,12.6,3.84,18.9,67,96,35,10.3
2007-02-10,0.0,5.9,21.2,12.4,2.37,11.0,66,87,36,10.4
2007-02-11,0.0,8.8,21.8,14.2,2.25,8.2,72,87,49,10.4
2007-02-12,0.5,7.7,21.7,14.2,2.73,12.1,76,95,49,10.3
2007-02-13,0.0,6.7,20.9,13.2,1.46,6.4,83,99,54,10.4
2007-02-14,0.0,7.5,23.0,14.6,2.12,10.8,74,98,41,10.6
2007-02-15,0.0,5.9,19.7,12.3,1.72,5.4,67,91,31,10.0
2007-02-16,0.0,5.5,19.1,12.9,1.57,8.3,61,88,41,10.7
2007-02-17,2.3,6.8,16.5,11.4,1.84,8.0,72,91,45,8.6
2007-02-18,0.0,8.8,16.5,12.3,4.07,15.1,57,71,39,10.6
2007-02-19,0.0,7.7,17.3,12.3,2.33,9.6,63,90,41,9.3
2007-02-20,1.2,7.4,15.0,11.2,1.27,5.7,83,98,63,2.1
2007-02-21,5.0,9.1,15.7,11.9,1.2,5.1,78,96,51,8.9
2007-02-22,0.0,4.9,17.6,11.6,1.7,7.6,74,95,49,10.2
2007-02-23,0.0,5.7,19.8,12.9,3.04,12.9,68,96,37,9.7
2007-02-24,0.0,11.4,20.0,14.7,3.51,10.7,58,72,36,10.8
2007-02-25,0.0,8.1,21.0,14.3,3.51,13.3,61,84,39,10.8
2007-02-26,0.0,8.1,20.7,13.7,2.79,10.8,63,90,27,10.8
2007-02-27,0.0,10.3,21.2,14.4,2.54,8.8,53,85,34,10.9
2007-02-28,0.0,6.6,24.3,14.9,1.85,7.1,68,95,35,10.9
2007-03-01,0.0,10.8,24.3,16.7,2.1,7.6,62,90,33,10.9
2007-03-02,0.0,8.2,24.1,15.9,1.99,6.1,54,82,29,10.9
2007-03-03,0.0,9.1,26.7,17.0,2.02,6.9,57,80,27,10.9
2007-03-04,0.0,7.7,24.8,16.3,1.73,8.1,61,89,28,10.4
2007-03-05,0.0,12.4,21.9,16.5,3.21,11.1,49,78,19,11.0
2007-03-06,0.0,7.9,20.6,13.9,1.57,8.2,73,96,41,6.0
2007-03-07,0.0,9.2,23.8,15.7,4.76,21.4,53,78,32,10.2
2007-03-08,0.0,11.5,20.5,15.4,8.69,23.6,30,39,19,11.3
2007-03-09,0.0,8.3,20.6,14.1,2.65,10.3,34,60,17,11.3
2007-03-10,0.0,10.2,22.4,15.0,2.98,10.2,39,68,10,11.4
2007-03-11,0.0,4.4,19.1,12.8,1.88,7.5,45,78,21,11.5
2007-03-12,1.6,5.2,17.5,12.0,1.89,8.4,65,86,45,11.4
2007-03-13,0.0,4.1,18.6,11.6,1.62,9.0,66,97,34,11.4
2007-03-14,0.0,3.7,18.5,11.1,2.11,10.0,66,94,33,11.4
2007-03-15,0.0,4.8,19.8,12.3,2.12,9.2,61,91,30,11.7
2007-03-16,0.0,4.2,21.0,12.6,2.15,9.7,61,87,26,11.7
2007-03-17,0.1,6.3,18.7,12.6,2.2,9.4,68,94,42,11.5
2007-03-18,0.0,4.6,21.6,13.4,1.94,9.3,64,95,27,11.7
2007-03-19,0.0,8.4,23.3,16.0,4.08,15.5,43,74,22,11.8
2007-03-20,0.0,7.3,15.7,11.8,6.67,18.8,25,33,14,11.8
2007-03-21,0.1,6.0,14.8,10.2,5.85,17.8,30,43,16,11.6
2007-03-22,0.0,4.4,15.8,10.1,4.84,15.3,24,38,12,11.8
2007-03-23,0.0,5.8,20.8,13.6,3.59,12.4,33,52,24,11.5
2007-03-24,0.0,6.3,22.6,14.6,2.46,9.4,44,72,22,11.9
2007-03-25,0.1,8.2,19.1,13.2,2.32,10.8,56,80,35,11.9
2007-03-26,2.1,9.5,18.0,13.1,2.21,9.8,78,96,50,10.9
2007-03-27,15.4,10.3,14.1,11.8,1.47,6.2,91,99,73,2.0
2007-03-28,5.4,8.4,12.4,10.1,2.46,10.0,85,97,65,2.5
2007-03-29,4.2,8.0,13.9,10.6,4.0,18.0,72,88,57,4.1
2007-03-30,0.0,4.2,21.0,12.7,2.4,9.0,64,93,30,11.6
2007-03-31,1.7,7.4,19.6,13.4,1.77,7.7,65,84,42,10.1
2007-04-01,3.2,9.4,18.5,13.8,2.55,14.4,75,97,47,12.0
2007-04-02,7.8,8.4,17.5,12.6,1.82,8.4,76,97,52,12.0
2007-04-03,0.1,6.0,19.2,12.7,2.67,10.0,61,85,34,12.1
2007-04-04,2.7,8.0,18.4,12.3,3.83,14.1,60,78,36,10.5
2007-04-05,3.4,7.5,13.5,11.0,1.89,8.6,68,89,52,9.9
2007-04-06,15.4,7.9,16.0,11.3,2.69,12.2,87,97,74,11.7
2007-04-07,6.1,7.2,16.7,11.9,1.78,9.2,80,100,51,11.8
2007-04-08,2.5,6.6,17.0,12.0,2.12,8.9,84,99,63,12.0
2007-04-09,6.0,8.8,16.1,12.5,2.12,8.1,86,97,70,6.7
2007-04-10,0.4,7.8,19.3,13.4,1.9,7.2,80,97,57,11.7
2007-04-11,0.7,8.4,18.0,13.5,1.81,7.8,80,99,55,10.9
2007-04-12,1.1,11.5,18.3,14.5,1.72,6.5,73,91,53,11.2
2007-04-13,0.0,8.6,19.5,14.6,2.64,11.7,74,97,49,10.0
2007-04-14,2.2,12.6,19.2,15.5,2.93,10.6,69,86,52,11.3
2007-04-15,3.6,11.7,21.1,16.0,2.82,13.5,72,88,55,12.4
2007-04-16,1.9,9.3,20.1,14.9,2.29,11.7,73,92,51,12.5
2007-04-17,0.0,7.6,20.5,14.5,2.69,11.7,71,95,46,12.7
2007-04-18,0.0,10.0,21.7,15.9,2.87,13.6,64,86,43,12.3
2007-04-19,0.0,11.1,24.6,17.8,2.21,7.8,62,89,34,12.9
2007-04-20,0.0,9.2,21.3,15.7,2.14,10.4,77,100,49,12.3
2007-04-21,1.6,10.5,19.4,14.8,2.28,9.5,76,98,53,4.2
2007-04-22,3.1,10.5,21.8,16.0,2.58,11.4,68,87,49,10.8
2007-04-23,0.0,11.6,25.2,18.7,3.06,11.8,55,82,32,13.1
2007-04-24,0.0,9.8,25.3,18.2,2.34,10.0,54,86,32,13.3
2007-04-25,0.0,10.8,24.0,17.5,1.46,8.6,57,78,33,9.2
2007-04-26,0.8,11.8,21.5,17.0,2.0,10.0,72,90,56,13.0
2007-04-27,18.5,12.8,19.3,15.4,1.48,8.7,88,100,69,10.8
2007-04-28,0.3,11.0,21.2,15.9,1.57,8.1,78,99,50,12.6
2007-04-29,2.6,9.5,22.5,16.8,1.48,7.6,68,99,38,13.3
2007-04-30,0.0,10.0,24.0,17.6,2.32,9.2,63,88,36,12.8
2007-05-01,0.0,12.6,21.8,16.9,3.06,10.0,46,66,26,10.4
2007-05-02,8.2,8.8,16.3,13.2,1.68,10.3,67,89,50,7.3
2007-05-03,5.0,10.0,20.2,15.2,1.95,9.5,72,99,42,13.7
2007-05-04,0.0,11.4,23.2,17.3,2.98,12.2,57,83,31,13.7
2007-05-05,0.0,12.1,23.7,17.5,2.9,11.7,52,72,26,13.8
2007-05-06,0.0,10.7,23.4,17.0,2.16,8.5,56,85,33,13.8
2007-05-07,0.0,10.3,26.1,18.1,2.36,10.0,54,90,23,13.8
2007-05-08,0.0,10.8,27.1,19.2,2.01,9.2,60,91,33,13.8
2007-05-09,0.0,11.8,30.2,21.7,1.95,10.8,52,89,27,13.9
2007-05-10,0.0,13.0,30.5,22.9,2.08,10.8,39,74,19,13.9
2007-05-11,0.0,13.0,32.1,23.5,2.16,11.1,41,72,21,13.9
2007-05-12,0.0,15.0,32.3,23.8,2.47,12.8,41,70,21,14.0
2007-05-13,0.0,16.7,33.0,25.9,1.99,11.8,35,67,19,13.7
2007-05-14,0.0,18.7,27.0,22.9,3.26,14.3,32,50,19,14.0
2007-05-15,0.0,11.8,24.1,18.4,2.68,10.9,42,68,30,14.0
2007-05-16,0.0,10.5,26.9,19.1,1.74,10.2,52,88,25,14.0
2007-05-17,0.0,11.6,28.2,20.6,1.54,8.9,50,84,26,13.5
2007-05-18,0.0,14.3,30.9,23.4,2.07,11.1,43,75,27,14.0
2007-05-19,0.0,16.3,27.6,22.2,2.61,11.8,52,74,38,14.0
2007-05-20,0.0,15.2,27.2,21.5,2.9,13.5,62,89,37,13.0
2007-05-21,0.0,17.0,27.7,21.6,2.37,10.9,68,91,40,14.0
2007-05-22,13.4,16.5,26.9,21.3,3.44,16.0,71,89,46,12.4
2007-05-23,10.2,16.8,25.1,20.7,2.98,11.3,77,92,57,11.5
2007-05-24,2.3,15.5,26.7,21.1,1.84,9.9,72,92,49,14.0
2007-05-25,4.8,14.4,24.1,19.8,2.06,12.8,70,93,43,14.0
2007-05-26,0.0,12.4,24.9,19.4,1.96,6.9,56,84,37,14.0
2007-05-27,0.0,15.7,26.7,21.2,3.81,10.9,48,68,33,14.0
2007-05-28,0.0,13.3,25.8,20.1,3.14,11.7,46,82,24,14.0
2007-05-29,0.0,12.7,27.7,20.5,2.29,11.5,43,72,28,14.0
2007-05-30,0.0,13.2,30.8,22.6,2.22,10.9,51,85,25,14.0
2007-05-31,0.0,15.0,31.1,23.9,2.39,9.9,44,74,23,14.0
2007-06-01,0.0,18.6,28.5,23.1,3.03,11.6,40,64,26,14.0
2007-06-02,0.0,13.5,27.4,20.8,2.11,12.2,55,87,28,14.0
2007-06-03,0.0,13.5,27.2,21.1,1.93,10.2,56,89,33,14.0
2007-06-04,0.0,15.0,27.9,22.3,2.24,10.7,48,76,29,14.0
2007-06-05,0.0,15.8,27.0,21.3,2.87,12.1,60,80,39,14.0
2007-06-06,0.0,15.7,27.2,21.5,2.34,11.2,63,90,38,14.0
2007-06-07,0.0,14.8,27.8,22.1,2.02,9.7,59,91,37,14.0
2007-06-08,0.0,15.1,30.6,23.6,2.01,10.2,53,90,27,14.0
2007-06-09,0.0,16.4,30.8,24.2,2.24,11.1,49,81,26,13.9
2007-06-10,1.7,16.5,27.5,22.2,1.85,10.3,57,79,41,10.0
2007-06-11,0.0,16.0,32.7,24.7,2.1,9.8,52,91,22,14.0
2007-06-12,0.0,16.5,29.7,23.6,2.22,11.4,57,91,31,14.0
2007-06-13,0.0,16.9,32.2,25.1,1.61,11.2,51,81,30,14.0
2007-06-14,0.0,18.6,32.9,26.2,2.45,11.7,42,68,25,14.0
2007-06-15,0.0,21.9,30.7,26.5,2.57,10.2,42,58,30,13.5
2007-06-16,0.0,19.2,33.2,26.4,2.0,9.6,48,73,27,14.0
2007-06-17,0.0,19.9,32.9,26.1,1.5,9.5,57,89,31,14.0
2007-06-18,0.0,19.2,31.8,25.4,2.34,10.4,56,86,27,14.0
2007-06-19,0.0,17.4,32.3,25.7,1.77,10.2,51,84,30,14.0
2007-06-20,0.0,22.0,33.6,27.5,2.62,9.6,30,55,17,14.0
2007-06-21,0.0,21.4,31.9,26.0,3.4,10.9,37,49,24,14.0
2007-06-22,0.0,17.6,31.2,25.0,2.51,11.0,47,67,28,14.0
2007-06-23,0.0,18.2,29.8,24.3,3.03,13.0,60,89,38,14.0
2007-06-24,0.0,16.4,31.2,24.1,1.92,9.8,59,88,34,14.0
2007-06-25,0.0,18.1,36.8,28.1,1.82,9.5,51,93,23,14.0
2007-06-26,0.8,21.7,28.8,25.4,3.43,12.5,51,82,31,13.0
2007-06-27,0.5,20.7,28.7,23.9,2.72,11.2,69,88,45,12.7
2007-06-28,0.0,19.5,29.3,24.0,2.44,10.6,66,97,39,13.7
2007-06-29,0.0,18.4,31.3,24.5,1.95,10.7,59,88,33,14.0
2007-06-30,0.0,18.0,31.6,25.3,2.2,10.8,53,89,26,14.0
2007-07-01,0.0,18.0,33.4,26.2,1.79,11.3,50,81,25,14.0
2007-07-02,0.0,22.5,33.2,27.1,3.02,12.7,40,76,20,14.0
2007-07-03,0.0,19.7,33.4,26.2,1.72,11.1,62,97,30,14.0
2007-07-04,0.0,20.4,36.2,27.5,3.0,14.7,50,74,25,14.0
2007-07-05,0.0,21.3,30.0,24.8,3.12,11.5,62,83,39,14.0
2007-07-06,0.0,17.3,30.2,23.9,2.54,11.7,56,88,29,14.0
2007-07-07,0.0,16.6,31.4,24.6,2.34,10.7,49,71,30,14.0
2007-07-08,0.0,19.2,34.1,26.5,1.83,10.4,58,90,30,14.0
2007-07-09,0.0,19.8,31.9,26.0,2.82,11.9,64,88,43,14.0
2007-07-10,0.7,21.5,29.7,24.5,2.95,10.4,63,90,35,13.2
2007-07-11,0.0,18.3,30.5,24.1,2.27,10.8,60,91,32,14.0
2007-07-12,0.0,17.8,30.4,24.4,2.52,10.6,59,91,33,14.0
2007-07-13,0.0,17.5,32.1,25.1,2.51,11.6,52,82,29,14.0
2007-07-14,0.0,17.4,31.6,25.1,2.66,11.8,52,80,28,14.0
2007-07-15,0.0,18.0,31.3,25.2,2.51,11.1,56,81,36,14.0
2007-07-16,0.0,19.4,32.4,25.9,1.75,9.4,68,94,43,14.0
2007-07-17,0.0,19.9,35.8,28.0,2.08,10.8,59,96,23,14.0
2007-07-18,0.0,20.5,33.3,26.9,2.05,10.0,64,95,36,14.0
2007-07-19,0.0,20.7,32.8,26.6,1.86,10.4,63,90,38,14.0
2007-07-20,0.0,19.2,34.5,26.8,2.54,12.5,51,92,16,14.0
2007-07-21,0.0,19.8,32.9,26.0,1.83,10.2,62,99,30,13.8
2007-07-22,0.0,18.8,32.5,25.8,2.24,9.8,56,86,33,13.9
2007-07-23,0.0,18.2,36.6,27.8,1.77,10.2,54,98,18,13.9
2007-07-24,0.0,24.5,33.7,28.2,3.3,13.8,40,68,27,13.9
2007-07-25,0.0,21.1,31.9,26.0,2.38,10.1,68,95,41,13.7
2007-07-26,0.0,20.4,33.6,26.4,2.11,10.3,62,91,32,13.9
2007-07-27,0.0,19.0,35.3,27.4,2.05,10.2,58,92,25,13.9
2007-07-28,0.0,19.8,35.5,27.7,2.11,10.9,53,89,22,13.9
2007-07-29,0.0,18.9,33.7,26.7,2.21,10.5,53,81,30,13.8
2007-07-30,0.0,18.8,34.0,26.9,2.15,10.7,58,93,28,13.8
2007-07-31,0.0,19.8,34.4,27.0,2.14,10.4,62,93,30,13.8
2007-08-01,0.0,21.3,36.9,27.8,1.89,9.9,68,98,31,13.6
2007-08-02,0.0,18.9,36.4,28.2,2.17,10.6,58,95,24,13.8
2007-08-03,0.0,20.6,33.1,27.1,2.48,11.6,62,94,34,13.6
2007-08-04,0.0,19.2,33.6,26.5,1.77,9.8,57,90,29,13.7
2007-08-05,0.0,19.7,34.0,26.9,1.77,10.0,59,94,29,13.6
2007-08-06,0.0,21.1,32.2,26.8,2.01,9.6,65,91,42,13.2
2007-08-07,0.0,20.7,31.1,25.7,2.33,10.2,67,98,37,9.8
2007-08-08,0.2,20.3,31.5,25.7,2.17,12.4,66,89,39,13.4
2007-08-09,0.7,22.3,31.0,25.8,2.42,10.1,72,88,47,12.3
2007-08-10,1.4,22.5,30.5,25.7,2.1,10.2,74,94,51,8.3
2007-08-11,0.0,22.0,34.4,27.4,1.82,8.8,67,98,34,13.1
2007-08-12,0.0,19.3,36.5,28.9,1.99,9.4,49,90,18,13.4
2007-08-13,0.0,20.8,32.1,26.6,2.27,11.5,64,95,35,13.2
2007-08-14,0.0,22.5,33.3,27.1,1.71,9.7,64,92,37,12.2
2007-08-15,0.0,20.2,35.4,27.7,1.87,10.9,51,82,23,13.2
2007-08-16,0.0,21.0,34.6,27.3,2.85,12.2,50,73,28,13.2
2007-08-17,1.4,22.4,28.4,25.4,3.21,11.0,72,89,58,11.8
2007-08-18,0.0,22.3,31.5,25.9,2.29,9.4,64,83,40,12.8
2007-08-19,0.0,20.6,31.6,25.7,2.07,9.3,67,89,42,12.9
2007-08-20,0.1,21.7,30.3,25.2,2.64,10.0,68,90,38,11.5
2007-08-21,0.1,20.6,30.2,25.0,2.68,13.2,65,94,33,12.3
2007-08-22,8.6,17.7,26.6,22.5,2.55,8.3,63,87,41,12.4
2007-08-23,0.0,16.3,28.0,22.1,2.12,9.9,64,92,36,12.8
2007-08-24,1.7,16.9,26.3,21.9,4.1,13.6,68,88,46,11.8
2007-08-25,11.9,20.8,30.3,25.1,5.2,17.7,77,91,57,8.2
2007-08-26,1.2,20.8,32.3,26.3,2.54,9.7,67,87,45,12.4
2007-08-27,0.0,19.2,33.0,26.2,2.01,8.5,65,88,41,12.3
2007-08-28,0.0,18.7,35.4,27.1,1.57,6.8,61,95,29,12.4
2007-08-29,0.0,19.2,38.0,29.5,1.32,6.9,49,88,25,12.4
2007-08-30,0.0,19.6,32.5,26.3,2.5,11.5,45,83,27,12.1
2007-08-31,3.7,21.1,26.2,23.6,2.58,10.4,79,95,64,11.8
2007-09-01,0.0,19.7,27.8,23.5,2.06,8.9,70,93,45,12.1
2007-09-02,0.0,16.3,29.1,22.8,1.91,8.8,64,93,38,12.1
2007-09-03,0.0,16.0,30.0,23.5,1.69,8.5,60,93,31,12.0
2007-09-04,0.0,16.0,30.2,23.5,1.75,8.4,61,93,28,12.0
2007-09-05,0.6,17.5,26.6,22.3,2.83,12.2,75,93,57,11.9
2007-09-06,0.0,18.1,28.3,22.9,1.9,9.3,61,91,30,12.0
2007-09-07,0.0,14.6,28.9,22.1,1.86,10.0,56,81,33,12.0
2007-09-08,0.0,16.3,29.1,22.5,1.97,9.1,69,97,36,11.4
2007-09-09,0.0,17.3,29.6,23.3,1.62,8.6,66,96,33,11.2
2007-09-10,0.0,17.2,29.9,23.4,2.22,11.2,66,95,36,12.0
2007-09-11,0.0,17.9,29.3,23.4,2.53,11.8,62,88,35,12.0
2007-09-12,0.0,19.5,28.1,23.4,3.73,15.5,61,78,44,12.0
2007-09-13,0.0,16.7,30.1,23.0,2.09,10.3,66,90,37,12.0
2007-09-14,5.0,18.3,30.0,23.1,1.35,9.4,74,96,41,10.8
2007-09-15,0.0,18.0,29.2,23.2,1.84,8.9,73,96,41,12.0
2007-09-16,0.0,18.0,29.6,23.5,2.13,9.6,72,93,46,12.0
2007-09-17,0.2,17.1,30.4,23.7,1.48,8.8,74,97,44,11.8
2007-09-18,0.0,18.2,30.9,24.3,2.4,11.2,68,98,30,12.0
2007-09-19,5.5,20.9,25.7,22.9,2.82,9.1,79,87,67,9.6
2007-09-20,0.3,19.5,25.9,22.4,2.18,8.4,78,96,56,9.0
2007-09-21,12.3,19.4,26.9,22.3,2.18,9.4,80,97,56,9.9
2007-09-22,27.6,18.5,25.1,21.2,1.3,5.9,82,96,62,11.0
2007-09-23,1.2,17.2,24.3,20.7,1.93,7.0,80,93,65,11.3
2007-09-24,0.0,15.6,26.9,20.9,1.48,5.6,78,95,52,11.9
2007-09-25,0.0,16.3,27.8,22.0,1.41,7.8,84,100,58,11.9
2007-09-26,0.0,18.6,22.9,20.6,1.98,6.4,76,99,58,5.2
2007-09-27,0.0,13.3,24.8,19.4,1.89,7.7,65,96,32,11.8
2007-09-28,0.0,15.7,24.2,19.4,1.84,7.8,64,79,48,11.1
2007-09-29,0.0,14.1,25.4,20.0,1.15,6.1,77,95,56,11.7
2007-09-30,0.0,14.4,26.8,20.7,1.53,6.1,75,96,50,11.7
2007-10-01,0.0,15.9,26.5,21.0,1.55,7.6,80,100,51,10.7
2007-10-02,0.0,17.3,26.0,21.3,2.03,9.2,81,98,57,8.9
2007-10-03,5.8,18.7,24.5,21.2,2.45,12.0,81,97,54,8.9
2007-10-04,1.9,17.2,24.4,19.6,1.45,6.0,83,97,54,7.5
2007-10-05,0.0,13.2,25.6,19.3,1.48,4.9,75,97,44,11.4
2007-10-06,0.0,13.9,27.4,20.5,1.84,6.9,67,90,36,11.0
2007-10-07,0.0,14.3,27.9,21.0,1.61,5.3,66,87,36,11.1
2007-10-08,0.0,14.9,27.2,20.9,1.21,6.4,75,94,44,10.3
2007-10-09,0.2,15.7,24.1,20.1,1.6,6.5,82,100,59,10.6
2007-10-10,0.0,15.3,26.1,20.1,1.26,6.5,78,99,45,10.8
2007-10-11,11.5,14.9,19.3,17.1,2.68,7.9,80,96,59,9.7
2007-10-12,48.7,14.2,19.1,16.2,3.68,14.5,83,92,69,3.5
2007-10-13,0.0,12.0,22.2,16.9,2.06,5.9,76,89,55,10.9
2007-10-14,0.0,13.9,21.7,17.4,1.63,7.0,84,98,62,9.4
2007-10-15,0.0,13.3,22.4,17.5,1.79,7.0,83,97,59,10.4
2007-10-16,14.6,14.7,19.7,16.7,1.76,6.5,91,95,78,1.0
2007-10-17,0.0,11.9,23.4,17.2,2.21,7.1,79,97,50,10.7
2007-10-18,14.5,14.6,19.3,16.6,3.41,11.5,84,94,70,2.3
2007-10-19,3.1,16.4,21.0,18.1,2.17,8.9,85,96,67,9.9
2007-10-20,0.0,12.0,22.7,16.8,1.55,5.9,83,100,53,10.0
2007-10-21,0.3,12.6,17.8,15.7,1.99,7.9,86,97,71,2.7
2007-10-22,0.0,11.4,25.5,17.7,1.9,6.3,74,100,42,10.5
2007-10-23,0.0,12.7,23.8,17.8,2.11,7.3,63,79,40,8.9
2007-10-24,3.5,14.1,19.8,16.2,1.6,4.8,80,93,58,1.9
2007-10-25,0.9,13.1,18.3,15.4,2.37,9.4,76,94,59,7.6
2007-10-26,0.5,8.4,19.1,14.3,1.17,5.9,80,97,58,10.2
2007-10-27,0.3,11.8,18.7,15.1,1.91,7.4,76,94,50,10.0
2007-10-28,0.2,13.9,19.2,16.1,2.84,10.7,75,85,62,5.9
2007-10-29,0.0,12.8,21.8,16.4,2.91,10.7,65,80,41,8.5
2007-10-30,0.0,10.4,19.3,14.4,3.56,14.0,60,88,36,10.1
2007-10-31,0.0,10.1,17.8,13.7,2.66,9.6,55,69,43,10.1
2007-11-01,0.0,6.0,19.6,12.7,1.26,4.6,65,90,38,10.1
2007-11-02,0.0,6.0,19.2,12.8,1.52,7.0,75,93,52,10.1
2007-11-03,0.0,9.4,19.1,14.0,1.39,5.5,76,99,44,10.0
2007-11-04,0.0,6.2,19.4,12.8,1.29,4.2,72,94,46,10.0
2007-11-05,0.0,6.2,20.1,13.4,1.22,6.2,79,95,53,10.0
2007-11-06,0.0,8.5,19.2,13.7,1.13,3.9,85,100,61,9.9
2007-11-07,0.0,7.8,18.1,13.3,1.32,5.1,82,98,61,9.1
2007-11-08,0.0,7.1,21.9,13.9,1.64,4.9,76,100,40,9.9
2007-11-09,0.0,7.6,18.6,12.9,1.81,6.4,72,92,55,8.0
2007-11-10,0.3,9.8,16.5,13.2,1.12,3.6,86,94,76,0.0
2007-11-11,0.0,7.7,19.6,12.6,1.55,4.4,82,100,47,9.9
2007-11-12,0.0,5.3,19.8,11.8,1.63,4.9,65,95,30,9.9
2007-11-13,0.0,6.6,17.7,12.3,1.22,4.7,77,94,57,9.8
2007-11-14,0.0,5.5,20.4,12.4,2.49,10.3,65,98,30,9.8
2007-11-15,0.0,8.9,17.1,12.6,3.68,13.2,51,63,31,9.8
2007-11-16,0.0,1.7,14.0,8.2,2.25,6.6,52,79,22,9.8
2007-11-17,0.0,-0.1,15.1,7.9,1.25,4.4,59,90,26,9.8
2007-11-18,0.0,0.2,16.9,7.6,1.77,5.1,57,79,26,9.8
2007-11-19,0.3,3.0,16.9,9.1,1.59,8.5,64,86,42,9.2
2007-11-20,0.0,7.2,20.0,13.6,1.41,7.6,75,94,57,3.9
2007-11-21,4.2,11.6,17.6,15.5,1.57,7.8,85,99,67,1.0
2007-11-22,3.7,8.4,15.5,12.0,1.26,4.4,87,99,62,3.2
2007-11-23,0.0,6.7,15.6,10.6,2.45,9.6,77,95,51,9.1
2007-11-24,0.0,5.3,15.1,9.8,2.62,9.8,79,94,57,8.1
2007-11-25,0.0,9.2,15.1,11.7,3.15,11.7,67,81,51,9.7
2007-11-26,0.0,5.6,16.6,10.3,2.37,8.3,62,78,37,9.7
2007-11-27,0.0,5.7,16.1,10.5,1.7,6.4,68,89,42,9.7
2007-11-28,0.0,3.6,16.7,10.1,1.39,4.4,69,90,42,9.6
2007-11-29,0.0,3.2,16.7,9.1,1.86,5.3,73,92,40,9.6
2007-11-30,0.0,3.5,15.9,9.2,1.55,4.9,72,91,45,9.6
2007-12-01,0.0,2.4,17.4,8.8,1.75,5.1,73,94,39,9.6
2007-12-02,0.0,4.9,17.2,10.2,1.89,5.8,72,88,45,9.6
2007-12-03,0.0,4.2,19.6,11.1,3.07,11.9,71,95,41,9.5
2007-12-04,0.0,9.8,19.2,14.1,2.44,9.6,65,80,45,9.5
2007-12-05,0.0,4.7,19.5,11.3,1.63,5.5,75,95,44,9.5
2007-12-06,0.0,7.0,18.9,12.1,2.04,7.1,66,86,43,9.4
2007-12-07,0.0,6.5,21.5,12.7,2.5,10.4,66,91,36,8.8
2007-12-08,0.0,10.8,19.0,14.1,3.11,11.7,62,80,44,9.5
2007-12-09,0.0,9.1,20.8,14.0,3.21,11.8,63,78,46,9.4
2007-12-10,0.0,9.1,16.4,12.3,3.66,13.2,55,79,31,9.4
2007-12-11,0.0,8.1,15.2,10.9,3.62,12.5,44,56,27,9.4
2007-12-12,0.0,2.3,14.2,8.2,2.03,6.0,56,78,33,9.4
2007-12-13,0.0,2.5,14.2,8.2,1.42,5.9,75,94,49,9.2
2007-12-14,0.0,4.4,13.6,9.0,1.52,4.8,74,96,47,9.1
2007-12-15,0.0,0.5,14.6,6.8,1.58,5.4,68,96,29,9.4
2007-12-16,0.3,3.7,11.9,7.9,2.38,8.8,68,85,41,8.7
2007-12-17,0.0,1.4,10.4,6.1,1.33,7.8,82,97,65,7.4
2007-12-18,0.0,1.7,14.0,7.9,1.99,9.4,77,99,45,7.8
2007-12-19,0.0,9.8,13.7,11.6,3.8,13.7,64,70,54,0.3
2007-12-20,1.0,11.7,15.2,13.0,4.33,12.3,74,83,63,1.8
2007-12-21,0.1,7.3,16.0,11.5,2.58,9.2,80,95,54,9.1
2007-12-22,6.8,9.1,14.0,11.2,1.82,7.1,89,95,75,2.6
2007-12-23,0.1,10.0,15.0,12.0,2.38,8.6,81,91,63,8.3
2007-12-24,2.3,8.2,13.2,11.2,2.09,8.0,82,90,71,8.3
2007-12-25,0.0,3.9,15.7,8.7,1.88,5.4,80,97,49,9.3
2007-12-26,0.0,5.0,14.0,8.9,1.86,7.6,81,94,55,7.1
2007-12-27,0.8,6.6,13.6,9.8,2.13,9.1,82,95,61,8.1
2007-12-28,0.0,2.4,13.6,7.6,1.43,4.8,80,99,54,9.2
2007-12-29,0.0,1.7,13.3,7.4,1.29,4.7,79,97,50,9.0
2007-12-30,0.0,1.7,15.9,7.2,2.13,7.4,75,94,46,9.4
2007-12-31,0.0,2.7,14.3,7.7,1.94,5.3,75,93,42,9.4
2008-01-01,0.0,2.0,13.7,7.8,1.43,5.2,82,99,55,9.0
2008-01-02,1.4,0.3,10.5,5.1,1.32,7.4,89,98,69,5.4
2008-01-03,2.0,3.6,14.7,8.3,2.52,13.5,84,98,54,8.4
2008-01-04,0.0,1.9,14.0,7.3,3.14,11.7,71,94,42,9.5
2008-01-05,0.0,2.9,16.5,8.7,2.22,7.6,64,82,37,9.5
2008-01-06,0.0,6.4,19.7,11.8,2.83,8.8,75,92,49,9.3
2008-01-07,0.0,6.9,19.7,12.1,2.08,7.1,73,89,43,9.4
2008-01-08,0.0,5.9,15.2,10.2,1.22,4.2,89,96,74,1.8
2008-01-09,0.0,8.8,17.3,12.7,1.01,5.2,83,100,55,7.9
2008-01-10,0.0,7.7,16.7,11.7,1.18,3.9,81,95,57,9.3
2008-01-11,0.0,5.2,18.1,11.8,1.83,8.6,79,99,47,9.5
2008-01-12,0.0,6.0,15.1,10.4,3.4,12.7,52,72,30,9.6
2008-01-13,0.0,0.5,14.7,7.2,1.48,5.3,73,91,49,9.6
2008-01-14,1.9,3.7,14.5,8.7,1.44,5.3,80,93,69,3.2
2008-01-15,0.0,1.7,15.6,8.1,2.03,7.0,75,94,45,9.6
2008-01-16,0.2,3.3,18.1,10.2,3.03,16.4,71,92,42,7.9
2008-01-17,0.0,7.0,18.4,11.4,2.63,8.3,66,81,40,9.6
2008-01-18,0.0,9.3,20.2,13.5,2.95,10.7,65,77,45,9.6
2008-01-19,0.0,5.2,18.9,12.0,1.24,5.1,75,96,48,9.6
2008-01-20,0.0,3.7,18.7,11.0,1.07,5.9,76,97,47,9.6
2008-01-21,0.0,3.6,20.5,11.2,1.23,4.1,75,96,41,9.6
2008-01-22,0.0,6.8,22.4,13.1,2.57,8.9,63,89,26,9.6
2008-01-23,0.0,5.5,17.4,12.0,2.1,8.2,68,93,49,9.7
2008-01-24,0.1,8.9,16.3,11.9,0.86,4.3,83,100,51,8.7
2008-01-25,0.0,9.4,15.0,11.7,1.42,6.1,77,97,47,8.8
2008-01-26,0.0,5.7,15.8,10.6,1.41,5.3,74,95,46,8.7
2008-01-27,0.0,4.2,15.4,9.7,1.72,6.1,76,95,52,9.2
2008-01-28,0.0,1.7,17.6,9.6,1.36,4.8,66,96,28,9.7
2008-01-29,0.0,1.5,18.3,9.9,1.15,4.3,61,87,30,9.7
2008-01-30,0.0,3.3,20.3,10.5,1.68,6.1,62,86,26,9.7
2008-01-31,0.0,2.3,16.1,9.2,1.62,5.8,74,92,49,9.7
2008-02-01,0.0,3.3,17.2,10.3,1.48,6.1,78,100,40,9.8
2008-02-02,0.0,7.0,17.5,11.5,2.24,9.5,63,88,34,9.8
2008-02-03,0.0,5.6,16.4,10.8,2.02,8.3,81,98,47,9.6
2008-02-04,0.0,7.8,18.7,12.5,2.12,10.0,67,98,35,9.3
2008-02-05,0.0,3.8,19.1,11.0,1.62,5.7,63,92,34,10.0
2008-02-06,0.0,4.4,19.9,11.1,1.96,7.8,66,90,31,10.1
2008-02-07,0.0,3.2,17.9,10.5,1.76,8.4,73,97,40,10.1
2008-02-08,0.0,2.9,17.8,10.1,1.72,7.9,74,95,42,10.2
2008-02-09,0.0,4.9,16.2,10.3,2.21,10.2,72,94,38,10.3
2008-02-10,0.0,3.2,14.9,8.9,2.04,8.8,71,93,43,10.4
2008-02-11,0.0,5.8,13.8,9.7,2.09,8.8,71,93,48,9.2
2008-02-12,0.1,7.7,14.2,10.8,2.75,11.3,65,81,49,9.6
2008-02-13,0.4,7.8,14.2,10.8,3.6,13.9,68,84,50,10.1
2008-02-14,0.5,11.4,16.8,13.3,4.81,15.7,68,79,50,9.5
2008-02-15,1.7,11.5,17.0,13.5,3.18,10.2,73,90,50,9.6
2008-02-16,0.0,5.7,14.6,10.6,2.0,9.3,77,99,56,9.3
2008-02-17,0.4,8.1,14.8,11.2,3.58,13.1,74,90,48,2.8
2008-02-18,1.5,10.7,17.3,13.3,2.37,8.5,80,94,59,1.5
2008-02-19,1.6,10.8,16.2,13.2,1.64,5.1,85,97,67,1.9
2008-02-20,0.2,7.2,19.6,13.7,1.38,6.5,80,100,45,10.4
2008-02-21,0.2,10.0,17.1,13.3,2.14,9.9,82,100,56,9.9
2008-02-22,0.0,6.3,16.8,11.4,2.11,9.1,76,98,46,10.8
2008-02-23,0.0,6.7,17.0,11.5,2.06,9.7,76,94,49,10.7
2008-02-24,9.6,10.0,14.9,12.0,1.52,5.4,91,97,83,0.2
2008-02-25,0.0,8.5,19.8,13.2,1.69,6.2,81,98,51,10.8
2008-02-26,0.0,6.7,20.9,13.2,1.33,4.8,82,100,49,10.8
2008-02-27,0.0,7.0,22.4,14.1,1.61,7.5,76,99,41,10.9
2008-02-28,1.2,9.4,19.6,14.2,0.86,5.4,83,100,55,9.5
2008-02-29,0.0,7.2,19.9,13.7,1.54,6.7,78,97,46,10.9
2008-03-01,0.0,7.8,22.0,14.4,1.61,6.0,75,100,39,10.9
2008-03-02,0.0,7.9,22.0,14.6,1.71,7.1,72,91,44,10.9
2008-03-03,0.0,5.6,24.1,15.2,1.05,5.0,68,97,32,11.0
2008-03-04,0.0,10.4,19.9,14.7,2.76,14.7,57,91,18,11.0
2008-03-05,0.0,6.1,13.8,9.8,7.06,21.2,23,31,15,11.0
2008-03-06,0.0,3.2,14.2,8.3,3.55,11.7,30,44,17,11.2
2008-03-07,0.0,6.8,20.2,12.4,3.61,13.7,35,46,20,11.3
2008-03-08,0.0,6.8,21.2,12.9,3.1,10.8,43,79,22,11.2
2008-03-09,0.0,3.8,21.5,13.1,2.0,9.9,60,97,27,11.3
2008-03-10,0.0,6.1,21.4,13.9,2.82,12.9,46,79,21,9.9
2008-03-11,0.0,10.9,25.9,18.0,2.47,9.5,52,84,29,11.0
2008-03-12,0.0,9.1,26.5,17.8,1.81,6.5,56,89,29,11.4
2008-03-13,0.0,11.0,22.8,16.8,2.0,9.0,60,83,35,11.2
2008-03-14,0.0,8.2,24.0,16.0,1.42,7.8,60,91,26,10.2
2008-03-15,0.0,8.2,27.2,17.7,1.57,10.5,56,88,23,11.6
2008-03-16,0.0,8.4,23.7,16.8,1.99,8.7,46,76,24,11.2
2008-03-17,0.0,8.4,23.6,15.6,1.94,9.2,48,79,21,9.8
2008-03-18,0.0,9.3,22.1,15.3,2.36,9.7,51,81,23,11.7
2008-03-19,0.0,10.0,21.4,14.8,2.53,11.4,43,73,21,11.8
2008-03-20,2.7,10.4,16.3,12.3,3.11,11.3,72,92,44,6.3
2008-03-21,0.0,7.6,20.6,13.6,1.87,9.9,60,89,27,11.8
2008-03-22,0.0,7.5,23.7,15.4,3.28,15.1,42,71,21,11.8
2008-03-23,1.1,6.7,15.2,11.0,6.11,17.7,39,80,19,11.9
2008-03-24,0.0,7.4,21.1,13.7,3.73,13.9,28,47,20,11.9
2008-03-25,0.0,5.8,23.1,14.5,2.49,9.6,45,72,20,11.9
2008-03-26,0.0,9.0,24.0,16.4,4.07,18.2,41,71,20,11.9
2008-03-27,0.0,9.0,21.6,16.2,4.5,17.7,45,66,32,12.0
2008-03-28,0.0,13.7,26.7,19.6,3.43,11.6,45,63,24,12.0
2008-03-29,0.0,11.2,19.7,15.3,2.71,10.2,72,98,50,8.6
2008-03-30,0.0,7.3,24.3,16.5,2.15,10.7,57,91,31,12.0
2008-03-31,0.0,11.8,21.7,16.9,5.54,14.2,31,52,13,12.1
2008-04-01,0.0,11.5,23.6,16.8,3.61,12.8,28,51,17,12.0
2008-04-02,0.0,6.3,23.4,15.2,1.79,8.7,43,77,19,12.1
2008-04-03,0.0,7.1,25.8,16.8,1.93,10.1,35,63,14,12.1
2008-04-04,0.0,9.5,20.4,15.4,2.53,11.2,47,69,37,12.1
2008-04-05,0.0,6.1,20.7,13.9,2.01,9.4,58,85,37,12.2
2008-04-06,0.0,6.9,29.1,18.4,1.61,11.7,52,93,18,12.2
2008-04-07,0.0,9.9,21.1,16.6,2.27,9.7,58,80,41,3.5
2008-04-08,0.2,11.8,22.6,17.1,2.42,12.5,65,85,34,6.4
2008-04-09,0.3,12.4,26.0,19.3,2.64,13.7,66,94,37,10.0
2008-04-10,0.0,14.1,25.9,20.0,3.89,16.3,56,86,26,11.5
2008-04-11,0.5,11.2,21.3,16.7,3.88,12.3,42,68,20,12.4
2008-04-12,0.0,10.0,21.5,15.6,3.31,11.0,40,62,19,12.0
2008-04-13,0.0,7.8,23.3,15.7,2.6,10.5,40,67,17,12.5
2008-04-14,0.0,8.4,23.5,15.9,2.23,11.1,47,75,24,12.5
2008-04-15,0.0,8.0,20.8,14.8,2.31,11.0,57,96,25,11.4
2008-04-16,0.0,9.8,20.6,14.8,1.74,7.9,49,73,26,8.5
2008-04-17,1.3,9.9,23.6,16.5,2.9,13.7,55,90,17,12.6
2008-04-18,0.4,11.8,23.0,17.1,3.46,18.5,45,64,21,12.4
2008-04-19,0.0,9.0,22.1,16.4,3.12,15.0,51,73,36,12.9
2008-04-20,1.3,12.8,22.4,17.3,3.82,14.5,49,82,20,12.5
2008-04-21,0.0,8.7,22.2,16.2,3.85,14.2,46,78,25,13.1
2008-04-22,0.0,11.0,25.1,18.2,2.51,9.9,41,66,23,13.2
2008-04-23,0.0,11.5,27.3,19.4,2.13,9.7,46,73,25,13.2
2008-04-24,0.0,12.2,29.2,21.2,2.1,11.5,46,78,25,12.6
2008-04-25,0.0,14.7,25.8,20.3,2.27,10.4,45,68,28,13.4
2008-04-26,0.0,9.0,28.2,19.0,2.01,10.5,40,77,14,13.5
2008-04-27,0.0,9.0,26.9,18.3,2.0,10.1,45,69,22,13.5
2008-04-28,0.0,12.4,26.2,19.4,1.97,11.5,62,90,39,12.1
2008-04-29,0.0,13.1,24.5,19.6,2.84,12.0,42,75,29,13.6
2008-04-30,0.0,11.5,26.0,18.1,2.36,12.3,51,91,20,13.6
2008-05-01,0.0,10.9,23.2,17.3,2.58,11.5,63,90,34,13.6
2008-05-02,0.0,9.1,25.9,17.7,2.51,10.9,56,93,23,13.7
2008-05-03,0.0,11.5,26.4,19.3,2.26,10.3,40,67,21,13.1
2008-05-04,0.0,13.6,27.4,20.1,1.8,10.0,41,59,23,12.8
2008-05-05,0.0,14.5,27.2,20.6,1.72,10.4,47,70,25,12.9
2008-05-06,0.0,13.1,27.1,20.1,2.18,11.4,52,87,22,13.2
2008-05-07,0.0,12.8,25.2,19.3,3.54,15.4,56,78,37,10.9
2008-05-08,30.9,13.9,17.9,15.9,2.19,7.7,83,90,62,0.4
2008-05-09,13.0,12.0,22.8,16.7,1.5,7.4,80,95,54,12.5
2008-05-10,7.7,11.4,19.4,15.4,2.28,11.3,72,96,45,13.1
2008-05-11,6.8,11.1,18.8,15.4,1.93,9.6,73,91,53,13.0
2008-05-12,0.0,10.3,21.5,16.3,1.87,7.8,68,88,43,14.0
2008-05-13,0.0,11.6,22.4,17.5,1.73,9.3,76,96,55,14.0
2008-05-14,0.0,14.1,21.9,17.8,1.45,7.0,81,98,59,10.8
2008-05-15,0.0,12.9,23.3,18.4,1.38,6.9,76,99,46,7.0
2008-05-16,0.0,14.8,23.2,19.0,1.34,8.5,73,99,47,13.7
2008-05-17,0.3,12.5,24.3,18.7,1.62,7.3,68,94,45,14.0
2008-05-18,4.8,12.4,23.0,17.6,1.52,9.0,75,95,46,12.7
2008-05-19,0.2,13.2,23.5,18.2,3.36,13.9,56,81,34,13.8
2008-05-20,0.0,11.4,24.9,18.6,2.44,10.7,56,84,33,14.0
2008-05-21,0.0,13.6,26.3,20.1,2.45,8.7,52,74,33,14.0
2008-05-22,0.0,14.4,28.2,21.1,2.26,11.1,59,82,35,14.0
2008-05-23,0.0,15.0,28.1,21.9,1.69,9.9,58,88,38,11.7
2008-05-24,0.3,15.1,26.2,21.0,1.72,9.4,64,91,37,14.0
2008-05-25,0.5,14.8,19.8,17.5,1.97,9.0,57,74,40,4.8
2008-05-26,1.6,14.3,22.0,17.8,1.52,7.9,65,94,38,6.3
2008-05-27,0.0,12.3,24.3,18.9,1.86,9.5,57,91,31,11.8
2008-05-28,0.0,12.4,23.9,18.9,1.82,7.7,56,86,35,14.0
2008-05-29,0.0,13.2,25.2,19.7,2.47,11.8,47,72,31,14.0
2008-05-30,0.0,14.6,26.9,20.7,1.68,8.4,59,83,39,13.6
2008-05-31,0.6,16.2,20.7,18.3,2.46,12.4,78,98,54,7.9
2008-06-01,0.0,14.7,25.2,19.8,1.57,7.9,65,97,36,13.4
2008-06-02,0.0,13.5,26.8,20.7,2.19,11.5,54,81,31,14.0
2008-06-03,0.0,13.9,26.3,20.7,2.07,10.2,59,85,37,13.7
2008-06-04,0.0,15.1,26.2,20.9,1.88,9.5,65,94,37,14.0
2008-06-05,0.0,16.0,29.3,22.9,1.6,9.8,58,91,32,14.0
2008-06-06,0.0,17.6,27.8,21.9,2.12,12.2,61,95,28,14.0
2008-06-07,0.0,13.2,25.8,20.4,2.18,9.6,58,90,35,14.0
2008-06-08,1.8,15.4,23.4,19.1,2.98,12.0,73,96,49,12.7
2008-06-09,7.5,16.1,21.1,18.5,3.92,15.0,74,91,57,8.4
2008-06-10,0.2,15.6,25.3,20.4,2.08,7.6,65,85,45,13.2
2008-06-11,2.4,15.0,24.6,20.6,1.41,6.8,70,95,48,14.0
2008-06-12,0.0,14.3,27.7,21.5,1.76,7.4,64,94,35,13.9
2008-06-13,0.0,15.4,29.2,23.1,1.71,8.6,62,94,34,14.0
2008-06-14,0.0,15.8,31.6,24.0,2.16,10.9,58,90,30,14.0
2008-06-15,0.0,17.5,32.5,24.5,1.56,9.3,62,94,28,13.4
2008-06-16,0.0,15.5,33.1,25.7,1.91,9.8,50,89,25,14.0
2008-06-17,0.0,19.5,30.6,24.9,3.12,12.1,42,68,24,14.0
2008-06-18,0.0,16.3,28.8,23.3,2.26,9.9,58,91,34,14.0
2008-06-19,0.0,16.3,31.4,24.0,1.88,10.2,52,86,28,14.0
2008-06-20,0.0,17.1,31.8,24.9,1.89,9.9,44,75,22,14.0
2008-06-21,0.0,15.7,32.3,25.2,2.32,11.1,38,69,20,14.0
2008-06-22,0.0,16.2,32.9,25.6,2.67,11.0,40,66,22,14.0
2008-06-23,0.0,17.9,33.3,26.4,2.66,11.4,46,64,29,14.0
2008-06-24,0.0,19.8,35.3,27.8,1.81,9.4,51,90,22,14.0
2008-06-25,0.0,20.2,32.6,27.5,2.38,10.8,51,74,35,14.0
2008-06-26,0.0,20.0,32.8,26.5,2.19,10.8,58,87,33,14.0
2008-06-27,0.0,19.1,33.1,26.3,2.22,11.5,56,86,31,14.0
2008-06-28,0.0,20.7,31.9,26.2,2.2,11.0,57,82,37,14.0
2008-06-29,0.0,19.7,32.3,26.1,2.09,10.4,52,85,24,14.0
2008-06-30,0.0,19.3,32.8,26.5,2.07,11.2,50,85,26,12.3
2008-07-01,0.0,19.3,33.4,26.7,2.22,10.7,54,89,27,14.0
2008-07-02,0.0,19.1,35.2,27.3,1.87,11.0,59,93,29,14.0
2008-07-03,0.0,19.1,36.1,27.5,2.35,12.5,52,87,20,14.0
2008-07-04,0.0,21.7,31.8,26.2,2.43,10.1,64,80,41,14.0
2008-07-05,0.0,19.7,36.0,27.8,1.77,10.0,62,97,31,14.0
2008-07-06,0.0,20.3,37.5,29.6,1.79,10.2,52,94,21,14.0
2008-07-07,0.0,21.1,34.4,28.0,2.75,11.2,40,74,19,14.0
2008-07-08,0.2,21.2,31.4,26.1,3.05,10.8,70,95,43,14.0
2008-07-09,0.0,21.1,31.5,26.1,2.33,9.9,66,92,43,14.0
2008-07-10,0.0,20.9,33.3,26.7,1.92,9.4,64,90,37,14.0
2008-07-11,0.0,19.6,38.0,29.2,1.84,10.5,49,93,15,14.0
2008-07-12,0.0,20.9,34.2,27.8,2.43,10.3,47,68,31,14.0
2008-07-13,0.3,21.7,30.9,25.6,2.06,11.8,61,85,35,14.0
2008-07-14,7.7,21.3,25.0,22.6,2.66,8.6,67,78,53,6.1
2008-07-15,0.2,19.4,27.1,23.1,2.55,10.6,66,90,42,12.7
2008-07-16,2.4,19.5,28.8,24.1,2.82,11.1,60,85,42,13.0
2008-07-17,0.3,18.8,30.4,24.2,2.0,8.6,64,81,40,14.0
2008-07-18,0.0,18.5,30.9,24.8,1.99,9.5,70,98,41,14.0
2008-07-19,0.0,18.3,32.0,25.1,2.0,10.4,67,99,35,14.0
2008-07-20,0.0,17.7,36.1,27.2,1.64,9.4,52,90,21,14.0
2008-07-21,0.0,20.2,32.4,26.5,2.46,11.3,59,80,41,13.9
2008-07-22,0.0,21.1,30.7,25.1,2.24,10.7,66,89,40,13.9
2008-07-23,0.0,20.0,31.8,25.3,2.0,10.3,62,87,38,13.9
2008-07-24,0.0,18.9,34.9,26.9,1.84,9.9,57,90,29,13.9
2008-07-25,0.0,20.1,38.1,29.5,2.18,9.7,41,88,13,13.9
2008-07-26,0.0,23.3,37.1,29.9,2.81,12.5,36,49,22,13.9
2008-07-27,0.0,22.3,35.3,28.5,1.93,10.0,54,76,31,13.9
2008-07-28,0.0,22.5,34.8,28.1,1.7,9.7,63,93,34,13.7
2008-07-29,0.0,21.6,33.1,27.0,2.33,11.6,68,97,39,13.7
2008-07-30,0.0,20.2,34.4,27.3,1.93,9.6,64,95,34,13.8
2008-07-31,0.0,21.2,35.9,28.5,1.66,9.7,60,93,30,13.8
2008-08-01,0.0,20.7,37.5,28.8,2.1,11.6,53,88,21,13.8
2008-08-02,0.0,22.9,33.4,27.4,2.22,10.7,68,91,39,13.5
2008-08-03,0.0,22.0,33.1,27.2,2.47,11.6,65,98,35,13.4
2008-08-04,0.0,18.6,35.8,27.5,2.02,10.2,53,90,23,13.7
2008-08-05,0.0,19.6,35.8,28.1,2.17,10.7,52,85,23,13.7
2008-08-06,0.0,20.1,36.3,28.4,2.0,10.5,51,83,22,13.7
2008-08-07,0.3,21.1,38.1,30.1,1.41,9.0,50,81,26,13.6
2008-08-08,0.1,21.9,34.6,27.9,2.73,11.8,45,81,32,13.6
2008-08-09,0.4,23.3,31.9,26.8,2.35,9.5,73,95,46,11.1
2008-08-10,0.0,21.0,34.1,26.9,2.03,10.1,65,96,30,13.3
2008-08-11,0.0,20.6,35.4,27.7,1.79,11.2,67,97,36,13.3
2008-08-12,0.0,20.2,38.9,29.9,1.8,9.0,46,87,18,13.4
2008-08-13,0.0,22.2,36.1,28.9,3.12,13.6,47,77,29,13.1
2008-08-14,0.0,23.6,32.7,27.3,2.63,10.0,70,88,45,12.3
2008-08-15,0.0,23.2,32.7,26.6,3.36,12.8,39,89,11,13.3
2008-08-16,0.0,19.5,31.4,25.0,2.19,11.4,53,74,28,11.9
2008-08-17,0.0,19.1,34.8,26.8,2.1,11.9,52,86,24,13.0
2008-08-18,0.0,20.8,33.1,26.5,2.27,10.0,67,98,33,12.9
2008-08-19,0.0,19.5,33.9,26.7,1.67,9.3,63,95,31,13.0
2008-08-20,0.0,21.2,32.6,26.4,2.48,10.5,68,90,40,12.8
2008-08-21,0.0,22.2,31.5,26.3,2.07,9.7,70,93,44,12.8
2008-08-22,0.0,20.7,33.8,26.5,1.49,8.0,68,92,35,11.8
2008-08-23,0.6,23.3,30.6,25.9,2.84,10.5,71,87,45,11.9
2008-08-24,0.0,21.8,30.7,25.8,2.18,9.2,74,96,48,12.4
2008-08-25,0.0,21.5,32.2,25.8,1.98,9.7,74,99,42,11.7
2008-08-26,0.0,19.8,31.4,25.3,2.58,11.9,70,97,41,12.3
2008-08-27,0.0,19.0,31.1,25.1,2.48,10.7,67,92,41,12.2
2008-08-28,0.0,19.0,31.7,25.4,2.21,10.8,64,94,34,12.2
2008-08-29,0.0,17.8,31.3,24.5,2.03,10.4,65,94,33,12.2
2008-08-30,0.0,18.1,32.1,24.9,1.77,8.7,67,95,36,11.0
2008-08-31,0.0,19.6,34.6,27.2,1.81,8.9,54,95,19,12.2
2008-09-01,0.7,19.5,31.1,25.4,2.26,9.3,56,82,40,12.1
2008-09-02,0.0,21.1,31.6,25.6,1.63,8.9,70,98,37,12.0
2008-09-03,0.0,19.3,35.0,26.7,1.29,8.7,61,98,21,10.9
2008-09-04,1.0,21.2,35.8,28.3,1.73,11.4,35,52,21,10.6
2008-09-05,0.0,18.5,34.8,27.1,1.87,8.5,38,56,21,12.0
2008-09-06,0.0,18.2,33.1,26.7,1.97,7.6,38,62,23,12.0
2008-09-07,0.0,22.1,30.1,25.9,2.53,10.2,52,76,36,12.0
2008-09-08,1.1,21.1,28.2,24.4,3.43,12.6,73,86,59,10.8
2008-09-09,0.0,20.7,33.7,27.0,2.27,9.0,60,84,37,12.0
2008-09-10,0.3,20.6,32.7,26.7,1.83,7.4,62,85,38,11.4
2008-09-11,0.7,20.1,34.0,27.4,1.92,9.3,58,91,31,11.6
2008-09-12,0.0,22.3,29.7,25.6,2.29,10.8,47,60,33,11.8
2008-09-13,0.0,19.6,28.7,23.2,1.49,8.5,47,62,28,12.0
2008-09-14,0.0,15.3,29.6,22.2,1.56,7.9,51,85,15,12.0
2008-09-15,0.0,14.6,32.1,23.5,1.54,8.5,54,92,15,12.0
2008-09-16,0.0,16.8,29.7,22.8,2.07,9.8,65,91,34,12.0
2008-09-17,0.0,16.3,28.6,22.0,1.83,8.0,73,96,40,7.6
2008-09-18,0.0,15.7,30.3,23.0,1.16,6.5,72,99,37,8.2
2008-09-19,0.0,21.2,32.2,25.7,1.71,8.0,56,85,28,11.5
2008-09-20,0.0,19.3,29.3,23.8,2.06,9.3,73,93,46,11.9
2008-09-21,0.0,19.4,30.6,24.5,1.21,7.4,74,100,42,11.0
2008-09-22,0.6,20.9,31.2,25.3,1.95,9.0,58,96,22,12.0
2008-09-23,3.8,20.5,25.5,22.6,2.22,8.7,58,85,44,10.3
2008-09-24,10.6,18.2,25.4,20.3,1.15,7.6,82,96,53,7.7
2008-09-25,7.0,16.9,19.3,18.4,1.24,5.9,86,92,79,0.7
2008-09-26,3.9,14.9,21.5,17.7,1.99,8.6,85,96,70,10.3
2008-09-27,4.9,16.1,20.3,17.7,2.22,9.9,83,92,69,2.9
2008-09-28,9.8,16.3,20.9,18.3,2.56,11.5,80,93,65,6.3
2008-09-29,0.0,14.7,23.0,18.7,2.28,9.1,70,89,48,11.6
2008-09-30,0.0,12.1,23.7,17.8,1.7,6.5,70,94,42,11.7
2008-10-01,0.0,11.7,24.1,18.2,1.64,8.1,70,94,45,11.6
2008-10-02,0.0,12.5,26.3,19.4,1.46,7.5,74,96,43,10.9
2008-10-03,0.1,12.9,25.0,18.5,1.89,8.6,70,94,37,11.0
2008-10-04,0.0,12.6,21.0,16.6,1.75,8.3,69,96,42,11.4
2008-10-05,0.0,10.1,23.5,17.0,1.17,6.0,69,93,45,11.4
2008-10-06,0.0,10.2,26.0,18.1,1.46,6.5,69,97,36,11.3
2008-10-07,0.0,11.5,27.8,19.9,1.35,6.8,63,94,33,9.8
2008-10-08,0.7,15.5,23.9,19.7,2.2,7.3,57,84,38,10.0
2008-10-09,8.1,14.8,18.3,16.4,3.68,14.2,79,94,66,2.6
2008-10-10,11.5,16.5,22.6,19.7,5.21,18.6,88,96,73,10.1
2008-10-11,5.7,19.4,23.1,20.9,5.92,17.5,88,96,78,5.5
2008-10-12,0.0,19.3,27.4,22.2,2.33,8.6,83,99,57,10.0
2008-10-13,15.0,17.5,25.1,19.9,1.68,7.4,89,100,58,7.8
2008-10-14,8.4,16.0,23.9,19.4,1.53,6.6,85,97,67,9.7
2008-10-15,0.0,13.6,24.8,18.8,1.46,5.0,81,99,49,10.5
2008-10-16,0.0,14.6,26.5,20.3,1.34,5.2,78,100,44,10.3
2008-10-17,0.0,15.3,26.1,20.1,1.73,6.3,72,86,45,10.7
2008-10-18,1.2,15.6,23.1,19.2,1.25,6.4,84,95,64,7.8
2008-10-19,3.8,16.7,23.9,19.6,1.86,9.7,82,97,56,10.0
2008-10-20,3.2,16.7,24.0,19.7,2.08,9.4,87,97,69,10.2
2008-10-21,1.0,15.1,23.8,19.1,1.54,5.9,82,98,58,10.0
2008-10-22,5.1,13.3,22.4,17.6,2.1,9.5,86,97,62,9.4
2008-10-23,3.7,16.4,18.9,17.3,3.7,10.2,85,93,73,0.4
2008-10-24,35.3,15.8,17.8,16.7,2.2,7.2,88,91,84,2.4
2008-10-25,1.0,13.8,20.3,16.8,3.14,13.2,81,93,66,10.0
2008-10-26,0.7,16.0,21.2,18.3,3.35,12.1,77,88,66,8.7
2008-10-27,0.0,13.2,22.0,16.9,1.74,5.4,79,92,57,10.0
2008-10-28,4.2,12.4,20.9,16.6,1.16,7.7,88,99,69,6.8
2008-10-29,0.0,9.5,16.1,12.6,5.04,17.2,49,72,30,10.2
2008-10-30,0.0,4.5,18.5,11.3,2.52,10.1,61,84,38,10.1
2008-10-31,0.2,9.4,17.5,13.6,3.48,15.2,77,91,66,7.4
2008-11-01,12.4,10.8,17.7,14.4,1.29,9.1,85,97,64,3.4
2008-11-02,8.1,9.7,18.9,14.6,2.65,10.2,71,96,40,10.0
2008-11-03,0.0,6.5,16.7,11.6,1.29,4.0,72,90,49,9.0
2008-11-04,1.4,6.4,14.9,10.7,2.0,7.9,77,94,57,7.9
2008-11-05,0.0,5.3,17.1,10.9,2.41,9.3,69,93,44,10.0
2008-11-06,0.0,9.6,19.1,13.4,3.13,10.9,64,81,46,9.9
2008-11-07,0.0,5.7,18.1,11.7,1.7,5.0,75,91,49,9.1
2008-11-08,0.0,6.8,19.1,12.5,1.5,4.8,78,95,53,9.9
2008-11-09,0.0,6.8,19.0,12.7,1.35,4.5,80,96,54,9.9
2008-11-10,0.0,6.4,18.2,12.2,1.2,5.8,84,99,57,9.9
2008-11-11,0.0,5.7,19.2,12.2,1.19,4.0,84,99,55,7.1
2008-11-12,0.0,8.0,19.2,13.7,2.51,9.9,71,92,48,9.8
2008-11-13,0.0,9.6,16.7,12.6,4.14,12.4,51,63,36,9.8
2008-11-14,0.0,6.3,15.3,10.4,2.44,8.3,53,75,35,9.8
2008-11-15,0.0,3.2,17.5,9.8,1.47,4.9,65,88,34,9.8
2008-11-16,0.0,2.8,17.6,10.1,1.23,4.1,70,93,40,9.8
2008-11-17,0.0,3.8,18.9,10.3,1.63,4.6,73,94,40,9.8
2008-11-18,0.0,4.3,18.2,10.5,1.67,6.4,70,94,38,9.4
2008-11-19,0.0,6.1,15.7,10.9,2.23,10.2,74,89,54,8.9
2008-11-20,1.8,9.3,15.4,11.8,2.53,8.5,82,93,67,9.2
2008-11-21,0.0,7.2,17.6,11.3,1.89,5.9,81,96,53,9.7
2008-11-22,0.0,8.9,19.8,13.3,2.59,9.8,68,88,48,9.7
2008-11-23,0.0,9.3,17.8,12.4,2.37,7.3,69,89,43,9.7
2008-11-24,0.0,4.4,17.6,10.5,2.2,11.7,69,91,43,9.3
2008-11-25,0.0,5.1,13.6,9.6,4.03,14.0,55,76,31,9.7
2008-11-26,3.6,1.9,9.6,6.0,3.05,9.7,63,88,45,7.2
2008-11-27,4.6,6.8,9.9,8.5,3.28,11.2,76,88,61,2.2
2008-11-28,0.0,1.0,14.2,7.1,2.41,8.2,60,83,32,9.6
2008-11-29,2.6,4.8,13.5,9.3,3.57,12.6,66,91,38,8.6
2008-11-30,0.1,4.9,11.9,7.9,2.44,13.8,65,89,47,6.0
2008-12-01,0.0,-0.3,12.2,5.9,2.23,8.7,63,87,35,9.6
2008-12-02,0.0,1.9,12.2,6.9,4.4,14.7,57,80,36,9.5
2008-12-03,0.0,4.5,13.2,8.0,3.09,9.2,56,77,43,8.9
2008-12-04,0.0,3.2,14.9,8.6,2.65,8.9,74,89,49,8.3
2008-12-05,0.0,5.4,18.2,10.9,2.17,8.5,79,91,55,6.2
2008-12-06,0.0,5.6,18.6,11.5,1.22,5.3,83,98,57,8.9
2008-12-07,0.0,8.9,17.4,11.9,1.48,4.0,82,93,56,6.5
2008-12-08,5.4,7.3,14.7,10.5,0.96,4.9,93,98,79,5.2
2008-12-09,1.0,7.2,13.9,10.3,1.7,6.4,87,99,67,7.6
2008-12-10,0.6,7.9,12.0,9.9,4.69,14.5,58,95,35,9.2
2008-12-11,0.0,4.2,13.3,7.9,3.79,12.9,49,75,36,9.4
2008-12-12,0.0,0.8,13.4,6.4,2.13,6.7,72,89,50,9.4
2008-12-13,2.2,2.1,12.0,7.2,2.28,11.7,71,88,47,5.7
2008-12-14,0.8,3.6,10.9,7.5,2.93,15.4,73,93,46,9.2
2008-12-15,0.0,4.4,10.7,6.9,5.33,15.4,52,65,34,9.4
2008-12-16,0.0,5.8,12.4,8.9,4.34,14.5,55,62,46,5.3
2008-12-17,0.0,8.2,14.8,10.8,4.75,14.3,54,63,38,9.1
2008-12-18,0.0,8.7,14.6,10.9,3.83,12.7,58,68,42,9.4
2008-12-19,0.0,3.8,15.3,9.0,1.79,6.0,70,87,46,9.4
2008-12-20,0.0,2.3,16.4,8.2,1.35,4.4,77,95,47,9.4
2008-12-21,0.0,2.1,17.8,8.6,1.39,4.3,75,94,41,9.4
2008-12-22,0.0,1.3,16.2,8.1,1.3,4.1,74,93,43,9.4
2008-12-23,0.0,0.9,14.3,7.1,1.33,4.7,78,93,54,9.4
2008-12-24,0.0,2.7,12.8,7.7,1.22,4.6,85,96,65,8.8
2008-12-25,0.0,4.3,13.5,8.1,1.3,4.3,80,98,48,8.9
2008-12-26,0.0,0.9,12.7,6.1,1.94,5.8,73,92,44,9.4
2008-12-27,0.0,5.0,12.1,8.0,2.33,9.3,83,95,64,4.7
2008-12-28,2.7,6.7,13.9,9.5,2.06,6.7,81,93,59,7.4
2008-12-29,0.0,6.0,14.5,10.2,1.2,3.6,83,97,63,7.7
2008-12-30,0.0,6.4,14.5,10.4,1.18,5.7,88,100,66,8.2
2008-12-31,0.0,8.4,14.1,10.7,1.7,6.1,90,100,71,0.0
2009-01-01,0.0,4.7,16.2,9.8,1.52,5.3,84,99,57,7.4
2009-01-02,0.0,5.9,17.0,10.5,1.78,5.7,81,97,54,7.3
2009-01-03,8.4,7.3,13.7,10.1,1.28,5.2,92,99,80,0.5
2009-01-04,16.2,7.4,11.4,9.4,1.9,7.1,92,100,87,1.5
2009-01-05,1.0,3.3,13.0,8.2,1.59,4.9,85,98,60,9.3
2009-01-06,0.4,1.5,11.9,6.8,1.81,6.8,79,97,56,9.0
2009-01-07,0.0,1.4,8.4,5.1,2.79,9.9,54,66,35,9.4
2009-01-08,0.2,-0.9,7.3,3.2,1.8,5.7,72,83,60,3.0
2009-01-09,1.8,2.8,9.1,5.3,1.54,5.3,83,93,65,8.5
2009-01-10,6.0,-0.9,9.7,3.8,1.89,8.2,82,95,58,8.7
2009-01-11,4.9,5.1,12.3,8.5,2.94,10.1,82,93,63,9.1
2009-01-12,0.0,2.6,14.0,7.3,2.45,8.0,75,90,44,9.5
2009-01-13,0.0,0.9,13.6,6.1,1.88,6.1,74,90,45,8.8
2009-01-14,0.0,4.5,13.3,8.4,3.7,12.5,65,79,44,9.6
2009-01-15,0.0,0.5,12.5,5.8,1.48,4.2,77,92,54,9.5
2009-01-16,0.0,3.1,12.4,6.8,1.75,5.4,81,95,59,5.9
2009-01-17,0.0,4.2,13.6,8.4,1.57,5.3,82,96,58,9.4
2009-01-18,0.0,0.5,15.9,7.6,1.59,5.3,79,96,50,9.6
2009-01-19,1.7,4.2,17.4,9.8,1.79,8.7,82,94,60,9.0
2009-01-20,0.0,4.4,13.0,8.6,3.5,14.3,72,95,41,9.6
2009-01-21,0.0,4.3,11.5,7.4,5.22,15.2,48,58,33,9.6
2009-01-22,1.3,3.6,12.4,7.8,2.46,16.2,70,89,49,4.3
2009-01-23,0.0,9.8,21.2,14.9,2.97,11.5,73,88,53,8.4
2009-01-24,0.0,12.2,15.9,14.0,6.54,21.5,52,76,38,9.7
2009-01-25,1.6,3.1,16.7,9.8,2.87,12.8,67,90,44,9.7
2009-01-26,0.0,6.8,13.1,9.6,6.07,16.7,48,56,38,9.7
2009-01-27,0.0,8.0,15.7,11.2,5.15,14.5,52,60,44,9.5
2009-01-28,0.0,10.6,18.2,13.5,5.14,15.1,61,70,50,9.5
2009-01-29,0.0,8.4,20.1,14.0,2.72,12.3,71,93,48,9.7
2009-01-30,0.0,6.9,18.1,11.8,1.8,6.4,82,98,56,9.8
2009-01-31,2.5,8.8,13.7,10.7,2.18,12.5,78,100,46,8.9
2009-02-01,2.6,3.7,10.0,7.5,2.03,11.9,81,94,63,0.0
2009-02-02,3.6,6.6,13.8,9.7,1.64,6.7,88,97,65,6.3
2009-02-03,0.3,2.7,16.1,8.4,2.36,10.0,74,94,40,9.9
2009-02-04,0.0,5.0,16.2,10.2,2.45,9.4,75,94,47,10.0
2009-02-05,0.2,6.2,15.0,10.2,2.72,12.0,82,95,59,5.8
2009-02-06,0.0,7.3,14.5,9.6,3.3,15.3,67,94,36,7.3
2009-02-07,0.0,4.9,11.7,8.0,5.48,15.3,44,58,25,10.3
2009-02-08,0.0,5.3,15.0,9.8,3.89,12.8,48,64,37,10.1
2009-02-09,0.0,9.0,19.3,13.1,2.2,9.3,68,85,48,9.9
2009-02-10,0.0,5.8,18.8,11.7,2.54,10.4,72,94,49,9.2
2009-02-11,0.0,6.6,18.0,12.2,3.18,10.8,50,71,30,10.5
2009-02-12,0.0,8.7,18.8,13.2,3.32,11.5,52,71,38,10.6
2009-02-13,0.0,3.6,15.6,9.9,2.07,6.8,70,89,46,10.6
2009-02-14,0.0,4.3,17.6,10.5,1.23,4.8,75,100,41,10.6
2009-02-15,0.1,6.1,11.8,9.1,2.29,8.6,79,98,56,2.7
2009-02-16,0.0,3.6,12.9,8.4,1.47,6.1,71,93,47,10.2
2009-02-17,0.0,3.8,14.3,8.8,1.5,5.7,68,94,40,10.7
2009-02-18,0.0,2.1,20.6,10.4,1.8,7.5,63,90,29,10.7
2009-02-19,0.0,2.3,17.6,9.9,1.82,7.9,73,92,43,10.7
2009-02-20,0.6,5.5,14.2,9.7,2.11,9.4,82,100,56,10.0
2009-02-21,0.0,4.5,17.3,10.4,1.59,6.3,72,98,36,10.2
2009-02-22,0.0,2.6,17.0,10.0,1.74,6.8,76,97,45,10.8
2009-02-23,0.0,4.9,19.4,11.2,2.2,9.1,67,94,31,10.8
2009-02-24,0.0,3.2,16.8,10.1,1.49,8.0,77,99,47,10.8
2009-02-25,0.1,5.1,15.6,10.3,1.87,9.0,80,99,55,9.6
2009-02-26,0.0,4.3,15.8,10.2,1.59,7.2,74,100,43,10.8
2009-02-27,0.0,0.8,18.1,9.5,1.6,7.6,66,97,29,10.7
2009-02-28,0.3,5.3,17.1,10.8,1.59,6.9,74,94,48,7.9
2009-03-01,0.7,6.0,19.2,12.7,1.47,8.1,77,100,47,10.9
2009-03-02,0.9,5.6,15.4,10.4,1.45,4.5,76,93,55,2.4
2009-03-03,31.7,7.5,12.0,10.2,3.44,11.2,92,97,87,0.0
2009-03-04,3.6,7.9,15.9,11.6,3.99,13.3,70,89,47,10.0
2009-03-05,1.2,7.1,14.7,11.3,5.77,25.1,53,80,32,11.0
2009-03-06,0.0,8.8,15.6,12.1,6.53,20.6,46,61,35,10.6
2009-03-07,0.0,13.1,21.0,16.2,4.57,15.6,54,69,36,11.2
2009-03-08,0.0,8.0,19.2,14.0,2.19,7.2,63,84,44,11.2
2009-03-09,0.0,5.7,18.0,11.7,1.76,7.4,76,98,47,11.1
2009-03-10,0.0,3.8,17.2,10.7,1.49,6.4,78,98,53,11.1
2009-03-11,0.0,4.1,22.1,12.6,1.45,6.4,74,99,39,11.5
2009-03-12,0.0,7.4,17.1,12.1,2.03,8.4,74,96,51,11.4
2009-03-13,0.0,2.8,20.5,11.6,1.33,6.3,64,95,29,11.6
2009-03-14,0.0,4.8,24.7,13.9,1.56,5.9,60,90,26,11.6
2009-03-15,0.0,6.2,20.9,14.0,1.98,10.1,57,86,25,11.7
2009-03-16,0.0,5.3,20.9,13.0,2.0,9.9,67,94,37,11.7
2009-03-17,0.0,5.1,18.5,12.1,2.61,11.0,65,92,37,11.7
2009-03-18,0.0,4.5,17.9,11.8,1.81,8.5,70,91,50,11.7
2009-03-19,0.0,3.7,19.3,11.8,1.17,6.1,73,100,38,11.8
2009-03-20,0.0,4.1,23.6,13.5,1.76,8.8,66,96,27,11.8
2009-03-21,0.0,8.3,16.4,12.4,2.13,9.0,77,98,56,10.2
2009-03-22,0.0,6.3,17.4,11.9,1.95,8.1,68,93,40,11.8
2009-03-23,0.0,3.3,19.0,12.1,1.6,9.0,58,96,26,11.9
2009-03-24,0.0,2.7,23.3,13.6,2.08,7.5,46,85,18,10.1
2009-03-25,0.0,8.0,19.5,13.7,2.18,7.8,65,89,45,11.9
2009-03-26,0.0,5.5,22.6,14.1,1.68,9.3,65,97,34,11.9
2009-03-27,0.0,6.3,24.6,15.6,1.63,8.5,55,91,24,12.0
2009-03-28,2.3,9.4,23.0,15.9,1.41,8.3,60,87,34,12.0
2009-03-29,12.5,10.6,13.0,12.0,3.46,14.0,83,93,71,2.3
2009-03-30,15.4,6.6,13.3,10.2,2.85,11.7,86,97,72,11.1
2009-03-31,1.6,7.8,14.4,10.8,2.29,8.5,73,90,50,10.9
2009-04-01,0.0,4.5,19.7,12.2,2.6,10.6,63,91,29,12.0
2009-04-02,0.0,7.7,20.2,14.2,1.52,8.3,61,90,36,11.4
2009-04-03,0.0,10.0,18.6,13.5,1.77,8.8,76,96,49,11.5
2009-04-04,0.0,8.4,20.5,13.9,1.26,7.6,77,97,46,12.0
2009-04-05,0.0,9.0,20.1,14.4,1.4,8.7,82,100,59,11.9
2009-04-06,0.0,8.4,23.0,15.5,1.5,8.2,78,100,48,11.6
2009-04-07,5.0,9.1,19.1,14.2,2.24,11.6,72,99,45,12.0
2009-04-08,0.0,9.8,20.8,14.5,3.76,14.2,48,80,26,12.2
2009-04-09,0.0,5.4,18.5,12.6,1.96,8.6,74,99,50,12.1
2009-04-10,2.5,7.9,17.1,12.8,2.01,10.5,75,98,43,12.1
2009-04-11,0.0,7.4,18.0,12.6,4.25,15.5,39,54,23,12.0
2009-04-12,0.0,8.5,19.5,13.4,4.45,14.1,40,58,20,12.3
2009-04-13,0.0,7.9,22.0,14.5,2.9,10.4,42,65,29,12.5
2009-04-14,0.0,6.0,22.1,14.7,2.06,11.1,63,92,33,12.6
2009-04-15,1.5,7.6,19.4,13.9,1.87,10.8,66,90,43,12.2
2009-04-16,0.0,5.4,20.6,13.5,2.49,11.1,58,88,27,12.5
2009-04-17,0.0,6.9,20.3,13.9,2.43,8.9,55,87,28,10.6
2009-04-18,2.3,8.8,20.2,14.2,2.4,10.5,59,78,40,11.6
2009-04-19,16.5,10.5,17.1,13.2,2.21,11.0,77,91,55,8.1
2009-04-20,1.2,5.9,21.5,13.9,1.86,8.5,68,93,38,12.5
2009-04-21,0.0,9.2,22.5,15.4,2.65,11.0,62,82,36,12.9
2009-04-22,0.0,8.8,23.0,15.8,2.13,9.0,63,94,34,13.2
2009-04-23,0.0,8.2,25.4,17.6,1.94,8.9,59,94,30,13.3
2009-04-24,0.0,7.7,27.2,18.3,1.73,7.3,53,90,20,13.3
2009-04-25,0.0,11.2,24.0,17.8,1.48,8.5,60,83,43,12.1
2009-04-26,0.6,9.9,19.7,15.1,2.7,9.7,49,77,33,11.3
2009-04-27,0.0,9.8,22.9,16.4,3.4,12.3,46,72,24,13.5
2009-04-28,0.0,8.5,22.6,16.2,3.11,12.6,51,80,32,13.5
2009-04-29,0.0,10.3,25.3,17.9,2.53,9.8,49,74,26,13.6
2009-04-30,0.0,9.8,26.3,18.8,2.33,10.1,51,83,29,13.0
2009-05-01,0.8,14.7,22.1,18.3,3.82,11.9,48,64,33,13.5
2009-05-02,0.0,8.6,23.3,16.6,2.32,10.3,57,90,29,13.7
2009-05-03,0.0,7.6,24.7,17.0,1.89,10.1,53,90,25,13.7
2009-05-04,0.0,7.9,25.0,17.6,2.16,9.6,51,89,26,13.7
2009-05-05,0.0,9.5,25.4,18.3,2.02,11.0,51,81,30,13.8
2009-05-06,0.0,12.2,25.4,19.1,1.96,10.1,57,92,30,13.8
2009-05-07,0.0,11.2,26.7,19.7,1.93,9.9,48,78,27,13.8
2009-05-08,0.0,10.1,26.3,19.0,1.91,8.9,58,88,29,13.9
2009-05-09,0.0,11.8,23.4,18.4,1.37,7.3,70,93,46,3.1
2009-05-10,0.0,12.2,26.7,19.8,2.14,11.5,70,100,38,13.9
2009-05-11,0.0,13.1,27.0,20.2,1.98,9.8,65,94,40,14.0
2009-05-12,0.0,14.1,28.1,21.4,2.1,10.5,62,94,37,14.0
2009-05-13,1.5,14.9,26.2,20.3,1.56,9.8,66,94,38,13.7
2009-05-14,0.0,14.9,27.9,21.6,3.1,13.2,49,92,23,13.0
2009-05-15,0.0,12.1,26.7,20.0,2.75,10.6,42,76,19,14.0
2009-05-16,0.0,12.4,27.3,19.9,2.13,10.8,61,95,29,14.0
2009-05-17,0.0,13.9,29.1,21.4,1.69,10.3,54,87,25,13.0
2009-05-18,0.0,13.5,27.9,21.3,2.16,9.9,52,83,32,14.0
2009-05-19,0.0,13.3,27.2,20.6,1.73,9.9,54,83,30,14.0
2009-05-20,0.0,13.0,29.8,21.8,2.26,12.1,58,89,35,13.9
2009-05-21,0.0,14.6,32.8,23.8,2.13,10.0,55,89,27,13.4
2009-05-22,0.0,17.1,28.9,22.6,1.96,10.9,62,83,38,12.0
2009-05-23,0.2,16.8,30.5,23.8,2.42,11.9,55,86,31,14.0
2009-05-24,0.4,16.1,28.0,22.3,2.32,11.4,58,89,31,14.0
2009-05-25,0.0,12.6,29.0,21.6,1.72,10.2,53,90,27,14.0
2009-05-26,0.0,17.5,29.9,23.1,3.14,13.4,42,58,24,14.0
2009-05-27,0.0,16.0,25.4,20.6,2.8,10.6,60,87,39,14.0
2009-05-28,0.0,12.8,26.5,20.2,2.64,12.6,54,92,25,14.0
2009-05-29,0.0,13.0,28.7,21.5,2.85,12.7,44,67,24,14.0
2009-05-30,0.0,14.2,30.1,22.5,1.78,9.9,51,78,28,13.6
2009-05-31,0.8,17.3,28.4,22.5,1.9,10.0,63,89,40,13.4
2009-06-01,0.0,16.3,30.1,23.1,1.74,10.0,66,93,40,14.0
2009-06-02,0.0,16.3,29.6,22.4,2.04,10.7,71,98,40,14.0
2009-06-03,0.0,16.1,30.0,22.7,1.8,8.6,70,99,39,14.0
2009-06-04,0.0,18.5,32.2,24.4,1.61,9.1,66,96,31,14.0
2009-06-05,0.0,17.9,31.1,24.8,2.83,10.7,50,94,22,13.2
2009-06-06,0.0,16.8,28.2,23.5,3.28,11.3,38,68,24,14.0
2009-06-07,0.0,16.1,27.4,21.7,3.38,11.8,43,58,25,14.0
2009-06-08,0.2,14.9,30.1,22.9,1.43,10.1,48,81,22,12.4
2009-06-09,0.0,16.1,29.5,23.1,2.7,11.7,46,73,26,14.0
2009-06-10,0.0,15.2,31.6,24.0,1.87,9.1,49,85,23,13.8
2009-06-11,0.0,16.3,35.1,26.2,1.98,9.4,43,77,20,14.0
2009-06-12,0.0,18.6,32.3,25.5,2.42,10.5,38,59,20,14.0
2009-06-13,0.0,16.7,34.4,26.0,1.96,9.9,43,68,25,13.5
2009-06-14,0.0,19.6,35.2,27.8,2.62,11.4,45,71,25,14.0
2009-06-15,0.5,19.9,35.9,27.9,1.83,9.1,44,70,25,13.4
2009-06-16,0.0,21.9,33.1,27.5,2.32,10.8,53,74,36,12.6
2009-06-17,0.0,19.0,34.0,26.5,1.99,10.6,55,87,27,14.0
2009-06-18,0.0,18.7,33.5,26.5,1.87,9.7,51,87,24,13.9
2009-06-19,0.0,22.1,37.1,29.4,1.89,9.5,35,65,16,14.0
2009-06-20,0.0,21.3,32.4,26.1,2.47,10.6,49,76,25,14.0
2009-06-21,0.0,20.5,29.5,24.5,2.36,10.5,68,91,46,14.0
2009-06-22,0.0,19.0,29.1,23.8,2.41,9.7,67,94,45,13.0
2009-06-23,0.0,18.7,31.8,24.7,2.11,11.2,63,85,39,14.0
2009-06-24,0.0,19.9,34.7,26.6,1.95,10.3,60,89,27,13.7
2009-06-25,0.0,21.3,35.8,29.0,2.22,9.4,36,74,15,14.0
2009-06-26,0.0,23.0,33.8,28.2,3.39,11.6,30,48,18,14.0
2009-06-27,0.0,19.6,32.1,26.7,2.49,10.4,38,64,28,14.0
2009-06-28,0.0,18.0,35.1,27.3,1.74,8.6,52,93,21,14.0
2009-06-29,0.0,20.3,34.5,27.9,1.95,9.7,44,70,25,14.0
2009-06-30,0.0,20.3,34.8,27.5,1.53,9.1,52,83,25,14.0
2009-07-01,0.0,20.6,34.8,27.5,1.74,9.6,53,80,27,14.0
2009-07-02,0.0,20.9,37.4,29.1,1.65,9.4,56,90,28,14.0
2009-07-03,0.0,22.8,35.5,28.8,2.03,10.2,55,81,31,14.0
2009-07-04,0.0,21.0,38.6,30.3,1.96,11.7,48,88,19,14.0
2009-07-05,0.0,21.7,38.3,30.3,2.23,11.7,35,62,16,14.0
2009-07-06,0.0,23.0,36.1,29.4,2.33,12.8,35,55,20,13.3
2009-07-07,0.0,22.5,34.6,28.0,2.17,12.0,53,69,28,14.0
2009-07-08,0.0,22.0,33.0,26.8,2.69,11.6,69,95,38,13.6
2009-07-09,2.2,22.2,28.0,25.4,2.43,9.6,78,96,64,13.6
2009-07-10,0.0,21.5,31.1,25.9,2.21,9.8,72,97,46,12.8
2009-07-11,0.0,20.6,32.0,25.9,2.09,10.5,69,98,38,12.5
2009-07-12,0.0,19.7,35.1,27.5,2.0,10.7,62,98,26,14.0
2009-07-13,0.0,19.4,35.9,28.1,2.16,9.8,57,89,26,14.0
2009-07-14,1.1,22.1,36.5,29.1,1.4,10.1,59,94,25,14.0
2009-07-15,0.0,20.7,35.0,28.6,2.45,10.6,53,84,22,14.0
2009-07-16,0.0,20.3,33.4,27.1,2.13,9.3,67,97,42,14.0
2009-07-17,0.0,20.8,38.6,30.4,2.3,9.6,43,93,14,14.0
2009-07-18,0.0,21.3,30.4,25.9,2.94,12.5,40,69,24,14.0
2009-07-19,0.0,19.4,30.4,24.6,2.31,11.0,60,89,33,13.9
2009-07-20,0.0,18.4,31.0,24.8,2.1,10.8,61,89,37,13.6
2009-07-21,0.0,19.4,34.1,26.5,1.87,11.1,62,94,30,13.6
2009-07-22,0.0,20.0,40.0,29.8,2.04,12.6,53,91,20,13.9
2009-07-23,0.0,21.1,40.8,32.1,1.52,8.2,39,79,14,13.9
2009-07-24,0.0,22.5,41.1,32.9,1.65,8.7,29,48,17,13.9
2009-07-25,0.0,23.0,31.9,27.7,3.37,12.8,46,71,34,13.9
2009-07-26,0.0,20.3,33.3,26.6,2.07,10.0,58,84,32,13.6
2009-07-27,0.0,21.1,37.7,29.1,1.27,8.3,54,82,24,13.9
2009-07-28,0.0,22.2,33.2,27.4,2.1,10.2,66,92,41,13.8
2009-07-29,0.0,21.0,37.5,28.8,1.5,8.5,63,96,29,13.8
2009-07-30,0.0,21.2,35.2,28.1,2.78,12.0,49,79,21,13.8
2009-07-31,0.0,22.1,32.1,26.6,1.92,10.0,69,92,44,12.9
2009-08-01,0.0,22.1,34.6,27.6,2.16,11.1,66,96,32,13.2
2009-08-02,0.0,21.9,33.5,27.6,2.75,11.7,49,78,33,13.8
2009-08-03,0.0,22.3,33.5,27.2,1.96,10.6,70,96,38,11.6
2009-08-04,0.0,22.5,32.8,26.8,2.21,10.2,66,90,39,13.2
2009-08-05,0.0,20.2,34.4,27.2,2.26,11.1,63,95,30,13.6
2009-08-06,0.0,20.3,35.4,27.9,1.76,9.1,64,97,30,13.6
2009-08-07,0.0,22.5,33.3,27.5,2.09,9.7,69,92,44,13.6
2009-08-08,0.5,23.2,30.9,26.5,2.01,8.8,71,90,47,12.7
2009-08-09,0.0,22.0,31.1,26.5,2.24,9.7,69,94,47,13.0
2009-08-10,1.0,22.6,30.7,26.2,3.18,12.5,68,89,43,8.4
2009-08-11,0.2,23.7,31.9,27.1,3.35,12.1,60,77,41,11.5
2009-08-12,0.0,21.8,33.3,27.5,2.66,9.3,50,69,34,13.2
2009-08-13,0.0,20.0,33.8,27.1,1.93,10.5,51,81,28,13.2
2009-08-14,0.0,19.4,34.3,27.4,2.05,10.5,48,75,29,13.2
2009-08-15,0.0,19.1,34.5,27.4,2.19,9.9,48,77,24,13.2
2009-08-16,0.0,18.9,34.2,26.9,1.83,9.8,55,83,30,13.2
2009-08-17,0.0,18.8,35.2,27.5,1.82,9.6,55,95,23,13.1
2009-08-18,0.0,18.2,34.2,27.0,2.1,10.6,49,82,25,13.1
2009-08-19,0.0,18.9,35.4,27.5,1.95,9.2,49,80,21,13.0
2009-08-20,0.0,19.3,35.7,27.9,2.12,10.2,49,81,22,12.9
2009-08-21,0.0,20.5,34.7,27.6,1.84,10.6,54,83,25,12.9
2009-08-22,0.0,19.2,35.0,27.6,1.86,10.3,54,92,23,12.8
2009-08-23,0.0,18.6,34.9,27.4,1.95,10.1,45,73,20,12.8
2009-08-24,0.0,18.0,34.7,27.0,1.99,10.3,51,82,21,12.7
2009-08-25,0.0,20.2,35.4,28.3,1.7,7.7,51,93,16,12.2
2009-08-26,0.0,21.3,32.0,26.7,2.11,8.0,64,93,41,12.4
2009-08-27,0.0,20.1,33.2,27.0,2.01,9.8,66,98,38,12.3
2009-08-28,0.0,20.4,33.2,26.8,1.89,10.2,64,93,37,12.3
2009-08-29,0.2,20.6,32.0,26.2,2.11,10.5,71,96,45,12.1
2009-08-30,0.0,21.5,32.4,26.4,2.05,9.8,70,96,40,12.1
2009-08-31,0.0,20.9,32.8,26.3,2.17,9.9,70,94,40,12.1
2009-09-01,0.0,19.4,33.1,26.3,2.1,10.0,69,97,38,12.1
2009-09-02,0.0,22.6,32.8,27.2,1.43,8.5,72,98,45,12.0
2009-09-03,0.0,19.7,36.7,28.3,1.9,9.7,51,93,17,12.0
2009-09-04,0.0,20.2,36.8,28.5,1.72,9.1,45,70,20,12.0
2009-09-05,0.5,22.5,30.7,26.2,2.86,11.2,72,91,48,11.3
2009-09-06,0.4,22.3,29.0,25.2,2.96,9.8,72,89,51,11.6
2009-09-07,0.0,18.5,30.3,24.3,2.58,11.6,68,94,42,12.0
2009-09-08,0.0,18.2,29.8,24.1,2.48,10.5,63,89,38,12.0
2009-09-09,0.0,17.0,29.7,23.6,2.08,9.5,65,95,36,12.0
2009-09-10,0.0,16.3,30.8,23.7,1.99,9.9,60,95,26,12.0
2009-09-11,0.0,16.0,29.2,23.1,2.26,10.7,57,78,33,11.4
2009-09-12,0.1,16.7,30.3,23.6,1.75,9.0,63,94,27,12.0
2009-09-13,2.1,19.6,28.7,23.7,1.42,9.9,67,86,43,8.0
2009-09-14,1.2,19.1,30.1,24.1,1.58,10.1,62,89,32,9.1
2009-09-15,9.2,16.6,23.6,19.9,1.47,7.0,76,88,58,9.5
2009-09-16,11.0,16.8,23.7,19.3,1.29,7.6,80,94,52,10.3
2009-09-17,0.4,15.3,23.5,19.2,2.02,12.4,78,97,57,12.0
2009-09-18,0.0,12.2,25.2,18.8,2.04,8.8,70,91,36,12.0
2009-09-19,0.0,13.9,26.7,20.2,2.17,9.1,61,87,34,12.0
2009-09-20,0.2,16.0,24.7,20.5,1.65,5.7,61,75,42,8.3
2009-09-21,0.1,14.1,25.8,19.9,2.18,8.5,64,92,33,12.0
2009-09-22,2.3,13.8,26.0,19.7,2.16,9.9,69,93,36,7.1
2009-09-23,4.6,18.4,23.0,20.3,2.87,10.8,79,86,70,9.6
2009-09-24,0.0,17.0,26.9,21.3,2.02,6.6,73,93,45,11.8
2009-09-25,0.0,13.8,28.6,21.2,1.77,7.6,66,96,31,11.9
2009-09-26,0.0,12.8,26.4,20.3,2.01,9.0,68,89,45,10.3
2009-09-27,17.5,19.2,21.8,20.2,2.75,11.4,85,93,77,4.7
2009-09-28,23.3,17.8,19.5,18.6,2.4,7.8,93,97,90,0.0
2009-09-29,7.9,17.6,23.0,19.3,1.64,7.5,88,98,67,9.0
2009-09-30,0.4,16.2,23.9,19.8,1.33,4.8,84,100,63,10.9
2009-10-01,0.0,14.4,26.6,20.7,1.65,7.0,75,98,48,11.2
2009-10-02,0.0,17.3,27.9,22.0,2.45,8.8,66,82,41,11.5
2009-10-03,0.0,14.9,28.0,21.0,1.61,6.0,67,86,36,11.6
2009-10-04,0.0,13.8,28.0,20.9,1.41,6.2,76,98,45,11.4
2009-10-05,0.0,13.8,28.0,21.0,1.3,6.8,75,100,40,11.4
2009-10-06,0.0,13.2,29.2,21.0,1.24,5.4,70,96,35,11.4
2009-10-07,0.0,14.6,27.8,21.2,1.22,6.6,78,97,52,10.9
2009-10-08,0.0,16.7,28.4,22.8,1.03,6.3,75,99,48,10.9
2009-10-09,0.0,16.5,27.6,21.9,1.69,6.5,75,94,46,11.0
2009-10-10,0.0,16.8,27.8,21.9,1.2,6.2,81,100,46,10.5
2009-10-11,0.1,18.4,25.9,21.8,1.31,7.3,79,98,51,10.7
2009-10-12,0.0,14.3,27.9,21.0,1.11,4.8,73,99,39,10.9
2009-10-13,1.1,15.5,22.9,19.4,2.01,9.2,80,98,58,10.5
2009-10-14,0.0,12.7,24.6,19.0,1.34,6.4,73,97,49,10.6
2009-10-15,0.0,14.3,25.3,19.5,1.04,7.8,78,100,45,10.4
2009-10-16,12.8,16.6,18.3,17.2,2.47,10.1,89,96,78,1.4
2009-10-17,0.0,15.3,22.9,18.4,1.26,6.1,74,93,50,10.1
2009-10-18,0.0,10.9,22.2,16.5,1.89,9.6,81,100,53,10.7
2009-10-19,0.5,14.5,20.0,16.9,2.04,8.5,83,96,68,6.6
2009-10-20,0.0,15.1,21.3,17.7,1.72,8.7,75,89,58,7.3
2009-10-21,1.2,15.1,22.3,17.9,2.16,8.8,65,93,33,9.5
2009-10-22,1.1,13.0,23.3,17.9,3.79,18.3,58,85,31,10.2
2009-10-23,0.0,13.0,24.2,18.0,2.68,7.8,53,65,36,10.5
2009-10-24,0.0,14.9,27.9,20.4,2.38,6.8,58,73,38,10.3
2009-10-25,0.0,15.7,27.0,21.0,1.96,7.5,64,81,43,10.3
2009-10-26,0.0,15.4,25.7,20.2,1.33,6.4,76,95,47,10.2
2009-10-27,0.0,13.1,24.9,19.0,1.26,6.7,82,100,52,10.1
2009-10-28,0.0,15.5,23.7,18.7,1.29,6.6,83,100,54,10.0
2009-10-29,0.0,11.2,27.1,18.7,1.27,5.0,77,100,40,10.0
2009-10-30,0.0,13.3,30.3,20.8,1.3,4.7,67,92,32,10.1
2009-10-31,0.0,13.7,26.7,19.6,1.43,6.9,75,96,47,9.5
2009-11-01,0.0,17.2,24.4,19.9,1.26,6.9,84,99,58,10.0
2009-11-02,0.0,14.2,27.0,20.4,2.43,10.5,67,96,37,10.1
2009-11-03,0.0,11.6,26.1,18.5,2.3,8.5,52,70,33,10.0
2009-11-04,0.0,11.3,25.1,17.9,2.83,12.4,56,80,37,10.0
2009-11-05,0.0,12.7,20.1,15.7,3.96,14.6,50,74,28,9.9
2009-11-06,0.0,12.3,20.9,16.1,4.69,18.1,47,56,31,9.9
2009-11-07,0.0,12.3,25.7,18.1,3.56,14.3,56,88,25,9.9
2009-11-08,0.0,12.5,19.7,15.9,4.58,16.4,42,54,27,9.9
2009-11-09,0.0,12.9,19.3,15.8,7.05,20.9,34,45,22,9.9
2009-11-10,0.0,11.0,21.3,15.4,3.82,12.5,41,63,29,9.3
2009-11-11,0.0,9.1,23.6,15.7,1.96,5.7,57,82,29,9.9
2009-11-12,0.0,8.3,23.6,15.1,1.74,5.7,61,83,31,9.8
2009-11-13,0.0,7.2,22.8,14.6,1.25,5.5,67,89,34,9.6
2009-11-14,0.0,9.0,26.2,16.8,1.14,6.3,62,93,26,9.8
2009-11-15,0.0,8.5,26.2,16.7,1.83,9.9,58,82,28,9.8
2009-11-16,0.0,10.0,27.4,17.9,1.6,7.2,57,79,27,9.8
2009-11-17,0.0,9.5,25.2,17.7,0.99,5.3,58,89,27,9.4
2009-11-18,0.0,10.2,24.0,16.2,1.65,6.1,60,81,35,8.8
2009-11-19,0.0,8.7,21.1,14.9,1.19,5.3,77,97,45,9.5
2009-11-20,0.0,10.1,21.1,15.3,1.11,6.1,82,100,50,9.8
2009-11-21,0.0,11.9,20.2,15.4,1.15,7.0,85,100,58,8.9
2009-11-22,1.2,9.5,22.8,15.3,1.91,7.1,72,98,41,9.2
2009-11-23,0.0,9.7,20.7,15.0,2.22,8.2,48,67,29,9.7
2009-11-24,0.0,5.0,20.1,12.3,1.45,6.7,66,88,32,9.7
2009-11-25,0.0,3.9,20.4,11.8,1.36,5.9,72,97,39,9.7
2009-11-26,0.0,9.6,20.6,14.9,1.71,6.5,66,89,42,9.1
2009-11-27,0.0,8.9,19.9,14.6,2.42,8.5,65,95,32,9.1
2009-11-28,0.0,8.0,18.1,13.0,2.27,7.2,58,82,34,9.2
2009-11-29,3.5,6.7,16.7,11.5,1.31,9.5,81,92,59,0.9
2009-11-30,0.0,7.5,14.4,10.6,4.18,13.5,51,84,30,9.6
2009-12-01,0.0,8.5,15.4,11.4,4.65,15.3,44,57,31,9.6
2009-12-02,0.0,5.1,18.7,11.5,1.54,5.2,71,94,47,9.4
2009-12-03,0.0,8.7,17.4,12.8,3.53,14.9,66,94,37,9.5
2009-12-04,0.0,9.0,19.3,13.3,3.3,10.2,49,65,31,9.5
2009-12-05,0.0,5.5,18.5,11.0,2.14,7.4,62,86,30,9.5
2009-12-06,0.0,3.6,19.0,10.3,1.63,4.5,66,89,31,9.5
2009-12-07,0.0,4.6,19.8,11.0,1.85,5.6,63,88,27,8.8
2009-12-08,0.0,7.3,20.4,12.6,1.96,6.3,74,95,42,8.7
2009-12-09,0.0,8.0,19.9,13.1,1.73,6.6,69,92,37,9.4
2009-12-10,0.0,4.8,17.4,11.0,1.28,4.9,77,95,53,9.4
2009-12-11,0.0,4.1,18.2,10.5,1.19,4.3,77,98,43,9.4
2009-12-12,0.0,4.6,17.8,10.3,1.6,4.5,75,92,43,9.4
2009-12-13,0.6,8.1,14.0,10.4,2.06,8.6,80,97,57,3.4
2009-12-14,22.3,4.7,9.1,6.5,4.62,18.9,87,91,82,1.5
2009-12-15,0.3,3.2,8.6,5.5,5.42,16.8,53,76,37,9.4
2009-12-16,0.5,0.4,11.2,4.8,1.39,6.8,68,92,56,7.0
2009-12-17,0.0,3.4,18.2,9.6,2.0,9.8,75,95,41,9.4
2009-12-18,3.1,2.6,13.1,7.8,1.32,5.3,84,97,63,5.3
2009-12-19,14.5,0.6,8.9,5.2,2.45,8.7,74,98,39,6.2
2009-12-20,0.0,-2.7,8.3,2.4,1.74,5.4,53,73,29,9.4
2009-12-21,5.1,2.9,12.7,7.2,1.22,10.3,84,96,57,3.6
2009-12-22,3.4,9.5,17.2,12.8,2.93,12.2,85,97,57,4.8
2009-12-23,2.9,7.6,19.2,13.0,3.54,15.7,81,94,58,6.3
2009-12-24,16.4,13.2,17.3,15.8,3.43,14.6,89,96,78,1.5
2009-12-25,6.1,8.7,15.8,12.1,2.09,7.5,80,93,61,6.5
2009-12-26,4.8,10.6,15.1,12.1,1.18,8.4,90,96,79,1.9
2009-12-27,0.0,6.3,14.7,10.7,2.91,14.2,72,95,54,9.4
2009-12-28,0.9,5.8,17.2,10.7,1.21,8.0,85,100,54,7.1
2009-12-29,0.0,10.6,22.2,15.2,2.0,8.3,85,93,69,8.2
2009-12-30,0.1,10.5,20.4,14.7,1.64,6.3,83,95,67,9.0
2009-12-31,0.0,8.8,16.9,12.5,3.21,12.1,74,90,52,8.0
2010-01-01,0.0,5.6,15.3,10.7,3.68,13.4,57,79,42,9.4
2010-01-02,0.0,2.8,14.9,8.5,1.53,5.3,78,95,54,9.3
2010-01-03,0.3,2.9,14.8,8.6,1.13,8.6,85,97,65,7.2
2010-01-04,0.2,7.3,14.9,10.6,1.22,5.6,91,98,74,5.4
2010-01-05,0.2,8.2,16.6,11.5,1.79,9.7,84,99,55,8.6
2010-01-06,0.0,3.7,14.6,8.9,1.4,5.0,76,94,50,9.4
2010-01-07,25.2,5.8,9.0,7.1,2.48,10.3,89,93,79,0.3
2010-01-08,0.3,3.4,7.5,5.4,5.98,18.4,57,83,32,7.5
2010-01-09,0.0,2.8,8.5,4.9,5.53,16.5,40,51,29,9.5
2010-01-10,1.4,-2.9,8.4,2.5,1.51,5.8,70,93,46,7.6
2010-01-11,0.3,1.9,11.3,5.5,1.44,6.4,86,98,65,9.0
2010-01-12,1.7,0.8,10.8,6.0,1.46,7.0,93,99,82,0.6
2010-01-13,1.5,8.3,13.8,10.8,3.0,15.9,72,94,64,6.4
2010-01-14,0.3,7.9,16.2,11.8,4.73,22.0,73,99,45,9.3
2010-01-15,0.0,7.3,16.3,11.8,4.56,17.2,56,81,41,9.6
2010-01-16,0.0,3.9,17.4,9.7,1.59,4.4,78,93,49,9.0
2010-01-17,0.0,6.2,18.3,11.4,1.68,5.6,81,93,56,6.6
2010-01-18,0.0,4.4,15.9,10.4,1.3,6.2,87,98,68,9.6
2010-01-19,0.5,4.7,17.4,10.8,1.34,3.9,88,100,63,9.2
2010-01-20,0.0,7.3,16.9,12.1,3.16,14.8,75,97,49,9.6
2010-01-21,0.0,5.8,16.2,11.3,2.15,9.5,70,90,47,9.4
2010-01-22,0.0,3.6,16.6,9.9,1.4,4.9,78,98,50,9.4
2010-01-23,0.3,7.0,13.6,10.0,1.95,8.0,86,97,66,5.7
2010-01-24,0.0,7.3,14.6,10.6,2.33,8.0,78,94,52,7.8
2010-01-25,1.2,9.0,12.9,10.4,3.06,10.1,76,84,63,7.3
2010-01-26,18.4,7.9,11.5,9.5,4.59,17.9,83,89,71,4.2
2010-01-27,3.0,3.2,9.2,6.3,2.57,10.4,82,91,71,8.7
2010-01-28,0.0,0.8,14.0,6.6,2.39,7.2,69,90,36,9.7
2010-01-29,0.0,5.3,15.6,9.2,3.29,10.4,56,65,42,9.7
2010-01-30,0.0,7.0,14.8,10.4,3.73,12.1,57,74,41,9.8
2010-01-31,0.0,3.4,14.7,8.9,2.86,10.2,65,88,42,9.8
2010-02-01,0.0,4.9,13.7,8.9,2.67,10.2,66,84,43,9.8
2010-02-02,0.0,4.0,12.4,8.5,1.44,6.4,73,90,55,9.9
2010-02-03,0.0,-0.4,13.1,6.6,1.29,5.3,78,98,51,9.8
2010-02-04,5.6,4.9,14.9,8.8,1.47,6.9,90,97,69,3.2
2010-02-05,0.0,6.9,19.3,11.9,2.38,10.1,75,95,45,9.9
2010-02-06,0.0,5.4,18.1,10.8,2.62,9.4,71,90,44,10.1
2010-02-07,0.0,6.0,17.7,11.2,1.66,5.5,74,88,49,9.7
2010-02-08,2.2,7.3,14.5,10.4,0.99,8.0,88,98,72,3.3
2010-02-09,0.0,5.6,15.8,10.6,4.02,15.1,70,93,46,10.2
2010-02-10,0.0,5.5,14.2,9.3,2.56,9.1,66,89,41,7.3
2010-02-11,0.0,6.2,11.1,8.4,3.9,12.7,53,83,30,10.5
2010-02-12,0.0,2.4,10.0,5.9,3.3,12.1,41,58,36,10.1
2010-02-13,4.4,4.1,8.9,6.1,2.05,8.9,71,89,59,3.5
2010-02-14,0.5,2.5,10.0,6.4,1.63,5.3,76,92,54,7.1
2010-02-15,11.8,6.3,7.7,7.0,2.58,7.8,85,91,78,0.0
2010-02-16,2.6,5.9,11.6,8.2,1.16,5.1,89,97,84,0.9
2010-02-17,2.1,5.0,16.6,10.3,2.03,11.1,80,99,48,10.1
2010-02-18,7.7,2.3,12.9,9.0,1.95,10.4,83,96,65,2.8
2010-02-19,2.1,4.9,14.8,9.6,2.69,12.7,81,99,52,3.8
2010-02-20,0.0,1.5,15.1,8.6,2.51,9.1,60,86,33,10.7
2010-02-21,4.1,4.3,15.0,8.8,1.8,9.7,80,98,65,6.0
2010-02-22,0.1,6.9,19.9,12.6,2.5,16.0,76,98,43,10.8
2010-02-23,0.0,8.4,20.0,13.6,2.22,13.8,65,82,40,10.8
2010-02-24,0.0,8.8,20.5,14.4,2.87,12.7,62,84,38,10.8
2010-02-25,0.0,4.5,21.1,13.0,2.15,9.5,72,93,48,10.8
2010-02-26,0.0,9.6,18.3,14.2,1.57,5.6,78,94,61,5.8
2010-02-27,0.0,9.3,18.6,13.9,1.61,8.7,81,95,68,7.5
2010-02-28,0.0,12.3,17.4,15.0,2.42,10.5,61,85,51,3.5
2010-03-01,0.0,6.1,18.3,12.5,1.27,7.3,67,95,38,10.9
2010-03-02,10.7,5.5,15.0,10.4,2.39,11.0,75,96,51,0.3
2010-03-03,8.8,10.3,19.2,13.8,2.09,8.6,76,97,43,10.5
2010-03-04,0.0,7.2,20.1,13.4,1.78,9.1,72,92,44,11.0
2010-03-05,0.0,7.4,14.3,10.9,2.7,10.2,77,93,58,3.0
2010-03-06,0.8,8.6,12.3,10.5,3.57,11.3,66,84,53,3.4
2010-03-07,0.1,8.2,13.5,10.8,2.16,8.4,74,88,63,5.7
2010-03-08,1.1,5.9,11.7,9.3,2.98,11.6,72,99,33,10.0
2010-03-09,0.5,5.1,14.1,8.7,2.76,9.8,42,51,32,11.0
2010-03-10,0.0,3.2,13.7,7.9,2.67,10.7,43,68,30,11.5
2010-03-11,0.2,-0.3,13.3,6.9,1.63,7.0,67,91,39,10.8
2010-03-12,2.2,5.2,12.1,8.2,1.68,5.7,80,93,56,4.8
2010-03-13,0.1,3.8,13.1,8.9,1.74,6.9,68,91,41,11.5
2010-03-14,0.0,1.5,14.2,8.5,1.4,5.8,72,98,41,11.6
2010-03-15,0.0,0.5,15.7,8.5,1.45,6.5,71,97,41,11.7
2010-03-16,0.0,0.1,15.7,8.5,1.74,8.4,73,96,45,11.7
2010-03-17,0.0,3.5,17.0,9.9,2.27,9.7,70,96,44,11.0
2010-03-18,0.0,3.4,17.3,10.4,1.34,6.5,74,94,51,10.2
2010-03-19,1.3,6.3,19.6,13.1,1.31,5.5,83,97,65,7.9
2010-03-20,0.0,7.9,21.8,14.9,2.13,10.6,76,97,51,0.0
2010-03-21,3.6,11.6,17.9,14.7,1.14,6.4,84,95,62,0.0
2010-03-22,1.1,9.4,21.7,15.7,1.71,7.4,73,95,43,11.8
2010-03-23,0.0,8.9,18.5,13.7,1.91,8.9,80,93,63,8.0
2010-03-24,0.3,9.7,17.6,13.1,1.66,7.4,83,99,59,8.3
2010-03-25,0.0,10.7,19.3,14.5,1.57,8.8,83,99,61,9.3
2010-03-26,0.0,7.5,20.7,14.0,1.93,7.4,70,97,40,11.4
2010-03-27,0.0,5.7,21.2,13.8,2.08,7.9,61,88,36,12.0
2010-03-28,0.0,6.3,20.7,13.8,1.88,9.1,69,93,41,12.0
2010-03-29,0.0,6.1,24.1,15.1,1.85,11.3,67,96,33,12.0
2010-03-30,0.0,10.9,21.1,15.6,3.42,12.0,52,80,29,12.0
2010-03-31,0.0,6.8,19.7,13.7,2.27,10.3,58,86,34,12.1
2010-04-01,0.0,6.7,20.4,13.4,2.48,9.8,58,89,29,12.0
2010-04-02,0.0,5.3,20.5,13.3,1.94,8.8,68,97,33,12.0
2010-04-03,0.0,6.2,21.5,14.3,1.56,7.4,74,98,43,12.0
2010-04-04,0.0,11.5,20.7,15.0,3.93,14.0,52,89,23,12.1
2010-04-05,0.0,6.2,17.4,12.3,2.79,13.1,59,87,37,7.9
2010-04-06,0.1,9.4,21.3,14.6,2.39,8.2,56,76,46,11.2
2010-04-07,0.1,10.8,24.5,16.6,1.97,10.3,66,92,31,12.1
2010-04-08,0.0,10.0,20.0,14.3,1.64,9.9,71,97,41,12.2
2010-04-09,0.0,7.2,20.0,13.8,1.92,10.3,66,97,34,12.2
2010-04-10,0.0,6.8,19.0,13.3,2.93,12.9,63,86,41,12.3
2010-04-11,0.0,6.3,21.3,14.0,1.91,7.7,59,89,28,10.7
2010-04-12,0.7,7.9,20.3,14.7,2.05,9.3,63,88,40,12.0
2010-04-13,1.5,12.6,16.3,14.1,2.98,10.0,80,95,62,0.4
2010-04-14,0.9,12.5,17.7,14.5,3.04,9.4,72,84,56,4.4
2010-04-15,0.8,8.9,17.7,13.4,1.88,7.2,74,90,56,7.5
2010-04-16,0.0,9.9,18.1,13.9,1.59,7.8,76,96,53,4.9
2010-04-17,0.4,10.1,18.1,14.1,2.07,9.8,76,92,55,10.0
2010-04-18,4.5,12.0,19.5,14.9,2.1,10.1,83,97,64,10.0
2010-04-19,0.0,8.6,22.7,16.3,1.67,7.4,70,100,38,12.8
2010-04-20,0.0,9.9,23.8,16.6,1.73,8.1,66,90,38,10.5
2010-04-21,0.0,8.8,23.1,16.4,1.95,9.1,63,94,35,9.4
2010-04-22,10.4,12.3,21.0,15.9,1.43,7.9,78,93,57,7.7
2010-04-23,0.1,9.5,24.1,17.7,1.87,7.9,70,98,40,12.7
2010-04-24,0.0,11.4,24.7,18.5,1.53,7.8,70,94,43,13.1
2010-04-25,0.3,13.8,24.7,18.8,1.78,9.9,74,94,50,11.6
2010-04-26,0.0,11.9,25.6,19.4,1.72,8.9,63,95,35,13.4
2010-04-27,0.0,10.7,29.4,20.6,1.86,10.1,54,90,28,13.5
2010-04-28,0.0,13.8,25.5,19.8,2.27,10.4,59,89,35,13.5
2010-04-29,0.0,12.4,25.7,19.3,1.77,9.8,50,77,30,13.3
2010-04-30,0.0,11.8,27.3,19.8,1.86,9.8,56,88,28,12.5
2010-05-01,3.1,14.3,27.2,20.7,1.32,9.7,63,89,36,13.2
2010-05-02,0.2,14.4,23.9,19.3,1.82,9.1,75,99,50,12.4
2010-05-03,7.5,14.7,22.1,17.7,2.86,16.7,68,96,37,12.6
2010-05-04,0.0,10.6,17.8,14.5,6.48,18.8,35,47,24,13.2
2010-05-05,0.0,10.5,20.9,15.5,5.09,15.4,36,48,25,10.4
2010-05-06,0.0,7.5,22.7,15.2,2.39,10.5,49,73,25,11.8
2010-05-07,0.9,12.2,21.3,16.7,2.13,10.4,68,90,48,12.9
2010-05-08,0.0,9.1,24.1,17.3,2.19,11.7,63,93,32,13.9
2010-05-09,2.5,12.7,25.9,18.8,1.69,11.2,70,98,41,13.9
2010-05-10,0.0,12.6,24.6,19.3,1.9,8.0,55,83,34,13.9
2010-05-11,2.2,11.9,24.4,18.8,1.87,9.6,57,84,37,13.4
2010-05-12,0.1,10.6,23.3,17.7,2.86,11.8,53,85,25,14.0
2010-05-13,0.1,9.8,21.8,16.6,2.09,8.8,50,76,32,14.0
2010-05-14,1.5,9.0,19.7,15.3,4.16,16.5,46,79,19,14.0
2010-05-15,0.0,11.3,24.1,17.7,3.76,12.4,41,69,20,14.0
2010-05-16,0.0,8.6,24.8,17.2,2.35,9.6,41,69,21,14.0
2010-05-17,0.0,9.3,25.3,17.6,1.8,11.5,60,94,28,14.0
2010-05-18,0.0,9.0,25.3,18.2,1.9,9.1,53,89,31,14.0
2010-05-19,0.0,10.2,28.5,19.9,1.98,12.4,48,85,23,14.0
2010-05-20,0.0,12.5,23.9,18.3,2.36,10.2,61,96,34,14.0
2010-05-21,0.0,10.2,26.7,19.3,2.35,11.2,53,91,24,14.0
2010-05-22,0.0,11.6,26.0,19.5,2.5,11.4,52,75,32,14.0
2010-05-23,0.0,12.3,26.6,20.1,2.15,10.6,48,80,26,14.0
2010-05-24,0.0,14.4,26.2,20.5,2.25,11.7,49,74,28,14.0
2010-05-25,0.0,12.0,28.9,21.3,1.96,10.7,51,88,22,14.0
2010-05-26,0.0,14.1,31.5,23.5,1.8,11.0,48,85,22,13.5
2010-05-27,4.2,16.5,29.2,22.9,1.9,9.5,54,76,33,13.3
2010-05-28,5.5,15.3,26.5,20.1,1.19,7.6,70,93,37,12.3
2010-05-29,0.0,12.8,27.1,20.0,1.86,9.5,70,98,35,14.0
2010-05-30,0.0,13.6,31.5,23.3,1.88,9.2,57,94,26,14.0
2010-05-31,0.0,16.2,35.6,26.8,1.98,8.6,45,82,21,14.0
2010-06-01,0.0,18.8,35.3,27.4,1.94,12.3,44,72,24,14.0
2010-06-02,0.0,19.4,30.7,25.2,2.37,10.6,53,81,32,12.0
2010-06-03,0.3,18.7,30.3,24.4,1.8,10.3,56,77,37,13.5
2010-06-04,0.2,18.5,31.0,24.8,1.96,9.6,62,90,40,14.0
2010-06-05,0.0,18.7,31.4,24.6,2.2,11.2,59,92,29,13.5
2010-06-06,0.0,17.6,31.9,24.8,1.86,8.6,51,82,26,13.9
2010-06-07,0.0,18.1,28.3,23.1,2.0,9.0,64,85,43,14.0
2010-06-08,0.0,17.1,31.2,24.4,1.86,10.8,64,95,38,14.0
2010-06-09,1.6,20.9,28.1,23.9,1.78,7.7,54,73,37,9.4
2010-06-10,0.4,18.0,28.8,23.4,2.05,10.9,51,83,22,14.0
2010-06-11,0.0,17.2,28.0,22.6,2.63,9.0,39,66,21,14.0
2010-06-12,0.6,15.2,27.5,22.4,2.14,9.8,42,71,27,13.8
2010-06-13,0.3,16.4,26.8,21.7,1.87,9.1,58,84,36,12.3
2010-06-14,3.0,16.2,24.3,20.3,1.42,6.4,67,88,43,8.9
2010-06-15,8.5,16.3,23.3,19.3,1.19,9.0,77,91,59,12.9
2010-06-16,0.0,13.3,26.0,20.0,1.63,7.3,64,98,31,14.0
2010-06-17,0.0,13.9,26.9,20.4,2.36,10.3,58,81,34,14.0
2010-06-18,0.1,16.6,27.2,21.5,1.83,8.7,68,91,41,14.0
2010-06-19,0.0,15.8,30.7,24.0,2.71,9.4,52,95,21,14.0
2010-06-20,0.0,18.0,31.1,24.4,3.13,11.5,42,64,23,14.0
2010-06-21,0.0,14.6,28.1,21.4,2.19,11.9,54,80,31,14.0
2010-06-22,0.0,14.3,30.1,22.6,1.84,10.8,58,90,30,14.0
2010-06-23,0.0,15.7,29.5,22.7,2.17,9.9,60,91,32,14.0
2010-06-24,0.0,14.9,30.5,23.0,2.27,11.0,54,88,24,14.0
2010-06-25,0.0,15.4,30.7,23.8,2.29,10.5,46,82,23,14.0
2010-06-26,0.0,15.3,30.9,24.1,2.27,10.6,41,67,27,14.0
2010-06-27,0.9,15.2,29.7,23.7,2.33,10.1,48,81,26,14.0
2010-06-28,0.5,17.2,30.0,24.0,2.08,10.3,51,83,25,12.9
2010-06-29,0.0,16.0,32.6,25.0,1.9,10.7,42,72,21,14.0
2010-06-30,0.0,16.9,33.5,26.1,2.01,11.2,42,74,19,14.0
2010-07-01,0.0,18.2,34.3,26.8,1.97,11.1,44,73,21,14.0
2010-07-02,0.0,18.7,32.9,26.7,2.28,10.7,53,87,30,14.0
2010-07-03,0.0,19.3,31.2,26.3,1.64,9.6,54,80,34,12.0
2010-07-04,0.0,19.9,33.6,26.6,2.78,13.3,55,92,22,12.3
2010-07-05,0.0,19.0,34.3,26.9,2.66,11.9,47,69,25,14.0
2010-07-06,0.0,19.2,32.7,26.5,2.22,10.7,56,85,33,14.0
2010-07-07,0.0,17.9,33.2,26.4,1.91,10.3,56,89,30,14.0
2010-07-08,0.0,18.1,34.9,27.4,2.22,11.4,50,89,24,14.0
2010-07-09,0.0,19.5,36.0,27.8,2.28,11.0,47,71,24,14.0
2010-07-10,0.0,21.1,34.4,27.3,2.05,9.4,52,71,27,14.0
2010-07-11,0.0,21.0,34.4,27.8,1.9,9.7,56,88,32,14.0
2010-07-12,0.0,20.6,35.0,27.9,1.7,9.6,53,85,26,14.0
2010-07-13,0.0,21.5,36.2,28.9,1.89,10.0,59,91,29,14.0
2010-07-14,0.0,22.3,37.6,29.7,1.38,10.1,60,98,27,14.0
2010-07-15,0.0,22.8,35.9,29.5,2.69,10.7,43,77,23,14.0
2010-07-16,0.0,22.0,35.1,28.4,1.71,10.0,64,93,37,14.0
2010-07-17,0.0,22.4,34.2,27.7,2.37,10.3,67,91,42,14.0
2010-07-18,0.0,23.3,32.7,27.3,2.28,10.2,67,90,42,13.9
2010-07-19,0.0,21.8,33.5,27.1,1.82,9.8,65,91,37,14.0
2010-07-20,0.0,21.9,32.4,26.6,2.06,9.1,69,92,43,13.8
2010-07-21,0.0,22.5,34.7,27.8,1.82,10.7,66,94,36,13.6
2010-07-22,0.0,21.0,34.0,27.7,2.18,9.6,65,96,39,13.9
2010-07-23,0.0,22.4,33.8,27.4,2.74,12.1,72,97,42,13.4
2010-07-24,0.7,23.5,30.4,26.6,2.47,9.0,71,92,51,13.2
2010-07-25,0.0,20.5,33.0,26.5,2.1,10.8,63,92,35,13.9
2010-07-26,0.0,20.6,32.1,26.2,2.19,11.9,65,93,38,13.9
2010-07-27,0.0,21.1,31.5,26.0,2.33,10.9,62,85,40,13.9
2010-07-28,0.0,18.4,33.6,26.1,1.91,10.4,58,92,30,13.9
2010-07-29,0.0,20.8,34.4,26.8,2.06,10.2,62,88,34,13.8
2010-07-30,0.0,21.3,32.2,26.3,2.31,10.0,66,90,42,13.4
2010-07-31,0.0,21.5,32.0,26.2,2.35,9.9,65,90,37,13.5
2010-08-01,0.0,20.3,33.8,27.0,2.28,10.8,61,93,33,13.8
2010-08-02,0.0,20.7,33.8,27.1,2.14,9.8,64,93,36,13.7
2010-08-03,0.0,22.9,32.7,27.0,2.44,11.6,67,91,38,13.3
2010-08-04,0.0,22.3,32.0,26.4,2.19,9.7,64,88,39,13.3
2010-08-05,0.0,20.7,32.7,26.1,1.96,10.4,65,93,38,13.1
2010-08-06,0.0,20.8,31.3,25.9,2.74,11.1,67,93,41,13.5
2010-08-07,0.0,20.2,31.9,25.8,2.35,10.1,61,91,33,13.4
2010-08-08,0.0,18.5,31.8,26.0,1.98,9.2,52,84,28,12.8
2010-08-09,0.0,20.1,36.2,28.2,1.78,8.5,45,73,20,13.1
2010-08-10,0.0,22.0,36.3,29.2,1.65,10.1,43,67,19,12.8
2010-08-11,0.0,23.0,39.2,31.3,1.64,9.4,47,74,23,13.3
2010-08-12,0.1,22.4,34.5,28.0,2.43,10.6,67,95,37,13.3
2010-08-13,2.4,22.6,29.0,25.4,3.19,12.0,72,87,52,9.7
2010-08-14,3.2,21.1,26.6,23.4,1.78,8.8,74,88,57,10.8
2010-08-15,0.0,20.4,30.2,24.9,2.24,9.6,69,92,44,12.9
2010-08-16,0.4,20.1,28.5,24.5,2.59,10.0,71,93,49,11.5
2010-08-17,0.0,21.9,29.1,25.0,2.1,8.7,69,86,48,10.0
2010-08-18,0.2,19.5,31.8,25.6,1.44,7.5,69,95,41,12.9
2010-08-19,9.8,21.9,28.7,24.6,1.42,7.7,78,95,57,11.5
2010-08-20,0.0,19.8,32.0,26.0,1.56,7.3,73,97,46,12.9
2010-08-21,0.0,19.6,32.1,25.9,1.7,7.8,72,99,43,12.8
2010-08-22,0.0,18.5,32.9,25.8,1.67,8.5,67,98,36,12.8
2010-08-23,0.0,20.0,37.3,28.6,1.56,9.3,63,93,32,12.8
2010-08-24,0.0,22.7,37.5,29.6,2.24,8.6,41,76,19,12.8
2010-08-25,0.0,22.9,35.0,28.0,2.02,9.3,59,79,32,12.6
2010-08-26,0.0,19.4,37.1,28.4,1.7,9.4,59,98,22,12.5
2010-08-27,0.0,20.3,41.9,31.2,1.45,7.8,48,83,17,12.5
2010-08-28,0.0,24.4,34.3,28.9,2.99,11.9,46,80,31,12.2
2010-08-29,0.0,22.0,31.6,26.2,2.38,9.7,68,91,42,12.2
2010-08-30,0.0,20.6,32.2,25.8,2.0,9.3,67,91,40,12.1
2010-08-31,0.0,21.2,28.4,24.7,2.59,11.2,71,94,51,12.0
2010-09-01,0.0,19.7,30.5,24.6,2.2,10.1,61,87,36,12.0
2010-09-02,0.0,18.3,29.6,24.2,1.52,7.7,60,85,37,12.0
2010-09-03,0.0,20.3,29.8,25.0,1.56,7.4,65,89,42,12.0
2010-09-04,0.0,18.8,32.6,25.7,1.62,9.6,60,93,30,12.0
2010-09-05,0.0,17.6,33.4,25.5,1.58,9.2,56,90,23,12.0
2010-09-06,0.0,17.4,32.9,25.6,1.93,10.2,56,89,25,12.0
2010-09-07,0.0,18.5,34.8,26.7,2.4,13.8,52,91,21,12.0
2010-09-08,0.0,18.9,31.5,25.1,2.35,10.9,44,61,27,12.0
2010-09-09,0.0,18.3,31.4,24.3,2.3,9.2,41,69,17,12.0
2010-09-10,0.0,16.5,29.5,23.5,1.88,8.8,59,91,33,12.0
2010-09-11,0.0,16.9,29.0,22.7,2.11,9.6,66,92,38,12.0
2010-09-12,0.0,15.5,30.1,22.9,1.79,9.6,66,94,37,12.0
2010-09-13,0.0,16.4,30.1,23.3,1.61,8.8,64,95,34,12.0
2010-09-14,0.0,17.9,30.2,23.7,1.84,9.6,68,90,42,12.0
2010-09-15,0.0,17.6,29.6,23.5,1.86,10.0,70,98,42,12.0
2010-09-16,0.0,18.7,31.2,24.3,0.7,5.7,66,90,38,7.7
2010-09-17,0.0,20.1,29.4,24.4,1.58,12.5,67,90,44,12.0
2010-09-18,0.3,17.9,30.7,24.1,1.56,8.6,60,85,30,12.0
2010-09-19,0.0,18.0,29.2,23.2,1.95,8.4,72,99,41,12.0
2010-09-20,8.4,19.0,27.6,22.4,1.41,9.3,79,93,55,8.9
2010-09-21,0.2,18.3,28.6,23.2,1.33,6.6,76,97,45,11.8
2010-09-22,0.2,17.7,27.6,22.6,1.86,7.8,78,98,51,12.0
2010-09-23,2.3,19.7,26.5,22.6,0.75,6.9,80,95,58,3.3
2010-09-24,0.2,18.9,30.1,23.9,3.22,11.8,55,91,30,11.9
2010-09-25,0.0,15.8,29.6,22.8,1.86,8.5,56,82,28,11.9
2010-09-26,0.0,16.5,26.7,21.4,1.84,8.1,61,88,29,11.9
2010-09-27,3.1,17.9,23.9,20.7,1.53,6.9,76,92,57,11.7
2010-09-28,0.8,15.7,26.4,20.6,1.57,10.2,75,98,41,11.1
2010-09-29,0.0,16.3,29.2,22.2,1.65,8.9,66,98,28,11.7
2010-09-30,0.0,14.0,30.6,22.5,1.69,8.4,54,87,23,11.7
2010-10-01,0.0,13.9,29.6,22.1,1.47,8.4,59,87,29,11.7
2010-10-02,0.0,15.1,29.0,22.0,1.4,8.3,68,93,39,11.2
2010-10-03,0.0,16.7,31.6,23.9,1.69,10.8,61,96,25,10.5
2010-10-04,0.0,21.2,27.0,23.5,3.19,10.3,40,58,25,7.8
2010-10-05,0.0,14.7,26.7,21.0,1.94,7.0,47,70,29,11.4
2010-10-06,0.0,13.6,27.9,20.9,1.8,8.6,65,93,31,11.3
2010-10-07,0.0,16.7,28.9,22.3,1.82,9.4,71,92,42,11.0
2010-10-08,0.0,19.1,27.8,22.4,1.51,8.1,76,95,48,10.6
2010-10-09,3.8,17.4,26.8,21.4,1.66,10.5,80,100,49,9.8
2010-10-10,1.9,15.4,23.9,19.5,2.59,10.3,67,96,38,10.8
2010-10-11,0.2,14.3,22.7,17.9,2.08,7.5,63,79,39,9.8
2010-10-12,1.5,12.9,23.5,17.5,3.02,10.6,67,92,35,6.6
2010-10-13,0.6,16.6,25.0,20.7,3.52,12.3,57,81,39,10.4
2010-10-14,0.0,15.2,25.7,20.3,1.37,5.4,69,97,39,10.6
2010-10-15,1.2,14.9,24.2,19.2,1.54,7.3,70,90,44,10.6
2010-10-16,0.0,13.1,23.8,18.8,1.25,7.5,72,99,36,10.7
2010-10-17,0.0,12.9,22.3,17.9,2.88,12.1,55,89,23,10.7
2010-10-18,0.0,10.2,22.3,16.1,2.52,10.2,36,57,15,10.7
2010-10-19,0.0,7.2,22.4,14.9,1.58,5.8,49,77,18,10.6
2010-10-20,0.0,7.2,23.8,15.4,1.39,6.9,62,92,25,10.6
2010-10-21,0.0,8.0,21.9,15.3,1.63,7.2,72,98,42,10.4
2010-10-22,0.0,9.1,22.0,15.9,1.44,6.8,72,98,42,10.1
2010-10-23,0.0,10.4,23.8,17.2,1.17,5.7,73,100,39,10.1
2010-10-24,0.0,10.3,26.0,18.1,1.57,6.9,66,100,25,10.1
2010-10-25,0.0,15.7,23.8,19.2,3.94,11.5,42,60,21,10.2
2010-10-26,0.0,9.6,22.1,15.2,3.13,11.1,22,45,9,10.4
2010-10-27,0.0,6.1,23.7,15.0,1.27,5.9,44,74,15,10.3
2010-10-28,0.0,7.0,24.7,15.8,1.3,5.7,58,90,18,9.0
2010-10-29,0.0,9.4,21.8,16.0,1.23,6.6,70,93,42,9.6
2010-10-30,0.2,11.5,21.0,15.8,1.74,7.9,67,93,36,3.6
2010-10-31,2.0,14.1,20.9,17.0,3.66,17.5,66,92,35,10.0
2010-11-01,0.0,13.8,21.6,17.2,5.74,17.3,48,59,34,10.0
2010-11-02,0.0,13.8,22.3,17.7,4.16,14.5,46,60,31,10.1
2010-11-03,0.0,9.6,23.4,15.7,1.75,6.0,58,80,30,10.1
2010-11-04,0.0,8.2,23.4,16.0,1.55,7.0,64,91,35,10.0
2010-11-05,0.0,9.3,21.2,15.1,2.05,9.0,72,90,51,10.0
2010-11-06,0.0,10.1,23.0,15.7,1.76,6.2,67,95,29,9.9
2010-11-07,0.0,8.7,23.7,16.1,2.37,8.4,60,89,33,9.6
2010-11-08,0.0,9.7,20.9,16.0,3.26,13.2,54,87,28,9.9
2010-11-09,0.3,14.7,21.5,17.7,4.15,19.2,51,57,43,8.3
2010-11-10,0.1,10.1,19.3,14.9,4.14,13.6,46,64,30,9.9
2010-11-11,0.0,8.1,20.6,14.4,2.49,9.2,46,67,25,9.9
2010-11-12,0.0,9.0,23.6,15.2,2.12,7.0,51,70,29,9.8
2010-11-13,0.0,8.6,23.2,15.1,1.63,5.6,65,86,33,9.8
2010-11-14,0.0,7.6,22.1,14.9,1.13,4.1,67,94,36,9.8
2010-11-15,0.2,12.3,17.7,14.5,3.98,14.6,50,81,23,9.8
2010-11-16,0.0,10.0,19.5,13.8,3.37,10.4,40,53,21,9.8
2010-11-17,0.5,4.7,16.8,10.7,1.74,8.5,58,76,33,3.1
2010-11-18,0.0,8.4,18.3,12.6,3.03,10.5,55,74,27,9.8
2010-11-19,0.0,5.4,15.9,10.0,1.39,5.2,63,80,39,3.3
2010-11-20,3.8,3.9,17.2,10.5,1.37,9.3,77,93,47,8.4
2010-11-21,0.0,7.8,16.5,12.1,3.84,14.7,60,78,39,9.7
2010-11-22,0.0,5.6,16.7,10.8,3.4,12.9,60,84,34,9.7
2010-11-23,0.0,6.4,17.1,10.9,2.34,8.0,56,72,34,8.9
2010-11-24,1.8,9.5,15.7,12.5,0.87,5.0,63,79,51,3.7
2010-11-25,0.5,11.4,15.0,12.9,0.71,3.1,83,93,65,2.2
2010-11-26,0.0,8.8,13.1,11.4,1.97,7.7,50,87,34,6.9
2010-11-27,10.7,7.5,10.4,9.1,1.3,5.0,80,94,63,0.8
2010-11-28,6.8,6.0,14.7,9.8,2.11,8.5,74,93,46,9.6
2010-11-29,11.6,4.9,8.0,6.7,1.57,5.6,84,91,74,0.0
2010-11-30,0.1,7.6,12.1,9.4,1.15,4.6,87,97,75,1.1
2010-12-01,0.0,2.7,15.0,8.9,1.96,9.0,75,96,46,9.6
2010-12-02,0.2,2.7,14.1,7.9,2.12,10.5,68,94,36,9.4
2010-12-03,0.0,-0.1,11.0,5.2,2.92,15.5,62,85,34,8.8
2010-12-04,0.0,-2.0,10.5,4.3,1.83,5.7,64,87,36,9.5
2010-12-05,1.1,2.8,14.1,7.9,1.26,8.8,78,93,63,7.5
2010-12-06,0.0,6.7,21.1,13.0,2.24,8.9,83,96,59,7.6
2010-12-07,0.0,11.4,20.9,15.4,1.5,7.3,83,94,64,5.1
2010-12-08,0.0,11.3,21.9,16.1,1.36,7.0,79,90,59,8.6
2010-12-09,0.0,10.3,23.6,15.9,1.32,4.5,80,96,51,9.4
2010-12-10,0.0,11.2,15.5,13.4,1.63,7.3,85,97,69,3.2
2010-12-11,0.0,5.0,15.1,10.2,1.17,4.0,79,100,50,8.1
2010-12-12,0.0,3.8,19.6,10.2,1.49,4.5,78,93,48,7.8
2010-12-13,0.0,7.7,15.8,11.1,1.57,5.1,84,94,62,3.5
2010-12-14,0.5,7.8,17.0,11.7,1.09,8.6,87,100,63,9.0
2010-12-15,0.0,2.4,10.6,7.3,3.32,14.0,51,99,23,9.4
2010-12-16,0.0,0.3,8.3,3.5,2.81,11.4,47,64,33,9.4
2010-12-17,0.0,-3.3,12.0,3.3,1.6,4.6,62,80,33,8.7
2010-12-18,8.6,4.0,10.8,7.4,1.36,8.4,76,97,63,2.5
2010-12-19,4.0,7.8,15.3,10.1,1.19,7.9,92,100,73,4.3
2010-12-20,0.0,3.2,14.3,8.2,1.76,6.3,80,98,53,9.4
2010-12-21,0.8,8.4,16.2,11.3,1.62,9.2,89,98,75,4.1
2010-12-22,0.6,9.7,17.5,13.1,2.44,11.8,85,98,63,7.2
2010-12-23,0.3,6.6,15.7,10.5,3.51,15.0,76,98,52,9.2
2010-12-24,0.0,6.6,11.1,8.5,5.35,16.4,51,62,38,9.4
2010-12-25,0.0,4.9,11.9,7.8,4.23,12.6,45,55,31,9.2
2010-12-26,0.0,0.9,10.4,5.2,2.46,8.2,43,70,29,9.4
2010-12-27,0.0,-2.8,11.6,3.5,1.44,5.4,70,87,40,9.4
2010-12-28,0.0,0.0,14.2,6.1,1.49,5.2,74,92,48,8.6
2010-12-29,0.0,1.5,13.7,7.0,1.09,4.3,83,96,60,8.8
2010-12-30,0.0,3.3,13.6,7.8,1.36,3.8,85,99,63,7.7
2010-12-31,3.0,3.5,13.0,8.2,0.87,3.3,93,99,80,3.9
2011-01-01,0.1,5.8,15.8,10.1,1.28,6.6,87,100,62,9.1
2011-01-02,0.0,5.9,16.6,10.7,2.86,10.2,73,97,45,9.3
2011-01-03,0.0,4.9,14.9,9.9,1.96,6.9,69,90,42,9.4
2011-01-04,0.0,1.9,15.3,8.4,1.41,4.5,80,96,53,9.4
2011-01-05,0.2,3.8,13.9,8.4,1.49,7.3,85,97,63,3.7
2011-01-06,0.5,4.9,19.1,11.0,1.41,6.8,86,96,60,9.4
2011-01-07,0.0,6.3,19.2,11.9,1.13,5.8,80,98,46,8.5
2011-01-08,0.0,3.4,17.7,10.2,1.54,5.7,83,96,54,9.4
2011-01-09,0.0,6.0,17.6,11.1,1.53,7.0,75,97,42,9.1
2011-01-10,0.0,6.3,15.5,9.7,2.52,9.5,70,87,42,9.5
2011-01-11,0.0,4.2,18.3,10.7,3.06,15.7,72,91,48,9.3
2011-01-12,0.0,11.7,19.4,14.5,3.07,11.2,66,76,46,9.5
2011-01-13,0.0,5.5,19.7,11.8,1.66,5.6,78,96,45,9.5
2011-01-14,0.0,4.1,19.9,11.2,1.09,3.6,76,98,42,9.6
2011-01-15,0.0,5.6,18.4,10.9,1.71,6.0,80,93,53,9.6
2011-01-16,0.0,3.9,17.3,10.1,1.12,3.4,80,99,50,9.5
2011-01-17,0.0,3.4,18.8,10.1,1.46,4.9,77,96,43,9.6
2011-01-18,0.0,3.4,14.6,9.3,1.21,4.8,82,98,58,8.7
2011-01-19,0.0,6.8,14.0,10.3,1.19,4.2,80,97,56,3.5
2011-01-20,0.0,3.6,15.0,9.6,1.31,5.3,77,97,48,9.6
2011-01-21,0.0,3.6,11.5,7.7,1.67,7.6,63,99,30,9.6
2011-01-22,0.0,-3.0,9.0,3.2,1.53,5.1,50,72,30,9.6
2011-01-23,0.0,-1.1,9.0,4.2,3.03,11.9,63,75,50,6.1
2011-01-24,0.0,5.4,10.2,7.6,3.25,11.5,63,76,46,7.7
2011-01-25,0.0,6.2,10.1,7.8,1.69,6.2,69,77,62,0.1
2011-01-26,0.2,3.6,11.9,8.1,2.19,8.9,76,94,58,3.4
2011-01-27,10.3,6.6,8.8,7.8,2.3,9.3,84,91,77,1.1
2011-01-28,1.4,4.5,12.3,7.9,1.15,3.9,88,96,73,3.5
2011-01-29,0.0,0.7,14.8,7.2,1.82,8.0,74,99,38,9.7
2011-01-30,0.0,-0.1,13.5,6.3,1.48,5.2,73,93,40,9.7
2011-01-31,0.0,3.7,11.8,7.0,2.88,10.9,68,85,43,9.8
2011-02-01,0.0,2.6,13.6,7.2,2.78,9.4,64,87,35,9.7
2011-02-02,0.0,4.0,15.6,8.9,3.1,9.1,49,66,28,9.9
2011-02-03,0.0,2.4,15.8,8.9,2.31,8.9,55,81,30,10.0
2011-02-04,0.0,1.0,17.3,8.1,1.82,5.3,65,87,33,10.0
2011-02-05,0.0,1.1,18.5,9.1,1.65,4.7,68,93,33,10.1
2011-02-06,0.0,1.8,19.3,9.9,1.42,4.4,65,92,30,10.1
2011-02-07,0.0,1.3,17.3,9.5,1.11,5.2,68,92,38,10.1
2011-02-08,0.0,1.8,15.9,8.9,1.11,5.2,78,97,45,8.6
2011-02-09,0.0,3.3,17.7,10.2,1.35,6.3,78,98,45,10.3
2011-02-10,0.0,3.3,16.3,9.4,1.31,6.0,80,100,46,10.4
2011-02-11,0.0,0.5,17.2,9.1,1.02,4.9,72,99,32,10.5
2011-02-12,0.0,2.4,19.7,10.6,1.62,7.9,65,93,25,10.5
2011-02-13,0.0,2.5,19.7,10.9,1.99,8.3,66,91,29,10.0
2011-02-14,0.9,8.7,16.2,11.6,4.31,17.0,53,85,25,10.5
2011-02-15,5.2,5.9,12.8,10.0,1.94,7.3,77,91,52,2.0
2011-02-16,0.0,2.3,16.8,9.1,2.69,10.7,68,92,36,8.8
2011-02-17,0.0,6.2,15.0,10.5,4.68,20.0,57,83,32,10.7
2011-02-18,0.0,9.0,18.4,12.7,4.01,15.5,51,68,28,10.7
2011-02-19,0.0,4.4,19.9,11.4,1.8,6.3,65,88,36,9.3
2011-02-20,0.1,7.1,19.2,12.9,2.97,12.8,67,93,36,10.7
2011-02-21,0.0,11.0,19.8,14.8,4.12,14.7,48,66,29,10.4
2011-02-22,0.0,13.6,22.0,17.0,4.95,15.2,51,61,36,10.1
2011-02-23,0.0,13.2,21.8,16.6,3.74,12.6,53,68,33,9.7
2011-02-24,0.0,6.1,22.1,14.2,1.55,6.8,65,94,34,10.8
2011-02-25,0.0,6.4,20.2,13.3,1.47,8.0,69,95,38,10.8
2011-02-26,0.0,6.6,26.8,15.8,2.52,11.5,54,91,17,10.8
2011-02-27,0.5,7.3,17.4,12.9,3.08,12.8,48,81,22,8.6
2011-02-28,0.1,6.5,15.3,10.6,4.74,18.2,35,46,21,10.9
2011-03-01,0.0,5.3,14.7,9.7,2.61,10.8,40,59,25,10.9
2011-03-02,0.0,3.1,16.3,9.2,2.24,10.5,46,75,21,10.9
2011-03-03,1.3,1.7,14.7,8.6,1.73,7.9,62,81,39,10.7
2011-03-04,3.6,5.0,13.3,9.0,2.48,11.1,76,92,62,10.9
2011-03-05,0.0,5.0,15.1,9.9,2.44,9.3,73,95,43,10.2
2011-03-06,0.0,4.3,16.1,10.1,2.1,8.8,71,95,40,11.0
2011-03-07,0.3,3.5,17.2,10.5,3.02,11.9,69,93,42,11.2
2011-03-08,0.6,8.4,15.2,11.8,4.78,17.5,73,83,63,7.8
2011-03-09,0.9,10.4,14.9,12.1,4.52,14.5,71,81,58,6.6
2011-03-10,3.6,8.1,14.9,11.1,3.0,10.9,69,83,49,9.3
2011-03-11,11.2,8.5,13.8,11.0,3.53,13.3,81,91,66,4.3
2011-03-12,20.7,10.8,18.8,13.6,2.42,9.5,79,97,46,7.1
2011-03-13,0.0,4.7,18.7,11.9,1.94,7.4,77,97,49,11.3
2011-03-14,4.6,9.3,18.9,13.4,2.25,8.6,85,100,61,10.2
2011-03-15,0.0,8.9,18.8,13.6,2.05,10.0,71,97,40,11.0
2011-03-16,0.0,5.2,18.1,11.8,3.08,12.0,54,81,31,10.1
2011-03-17,0.0,12.0,21.1,15.8,4.41,14.5,50,66,31,11.3
2011-03-18,0.0,10.0,20.9,14.8,2.35,9.1,54,80,33,11.7
2011-03-19,0.0,6.6,23.0,14.0,1.88,7.8,68,92,33,11.8
2011-03-20,0.0,6.7,19.2,12.9,2.11,10.1,75,98,46,11.8
2011-03-21,0.0,8.0,15.8,11.6,2.56,10.5,73,95,48,11.2
2011-03-22,0.4,7.1,14.6,11.0,4.08,14.9,68,91,43,11.0
2011-03-23,14.6,9.4,17.0,12.7,4.5,15.3,83,97,64,9.9
2011-03-24,6.3,11.2,17.1,13.5,4.95,14.7,82,93,65,7.8
2011-03-25,0.0,10.0,17.8,13.5,1.86,6.5,80,94,60,7.6
2011-03-26,0.0,8.1,20.2,13.6,1.48,7.2,82,100,54,11.8
2011-03-27,0.0,7.4,22.2,15.1,1.94,8.9,68,100,35,12.0
2011-03-28,0.0,10.4,22.6,16.3,2.67,10.5,56,82,33,12.0
2011-03-29,3.1,9.7,21.7,15.2,2.15,9.6,66,84,44,11.4
2011-03-30,0.0,11.0,22.0,16.3,2.94,12.8,61,81,36,12.0
2011-03-31,0.0,8.1,23.8,16.1,1.71,7.7,69,94,40,12.0
2011-04-01,0.0,8.8,23.2,16.3,1.76,9.4,66,94,37,12.0
2011-04-02,0.0,7.3,25.4,16.7,1.63,8.3,62,88,36,12.0
2011-04-03,0.0,11.3,25.0,18.6,1.29,6.4,65,93,40,6.1
2011-04-04,0.0,14.4,24.9,19.0,3.05,12.0,58,81,32,12.0
2011-04-05,0.0,9.4,22.8,16.2,2.78,13.1,63,89,38,12.2
2011-04-06,0.0,8.6,24.2,16.7,2.66,12.1,54,89,22,12.0
2011-04-07,0.0,7.9,24.7,17.0,2.21,10.7,43,72,20,12.2
2011-04-08,0.0,6.5,27.7,17.6,1.56,6.8,43,80,16,12.3
2011-04-09,0.0,10.1,33.9,22.7,2.09,8.5,37,70,15,12.3
2011-04-10,0.0,18.3,30.1,23.5,3.28,11.9,40,69,24,12.1
2011-04-11,0.1,13.5,22.6,18.3,1.92,8.9,62,80,46,12.3
2011-04-12,0.0,10.9,25.1,17.9,1.99,11.0,65,94,33,12.4
2011-04-13,0.0,10.3,26.1,18.5,1.81,10.2,62,93,30,12.5
2011-04-14,0.0,9.7,27.8,18.6,1.83,9.7,62,96,23,12.6
2011-04-15,0.0,11.1,22.7,16.8,2.33,11.2,72,96,42,12.1
2011-04-16,0.0,12.2,20.1,15.9,2.99,11.4,65,91,40,12.4
2011-04-17,0.0,8.4,20.6,14.7,2.85,11.6,62,92,32,12.8
2011-04-18,0.0,8.2,21.2,14.6,2.59,11.0,61,84,35,12.3
2011-04-19,0.7,8.7,20.6,15.0,2.04,10.4,69,93,45,11.5
2011-04-20,0.0,10.4,22.5,16.2,2.51,11.8,70,95,44,12.6
2011-04-21,4.7,14.3,22.2,17.5,3.14,11.2,71,82,50,7.0
2011-04-22,3.9,13.1,22.1,17.2,1.73,11.1,72,97,43,11.6
2011-04-23,0.0,9.5,21.3,15.6,1.88,8.5,66,91,42,12.3
2011-04-24,1.2,11.0,20.1,15.5,2.58,11.0,77,97,56,8.0
2011-04-25,21.5,13.4,18.9,15.4,2.81,8.7,80,90,65,5.0
2011-04-26,0.0,9.9,24.3,17.2,1.91,7.9,69,94,38,12.8
2011-04-27,0.0,10.7,24.1,17.8,1.75,8.5,72,96,45,13.4
2011-04-28,0.0,10.0,24.5,18.0,1.74,8.3,70,100,37,13.5
2011-04-29,3.8,11.2,19.3,15.6,2.6,10.7,71,90,50,2.6
2011-04-30,4.6,11.8,19.8,15.8,1.91,7.7,71,97,48,10.0
2011-05-01,1.1,11.9,21.2,16.1,2.27,9.7,76,95,49,12.6
2011-05-02,11.4,13.4,19.4,15.9,2.21,6.6,84,94,66,2.1
2011-05-03,5.2,11.9,25.3,18.8,2.19,10.0,74,98,46,13.7
2011-05-04,0.0,12.7,25.6,19.5,2.04,7.9,65,89,37,13.7
2011-05-05,0.4,14.1,24.5,19.5,2.02,10.2,75,96,51,13.7
2011-05-06,0.0,11.9,23.7,18.3,3.07,11.9,73,91,55,13.3
2011-05-07,7.6,15.1,24.7,18.6,1.93,10.3,73,87,54,11.8
2011-05-08,0.0,9.6,26.5,18.2,1.63,6.2,63,89,33,13.8
2011-05-09,0.0,10.5,25.7,18.8,1.9,9.7,67,94,43,13.9
2011-05-10,0.0,11.9,24.9,18.9,2.48,11.8,69,99,43,13.9
2011-05-11,0.0,10.9,24.9,18.5,2.23,10.3,59,94,29,13.9
2011-05-12,0.0,11.7,26.3,19.5,1.9,10.1,51,81,28,13.1
2011-05-13,0.1,12.7,25.1,19.7,1.74,7.2,53,80,33,11.8
2011-05-14,0.0,12.5,29.0,21.2,1.68,8.9,53,88,29,14.0
2011-05-15,0.0,15.1,20.7,18.6,2.59,10.0,62,76,46,5.7
2011-05-16,0.0,11.4,23.0,17.6,2.27,10.6,68,96,43,12.3
2011-05-17,0.0,12.7,23.9,18.2,1.99,11.2,61,86,39,13.0
2011-05-18,1.0,12.8,22.4,17.5,2.41,11.3,69,93,44,8.0
2011-05-19,0.1,12.3,23.0,17.8,2.69,9.2,68,92,39,12.7
2011-05-20,0.0,14.1,24.2,19.4,2.96,11.8,59,84,37,14.0
2011-05-21,0.0,10.4,27.4,19.4,2.36,9.2,53,85,25,14.0
2011-05-22,0.0,11.7,28.2,20.7,1.78,11.2,54,92,27,14.0
2011-05-23,0.0,11.9,30.2,22.3,1.83,9.8,41,80,19,14.0
2011-05-24,0.0,13.8,31.4,23.7,2.14,11.0,39,69,21,14.0
2011-05-25,0.0,14.1,31.9,24.1,2.28,11.3,43,76,22,14.0
2011-05-26,0.0,14.1,33.6,25.0,2.31,11.0,36,71,15,11.8
2011-05-27,0.0,18.7,31.9,25.8,2.33,10.3,40,64,26,13.3
2011-05-28,0.0,17.2,29.2,22.9,2.31,10.0,68,98,40,13.0
2011-05-29,0.2,17.1,28.3,22.3,2.19,11.5,65,91,39,13.0
2011-05-30,1.1,15.6,29.4,22.4,1.73,12.2,65,91,37,14.0
2011-05-31,0.0,17.2,29.3,23.0,2.22,10.9,59,91,28,14.0
2011-06-01,1.1,17.8,21.1,19.7,2.71,10.9,73,93,56,8.2
2011-06-02,0.0,15.2,22.8,19.0,1.91,8.6,64,91,39,11.5
2011-06-03,0.0,13.3,24.5,19.3,1.81,7.7,57,87,34,14.0
2011-06-04,0.0,12.2,24.4,19.0,2.03,8.7,56,86,32,14.0
2011-06-05,0.0,12.4,26.1,19.9,2.19,10.4,59,92,34,14.0
2011-06-06,0.5,16.0,27.1,21.2,1.75,11.3,59,83,35,14.0
2011-06-07,4.8,14.5,26.3,21.2,1.54,10.6,61,92,37,13.3
2011-06-08,0.0,17.0,26.5,22.0,2.27,9.2,53,74,35,14.0
2011-06-09,0.0,14.1,28.9,22.3,1.96,10.0,53,86,31,13.1
2011-06-10,0.0,17.4,30.2,24.0,1.57,7.4,51,83,26,13.9
2011-06-11,0.0,16.9,27.1,22.3,2.34,9.1,63,90,42,14.0
2011-06-12,0.0,16.2,30.6,23.4,1.89,11.0,62,97,32,14.0
2011-06-13,0.0,16.9,34.2,26.0,1.64,9.7,53,87,27,14.0
2011-06-14,0.0,18.0,31.0,25.0,2.4,10.3,59,89,35,14.0
2011-06-15,0.0,17.7,31.5,25.0,1.86,10.2,57,89,34,14.0
2011-06-16,0.0,18.5,34.7,26.5,1.94,11.8,53,81,27,14.0
2011-06-17,0.0,20.0,32.9,26.3,2.07,10.3,62,93,36,14.0
2011-06-18,0.0,19.4,37.1,28.5,2.26,8.8,44,84,18,14.0
2011-06-19,0.0,20.9,29.8,24.9,3.15,10.6,67,89,44,13.4
2011-06-20,0.0,19.5,30.7,24.5,2.08,11.2,63,87,37,14.0
2011-06-21,0.0,18.2,32.1,25.3,1.85,10.8,59,92,32,14.0
2011-06-22,0.0,19.8,34.6,26.8,1.68,9.9,56,88,27,14.0
2011-06-23,0.0,19.9,31.3,25.8,2.44,10.5,65,91,43,14.0
2011-06-24,0.0,21.1,29.2,24.7,2.65,11.2,69,93,46,13.5
2011-06-25,0.0,17.3,30.6,24.2,2.19,10.5,60,91,36,14.0
2011-06-26,0.0,17.1,32.7,25.5,1.94,10.3,53,90,27,14.0
2011-06-27,0.0,18.0,33.0,25.9,1.77,9.4,53,79,33,14.0
2011-06-28,0.0,19.0,36.0,27.6,1.68,10.1,51,87,22,14.0
2011-06-29,0.0,20.0,32.9,26.8,2.36,10.4,59,80,41,14.0
2011-06-30,0.0,21.1,30.5,25.3,2.71,10.4,70,96,44,14.0
2011-07-01,0.0,19.5,30.8,25.1,2.09,9.4,62,86,41,12.8
2011-07-02,0.0,20.2,36.6,28.0,1.86,9.4,60,94,26,14.0
2011-07-03,0.8,22.0,32.7,27.0,1.48,11.0,66,91,42,11.6
2011-07-04,0.8,20.4,34.6,27.3,1.99,9.7,45,82,18,14.0
2011-07-05,0.0,21.2,35.5,27.6,1.97,12.3,44,67,22,14.0
2011-07-06,0.0,19.1,37.8,29.2,2.33,13.4,42,74,20,14.0
2011-07-07,0.0,20.1,37.0,30.0,1.66,10.0,41,70,21,14.0
2011-07-08,0.0,23.3,34.9,28.3,2.87,12.0,32,76,16,14.0
2011-07-09,0.0,20.5,34.3,27.3,1.92,10.0,62,96,30,14.0
2011-07-10,0.0,20.4,33.8,27.2,1.97,10.0,60,93,34,14.0
2011-07-11,0.0,22.0,32.9,27.1,2.12,13.7,61,81,40,13.2
2011-07-12,0.0,21.6,33.7,27.0,1.71,10.5,67,91,41,9.6
2011-07-13,0.0,23.3,33.5,27.4,2.62,9.8,46,83,21,14.0
2011-07-14,0.7,20.7,30.0,25.2,2.4,10.1,68,93,40,14.0
2011-07-15,0.0,20.5,30.6,25.3,2.46,10.1,65,92,39,13.8
2011-07-16,0.0,18.0,33.4,26.2,2.25,11.0,56,93,28,14.0
2011-07-17,0.0,19.8,38.4,29.8,1.96,9.2,51,93,20,14.0
2011-07-18,0.4,22.4,30.3,26.5,3.28,10.9,58,77,35,13.0
2011-07-19,0.0,19.2,35.4,27.7,2.42,10.5,54,95,21,14.0
2011-07-20,0.0,20.5,30.2,25.4,2.72,10.3,54,74,32,14.0
2011-07-21,0.0,18.9,32.2,25.6,2.21,10.3,54,82,30,13.6
2011-07-22,0.0,19.5,30.1,24.8,2.6,10.2,63,87,40,13.8
2011-07-23,0.3,21.3,29.7,25.2,2.55,9.7,69,86,51,12.1
2011-07-24,0.6,20.5,31.8,25.2,2.14,11.6,71,98,35,13.2
2011-07-25,0.0,21.1,33.4,26.3,1.68,11.8,58,79,25,13.4
2011-07-26,0.0,21.0,34.0,27.4,2.17,11.5,62,97,31,13.9
2011-07-27,0.0,20.5,32.6,26.4,3.09,12.6,60,82,35,13.9
2011-07-28,0.0,21.1,31.2,25.6,2.3,10.5,65,88,40,13.5
2011-07-29,0.0,20.2,31.9,25.7,2.25,9.6,64,91,39,13.8
2011-07-30,0.0,21.0,31.7,25.5,2.08,10.5,71,96,44,13.1
2011-07-31,0.0,21.4,32.5,25.9,2.13,9.9,67,91,37,13.1
2011-08-01,0.0,21.0,32.0,25.9,2.56,11.5,69,96,40,13.0
2011-08-02,0.0,19.5,33.9,26.4,2.02,11.5,62,92,30,13.6
2011-08-03,0.0,19.8,36.6,27.9,2.11,10.6,58,94,23,13.3
2011-08-04,0.0,22.1,32.7,26.9,1.99,9.1,65,84,43,13.7
2011-08-05,0.0,21.6,32.4,26.7,1.79,9.6,71,96,45,13.3
2011-08-06,0.0,21.5,36.8,28.7,1.87,11.4,62,97,27,13.5
2011-08-07,0.0,22.7,38.6,30.6,2.09,11.9,45,69,23,13.6
2011-08-08,0.0,22.4,35.1,28.6,2.65,12.7,55,74,28,13.6
2011-08-09,0.3,23.1,30.8,26.3,3.16,10.9,66,90,40,13.3
2011-08-10,0.0,20.1,28.8,24.3,2.57,11.1,64,86,43,13.3
2011-08-11,0.0,18.5,31.0,24.3,2.03,9.5,64,87,39,13.3
2011-08-12,0.0,18.8,33.2,25.7,2.01,10.9,57,90,27,13.3
2011-08-13,0.0,18.6,34.6,26.8,1.32,7.8,53,88,23,13.3
2011-08-14,0.0,20.6,37.1,28.7,1.83,10.9,55,88,26,13.2
2011-08-15,0.0,21.8,36.4,28.7,1.89,10.2,65,97,33,13.1
2011-08-16,0.0,21.5,34.7,27.8,2.12,10.3,59,91,29,13.1
2011-08-17,0.0,19.7,35.8,27.9,2.02,11.0,57,93,25,13.1
2011-08-18,0.0,20.3,35.1,28.0,2.71,12.3,56,87,31,13.1
2011-08-19,0.0,20.8,35.6,28.1,2.28,10.7,55,83,29,13.0
2011-08-20,0.0,20.0,35.6,27.9,2.35,11.8,53,86,25,12.9
2011-08-21,0.0,19.3,35.5,27.6,2.56,12.5,48,77,21,12.9
2011-08-22,0.0,20.2,34.4,27.6,1.82,10.1,52,73,31,12.8
2011-08-23,0.0,20.6,35.5,28.1,1.96,9.5,57,89,30,12.7
2011-08-24,0.0,20.9,36.0,28.7,1.89,9.8,56,91,27,12.7
2011-08-25,0.0,20.7,36.9,28.9,1.81,10.6,50,83,18,12.7
2011-08-26,0.0,20.2,36.8,29.0,2.07,8.6,42,80,18,12.6
2011-08-27,0.0,20.9,29.8,26.6,3.73,13.2,43,74,25,12.2
2011-08-28,0.0,22.7,31.1,26.1,2.76,9.2,65,82,41,10.6
2011-08-29,0.6,20.2,34.4,27.0,1.26,9.9,64,93,35,10.5
2011-08-30,0.0,21.1,34.9,28.0,1.62,8.5,59,90,27,12.2
2011-08-31,0.0,20.0,35.1,28.0,1.86,9.6,52,89,21,12.2
2011-09-01,1.9,18.5,31.9,25.6,2.07,10.3,60,91,34,12.2
2011-09-02,11.0,20.3,24.2,22.9,1.33,9.3,75,85,67,2.7
2011-09-03,0.0,17.2,28.6,22.7,1.71,7.0,63,94,33,12.0
2011-09-04,0.0,18.3,30.7,24.2,2.54,9.9,52,71,32,12.0
2011-09-05,0.0,18.3,32.5,24.6,2.3,10.2,60,86,29,12.0
2011-09-06,0.0,18.9,30.2,24.5,1.77,9.0,72,97,46,12.0
2011-09-07,0.0,17.9,33.1,25.5,1.44,9.3,63,97,30,12.0
2011-09-08,0.0,17.2,33.5,25.7,1.66,10.0,61,93,30,12.0
2011-09-09,0.0,17.9,34.3,26.2,1.65,10.1,52,84,18,12.0
2011-09-10,0.0,15.9,34.0,25.3,1.72,10.1,50,75,19,12.0
2011-09-11,0.0,16.7,36.3,26.8,1.47,8.3,50,86,17,12.0
2011-09-12,0.0,18.7,32.8,25.9,2.47,10.7,52,77,33,12.0
2011-09-13,0.0,18.6,30.9,24.8,1.82,9.7,68,95,41,12.0
2011-09-14,0.0,16.9,31.7,24.7,2.28,10.6,64,95,32,12.0
2011-09-15,0.0,17.9,31.1,24.5,2.07,10.0,65,92,36,12.0
2011-09-16,0.0,16.7,31.6,24.1,1.64,8.2,68,97,36,12.0
2011-09-17,0.0,18.7,31.1,24.6,1.63,8.7,73,98,44,12.0
2011-09-18,0.0,17.9,35.5,26.1,2.27,14.3,57,95,21,12.0
2011-09-19,0.0,21.0,29.4,24.0,1.77,9.8,48,68,31,11.0
2011-09-20,0.0,15.9,28.1,22.0,1.97,9.2,64,93,37,12.0
2011-09-21,0.0,15.5,28.9,22.0,1.92,9.2,69,93,42,12.0
2011-09-22,0.0,17.7,30.0,23.4,1.52,9.0,71,97,41,12.0
2011-09-23,1.9,18.5,27.4,22.7,1.6,8.2,74,96,47,10.0
2011-09-24,4.3,18.3,30.0,24.0,1.55,8.8,66,96,32,11.9
2011-09-25,0.0,17.1,28.4,22.6,2.08,8.5,72,97,45,11.9
2011-09-26,0.0,17.0,28.3,22.2,1.99,9.4,74,98,44,11.8
2011-09-27,0.0,16.1,28.7,22.3,2.17,9.6,71,97,38,11.8
2011-09-28,0.0,15.8,28.3,22.2,2.13,10.1,68,95,37,11.5
2011-09-29,1.1,17.8,26.1,21.9,2.61,11.2,71,88,55,11.3
2011-09-30,0.3,16.8,27.5,22.1,2.48,10.1,69,93,40,11.7
2011-10-01,0.0,17.3,26.7,22.1,2.79,11.3,69,93,43,11.3
2011-10-02,0.0,17.6,27.1,22.3,2.35,8.4,69,90,45,11.3
2011-10-03,0.0,15.4,29.4,22.2,1.39,8.6,72,97,37,11.1
2011-10-04,0.0,15.7,28.5,22.2,1.38,7.7,70,99,34,11.5
2011-10-05,0.0,13.2,29.9,21.6,1.5,8.5,58,92,21,11.5
2011-10-06,0.0,13.6,30.2,22.0,1.47,9.3,56,86,24,11.4
2011-10-07,0.0,14.0,29.6,21.6,1.7,10.1,64,89,31,8.8
2011-10-08,0.0,17.3,25.0,20.7,2.15,8.0,53,80,28,11.1
2011-10-09,0.0,12.8,26.0,19.7,1.51,6.8,66,96,34,11.1
2011-10-10,0.0,12.6,27.4,20.1,1.51,7.6,65,96,30,11.0
2011-10-11,0.0,12.6,32.0,22.1,1.52,7.4,53,89,17,11.0
2011-10-12,0.0,13.7,31.7,22.8,1.31,6.8,46,65,20,10.9
2011-10-13,0.0,13.4,32.7,22.9,1.38,7.3,51,81,17,10.9
2011-10-14,0.0,15.3,26.8,21.3,1.92,8.8,68,88,47,10.7
2011-10-15,0.0,16.5,25.6,20.8,1.81,9.3,73,97,44,10.5
2011-10-16,0.1,16.5,24.1,19.8,1.48,8.4,73,90,51,10.0
2011-10-17,0.0,16.6,23.7,19.6,1.68,7.0,68,91,42,10.0
2011-10-18,0.0,12.6,23.7,18.3,1.71,7.0,64,92,36,10.5
2011-10-19,0.0,10.8,27.1,18.9,1.57,8.0,63,92,27,10.6
2011-10-20,0.0,13.5,24.3,18.6,1.95,8.5,69,92,37,9.9
2011-10-21,2.2,15.1,21.7,18.0,2.02,8.1,82,93,61,9.2
2011-10-22,0.0,15.0,22.7,18.6,2.05,9.6,75,94,51,9.8
2011-10-23,0.2,13.8,24.1,18.9,1.65,7.7,73,95,46,10.3
2011-10-24,1.1,15.5,20.8,18.1,1.93,13.4,81,97,63,4.2
2011-10-25,0.0,9.6,23.6,16.7,1.88,7.2,61,94,23,10.4
2011-10-26,0.0,8.6,22.5,15.6,2.04,9.4,63,88,38,7.3
2011-10-27,3.3,13.6,19.7,16.6,1.27,6.7,82,92,69,2.7
2011-10-28,0.7,12.4,21.7,16.5,2.34,9.1,74,95,48,9.6
2011-10-29,0.7,15.9,22.9,18.6,3.55,13.7,76,86,60,7.8
2011-10-30,0.0,17.4,23.3,19.8,3.05,10.0,70,83,51,9.8
2011-10-31,0.0,11.4,23.6,17.5,1.38,7.0,76,95,46,10.0
2011-11-01,0.0,14.8,23.8,18.7,1.23,6.0,82,100,52,8.9
2011-11-02,0.0,16.1,21.3,18.2,1.63,7.2,86,99,64,2.2
2011-11-03,1.1,15.9,23.4,18.9,2.62,12.8,79,97,51,6.6
2011-11-04,3.4,13.5,19.6,16.9,2.76,13.7,81,95,61,5.3
2011-11-05,0.7,8.1,16.7,12.7,4.11,15.0,66,88,46,7.2
2011-11-06,0.0,13.3,19.8,15.8,6.75,19.3,49,60,35,8.9
2011-11-07,1.2,13.2,18.5,15.5,3.33,12.1,60,69,53,5.5
2011-11-08,0.0,9.7,21.7,15.9,1.77,5.9,66,91,40,9.9
2011-11-09,0.0,9.1,21.5,14.8,1.66,5.1,71,90,40,9.9
2011-11-10,0.0,8.2,22.5,15.0,1.32,5.2,76,95,44,9.9
2011-11-11,0.0,8.8,22.5,15.6,1.09,5.7,80,99,51,9.9
2011-11-12,0.0,9.7,22.2,15.5,2.35,10.7,80,99,48,9.9
2011-11-13,0.0,15.6,21.7,17.8,3.59,11.3,82,96,56,9.1
2011-11-14,0.1,15.6,20.9,17.4,3.06,11.6,83,94,57,5.5
2011-11-15,0.1,11.7,20.3,15.6,2.54,10.2,67,96,33,9.8
2011-11-16,0.0,8.4,20.4,13.5,2.4,9.6,64,87,34,9.8
2011-11-17,0.5,7.3,18.4,12.8,2.02,8.3,77,89,60,9.2
2011-11-18,5.6,12.1,17.1,14.1,1.77,6.3,90,95,82,1.4
2011-11-19,3.6,12.0,18.2,14.6,1.61,6.2,87,99,64,8.4
2011-11-20,5.1,12.2,19.7,15.6,2.25,11.6,83,98,56,7.0
2011-11-21,13.0,12.8,16.7,14.5,2.27,6.3,87,95,76,3.1
2011-11-22,0.1,13.6,18.5,15.5,3.54,10.9,67,78,51,7.7
2011-11-23,24.5,10.9,15.9,13.2,2.2,9.0,87,96,70,0.0
2011-11-24,0.9,9.2,16.8,12.8,2.01,9.3,86,96,73,8.9
2011-11-25,0.0,9.9,18.3,13.1,2.25,7.9,80,94,56,9.7
2011-11-26,0.0,6.9,17.7,11.5,1.95,6.2,75,92,47,9.7
2011-11-27,0.0,5.1,16.4,10.7,2.5,8.7,78,91,61,8.1
2011-11-28,2.1,11.5,16.7,13.5,3.19,10.1,79,84,67,5.0
2011-11-29,0.0,9.8,18.4,13.6,1.68,5.3,81,93,60,9.6
2011-11-30,0.0,6.8,18.3,12.2,1.36,4.8,84,98,62,9.6
2011-12-01,0.0,8.9,17.2,12.5,1.34,4.3,89,100,67,9.6
2011-12-02,8.1,6.9,16.9,11.6,1.76,9.7,86,99,58,6.0
2011-12-03,8.6,9.2,15.5,12.2,2.97,11.2,81,91,68,8.9
2011-12-04,0.0,8.0,16.8,11.9,1.5,4.9,82,96,54,9.1
2011-12-05,0.0,5.6,18.6,11.1,2.33,8.5,76,96,52,9.5
2011-12-06,0.0,7.9,18.0,12.4,2.33,7.5,76,89,57,9.5
2011-12-07,0.0,7.0,17.4,11.2,2.12,5.8,77,90,51,9.5
2011-12-08,0.0,4.7,17.6,10.4,1.47,4.2,77,93,50,9.5
2011-12-09,0.0,4.3,15.4,9.5,1.08,3.3,87,98,67,5.9
2011-12-10,0.0,5.1,15.6,9.4,1.47,4.7,82,98,56,6.8
2011-12-11,0.0,5.2,15.4,9.3,1.84,6.4,81,94,58,9.3
2011-12-12,0.0,4.8,16.4,9.5,2.36,8.5,77,92,50,8.6
2011-12-13,0.0,3.4,16.2,8.5,1.54,4.4,81,96,54,9.4
2011-12-14,0.0,3.5,17.8,9.7,1.45,4.7,81,96,55,9.3
2011-12-15,0.0,4.4,17.1,10.0,2.39,10.2,75,97,41,8.9
2011-12-16,0.0,3.3,18.1,9.6,2.43,9.3,71,93,38,8.7
2011-12-17,0.0,9.8,14.2,11.8,3.73,14.2,56,86,35,8.4
2011-12-18,0.0,7.5,13.8,9.9,3.87,12.2,49,60,36,9.4
2011-12-19,0.0,2.7,13.1,7.3,2.44,9.3,57,74,35,9.2
2011-12-20,0.0,3.8,16.6,9.2,2.98,9.1,54,68,32,9.4
2011-12-21,0.0,10.6,19.2,14.0,4.27,12.3,57,65,46,9.4
2011-12-22,0.0,8.4,19.4,13.4,2.26,8.4,64,86,41,9.4
2011-12-23,0.0,4.4,17.5,9.8,1.59,4.3,77,92,46,9.4
2011-12-24,0.0,5.1,16.6,9.9,1.97,5.9,78,93,52,9.1
2011-12-25,0.0,6.6,14.7,10.6,1.41,4.8,83,100,59,8.6
2011-12-26,0.0,9.0,13.8,11.0,1.54,5.7,76,94,52,7.5
2011-12-27,0.0,4.0,14.6,9.4,2.22,8.8,70,96,42,9.2
2011-12-28,0.0,6.4,15.6,10.6,2.52,8.8,74,90,47,9.1
2011-12-29,0.0,3.7,15.2,8.3,2.4,8.5,70,88,44,9.1
2011-12-30,0.0,4.0,15.6,9.1,2.99,9.7,53,74,30,9.4
2011-12-31,0.0,7.7,19.6,11.8,2.98,8.8,53,68,37,9.3
2012-01-01,0.0,6.9,19.5,11.9,1.99,5.8,68,87,41,9.3
2012-01-02,0.0,6.1,17.5,11.0,2.75,12.7,69,93,43,9.4
2012-01-03,0.0,5.7,18.3,10.9,2.22,7.2,65,87,35,9.3
2012-01-04,0.0,4.3,19.8,10.5,2.67,10.8,62,86,28,9.5
2012-01-05,0.0,7.5,22.3,13.4,3.18,10.2,53,77,24,9.5
2012-01-06,0.0,11.7,20.5,15.4,4.16,13.8,44,73,37,9.0
2012-01-07,0.0,6.0,16.8,12.0,1.12,4.3,73,95,44,9.2
2012-01-08,0.0,2.7,16.9,9.3,1.08,3.7,74,99,38,9.5
2012-01-09,0.0,1.7,15.9,8.4,1.66,6.9,73,89,46,9.5
2012-01-10,0.0,5.4,13.9,9.7,1.25,5.8,82,99,59,7.1
2012-01-11,0.0,2.5,15.1,8.5,1.37,7.3,79,99,52,9.1
2012-01-12,0.0,8.1,14.4,10.8,1.23,5.0,79,94,56,7.3
2012-01-13,0.0,7.1,15.3,10.4,0.98,3.9,81,98,50,7.1
2012-01-14,0.0,2.8,17.9,9.7,2.4,8.2,68,96,33,9.6
2012-01-15,1.5,3.4,15.8,9.3,1.91,6.3,65,89,34,7.6
2012-01-16,3.7,5.1,13.2,9.1,1.71,8.4,78,99,48,8.5
2012-01-17,3.0,8.6,14.3,11.0,4.51,13.5,77,90,58,7.6
2012-01-18,0.0,7.9,15.1,11.1,1.81,6.0,76,92,51,9.1
2012-01-19,0.0,4.5,15.3,9.8,1.28,4.3,78,99,45,9.5
2012-01-20,0.0,2.6,17.8,9.5,1.97,8.1,72,94,45,9.6
2012-01-21,0.0,4.4,17.6,10.0,1.75,5.3,73,94,41,9.6
2012-01-22,0.0,2.3,17.5,9.2,1.66,4.8,72,94,39,9.6
2012-01-23,0.0,3.2,18.3,9.9,1.55,5.1,74,94,42,9.7
2012-01-24,0.0,3.1,17.5,9.8,1.37,4.3,76,96,45,9.7
2012-01-25,0.0,3.1,16.1,9.4,1.18,5.9,81,98,55,9.7
2012-01-26,0.0,3.0,17.1,9.9,1.28,4.6,79,100,44,9.7
2012-01-27,5.4,6.1,14.0,9.6,1.38,6.1,88,98,70,8.5
2012-01-28,0.0,7.8,13.2,10.2,2.17,9.2,78,93,59,6.6
2012-01-29,0.0,4.2,13.3,8.3,4.01,14.7,51,91,22,9.7
2012-01-30,0.0,3.7,13.1,7.7,2.8,9.2,38,54,21,9.8
2012-01-31,0.0,-0.5,16.2,7.1,1.97,6.0,59,80,30,9.8
2012-02-01,0.0,1.0,17.9,8.4,1.74,5.4,64,87,32,9.8
2012-02-02,7.1,3.1,9.4,5.6,2.65,11.9,66,94,30,5.4
2012-02-03,0.0,1.1,8.8,4.4,5.43,14.6,32,45,16,10.0
2012-02-04,0.0,0.8,9.4,4.4,5.95,19.4,23,29,17,10.0
2012-02-05,1.2,2.2,10.0,6.0,4.21,16.1,49,65,33,5.1
2012-02-06,0.0,6.3,15.6,10.8,6.26,17.1,47,58,35,10.0
2012-02-07,0.0,8.3,13.0,10.8,6.35,16.6,43,58,25,7.7
2012-02-08,0.0,2.2,9.7,5.9,3.37,13.7,30,64,21,10.3
2012-02-09,0.0,-2.7,11.9,4.7,1.59,5.5,52,81,22,10.4
2012-02-10,0.0,-1.2,14.2,5.7,2.24,9.2,49,72,20,10.4
2012-02-11,0.0,0.0,11.2,5.4,2.68,11.0,47,92,11,10.5
2012-02-12,0.0,-1.3,9.6,4.1,2.44,10.9,36,68,16,10.5
2012-02-13,0.0,-1.2,10.9,3.7,2.73,11.0,30,49,12,10.6
2012-02-14,0.0,0.2,14.1,7.3,3.91,14.5,46,62,30,9.9
2012-02-15,0.0,-0.6,14.2,6.7,1.75,6.8,58,88,23,10.6
2012-02-16,0.0,2.6,14.4,7.7,2.41,7.6,59,81,35,10.4
2012-02-17,0.3,0.5,13.6,7.2,2.05,8.3,76,97,47,10.7
2012-02-18,0.0,2.5,16.1,8.6,1.48,6.3,74,98,36,10.7
2012-02-19,0.0,1.8,18.3,9.5,2.04,8.7,65,98,24,10.7
2012-02-20,0.0,2.8,14.5,8.7,1.86,6.3,70,97,34,10.7
2012-02-21,0.0,2.5,14.4,8.6,1.5,7.6,74,100,34,10.7
2012-02-22,0.0,0.9,16.4,9.1,1.64,5.9,62,97,25,10.8
2012-02-23,0.0,0.9,19.2,9.9,1.78,6.8,48,84,14,10.8
2012-02-24,0.0,-0.1,19.4,9.8,1.67,8.3,44,66,15,10.8
2012-02-25,0.0,1.3,20.8,11.4,1.38,6.5,55,84,21,10.8
2012-02-26,0.0,5.6,24.2,14.8,2.55,12.6,38,83,20,10.8
2012-02-27,0.0,6.3,19.0,12.7,2.62,10.3,58,85,37,10.9
2012-02-28,0.0,5.3,17.8,11.5,1.65,8.9,72,98,42,10.9
2012-02-29,0.0,3.0,19.2,11.2,1.57,8.3,66,97,30,10.9
2012-03-01,0.0,3.8,19.5,11.9,1.56,9.5,72,94,44,10.9
2012-03-02,1.8,8.2,16.1,11.5,1.62,10.6,84,100,62,9.7
2012-03-03,0.0,3.7,22.1,12.1,2.31,9.8,65,99,24,11.0
2012-03-04,0.0,7.1,23.9,15.1,2.69,10.9,49,74,26,11.0
2012-03-05,0.0,10.1,19.1,14.9,2.87,10.4,51,73,23,11.0
2012-03-06,0.0,5.5,18.4,11.8,2.34,11.5,50,86,13,11.2
2012-03-07,0.0,3.5,17.2,10.1,1.87,7.5,60,95,22,11.2
2012-03-08,0.0,3.7,22.5,12.7,3.29,13.1,50,91,18,11.2
2012-03-09,0.0,8.3,18.1,12.2,1.61,10.4,64,91,29,11.0
2012-03-10,0.0,4.4,17.9,10.9,2.01,8.1,59,90,26,11.4
2012-03-11,0.0,2.7,19.8,11.8,1.65,7.5,58,92,23,11.5
2012-03-12,0.0,3.2,21.6,12.7,1.78,9.3,58,93,23,11.6
2012-03-13,0.0,3.7,23.0,14.0,1.39,8.7,52,90,19,11.6
2012-03-14,0.0,4.2,24.6,14.6,1.54,8.8,48,80,17,11.6
2012-03-15,0.0,4.5,22.3,13.8,1.88,9.3,51,83,22,11.6
2012-03-16,0.0,3.8,20.1,12.3,1.87,9.9,62,90,28,11.7
2012-03-17,0.0,5.1,22.2,13.9,1.86,10.5,68,96,34,11.7
2012-03-18,0.0,6.4,23.3,14.6,1.96,11.0,58,91,23,11.7
2012-03-19,0.0,6.7,18.4,12.6,3.31,12.8,44,70,28,11.8
2012-03-20,41.3,6.3,11.2,8.3,4.11,15.4,89,94,72,0.0
2012-03-21,0.2,4.1,15.0,9.6,1.96,8.6,73,91,51,11.8
2012-03-22,0.0,3.1,18.0,10.7,1.5,5.9,71,95,37,11.8
2012-03-23,0.0,4.3,18.0,11.2,2.0,9.5,73,100,40,11.9
2012-03-24,0.0,5.8,17.1,11.4,1.66,6.6,68,86,43,7.4
2012-03-25,0.0,4.7,18.7,12.1,1.94,8.9,74,97,42,11.9
2012-03-26,0.0,5.2,18.9,12.3,2.7,12.1,68,96,41,12.0
2012-03-27,0.0,5.3,20.2,13.0,2.89,11.4,61,87,34,12.0
2012-03-28,0.0,5.6,20.5,13.3,2.79,12.0,63,88,34,12.0
2012-03-29,0.0,6.4,20.7,13.7,2.47,11.3,62,88,35,12.0
2012-03-30,0.0,4.3,21.9,13.7,1.56,7.7,59,92,27,12.0
2012-03-31,0.0,6.0,21.9,14.8,1.33,6.9,53,83,29,11.7
2012-04-01,0.0,6.3,23.7,16.0,1.68,8.5,61,92,33,11.0
2012-04-02,0.0,9.0,20.9,15.4,1.9,8.8,72,95,46,12.0
2012-04-03,5.0,8.8,20.7,14.6,1.35,9.0,75,97,48,10.7
2012-04-04,1.1,8.8,21.2,14.9,1.64,9.1,71,95,43,12.0
2012-04-05,1.9,9.4,18.7,14.4,1.6,9.1,73,98,50,12.0
2012-04-06,0.8,7.6,19.2,13.7,1.92,8.7,60,95,23,12.1
2012-04-07,0.1,6.5,19.8,13.2,2.57,11.4,47,79,24,12.2
2012-04-08,0.0,7.4,23.6,15.1,2.49,10.5,44,66,23,12.3
2012-04-09,0.0,7.0,24.4,15.8,2.04,9.7,54,83,27,12.2
2012-04-10,0.0,11.2,26.4,18.5,2.9,15.4,48,80,19,10.9
2012-04-11,0.0,10.7,24.1,17.5,2.31,12.5,50,77,29,12.3
2012-04-12,0.7,9.5,21.0,15.3,1.67,7.3,57,84,32,3.4
2012-04-13,0.3,10.7,19.9,14.8,4.26,15.2,51,81,23,12.2
2012-04-14,0.7,7.6,19.4,14.3,4.19,19.0,50,80,36,12.3
2012-04-15,0.6,10.3,19.2,14.4,5.42,17.2,42,61,23,12.0
2012-04-16,0.0,9.3,20.4,14.6,5.4,16.8,29,44,14,12.8
2012-04-17,0.0,8.1,23.4,15.4,3.59,13.1,30,46,18,12.9
2012-04-18,0.0,10.6,23.7,17.5,3.75,14.2,40,67,19,11.0
2012-04-19,0.1,13.1,21.3,17.5,4.83,17.2,41,56,30,12.7
2012-04-20,0.0,12.1,24.5,18.0,3.94,15.0,45,67,25,13.1
2012-04-21,0.0,9.6,26.3,18.4,1.97,10.5,52,89,26,13.1
2012-04-22,0.2,14.2,24.5,18.9,2.35,10.4,50,75,31,12.9
2012-04-23,0.0,10.8,26.1,18.6,2.41,11.2,49,89,23,13.3
2012-04-24,0.0,12.0,26.6,18.8,2.35,11.2,46,71,22,13.3
2012-04-25,0.0,11.5,24.9,17.6,2.01,11.9,66,96,34,12.7
2012-04-26,0.0,9.6,27.5,18.8,2.18,11.5,56,94,23,13.5
2012-04-27,0.0,12.9,24.8,19.0,2.2,10.4,57,84,34,13.2
2012-04-28,0.1,13.4,24.1,17.8,2.26,18.7,65,96,37,11.5
2012-04-29,0.7,9.2,19.6,15.3,2.49,14.3,54,76,36,12.3
2012-04-30,0.1,7.3,21.2,14.8,1.95,9.8,55,87,26,12.4
2012-05-01,0.0,7.0,21.5,14.7,2.3,10.7,53,83,27,13.6
2012-05-02,0.0,7.7,22.4,15.7,1.86,8.7,57,91,30,13.7
2012-05-03,0.0,8.6,24.3,17.1,1.65,10.3,59,92,31,13.7
2012-05-04,0.0,10.2,25.6,18.7,2.22,11.9,50,84,23,13.6
2012-05-05,3.8,13.4,22.1,17.7,1.37,8.0,58,83,38,7.7
2012-05-06,0.6,10.8,26.0,18.1,2.35,11.3,58,96,21,13.8
2012-05-07,0.0,9.9,26.6,18.7,2.21,10.8,46,74,23,13.8
2012-05-08,0.0,12.3,29.2,21.4,1.63,10.0,43,76,24,12.9
2012-05-09,0.0,14.8,31.4,23.6,1.94,10.5,35,68,15,13.9
2012-05-10,0.0,13.6,30.2,22.7,2.29,11.5,33,54,20,13.9
2012-05-11,0.0,14.5,30.8,23.3,2.23,10.7,39,61,24,14.0
2012-05-12,0.0,14.0,33.0,24.1,1.69,9.6,39,71,18,14.0
2012-05-13,0.0,16.2,33.8,25.8,1.92,9.7,32,57,17,13.9
2012-05-14,0.0,18.5,26.7,23.0,2.74,10.6,50,77,32,14.0
2012-05-15,0.0,15.1,27.5,21.0,2.18,10.3,62,95,29,14.0
2012-05-16,0.0,13.1,25.3,19.6,2.69,11.5,59,87,33,12.1
2012-05-17,0.0,14.4,26.8,19.9,2.04,10.0,61,92,33,13.3
2012-05-18,0.0,13.7,27.0,20.7,1.96,8.8,59,88,36,13.8
2012-05-19,0.2,14.4,28.5,21.5,2.07,12.5,60,96,28,14.0
2012-05-20,0.4,16.3,24.1,20.0,4.09,14.5,35,51,20,13.9
2012-05-21,0.0,13.4,25.8,19.6,5.28,15.2,34,57,14,14.0
2012-05-22,0.0,14.3,30.0,22.5,3.07,13.0,25,38,15,14.0
2012-05-23,0.0,13.2,30.7,22.5,2.1,11.4,36,59,17,14.0
2012-05-24,0.0,13.5,29.7,22.1,2.16,11.4,42,73,18,14.0
2012-05-25,0.0,14.8,29.1,22.2,2.27,11.8,52,75,31,13.0
2012-05-26,0.0,15.5,32.4,24.2,1.73,10.7,53,89,24,14.0
2012-05-27,0.0,16.3,29.4,23.6,2.27,10.1,52,87,29,14.0
2012-05-28,0.0,17.3,29.1,22.7,2.16,10.3,53,75,29,13.0
2012-05-29,0.0,15.2,29.3,22.6,2.06,10.2,53,86,29,14.0
2012-05-30,0.0,16.7,30.2,23.4,2.06,11.0,51,80,25,13.5
2012-05-31,0.0,15.9,31.0,23.8,2.43,11.3,44,70,22,14.0
2012-06-01,0.0,15.3,32.2,24.7,2.34,11.2,40,68,19,14.0
2012-06-02,0.0,15.9,34.1,26.5,2.02,10.7,32,56,17,13.0
2012-06-03,0.2,20.4,31.6,26.2,2.22,10.0,47,61,34,12.3
2012-06-04,0.0,19.2,31.3,24.6,2.12,12.0,58,81,34,14.0
2012-06-05,0.0,18.3,30.7,23.8,2.09,10.4,65,94,35,14.0
2012-06-06,0.0,16.7,35.1,26.3,1.97,11.8,53,92,24,14.0
2012-06-07,0.0,18.2,36.5,27.5,1.68,10.8,52,87,23,12.6
2012-06-08,0.0,23.3,34.1,27.7,2.84,11.4,39,60,24,14.0
2012-06-09,0.0,20.0,30.6,24.9,2.11,12.0,58,84,30,14.0
2012-06-10,0.0,17.8,35.0,27.3,2.11,10.9,48,92,20,14.0
2012-06-11,0.0,24.1,35.8,30.2,3.12,12.5,31,48,18,14.0
2012-06-12,0.0,21.3,30.6,25.5,3.51,13.9,32,67,18,14.0
2012-06-13,0.0,16.6,28.4,23.0,2.58,12.3,54,92,26,14.0
2012-06-14,0.0,15.2,30.1,23.0,2.44,10.3,44,66,24,14.0
2012-06-15,0.0,15.2,31.2,23.8,2.02,10.0,49,78,26,14.0
2012-06-16,0.0,17.7,31.5,24.7,1.86,10.1,55,84,32,14.0
2012-06-17,0.0,18.4,29.4,24.1,2.29,10.8,58,77,41,14.0
2012-06-18,0.0,18.5,31.3,24.5,2.1,10.2,63,93,34,13.5
2012-06-19,0.0,20.5,32.8,26.2,2.07,9.1,61,82,36,14.0
2012-06-20,0.0,21.4,32.1,27.0,1.96,9.5,58,87,36,14.0
2012-06-21,0.0,18.8,37.3,29.0,1.85,8.5,39,80,14,14.0
2012-06-22,0.0,20.2,33.3,27.6,3.06,12.9,42,79,26,14.0
2012-06-23,0.0,18.9,32.9,25.6,2.21,11.2,61,95,28,14.0
2012-06-24,0.0,18.5,34.0,26.3,2.12,10.1,48,75,25,14.0
2012-06-25,0.0,19.9,34.5,27.0,2.08,10.5,46,73,21,14.0
2012-06-26,0.0,19.5,34.9,27.3,1.93,10.2,46,71,24,14.0
2012-06-27,0.0,19.8,36.6,28.2,1.69,10.2,50,82,23,11.6
2012-06-28,0.0,21.7,40.3,30.8,1.89,9.9,46,79,16,14.0
2012-06-29,0.0,21.4,40.8,32.0,2.0,11.3,37,65,15,14.0
2012-06-30,0.0,21.3,38.8,31.0,2.2,11.2,29,44,13,14.0
2012-07-01,0.0,23.8,33.4,28.4,3.65,12.8,23,46,12,14.0
2012-07-02,0.0,19.5,30.2,24.7,2.45,10.5,64,93,39,13.8
2012-07-03,0.0,18.0,31.5,24.9,2.3,10.9,58,89,30,13.1
2012-07-04,0.0,18.3,32.7,25.5,2.03,10.8,61,94,32,14.0
2012-07-05,0.0,19.2,35.4,27.8,1.73,10.4,52,87,24,14.0
2012-07-06,0.0,21.7,33.1,27.0,2.4,11.5,48,76,27,14.0
2012-07-07,0.0,18.8,32.5,25.9,2.12,10.0,64,97,36,14.0
2012-07-08,0.0,19.5,35.7,27.4,2.33,12.2,57,92,24,14.0
2012-07-09,0.0,20.3,32.9,26.3,2.22,10.7,65,96,37,14.0
2012-07-10,0.0,19.7,36.5,28.4,2.0,10.7,52,92,21,14.0
2012-07-11,0.0,19.2,35.3,27.6,2.25,12.4,54,84,23,14.0
2012-07-12,0.0,21.6,33.5,26.9,2.23,10.5,66,89,37,14.0
2012-07-13,0.0,19.8,35.8,28.2,1.93,10.9,60,98,28,14.0
2012-07-14,0.0,21.3,38.7,29.3,2.51,14.2,49,74,13,14.0
2012-07-15,0.0,23.4,31.2,26.5,3.51,12.5,67,89,41,13.4
2012-07-16,0.0,21.1,30.8,25.5,2.94,11.2,63,88,40,14.0
2012-07-17,0.0,18.4,31.3,25.0,2.16,10.6,58,89,33,14.0
2012-07-18,0.0,16.4,35.0,26.7,1.87,10.5,41,81,16,14.0
2012-07-19,0.0,18.3,35.6,27.8,2.04,11.2,32,54,15,14.0
2012-07-20,0.0,20.5,34.3,27.1,1.91,10.5,55,81,27,14.0
2012-07-21,0.0,19.9,32.9,26.5,2.63,11.1,64,91,39,13.9
2012-07-22,0.0,21.9,32.8,26.2,2.35,12.6,68,92,37,13.2
2012-07-23,0.0,20.5,29.5,25.0,2.81,11.8,63,90,40,13.9
2012-07-24,0.0,20.1,30.4,25.0,2.41,11.1,58,83,34,13.9
2012-07-25,0.0,17.9,32.7,25.7,2.27,11.7,51,79,30,13.9
2012-07-26,0.0,20.1,32.9,26.8,3.01,12.7,52,72,39,13.9
2012-07-27,0.0,22.0,34.0,28.0,1.58,10.0,62,90,40,13.9
2012-07-28,0.0,20.7,34.3,28.4,1.77,9.4,55,86,33,13.8
2012-07-29,0.0,20.3,32.7,27.1,2.18,10.1,65,93,43,13.8
2012-07-30,0.0,20.9,32.7,26.8,2.07,9.7,67,95,41,13.8
2012-07-31,0.0,21.1,34.7,27.9,1.87,10.0,60,89,34,13.8
2012-08-01,0.1,20.8,39.0,30.0,1.52,10.4,56,89,28,13.6
2012-08-02,0.0,21.3,35.8,28.8,2.3,11.2,57,79,37,13.8
2012-08-03,0.0,22.8,33.2,27.4,2.11,9.8,68,90,42,13.5
2012-08-04,0.0,21.2,34.2,27.5,1.67,10.9,62,91,36,13.7
2012-08-05,0.0,21.5,36.5,28.7,1.67,11.1,56,96,23,13.6
2012-08-06,0.0,23.9,34.3,28.2,2.66,12.2,40,78,18,13.7
2012-08-07,0.1,21.6,32.3,26.6,3.57,14.1,65,91,34,13.0
2012-08-08,0.0,19.9,33.8,26.9,2.21,9.3,54,80,32,12.8
2012-08-09,0.0,20.7,36.3,28.7,1.72,9.6,52,78,32,13.3
2012-08-10,0.0,22.4,42.7,32.4,1.71,7.4,45,75,18,13.5
2012-08-11,1.4,22.8,40.1,31.9,1.68,8.2,46,79,22,13.4
2012-08-12,0.0,21.8,41.8,31.5,1.81,10.6,40,73,10,13.4
2012-08-13,0.0,23.1,33.7,27.7,1.83,10.1,70,99,39,13.2
2012-08-14,0.0,21.7,35.2,28.2,1.76,10.2,59,90,30,13.2
2012-08-15,0.0,19.8,36.7,28.4,1.63,8.9,54,92,21,13.2
2012-08-16,0.0,20.6,36.2,29.0,2.14,9.4,43,67,26,13.2
2012-08-17,0.0,20.3,35.7,28.0,2.26,10.3,58,88,30,13.1
2012-08-18,0.0,20.7,37.3,28.8,2.1,10.7,58,89,27,12.8
2012-08-19,0.0,21.8,37.0,29.1,2.05,9.9,55,86,23,12.5
2012-08-20,0.0,21.0,36.7,29.0,1.87,9.8,54,86,24,12.9
2012-08-21,0.0,21.5,38.1,29.7,1.53,9.9,54,86,22,12.8
2012-08-22,0.0,22.1,36.2,29.3,1.82,9.7,58,91,28,12.8
2012-08-23,0.0,21.7,35.6,28.5,1.75,9.9,63,91,35,12.2
2012-08-24,0.0,21.4,38.9,30.0,1.92,12.2,53,94,16,12.7
2012-08-25,0.0,24.8,38.4,30.9,2.73,10.4,25,46,19,12.3
2012-08-26,0.0,23.4,34.1,28.6,3.05,13.0,46,79,32,12.2
2012-08-27,0.0,23.6,32.9,27.5,2.21,10.1,70,93,43,12.3
2012-08-28,0.0,21.3,36.7,28.7,1.66,9.3,64,97,26,12.3
2012-08-29,0.0,22.6,35.2,28.1,1.68,9.4,66,98,33,12.2
2012-08-30,0.5,20.8,35.4,27.6,2.19,12.1,62,91,25,11.8
2012-08-31,11.4,21.1,27.3,24.0,2.4,9.3,70,90,48,11.0
2012-09-01,0.1,19.3,28.0,23.5,1.38,9.1,67,88,45,11.2
2012-09-02,0.1,19.2,25.9,22.3,2.21,7.8,60,81,40,11.9
2012-09-03,0.0,14.5,28.0,21.5,1.65,9.0,61,92,31,12.0
2012-09-04,0.0,15.0,29.0,22.2,1.65,8.6,61,92,32,12.0
2012-09-05,0.0,16.1,29.6,23.0,1.89,9.4,64,90,39,12.0
2012-09-06,0.0,16.4,30.1,23.4,2.23,10.5,64,91,36,12.0
2012-09-07,0.0,17.4,30.0,23.7,2.21,10.9,64,91,37,12.0
2012-09-08,0.0,16.3,31.5,24.0,1.72,9.8,58,90,28,12.0
2012-09-09,0.0,18.3,31.7,24.6,1.46,9.4,65,91,34,12.0
2012-09-10,0.0,19.1,29.8,23.9,1.6,8.2,72,99,42,12.0
2012-09-11,0.0,17.9,32.0,24.9,1.42,7.7,66,95,37,12.0
2012-09-12,0.0,17.9,34.2,26.1,1.7,10.2,61,94,27,12.0
2012-09-13,0.0,21.0,30.1,24.7,1.98,11.1,58,79,29,12.0
2012-09-14,0.0,15.8,29.2,22.5,1.52,8.5,58,92,23,12.0
2012-09-15,0.0,16.0,32.7,24.2,1.92,10.0,56,87,21,12.0
2012-09-16,0.0,15.1,34.1,24.9,1.6,9.5,49,86,15,12.0
2012-09-17,0.0,16.1,34.3,25.3,1.18,7.4,49,74,23,12.0
2012-09-18,0.0,18.5,33.4,25.8,0.95,5.5,65,94,33,7.8
2012-09-19,0.2,20.8,29.0,24.7,2.68,10.5,72,90,49,10.7
2012-09-20,1.8,21.2,27.2,23.4,2.75,9.6,80,96,51,11.3
2012-09-21,0.0,17.8,30.1,23.6,2.01,7.8,70,91,44,12.0
2012-09-22,0.0,18.0,30.6,24.0,1.51,8.5,75,97,47,12.0
2012-09-23,0.0,19.8,33.2,25.3,1.4,10.2,69,99,29,11.9
2012-09-24,0.0,20.5,30.3,25.0,2.52,10.1,43,68,22,11.0
2012-09-25,0.0,14.0,29.3,22.0,1.87,8.6,39,54,22,11.9
2012-09-26,0.0,16.2,29.3,22.0,2.45,13.3,47,62,29,10.0
2012-09-27,7.1,17.7,25.2,21.0,2.13,9.5,69,84,53,10.6
2012-09-28,69.0,16.1,20.4,19.4,2.25,16.5,86,95,78,0.3
2012-09-29,0.1,11.5,22.1,17.2,1.71,7.0,75,95,53,11.5
2012-09-30,0.0,15.4,23.3,18.8,2.21,9.6,64,85,44,11.7
2012-10-01,0.0,12.2,24.5,18.5,1.26,5.9,82,100,52,11.4
2012-10-02,0.0,13.3,26.2,19.8,1.42,5.4,78,99,47,11.6
2012-10-03,0.0,13.4,25.9,19.8,1.32,7.0,77,100,44,11.5
2012-10-04,0.0,12.7,26.5,19.6,1.48,6.4,73,96,43,11.5
2012-10-05,0.0,14.0,25.7,19.5,1.33,4.7,78,95,55,10.8
2012-10-06,0.0,15.1,25.8,20.4,1.09,5.7,85,100,60,11.1
2012-10-07,0.0,16.1,29.5,22.1,1.49,5.4,75,99,40,11.2
2012-10-08,0.0,16.4,28.9,22.7,1.24,6.0,78,94,51,11.1
2012-10-09,0.0,16.8,32.4,23.5,1.71,5.9,67,98,32,11.0
2012-10-10,0.0,16.3,30.5,22.9,1.26,5.7,71,92,38,10.1
2012-10-11,1.1,18.0,28.5,22.9,1.9,9.0,66,90,43,10.9
2012-10-12,0.8,16.0,26.0,20.5,1.65,5.5,66,84,44,7.5
2012-10-13,0.0,14.2,25.0,19.8,1.33,6.5,70,97,36,10.2
2012-10-14,0.0,13.5,25.4,19.5,1.7,7.0,65,97,31,9.6
2012-10-15,1.0,15.0,22.9,18.4,2.58,11.2,56,86,24,10.8
2012-10-16,0.0,10.4,23.0,17.0,1.95,9.2,69,93,40,10.7
2012-10-17,0.0,10.1,23.1,16.7,1.33,7.0,74,100,38,10.3
2012-10-18,0.0,12.5,27.3,19.3,1.91,10.2,70,91,41,9.1
2012-10-19,10.9,16.7,21.8,19.2,1.97,13.9,79,93,67,6.7
2012-10-20,32.1,16.2,18.9,17.3,1.21,7.2,91,97,77,0.0
2012-10-21,13.7,12.7,18.3,15.7,2.17,8.1,81,94,63,3.0
2012-10-22,0.0,9.8,23.5,16.1,1.66,6.9,74,91,48,10.5
2012-10-23,0.0,11.3,22.6,17.0,1.38,6.1,81,97,59,10.3
2012-10-24,0.0,12.2,21.1,16.6,1.25,7.3,86,100,61,7.0
2012-10-25,1.9,13.6,20.6,17.0,1.08,9.3,90,100,74,4.9
2012-10-26,0.0,15.0,22.8,18.0,1.46,9.5,83,99,53,10.0
2012-10-27,0.0,11.7,21.9,16.7,3.11,13.6,72,92,50,10.1
2012-10-28,0.0,8.4,16.8,12.7,3.72,11.8,41,65,29,10.3
2012-10-29,0.0,4.2,17.3,10.7,1.64,6.4,64,87,39,10.2
2012-10-30,3.4,6.4,17.4,12.2,1.42,7.4,80,95,60,8.3
2012-10-31,0.7,10.0,19.4,13.8,2.86,11.8,73,97,43,10.1
2012-11-01,0.0,6.8,21.2,13.0,1.74,6.3,73,93,43,10.1
2012-11-02,0.0,6.4,20.7,13.5,1.23,4.4,75,95,49,9.4
2012-11-03,0.5,14.3,22.6,17.8,0.99,6.6,84,93,72,9.3
2012-11-04,0.0,16.0,25.1,20.2,2.4,8.8,83,95,67,9.4
2012-11-05,0.8,15.7,19.9,17.9,2.51,10.3,62,87,39,9.0
2012-11-06,2.7,12.6,15.3,13.6,1.93,7.8,70,80,61,0.0
2012-11-07,5.3,11.9,15.9,14.0,2.36,10.9,81,87,74,3.0
2012-11-08,0.0,13.5,17.6,15.1,1.82,7.4,78,87,71,3.0
2012-11-09,0.4,12.4,18.1,15.1,1.39,5.8,88,95,79,0.5
2012-11-10,0.4,10.3,19.7,14.7,1.94,7.5,78,100,46,9.9
2012-11-11,23.6,8.1,14.6,11.1,2.23,15.5,85,92,69,2.3
2012-11-12,10.1,11.0,15.9,13.1,3.38,12.7,82,93,65,4.6
2012-11-13,7.7,10.5,13.4,12.1,4.35,14.0,69,84,51,1.9
2012-11-14,8.5,13.5,19.2,15.6,2.29,9.7,89,95,80,8.9
2012-11-15,1.3,14.6,19.4,16.5,1.81,7.6,89,97,74,9.8
2012-11-16,0.1,13.2,18.9,15.8,1.48,6.7,90,99,73,8.8
2012-11-17,0.0,13.6,19.1,16.0,1.07,4.6,88,99,66,8.6
2012-11-18,4.7,11.3,18.0,14.3,1.04,6.0,89,98,71,8.1
2012-11-19,0.0,9.5,18.8,13.7,1.59,5.1,85,97,58,9.8
2012-11-20,0.0,8.1,19.1,13.5,1.44,5.0,86,98,64,9.3
2012-11-21,0.0,10.9,19.5,14.5,1.37,6.8,82,100,53,7.1
2012-11-22,0.0,9.5,18.2,13.5,1.41,4.6,82,94,60,9.6
2012-11-23,0.0,8.5,18.0,13.5,1.12,4.9,87,100,64,9.7
2012-11-24,0.0,9.3,16.8,12.7,0.98,3.8,89,100,68,9.7
2012-11-25,0.0,6.4,18.3,12.0,1.02,4.2,88,99,68,9.5
2012-11-26,0.6,7.5,19.9,13.1,1.19,4.9,88,100,64,7.0
2012-11-27,4.2,9.3,14.2,11.9,3.5,13.0,69,97,41,9.6
2012-11-28,0.0,7.7,13.4,10.1,5.83,16.6,49,59,35,9.6
2012-11-29,0.0,8.0,13.3,10.3,6.41,18.7,49,56,37,9.6
2012-11-30,0.0,4.5,13.0,8.9,2.55,11.0,56,77,40,9.4
2012-12-01,0.0,3.6,12.2,7.2,2.7,10.7,67,86,41,9.6
2012-12-02,0.0,1.7,12.9,6.4,2.21,7.6,61,77,35,9.5
2012-12-03,0.0,3.5,15.7,8.1,2.65,8.9,66,84,48,9.5
2012-12-04,0.0,3.3,15.5,8.6,2.83,10.7,73,91,51,9.5
2012-12-05,0.0,7.7,13.5,10.5,3.88,14.4,62,80,42,7.8
2012-12-06,0.0,4.1,14.0,8.9,2.26,9.8,67,85,46,7.8
2012-12-07,1.8,4.9,14.6,9.5,1.57,8.0,83,92,65,8.5
2012-12-08,0.0,9.6,15.6,11.9,3.87,12.5,64,84,41,9.5
2012-12-09,0.0,2.1,13.8,8.2,1.5,6.0,72,90,52,9.4
2012-12-10,0.0,1.9,15.1,7.0,1.75,5.9,74,95,40,8.3
2012-12-11,0.0,2.4,13.7,7.9,1.54,4.9,73,90,56,9.4
2012-12-12,0.0,2.7,14.0,8.5,1.1,4.0,83,96,66,8.6
2012-12-13,0.0,2.3,15.2,8.2,1.37,4.6,84,98,59,9.4
2012-12-14,0.0,2.9,15.8,8.5,1.67,5.4,85,97,59,7.4
2012-12-15,1.9,9.4,20.6,13.8,1.68,9.6,84,93,65,5.7
2012-12-16,0.0,9.2,19.3,13.1,1.58,6.2,85,97,56,7.7
2012-12-17,0.0,9.4,18.2,12.9,1.85,6.2,82,92,65,4.5
2012-12-18,0.0,6.4,19.0,12.1,1.59,5.4,83,97,61,9.4
2012-12-19,0.0,7.8,18.5,12.1,1.48,4.3,84,98,59,8.1
2012-12-20,0.0,6.5,17.5,11.9,1.33,6.4,84,100,57,7.8
2012-12-21,0.0,5.8,20.1,12.4,2.86,12.2,76,96,45,9.3
2012-12-22,0.0,9.1,19.7,13.5,1.96,9.0,78,94,56,9.3
2012-12-23,0.0,6.8,20.6,12.1,1.64,4.8,79,96,48,9.4
2012-12-24,0.0,5.5,20.5,11.7,1.34,4.2,81,95,50,9.2
2012-12-25,0.5,5.8,18.5,10.9,1.36,9.4,78,94,46,5.6
2012-12-26,0.4,7.7,15.9,12.1,2.79,9.6,69,84,49,9.1
2012-12-27,0.0,3.5,17.5,9.0,2.24,6.9,70,90,37,9.4
2012-12-28,0.0,4.2,17.4,9.9,1.91,6.1,70,83,47,9.4
2012-12-29,0.0,1.1,17.0,8.0,1.54,9.2,73,95,40,9.4
2012-12-30,0.0,5.9,14.5,10.3,3.33,11.6,63,81,44,9.4
2012-12-31,0.0,1.0,13.6,6.9,1.55,5.2,79,94,52,9.1
2013-01-01,0.0,2.6,14.7,8.3,2.89,12.2,75,98,50,6.8
2013-01-02,0.0,6.9,15.6,10.4,2.85,11.0,62,77,40,9.2
2013-01-03,0.0,3.0,15.0,8.4,2.07,8.7,69,88,43,9.3
2013-01-04,0.0,3.8,15.1,8.3,1.85,5.1,72,88,45,9.4
2013-01-05,0.0,3.3,19.4,9.5,2.31,6.8,62,89,30,9.5
2013-01-06,0.0,5.3,19.6,10.8,2.47,7.3,58,82,35,9.5
2013-01-07,0.0,3.9,19.2,9.7,2.43,6.7,66,88,32,9.5
2013-01-08,0.0,3.7,18.1,9.2,2.22,5.9,64,81,32,9.5
2013-01-09,0.0,3.1,16.7,8.6,2.52,7.6,65,83,36,9.5
2013-01-10,0.0,7.0,18.6,11.7,2.46,9.7,72,88,48,9.5
2013-01-11,0.0,8.0,16.6,11.4,2.54,9.4,73,88,45,9.5
2013-01-12,0.0,3.8,17.8,10.0,2.14,8.3,73,93,40,9.6
2013-01-13,0.0,3.9,14.5,9.1,3.06,13.5,64,91,32,9.3
2013-01-14,0.0,6.5,13.6,9.7,5.19,15.8,49,63,34,9.6
2013-01-15,0.0,8.2,16.8,11.8,4.07,11.9,46,59,33,9.3
2013-01-16,0.1,9.2,14.3,11.3,3.7,16.4,56,67,47,7.4
2013-01-17,0.1,10.4,17.6,13.5,4.52,13.7,59,74,42,9.2
2013-01-18,0.2,9.4,21.4,14.6,3.08,15.7,65,85,46,8.2
2013-01-19,4.7,10.8,15.4,13.7,3.97,19.7,72,88,54,3.8
2013-01-20,0.0,8.2,14.1,11.2,6.03,20.0,50,65,34,9.4
2013-01-21,0.0,5.7,15.3,10.1,2.96,13.5,63,89,36,9.6
2013-01-22,1.5,2.3,16.4,8.1,3.42,15.4,64,85,33,9.1
2013-01-23,0.0,6.7,12.3,9.3,5.81,18.8,46,53,32,9.7
2013-01-24,0.0,5.2,16.4,11.2,5.19,23.3,57,81,37,9.7
2013-01-25,0.0,6.8,16.6,10.8,2.7,9.8,60,79,36,8.9
2013-01-26,0.0,5.2,19.1,12.1,4.18,18.7,61,92,28,9.7
2013-01-27,0.0,3.9,21.3,11.7,1.98,6.9,65,95,29,8.7
2013-01-28,0.0,9.7,18.5,13.6,3.98,15.6,46,62,25,9.7
2013-01-29,0.0,2.4,20.1,10.0,1.73,5.1,57,86,21,9.7
2013-01-30,0.0,3.8,21.9,11.3,1.99,5.6,56,77,25,9.7
2013-01-31,0.0,6.7,23.0,13.2,2.18,6.4,55,72,28,9.8
2013-02-01,0.0,5.7,23.6,13.0,2.05,6.3,60,89,24,9.9
2013-02-02,0.0,8.2,15.3,12.1,5.78,19.6,48,76,27,9.9
2013-02-03,0.0,7.9,14.4,10.7,5.99,16.5,33,45,20,10.0
2013-02-04,0.0,2.8,16.9,9.6,2.12,8.1,48,69,31,10.0
2013-02-05,0.0,5.5,21.3,12.3,2.48,8.1,63,88,35,10.0
2013-02-06,0.0,8.0,15.5,11.7,5.28,19.4,50,84,24,10.2
2013-02-07,0.0,7.5,14.4,10.7,6.36,18.1,34,45,22,10.3
2013-02-08,0.0,6.3,15.4,10.8,4.44,15.5,38,51,23,10.1
2013-02-09,0.0,5.9,15.5,10.3,5.3,14.6,36,44,20,10.2
2013-02-10,0.0,3.1,19.3,10.8,2.53,9.8,44,70,21,10.2
2013-02-11,0.0,7.5,12.4,10.0,5.23,22.1,45,68,29,10.5
2013-02-12,0.0,6.2,15.1,10.1,5.56,17.6,39,52,24,10.6
2013-02-13,0.0,5.3,19.5,12.3,4.08,16.1,44,60,32,10.3
2013-02-14,0.0,8.9,21.1,14.3,2.18,7.9,58,84,31,10.6
2013-02-15,0.0,5.7,21.7,13.1,1.53,6.4,68,95,30,10.7
2013-02-16,0.0,8.2,18.0,12.1,1.43,7.8,80,98,50,10.3
2013-02-17,0.2,7.6,17.7,12.6,0.94,6.6,79,100,50,8.0
2013-02-18,0.0,5.9,18.9,12.8,1.65,8.1,70,94,42,10.0
2013-02-19,5.3,9.0,13.8,11.2,2.65,10.4,87,95,71,0.0
2013-02-20,0.4,8.9,17.5,12.8,1.62,7.0,71,95,41,10.1
2013-02-21,0.0,7.0,20.0,13.3,2.73,11.0,65,89,37,10.8
2013-02-22,0.3,8.0,20.4,14.6,2.98,13.3,60,88,33,10.4
2013-02-23,0.0,8.7,15.5,12.2,3.33,14.1,46,69,20,10.8
2013-02-24,0.0,4.9,14.7,9.1,4.87,13.8,32,43,20,10.8
2013-02-25,0.0,4.3,13.0,8.5,4.14,13.6,37,50,19,8.3
2013-02-26,0.0,1.3,14.1,7.1,3.0,9.9,47,66,22,10.8
2013-02-27,0.8,2.1,11.3,6.8,3.55,14.8,67,86,48,10.7
2013-02-28,7.2,5.7,12.4,8.8,3.11,9.3,75,89,61,8.6
2013-03-01,0.0,3.2,14.9,9.2,4.02,13.3,61,86,35,9.5
2013-03-02,0.0,2.6,17.0,10.4,2.11,8.8,60,91,36,10.3
2013-03-03,0.6,8.5,14.0,11.0,2.25,8.9,78,89,66,4.0
2013-03-04,14.5,7.8,14.4,11.2,3.88,15.0,89,96,75,0.2
2013-03-05,1.1,9.3,16.8,12.8,1.71,6.4,88,100,70,4.3
2013-03-06,0.0,6.0,21.8,13.3,2.29,12.8,74,97,41,11.0
2013-03-07,2.5,11.2,20.2,15.3,1.89,12.6,76,92,68,10.6
2013-03-08,0.0,9.5,22.7,15.7,2.39,8.7,66,92,39,11.2
2013-03-09,0.0,8.0,21.2,15.3,1.98,9.1,65,90,40,11.3
2013-03-10,0.1,6.5,20.2,13.6,2.4,9.5,58,85,33,11.4
2013-03-11,0.3,7.8,18.4,12.8,2.75,13.8,57,76,38,11.5
2013-03-12,5.5,8.2,16.5,11.7,1.73,8.0,74,96,47,5.7
2013-03-13,0.1,5.1,12.9,9.6,5.46,23.0,61,96,29,11.6
2013-03-14,0.0,5.0,15.0,9.6,6.7,18.0,35,46,22,11.6
2013-03-15,0.0,4.6,17.9,10.9,2.73,11.1,43,73,25,11.7
2013-03-16,0.0,6.6,16.9,11.1,1.66,9.2,67,91,38,7.2
2013-03-17,1.1,5.5,21.9,12.9,1.66,12.4,75,93,49,4.4
2013-03-18,0.0,8.6,22.6,15.4,1.89,7.0,59,89,26,11.7
2013-03-19,0.0,4.4,19.1,12.1,1.94,8.9,64,85,40,10.8
2013-03-20,0.0,8.0,20.0,14.4,3.28,14.1,61,94,28,11.8
2013-03-21,0.0,4.2,20.0,12.6,2.13,10.0,61,90,35,11.8
2013-03-22,0.0,6.1,22.3,14.7,1.34,8.5,63,94,38,11.8
2013-03-23,0.0,6.7,17.4,13.2,2.07,8.2,63,89,43,10.3
2013-03-24,2.3,9.0,19.0,13.5,4.44,15.2,61,93,30,9.7
2013-03-25,0.0,10.0,22.3,15.3,3.44,13.5,48,64,32,10.0
2013-03-26,1.0,9.2,21.7,15.8,2.54,11.0,64,88,43,9.1
2013-03-27,0.0,8.4,23.3,16.4,2.41,10.7,58,91,31,12.0
2013-03-28,0.0,8.2,23.3,16.5,2.81,11.7,56,90,31,12.0
2013-03-29,0.5,11.3,25.4,18.3,2.77,12.5,56,83,31,12.0
2013-03-30,0.0,12.1,25.0,19.0,3.96,15.6,47,83,20,12.1
2013-03-31,3.6,8.7,19.1,15.0,1.47,7.9,64,91,45,4.3
2013-04-01,1.0,10.9,21.3,16.3,3.97,17.1,59,93,24,12.0
2013-04-02,0.1,7.1,21.3,15.0,3.18,14.7,50,82,24,12.1
2013-04-03,0.0,7.3,20.9,14.6,1.99,11.7,53,78,32,12.0
2013-04-04,1.4,6.8,20.9,13.9,1.91,9.4,63,92,34,10.8
2013-04-05,2.0,5.9,17.3,12.3,1.56,10.2,67,91,45,7.9
2013-04-06,0.0,7.1,18.1,12.1,5.14,16.8,41,83,20,11.9
2013-04-07,0.0,7.3,19.4,13.3,2.78,9.6,45,75,27,12.0
2013-04-08,0.0,5.9,24.4,15.3,2.18,11.3,58,90,27,12.0
2013-04-09,0.0,9.4,26.2,18.1,2.02,9.8,47,83,23,12.0
2013-04-10,0.0,13.1,26.2,19.6,2.3,9.6,49,73,29,12.2
2013-04-11,0.0,11.8,29.4,20.7,2.25,11.9,51,85,26,12.0
2013-04-12,0.0,11.3,25.6,19.3,2.35,10.3,52,85,30,12.4
2013-04-13,0.0,11.5,25.2,18.5,2.14,10.6,58,86,31,12.5
2013-04-14,0.0,9.3,24.7,17.3,2.47,11.8,52,84,28,12.5
2013-04-15,0.0,10.1,27.2,18.6,1.73,8.5,46,74,25,12.6
2013-04-16,0.0,10.8,27.8,19.2,1.69,9.3,55,86,27,12.6
2013-04-17,0.0,13.0,28.1,19.7,1.51,8.9,50,85,18,12.8
2013-04-18,0.0,12.3,28.6,19.9,1.58,9.7,44,68,18,12.9
2013-04-19,0.0,13.0,24.8,18.1,2.31,11.3,60,88,34,12.6
2013-04-20,0.0,13.4,21.2,16.6,2.07,10.9,60,80,40,12.3
2013-04-21,0.0,10.3,21.7,15.7,2.03,11.8,63,91,35,12.7
2013-04-22,0.3,10.4,20.8,15.0,2.06,10.4,66,91,38,9.5
2013-04-23,0.0,8.8,20.2,14.9,2.54,10.5,61,91,35,13.2
2013-04-24,0.2,7.0,20.0,14.4,4.0,15.0,58,84,36,12.1
2013-04-25,17.0,12.7,17.7,15.0,5.17,16.0,74,91,62,1.6
2013-04-26,5.5,12.6,22.1,16.9,2.28,9.8,77,96,52,12.7
2013-04-27,5.0,12.7,24.6,16.6,1.69,12.7,80,99,41,12.2
2013-04-28,13.6,9.0,13.0,11.1,3.23,9.6,81,88,66,0.7
2013-04-29,3.2,7.8,16.5,12.3,2.41,10.7,70,97,45,13.5
2013-04-30,3.6,6.6,16.8,12.3,2.08,15.2,70,90,54,13.6
2013-05-01,0.0,5.0,20.3,13.4,1.63,8.2,69,97,41,13.6
2013-05-02,0.0,6.8,22.4,14.8,1.65,9.3,69,97,40,13.7
2013-05-03,0.0,8.6,21.3,15.3,1.87,10.5,69,94,45,13.5
2013-05-04,0.0,9.6,20.9,15.8,1.77,9.4,68,94,44,13.7
2013-05-05,0.0,9.3,24.0,17.0,1.83,9.9,70,94,41,13.8
2013-05-06,0.0,9.8,27.9,19.7,1.7,10.2,61,97,30,13.6
2013-05-07,0.0,15.8,30.2,22.6,2.24,7.6,48,74,26,12.0
2013-05-08,0.0,14.4,31.7,23.4,1.67,8.4,50,82,26,13.6
2013-05-09,0.0,14.9,32.2,24.7,1.53,10.1,46,80,27,13.9
2013-05-10,0.0,18.4,28.4,22.9,2.6,12.5,53,76,37,13.9
2013-05-11,0.0,15.1,25.6,19.8,2.21,10.6,70,91,44,13.7
2013-05-12,0.2,14.4,23.8,18.9,2.19,10.3,70,95,46,14.0
2013-05-13,0.0,12.8,24.5,18.6,2.08,10.5,63,95,35,13.2
2013-05-14,0.0,13.5,24.8,19.3,2.02,9.6,61,86,36,13.0
2013-05-15,3.2,13.1,26.1,20.1,1.99,10.4,61,98,29,14.0
2013-05-16,0.1,13.5,22.6,18.4,3.74,12.8,38,62,22,13.1
2013-05-17,0.6,11.5,21.8,17.3,3.52,12.5,45,67,34,13.7
2013-05-18,0.9,12.0,22.2,17.0,3.34,13.5,40,60,22,14.0
2013-05-19,0.0,8.7,22.4,16.0,2.76,13.5,45,75,21,14.0
2013-05-20,0.0,12.9,21.4,16.9,2.27,9.7,41,69,25,13.7
2013-05-21,0.0,12.1,18.6,15.3,2.41,9.6,65,84,41,1.1
2013-05-22,0.0,10.4,26.3,18.9,2.48,13.2,54,94,26,12.9
2013-05-23,0.0,15.2,27.7,21.4,2.59,9.7,42,72,19,14.0
2013-05-24,0.0,12.4,23.7,18.6,2.63,10.7,55,82,36,14.0
2013-05-25,0.5,12.5,26.4,18.8,2.06,11.0,66,88,37,14.0
2013-05-26,0.0,15.0,22.8,18.4,2.72,10.5,64,86,37,13.7
2013-05-27,0.6,13.1,23.6,18.1,1.57,9.6,68,94,43,14.0
2013-05-28,0.0,10.9,27.0,19.7,2.37,11.8,53,92,26,14.0
2013-05-29,0.0,15.9,26.3,21.3,3.37,13.5,34,59,17,14.0
2013-05-30,0.0,14.9,25.7,20.0,3.49,13.0,35,61,17,14.0
2013-05-31,0.0,14.3,27.6,20.9,4.29,15.4,34,54,14,14.0
2013-06-01,0.0,14.6,27.0,19.9,2.94,11.8,40,59,21,14.0
2013-06-02,0.0,11.3,26.7,19.6,2.1,11.1,52,85,28,14.0
2013-06-03,0.0,11.9,26.6,19.8,2.38,10.9,52,84,27,14.0
2013-06-04,0.0,12.7,27.2,20.4,2.37,11.5,57,91,28,14.0
2013-06-05,0.4,14.9,28.5,21.6,2.35,10.5,49,77,24,12.7
2013-06-06,0.0,14.5,28.0,22.2,2.17,10.8,44,74,25,13.7
2013-06-07,0.0,14.6,27.5,20.5,2.62,12.9,63,100,26,14.0
2013-06-08,0.0,14.7,27.0,21.2,2.9,11.4,38,68,19,14.0
2013-06-09,0.2,15.8,27.7,22.1,2.76,11.1,35,55,23,14.0
2013-06-10,0.0,16.3,29.8,22.9,2.77,13.3,40,59,22,14.0
2013-06-11,0.0,15.4,32.5,24.8,2.16,10.9,41,66,22,14.0
2013-06-12,0.0,18.0,34.2,26.3,2.19,11.7,40,60,23,14.0
2013-06-13,0.0,18.5,33.6,26.3,2.25,11.2,44,73,20,14.0
2013-06-14,0.0,19.9,32.4,25.6,2.35,10.5,45,66,25,14.0
2013-06-15,0.0,17.2,33.5,25.9,2.23,11.0,44,76,22,14.0
2013-06-16,0.0,18.2,32.8,25.6,2.17,10.1,53,81,27,14.0
2013-06-17,0.0,18.8,32.6,25.6,1.59,8.7,60,88,36,12.5
2013-06-18,0.4,21.9,28.4,24.6,3.05,12.2,37,70,22,11.0
2013-06-19,0.0,15.6,27.3,22.2,2.04,8.6,42,67,29,14.0
2013-06-20,0.0,15.2,30.2,23.2,2.39,12.5,43,68,25,14.0
2013-06-21,0.0,16.7,29.7,22.9,2.17,10.3,55,90,25,13.3
2013-06-22,0.0,15.2,30.1,23.3,2.06,10.4,53,85,27,14.0
2013-06-23,0.0,17.0,31.4,24.1,2.18,11.2,56,88,29,14.0
2013-06-24,0.0,17.1,28.0,22.6,2.76,10.7,60,87,33,14.0
2013-06-25,0.0,16.6,27.1,21.6,2.44,10.3,67,96,40,14.0
2013-06-26,0.0,14.6,27.0,20.9,2.39,10.8,63,92,39,14.0
2013-06-27,0.0,14.7,27.4,21.2,2.32,10.2,60,91,32,14.0
2013-06-28,0.0,14.3,27.5,21.5,2.24,10.5,55,84,33,14.0
2013-06-29,0.0,14.7,28.9,22.5,2.19,10.6,55,90,30,14.0
2013-06-30,0.0,14.8,30.1,23.3,2.55,12.3,53,86,28,14.0
2013-07-01,0.0,15.5,29.9,23.5,2.35,10.8,54,84,33,14.0
2013-07-02,0.0,17.0,30.2,23.9,1.99,9.4,59,83,39,14.0
2013-07-03,0.0,17.0,33.0,25.0,2.0,10.0,61,95,30,14.0
2013-07-04,0.0,18.1,30.8,24.8,2.29,10.8,61,88,39,14.0
2013-07-05,0.0,19.5,30.9,25.2,2.07,11.3,58,89,34,14.0
2013-07-06,0.0,16.6,32.4,25.1,2.34,11.0,50,78,27,14.0
2013-07-07,0.0,16.1,33.5,25.7,2.01,10.2,50,91,20,14.0
2013-07-08,0.0,17.4,34.1,26.6,2.17,10.6,43,69,23,14.0
2013-07-09,0.0,19.4,32.5,26.6,2.15,11.1,52,80,30,13.0
2013-07-10,0.0,20.1,34.1,26.6,2.07,11.6,57,92,23,14.0
2013-07-11,0.0,19.5,33.9,26.4,1.98,10.8,57,91,24,14.0
2013-07-12,0.0,18.4,32.7,25.9,2.12,11.7,59,92,32,12.2
2013-07-13,0.0,21.5,33.1,27.5,2.29,11.6,55,83,32,14.0
2013-07-14,0.0,20.6,32.2,26.0,2.04,10.5,65,99,32,14.0
2013-07-15,0.0,19.9,31.6,25.5,1.97,10.5,63,92,37,14.0
2013-07-16,0.0,17.6,34.4,26.4,2.04,11.4,56,96,22,14.0
2013-07-17,0.0,17.9,33.9,26.8,2.1,10.8,49,84,23,14.0
2013-07-18,0.0,19.8,32.8,26.5,2.23,11.1,56,85,31,14.0
2013-07-19,0.0,18.0,34.2,26.6,2.33,11.3,57,97,25,14.0
2013-07-20,0.0,18.7,35.0,27.3,2.59,11.5,45,71,23,14.0
2013-07-21,0.0,18.8,33.2,26.8,2.58,10.5,48,69,29,13.9
2013-07-22,0.0,20.2,33.9,27.1,2.05,10.7,57,88,29,13.9
2013-07-23,0.0,20.3,33.9,27.1,2.1,11.1,56,87,28,13.9
2013-07-24,0.0,20.8,33.9,27.1,1.96,10.6,62,95,34,13.9
2013-07-25,0.0,20.1,34.5,27.5,2.18,10.3,60,94,30,13.9
2013-07-26,0.0,21.3,34.7,27.9,2.05,10.7,63,94,35,13.9
2013-07-27,0.0,22.4,35.9,29.0,1.77,12.1,55,83,28,13.9
2013-07-28,0.0,21.5,35.2,29.0,2.12,9.8,37,54,23,13.3
2013-07-29,0.0,23.2,34.9,28.7,3.12,11.5,29,49,16,13.8
2013-07-30,0.0,18.2,33.5,26.3,2.47,11.1,49,77,22,13.8
2013-07-31,0.0,17.7,33.3,26.1,2.09,10.1,54,92,25,13.8
2013-08-01,0.0,18.3,33.5,26.1,2.09,10.6,52,77,27,13.8
2013-08-02,0.0,18.3,33.6,26.5,2.1,9.6,60,94,29,13.6
2013-08-03,0.0,19.6,34.9,27.6,1.99,10.5,59,91,30,13.7
2013-08-04,0.0,20.6,33.5,27.1,1.99,9.7,65,94,36,13.4
2013-08-05,0.0,21.7,35.0,27.8,1.52,8.0,64,93,35,11.8
2013-08-06,0.0,21.6,35.1,28.4,1.74,10.5,64,90,40,13.6
2013-08-07,0.0,20.7,37.3,29.7,1.66,9.7,50,92,20,13.4
2013-08-08,0.0,21.9,33.7,27.5,2.28,13.0,43,52,26,13.5
2013-08-09,0.0,19.0,32.6,25.9,1.96,10.7,51,74,30,13.5
2013-08-10,0.0,18.7,33.4,26.3,1.78,9.8,53,88,26,13.4
2013-08-11,0.0,19.0,32.9,26.0,1.97,10.8,58,87,31,13.4
2013-08-12,0.0,19.0,33.2,26.2,2.18,11.0,59,91,28,13.1
2013-08-13,0.0,19.0,32.7,25.9,2.25,10.8,66,96,34,13.3
2013-08-14,0.0,19.4,32.9,26.2,2.28,10.8,63,92,34,13.2
2013-08-15,0.0,19.0,33.1,26.3,2.04,10.6,62,94,33,13.2
2013-08-16,0.0,20.2,33.0,26.6,1.93,10.3,61,89,35,13.1
2013-08-17,0.3,22.1,33.0,26.8,2.03,11.1,64,91,36,12.6
2013-08-18,0.0,20.3,33.7,26.5,2.01,10.3,66,97,33,12.8
2013-08-19,0.0,18.9,34.7,27.0,2.03,11.4,60,96,26,13.0
2013-08-20,0.0,20.6,32.0,26.3,2.35,10.2,68,88,45,12.9
2013-08-21,0.0,22.6,32.4,26.5,2.08,10.8,68,91,42,12.5
2013-08-22,0.0,20.9,32.5,26.1,2.17,10.3,64,91,37,12.3
2013-08-23,0.0,20.4,33.1,26.3,2.14,10.6,59,87,35,12.6
2013-08-24,0.0,19.5,32.2,25.7,2.07,10.2,65,89,41,12.4
2013-08-25,0.0,20.4,31.6,25.8,2.02,9.3,70,94,43,12.2
2013-08-26,0.7,22.4,31.0,25.6,2.16,9.0,74,90,48,10.0
2013-08-27,1.2,22.3,29.4,25.3,1.97,7.8,74,93,53,10.9
2013-08-28,5.3,21.3,27.5,24.3,2.09,8.8,78,93,59,10.5
2013-08-29,1.9,20.9,28.0,23.7,2.23,10.2,71,89,51,8.6
2013-08-30,11.2,18.2,26.5,22.0,1.56,8.7,75,95,55,10.6
2013-08-31,0.0,16.6,28.8,22.8,1.65,7.0,68,94,38,12.1
2013-09-01,0.0,16.7,28.8,23.4,1.67,7.5,64,96,36,12.1
2013-09-02,0.0,15.7,29.7,23.3,1.63,7.8,63,94,33,12.0
2013-09-03,0.0,16.7,29.8,23.8,1.71,7.8,65,97,35,12.0
2013-09-04,0.0,16.5,29.2,23.2,2.1,9.5,65,92,38,12.0
2013-09-05,0.0,18.6,29.6,23.5,1.63,7.6,69,92,39,11.4
2013-09-06,0.0,18.3,30.4,24.5,1.54,8.0,70,99,41,12.0
2013-09-07,4.0,20.1,23.9,21.6,1.78,8.0,83,95,62,1.2
2013-09-08,0.4,18.4,29.4,23.5,1.3,6.9,71,96,40,11.2
2013-09-09,9.5,18.4,27.4,23.0,1.2,8.4,81,100,58,10.8
2013-09-10,0.0,17.6,28.9,23.0,1.59,7.6,76,98,47,12.0
2013-09-11,0.9,17.6,27.5,22.9,2.14,9.9,76,99,53,12.0
2013-09-12,0.0,17.6,28.4,22.7,2.15,9.1,73,92,47,12.0
2013-09-13,0.0,19.9,27.7,23.3,1.73,9.0,74,96,48,12.0
2013-09-14,0.0,16.1,27.1,22.1,1.73,7.4,73,96,46,11.3
2013-09-15,0.0,16.8,31.9,24.5,1.44,8.0,71,100,36,12.0
2013-09-16,0.0,19.4,30.6,24.1,1.64,8.7,77,99,43,10.0
2013-09-17,0.5,17.7,30.9,24.2,2.07,10.5,71,95,38,12.0
2013-09-18,0.9,19.5,30.7,24.6,1.45,8.5,67,87,40,12.0
2013-09-19,0.0,19.4,31.2,24.7,1.78,10.1,71,99,31,12.0
2013-09-20,0.0,20.0,29.4,24.0,1.52,8.7,68,91,41,12.0
2013-09-21,0.0,16.9,29.2,23.0,1.8,9.3,68,96,41,12.0
2013-09-22,0.0,17.6,29.1,23.2,1.68,8.9,69,95,40,12.0
2013-09-23,0.0,17.8,28.3,22.6,1.62,9.0,69,96,38,11.9
2013-09-24,0.0,16.6,29.3,22.6,1.5,8.1,70,97,40,11.9
2013-09-25,0.0,16.2,31.1,23.3,1.61,9.7,65,97,28,11.9
2013-09-26,0.0,15.4,31.2,23.4,1.86,9.5,68,95,33,11.8
2013-09-27,0.0,16.5,30.4,23.2,1.43,8.1,74,98,40,10.5
2013-09-28,0.0,18.2,29.8,24.2,1.39,7.8,68,98,36,7.8
2013-09-29,0.0,18.6,28.5,23.9,2.82,12.7,50,72,33,11.6
2013-09-30,0.0,19.0,31.6,25.1,1.73,10.6,55,72,39,11.2
2013-10-01,0.0,19.0,33.4,26.0,1.59,8.8,64,93,36,11.6
2013-10-02,0.0,19.3,33.5,25.9,1.85,8.3,57,76,29,11.6
2013-10-03,0.2,20.8,31.4,25.2,1.89,9.5,70,94,40,11.3
2013-10-04,0.0,20.1,30.5,25.1,1.22,7.5,70,95,44,10.3
2013-10-05,0.0,21.9,28.9,24.7,1.87,8.1,56,81,32,10.5
2013-10-06,1.2,20.1,25.2,22.2,1.96,8.6,78,92,62,9.7
2013-10-07,0.3,18.5,25.5,21.9,1.59,6.8,73,92,52,11.0
2013-10-08,0.0,17.7,25.2,21.2,1.68,7.5,76,94,52,10.6
2013-10-09,0.0,16.7,25.0,20.7,2.03,8.8,75,94,49,11.0
2013-10-10,0.0,16.9,27.3,21.3,1.43,6.5,72,94,38,11.0
2013-10-11,0.0,13.9,26.9,20.6,1.98,8.8,76,98,47,10.9
2013-10-12,0.5,16.4,25.6,20.5,2.13,9.3,81,99,50,9.7
2013-10-13,0.0,15.5,27.6,21.2,1.46,6.9,69,100,27,10.6
2013-10-14,0.0,13.3,26.9,20.1,1.56,6.3,62,92,31,10.7
2013-10-15,0.0,14.6,29.9,21.9,1.64,6.5,58,90,26,10.1
2013-10-16,0.0,15.9,32.0,23.1,1.9,6.6,45,64,18,10.7
2013-10-17,0.0,15.2,28.4,21.6,2.12,7.9,57,81,38,10.7
2013-10-18,0.0,14.6,28.6,21.5,1.35,6.9,71,98,35,10.5
2013-10-19,0.0,16.2,28.3,21.9,1.08,5.6,73,99,36,8.1
2013-10-20,0.0,15.1,28.1,21.7,1.12,5.9,72,98,39,10.1
2013-10-21,0.0,14.0,28.2,21.1,1.55,8.4,70,97,35,10.5
2013-10-22,0.5,13.4,28.0,20.9,1.55,12.5,73,100,37,8.7
2013-10-23,0.4,17.6,26.6,21.7,1.25,8.4,65,92,36,8.9
2013-10-24,0.0,14.2,27.0,20.4,1.58,8.6,64,88,41,10.1
2013-10-25,0.0,15.6,28.8,21.3,1.7,8.4,76,100,37,10.0
2013-10-26,0.0,16.3,27.8,21.2,1.75,6.7,75,94,43,9.1
2013-10-27,0.0,15.8,29.1,21.6,1.61,7.2,70,100,33,10.1
2013-10-28,0.0,13.2,29.8,21.3,1.28,6.7,67,96,30,10.3
2013-10-29,3.1,16.9,25.6,19.9,2.17,9.2,59,83,34,8.3
2013-10-30,0.0,12.7,20.7,16.7,2.45,10.1,43,70,26,10.2
2013-10-31,0.0,8.1,21.4,15.1,1.68,6.8,46,70,22,10.1
2013-11-01,0.0,6.8,23.5,15.1,1.65,5.6,48,73,20,10.1
2013-11-02,0.0,8.6,26.1,16.5,1.87,6.0,49,75,19,10.1
2013-11-03,0.0,11.4,26.8,18.1,1.95,7.5,50,72,22,10.1
2013-11-04,0.0,9.8,23.7,16.7,2.87,12.4,59,87,30,6.9
2013-11-05,0.0,17.4,26.5,21.1,4.32,15.1,54,68,35,9.5
2013-11-06,0.0,16.0,28.9,21.7,2.42,9.3,52,73,28,9.9
2013-11-07,0.0,11.5,27.0,19.7,1.37,5.6,60,85,32,9.9
2013-11-08,0.0,13.4,25.7,18.8,2.37,8.1,58,81,30,9.8
2013-11-09,0.0,13.7,23.1,17.6,2.63,9.7,53,80,27,9.9
2013-11-10,0.0,14.4,24.2,18.4,4.4,13.4,36,49,23,9.6
2013-11-11,0.0,16.0,24.9,19.7,4.31,12.1,44,54,31,9.9
2013-11-12,0.0,11.3,22.5,17.5,1.7,7.7,60,86,40,9.8
2013-11-13,0.0,11.3,22.0,16.6,1.25,5.5,74,99,44,9.6
2013-11-14,0.6,13.0,20.2,16.3,1.43,6.7,75,95,53,9.8
2013-11-15,0.0,9.6,16.8,13.3,4.32,15.5,40,87,20,9.8
2013-11-16,0.0,4.8,14.8,9.3,2.1,8.7,48,58,31,9.8
2013-11-17,0.0,2.0,15.7,8.6,1.73,6.2,52,81,23,9.8
2013-11-18,0.2,3.5,15.1,9.6,4.28,15.9,62,85,40,8.6
2013-11-19,0.0,11.8,18.6,14.5,5.73,15.4,48,60,32,9.8
2013-11-20,0.0,8.9,14.7,11.9,4.9,14.1,40,57,23,9.8
2013-11-21,0.0,3.5,18.6,10.8,2.7,9.7,37,61,16,9.7
2013-11-22,0.0,9.0,16.7,12.0,4.32,14.5,43,61,26,9.7
2013-11-23,0.0,6.8,15.0,10.5,4.39,14.9,39,51,27,9.7
2013-11-24,0.0,5.6,15.0,9.8,3.16,10.9,40,54,24,9.7
2013-11-25,0.0,3.2,16.0,8.9,2.0,7.2,52,76,27,9.7
2013-11-26,0.0,2.5,14.4,8.4,1.89,6.2,63,86,43,9.4
2013-11-27,1.4,7.2,13.2,9.6,1.36,6.9,79,94,54,7.8
2013-11-28,1.4,6.7,12.1,9.3,3.3,11.7,73,89,56,8.9
2013-11-29,0.0,2.0,13.7,8.0,1.72,6.6,63,93,28,9.6
2013-11-30,0.0,-0.5,15.4,7.0,3.26,15.5,59,84,32,9.1
2013-12-01,1.7,5.2,12.9,9.2,4.8,18.1,57,68,41,7.1
2013-12-02,0.0,2.7,15.4,8.7,1.7,4.7,58,79,27,9.5
2013-12-03,0.0,2.9,14.0,8.8,1.77,6.8,68,91,40,3.5
2013-12-04,0.0,7.7,17.3,12.2,1.53,4.9,63,87,38,9.5
2013-12-05,0.0,1.9,18.1,9.1,1.59,4.8,62,90,22,9.5
2013-12-06,0.0,1.5,16.3,8.4,1.33,4.3,61,82,32,9.5
2013-12-07,0.0,0.4,15.7,7.8,1.07,4.1,69,93,34,9.5
2013-12-08,0.0,-0.7,14.6,6.7,1.31,5.4,68,91,33,9.5
2013-12-09,0.0,4.9,14.8,9.1,1.55,5.0,76,88,59,7.1
2013-12-10,0.0,6.6,15.1,10.3,1.56,5.3,80,95,54,7.9
2013-12-11,0.0,9.2,15.0,11.6,1.95,7.8,81,93,62,5.7
2013-12-12,0.0,5.4,16.2,10.4,1.55,4.9,83,100,55,9.0
2013-12-13,0.0,3.8,17.0,9.7,1.44,4.9,73,100,32,8.4
2013-12-14,0.0,4.4,16.5,10.4,1.7,5.7,70,88,47,8.9
2013-12-15,0.0,5.2,15.8,10.6,1.01,4.5,80,99,51,9.3
2013-12-16,0.0,4.4,14.4,9.3,1.6,6.8,84,97,64,8.6
2013-12-17,0.0,8.7,16.2,11.7,1.54,5.5,78,95,54,5.8
2013-12-18,0.0,3.6,18.2,10.1,1.56,5.4,75,96,41,9.2
2013-12-19,6.4,6.8,17.8,11.4,1.15,10.7,81,95,47,6.8
2013-12-20,1.8,9.3,13.8,11.1,5.0,17.3,55,85,40,6.5
2013-12-21,0.0,7.8,14.1,11.0,2.25,6.6,59,85,50,5.5
2013-12-22,0.0,3.2,16.5,9.1,1.6,5.2,76,94,45,9.3
2013-12-23,0.0,2.6,16.5,8.7,1.71,4.8,76,93,41,9.3
2013-12-24,0.2,1.6,17.1,9.2,1.63,6.6,77,95,44,7.1
2013-12-25,9.3,10.2,15.6,12.5,4.11,17.0,81,92,58,5.9
2013-12-26,0.0,6.8,14.7,10.8,4.77,16.3,52,74,36,9.4
2013-12-27,0.0,5.1,17.5,10.2,2.17,7.4,74,91,50,9.4
2013-12-28,0.0,4.1,16.9,10.0,2.34,10.4,72,97,39,9.2
2013-12-29,0.0,6.9,14.1,9.8,3.64,11.7,48,61,29,9.3
2013-12-30,0.0,1.6,13.8,7.2,2.0,6.5,59,79,32,9.4
2013-12-31,0.0,0.5,15.0,6.5,1.63,4.8,64,88,28,8.4
2014-01-01,0.0,4.3,17.5,9.9,1.46,4.3,75,90,48,8.0
2014-01-02,0.0,8.4,18.0,12.1,1.25,6.8,78,91,50,3.0
2014-01-03,0.1,8.2,21.2,13.8,1.53,5.8,77,96,45,9.0
2014-01-04,0.5,7.4,20.9,13.1,3.09,17.2,70,94,36,8.9
2014-01-05,0.0,5.7,17.8,11.2,3.41,17.2,50,74,31,9.0
2014-01-06,0.0,5.9,18.8,11.4,1.98,5.6,71,88,42,9.4
2014-01-07,0.0,4.1,18.9,10.6,1.39,4.8,62,91,29,9.4
2014-01-08,0.0,2.2,18.5,9.5,1.18,3.8,65,91,34,9.2
2014-01-09,0.0,2.7,17.2,9.1,1.35,3.9,71,92,40,8.7
2014-01-10,0.0,5.1,15.9,10.0,1.51,6.7,81,93,59,8.3
2014-01-11,0.0,6.7,15.9,11.0,0.93,3.5,82,99,56,8.8
2014-01-12,0.0,4.3,19.4,11.5,1.49,5.2,77,98,45,9.5
2014-01-13,0.0,6.6,15.8,10.9,1.94,9.0,76,93,56,0.5
2014-01-14,0.4,6.2,17.0,11.6,3.56,12.0,58,75,44,8.4
2014-01-15,0.0,7.9,18.6,13.3,2.42,11.0,72,91,45,9.6
2014-01-16,4.2,6.4,15.7,10.9,0.97,4.3,87,97,65,2.8
2014-01-17,0.0,3.1,14.7,9.7,2.07,8.3,80,98,48,9.6
2014-01-18,0.3,8.0,16.0,11.2,1.87,8.1,81,99,50,8.4
2014-01-19,2.3,5.7,13.4,8.6,2.94,12.8,72,92,45,4.3
2014-01-20,0.0,6.2,14.7,10.1,4.43,14.7,49,71,31,9.6
2014-01-21,0.0,2.3,14.8,8.0,2.05,7.3,68,90,40,9.6
2014-01-22,4.0,6.1,16.5,10.6,2.42,11.0,73,95,48,8.7
2014-01-23,0.0,7.8,15.7,10.9,3.0,10.4,60,81,36,9.5
2014-01-24,0.0,7.0,18.5,11.9,4.0,12.2,50,64,31,9.7
2014-01-25,0.0,14.2,19.4,16.1,5.18,14.8,52,59,42,5.4
2014-01-26,0.0,9.1,22.4,15.3,2.88,10.3,57,80,32,9.7
2014-01-27,0.0,11.9,20.0,15.0,4.5,14.7,52,70,32,9.7
2014-01-28,0.0,6.2,15.7,11.5,3.66,13.3,50,73,31,9.7
2014-01-29,1.1,9.4,16.3,12.2,2.64,11.9,57,82,35,7.6
2014-01-30,0.0,7.6,14.5,10.5,5.03,14.6,43,57,26,9.8
2014-01-31,1.2,5.8,16.3,11.0,3.03,12.0,52,74,39,9.8
2014-02-01,0.0,5.0,18.4,11.8,2.6,12.9,68,95,47,9.4
2014-02-02,0.0,6.6,15.5,10.7,3.35,13.8,38,51,19,9.9
2014-02-03,0.0,0.7,15.7,8.3,1.72,7.7,57,83,34,9.2
2014-02-04,0.1,2.8,16.1,10.0,2.27,8.5,59,87,33,9.8
2014-02-05,1.9,7.1,18.3,12.3,1.99,10.5,77,92,55,8.7
2014-02-06,0.0,6.1,20.2,13.0,1.72,10.8,77,96,54,10.1
2014-02-07,0.0,6.1,17.0,11.7,3.32,14.9,57,95,25,10.3
2014-02-08,0.0,4.5,20.0,11.8,2.67,12.6,63,81,42,10.1
2014-02-09,0.6,7.5,17.5,12.5,2.52,11.1,70,87,44,6.9
2014-02-10,0.2,10.0,14.1,12.3,6.19,23.8,50,87,29,10.3
2014-02-11,0.3,6.6,13.2,9.8,3.57,15.6,43,74,32,3.1
2014-02-12,0.0,6.4,20.3,12.3,2.16,8.1,66,90,31,10.5
2014-02-13,0.0,9.1,24.1,15.6,2.56,13.7,67,90,39,10.6
2014-02-14,0.0,7.7,23.4,15.5,1.8,8.9,71,97,40,10.6
2014-02-15,0.0,5.9,22.4,14.7,1.82,9.6,63,92,29,10.6
2014-02-16,0.4,9.2,18.8,12.9,1.82,8.1,68,83,41,10.3
2014-02-17,0.1,9.6,15.5,12.6,1.45,7.4,75,97,56,5.3
2014-02-18,0.6,9.5,19.6,13.5,2.77,9.1,63,82,36,8.2
2014-02-19,0.0,9.1,19.1,13.5,3.87,14.2,49,68,25,10.7
2014-02-20,0.0,4.5,22.2,12.9,2.45,8.4,53,78,25,10.7
2014-02-21,0.0,8.6,20.4,14.6,2.88,11.2,55,88,31,10.7
2014-02-22,0.0,8.0,18.7,13.1,3.13,10.9,41,63,22,10.8
2014-02-23,0.0,2.9,17.6,10.4,2.13,10.3,60,88,30,10.8
2014-02-24,0.2,2.3,15.4,9.6,1.08,5.5,71,98,43,10.0
2014-02-25,0.0,6.2,19.4,12.4,2.52,10.5,54,78,29,10.3
2014-02-26,0.3,5.8,18.3,12.2,3.01,12.8,53,85,28,10.8
2014-02-27,0.0,4.3,18.2,11.6,2.5,9.9,46,65,26,7.0
2014-02-28,0.0,6.0,23.1,14.1,4.17,16.5,54,90,17,10.9
2014-03-01,0.1,8.5,17.4,14.0,3.22,13.5,59,78,40,6.1
2014-03-02,0.0,14.9,22.7,18.2,4.61,15.4,55,73,34,10.9
2014-03-03,0.0,10.4,18.2,15.0,5.68,21.4,49,81,24,11.0
2014-03-04,0.0,10.1,19.6,14.4,5.65,15.9,37,49,21,11.0
2014-03-05,0.0,10.4,21.2,15.7,4.44,17.9,47,68,28,10.3
2014-03-06,0.0,6.8,21.0,14.0,1.66,8.3,63,88,31,11.1
2014-03-07,0.0,6.9,18.8,12.8,1.97,8.7,68,100,26,11.1
2014-03-08,0.0,2.7,19.3,11.3,1.72,9.9,60,95,21,11.2
2014-03-09,0.0,2.6,19.4,11.0,2.7,12.2,58,84,25,11.3
2014-03-10,0.0,4.8,19.1,11.8,1.68,7.4,62,91,26,11.3
2014-03-11,0.0,2.9,19.9,11.7,2.1,10.7,57,92,22,11.0
2014-03-12,0.8,7.4,15.7,11.6,3.19,12.7,64,82,46,11.3
2014-03-13,0.3,8.4,16.4,12.1,3.41,12.6,65,85,40,11.4
2014-03-14,0.0,8.6,20.5,13.6,2.32,8.2,55,79,21,11.4
2014-03-15,0.0,5.1,23.1,13.5,2.22,10.1,51,83,20,11.7
2014-03-16,0.0,5.7,25.8,15.3,1.81,6.9,48,78,14,11.7
2014-03-17,0.0,6.4,26.0,16.3,1.58,9.0,52,87,18,11.7
2014-03-18,0.0,7.1,25.9,16.8,1.54,9.0,48,75,21,11.7
2014-03-19,0.0,8.0,20.6,14.5,2.33,10.0,65,92,34,11.1
2014-03-20,0.0,6.2,20.9,13.7,1.54,8.5,69,97,35,11.8
2014-03-21,0.0,7.7,23.5,15.7,1.6,8.8,69,97,36,11.8
2014-03-22,0.2,9.5,24.7,17.8,2.13,10.2,60,96,27,11.7
2014-03-23,0.0,11.0,21.6,16.1,3.22,11.6,35,53,14,11.9
2014-03-24,0.0,4.7,23.3,15.3,2.48,11.2,39,62,23,11.9
2014-03-25,0.0,12.0,24.2,17.5,5.31,17.0,37,54,15,11.9
2014-03-26,0.3,8.8,18.5,13.6,7.47,20.0,37,64,21,11.9
2014-03-27,0.0,8.8,19.7,13.9,3.66,13.2,37,64,19,12.0
2014-03-28,0.5,7.8,18.0,12.7,3.72,14.0,72,97,45,10.2
2014-03-29,0.0,11.9,20.9,15.5,4.65,16.3,62,83,32,12.0
2014-03-30,0.0,8.2,20.6,14.2,2.3,10.4,61,97,29,12.0
2014-03-31,0.0,6.1,22.8,14.7,2.3,10.9,50,81,25,12.1
2014-04-01,0.0,6.8,22.6,14.8,2.06,9.5,64,93,29,8.4
2014-04-02,0.7,10.6,22.6,16.0,1.81,8.6,62,85,36,8.6
2014-04-03,7.5,10.9,20.2,15.7,3.27,13.5,61,91,27,12.0
2014-04-04,0.0,12.4,22.8,17.1,5.4,15.5,43,61,19,12.1
2014-04-05,0.4,15.4,25.3,19.9,4.85,15.3,48,63,31,10.9
2014-04-06,0.0,13.5,27.8,20.5,2.21,10.1,53,81,28,12.1
2014-04-07,0.0,11.4,28.1,19.9,1.89,10.7,56,89,27,12.2
2014-04-08,0.0,11.2,30.1,20.5,1.7,9.2,50,82,20,12.2
2014-04-09,0.0,10.4,25.0,18.0,1.86,9.9,57,88,30,12.0
2014-04-10,0.0,10.4,27.6,18.8,1.82,10.4,53,87,23,12.1
2014-04-11,0.0,12.3,27.9,19.3,1.9,12.1,54,81,26,7.1
2014-04-12,0.0,12.7,26.4,19.4,1.93,10.1,54,76,33,12.2
2014-04-13,0.0,11.3,26.1,18.7,2.18,11.3,58,90,30,12.5
2014-04-14,0.0,10.8,25.0,18.0,2.21,11.3,58,88,29,12.0
2014-04-15,0.0,9.3,27.6,19.1,1.57,9.4,50,90,21,12.6
2014-04-16,0.0,13.2,27.9,20.3,1.77,10.1,44,63,26,12.7
2014-04-17,0.0,12.2,25.9,18.8,2.09,9.5,57,84,31,12.7
2014-04-18,0.0,11.5,27.5,19.5,1.77,11.3,60,90,30,12.8
2014-04-19,0.0,14.0,30.3,21.7,2.13,10.9,56,89,27,9.5
2014-04-20,0.7,16.0,26.6,21.2,3.14,12.3,40,55,24,12.9
2014-04-21,2.2,11.8,24.0,18.6,1.99,10.6,50,77,33,12.6
2014-04-22,0.0,14.2,26.9,20.3,3.46,12.9,40,65,17,13.2
2014-04-23,0.0,14.1,26.4,20.2,2.74,11.7,38,56,24,13.3
2014-04-24,0.0,12.5,27.5,20.4,2.26,12.8,46,74,25,12.2
2014-04-25,0.0,13.4,24.4,19.0,5.33,14.3,30,50,12,13.4
2014-04-26,0.0,14.8,29.3,21.7,2.75,11.8,32,48,20,13.4
2014-04-27,0.0,16.8,28.4,21.9,2.79,12.3,41,59,16,13.4
2014-04-28,0.0,12.6,30.5,21.4,2.07,10.1,42,76,19,13.5
2014-04-29,0.0,14.6,29.9,22.3,2.07,11.6,44,66,25,13.6
2014-04-30,0.0,14.4,29.2,21.0,1.72,11.2,59,91,26,13.6
2014-05-01,0.0,13.0,27.1,19.9,2.2,10.8,56,87,28,13.3
2014-05-02,0.0,12.2,26.6,19.3,2.19,13.4,57,87,31,13.7
2014-05-03,0.0,10.6,25.9,18.1,2.17,13.0,52,86,22,13.7
2014-05-04,0.0,10.2,26.0,18.6,2.17,11.2,54,89,25,13.7
2014-05-05,0.0,12.9,25.1,18.2,2.42,10.7,63,95,31,13.8
2014-05-06,0.0,10.2,27.3,19.0,1.96,10.4,53,89,23,13.8
2014-05-07,0.0,10.6,29.6,20.3,1.75,9.3,50,85,21,12.4
2014-05-08,0.5,15.8,26.5,20.2,1.86,10.1,56,83,29,12.0
2014-05-09,0.0,13.0,26.7,20.3,1.91,10.3,57,93,27,13.9
2014-05-10,0.0,13.4,29.9,21.9,1.82,9.7,47,78,23,13.9
2014-05-11,0.0,15.0,34.6,24.4,1.88,10.7,50,76,22,14.0
2014-05-12,0.0,17.2,26.4,21.2,2.22,9.9,65,82,43,14.0
2014-05-13,0.1,15.2,25.2,19.5,2.69,13.6,71,96,43,13.1
2014-05-14,0.0,14.3,21.4,18.1,2.38,8.9,66,91,48,13.6
2014-05-15,0.0,10.9,23.5,17.6,2.22,10.3,60,91,35,14.0
2014-05-16,0.0,11.7,23.2,17.5,2.72,12.3,60,91,36,13.6
2014-05-17,0.0,9.8,24.1,17.4,2.79,12.4,50,83,23,14.0
2014-05-18,0.2,13.0,24.8,18.0,2.5,12.6,50,68,27,13.0
2014-05-19,0.0,12.4,26.0,18.8,2.75,13.5,62,88,33,14.0
2014-05-20,0.0,13.3,27.1,19.8,2.53,14.0,63,98,29,13.4
2014-05-21,0.0,12.6,27.0,20.7,2.1,12.9,54,94,25,14.0
2014-05-22,0.0,14.1,26.6,21.0,2.91,10.0,31,54,15,14.0
2014-05-23,0.0,12.7,28.3,20.8,2.59,12.9,31,49,15,14.0
2014-05-24,0.0,13.5,24.3,18.2,2.44,12.7,55,72,26,9.5
2014-05-25,0.0,13.5,25.5,19.2,1.94,10.8,57,77,35,14.0
2014-05-26,0.0,13.6,28.8,21.2,1.83,9.3,55,99,17,14.0
2014-05-27,0.3,14.3,24.5,19.6,2.93,11.2,68,98,42,11.4
2014-05-28,0.0,14.1,26.9,21.1,2.66,11.0,57,98,28,14.0
2014-05-29,0.0,15.5,29.5,22.6,2.82,12.3,38,58,20,14.0
2014-05-30,0.7,15.1,30.9,22.4,2.17,10.9,57,88,25,14.0
2014-05-31,2.3,17.6,21.7,19.6,2.08,9.5,66,83,49,10.9
2014-06-01,4.9,14.7,21.9,18.0,1.74,11.4,69,89,49,7.3
2014-06-02,0.0,11.6,26.8,19.4,2.26,12.2,59,91,28,14.0
2014-06-03,0.0,13.1,28.8,21.4,1.98,12.0,60,90,34,14.0
2014-06-04,0.0,14.4,33.7,24.9,1.96,9.8,49,88,20,14.0
2014-06-05,0.0,17.4,29.3,23.3,2.26,10.5,56,76,36,13.6
2014-06-06,0.0,18.4,31.7,24.4,2.31,11.1,58,90,27,13.5
2014-06-07,0.0,17.0,32.8,25.2,2.07,10.7,48,71,26,14.0
2014-06-08,0.0,18.2,32.6,25.1,1.93,10.8,56,88,26,14.0
2014-06-09,0.0,17.0,31.2,24.2,1.86,10.6,57,86,32,13.0
2014-06-10,0.0,19.0,30.4,24.4,1.95,9.7,59,84,36,13.6
2014-06-11,0.0,16.7,31.8,25.0,2.55,11.5,50,90,23,14.0
2014-06-12,0.0,16.9,32.8,26.2,2.35,11.0,38,66,21,14.0
2014-06-13,0.0,17.1,35.1,27.1,2.13,11.1,35,66,16,14.0
2014-06-14,0.0,19.5,35.9,28.0,1.79,10.8,36,56,19,14.0
2014-06-15,0.0,19.6,32.1,25.1,3.0,15.2,55,77,26,14.0
2014-06-16,0.4,19.1,27.1,22.6,2.58,12.2,68,93,44,14.0
2014-06-17,0.4,16.7,27.8,22.4,2.06,10.0,66,94,39,14.0
2014-06-18,0.0,17.3,29.8,23.3,1.92,9.6,67,98,38,14.0
2014-06-19,0.0,18.1,29.6,23.8,2.62,10.5,60,89,34,14.0
2014-06-20,0.0,16.0,30.6,23.8,2.68,12.0,54,85,27,14.0
2014-06-21,0.0,18.2,32.8,25.7,1.83,10.8,56,90,30,14.0
2014-06-22,0.0,18.0,34.5,27.1,1.91,7.8,45,82,21,14.0
2014-06-23,1.0,20.4,31.3,25.7,1.76,9.2,61,89,34,13.5
2014-06-24,10.7,19.7,26.4,22.9,1.98,9.2,67,93,48,11.8
2014-06-25,0.0,16.5,28.3,22.9,2.8,9.9,51,71,32,13.8
2014-06-26,0.0,18.3,31.2,25.1,2.35,10.2,46,70,29,14.0
2014-06-27,0.0,20.0,31.8,25.9,1.98,10.2,46,66,27,14.0
2014-06-28,0.0,17.3,34.2,26.6,1.74,9.2,54,90,29,14.0
2014-06-29,0.0,20.8,34.4,27.0,2.87,11.1,39,62,17,14.0
2014-06-30,0.0,18.4,30.3,24.4,2.62,10.7,63,92,36,14.0
2014-07-01,0.0,18.0,33.2,25.9,1.7,11.0,59,99,28,14.0
2014-07-02,0.0,21.6,31.4,26.3,2.83,13.1,41,68,27,14.0
2014-07-03,0.1,20.1,29.5,24.2,2.44,9.4,59,87,34,12.1
2014-07-04,0.0,16.6,33.8,25.8,2.31,10.6,42,75,20,14.0
2014-07-05,0.0,18.5,34.5,27.4,2.42,12.1,36,59,22,14.0
2014-07-06,0.0,19.1,35.2,27.8,1.63,9.3,48,86,23,13.0
2014-07-07,0.0,23.9,33.8,28.2,3.28,10.4,40,70,24,14.0
2014-07-08,0.0,21.0,31.2,25.3,2.53,11.4,68,91,41,13.7
2014-07-09,0.0,20.2,30.9,25.0,2.56,12.1,64,93,35,14.0
2014-07-10,0.0,18.8,30.2,24.6,2.27,10.5,57,86,36,14.0
2014-07-11,0.0,18.1,31.9,24.9,2.04,12.0,61,90,33,14.0
2014-07-12,0.0,19.9,31.6,25.2,2.04,10.7,65,94,35,14.0
2014-07-13,0.0,19.4,31.6,25.3,2.02,9.9,64,94,38,14.0
2014-07-14,0.0,20.3,34.2,26.4,2.13,11.9,68,97,36,14.0
2014-07-15,0.0,20.4,32.3,25.8,2.31,10.6,64,93,36,14.0
2014-07-16,0.0,18.8,33.6,26.2,2.22,10.9,58,90,29,14.0
2014-07-17,0.0,19.2,34.5,26.9,2.2,10.7,58,87,30,14.0
2014-07-18,0.0,20.0,34.8,27.8,2.37,13.2,55,85,32,14.0
2014-07-19,0.0,21.6,35.9,29.3,1.8,10.2,52,91,26,13.0
2014-07-20,0.0,24.3,34.5,29.3,2.88,10.5,32,50,20,14.0
2014-07-21,0.0,19.2,33.4,26.9,2.27,11.4,34,66,22,13.9
2014-07-22,0.0,18.9,34.1,26.8,2.19,11.0,54,91,25,13.9
2014-07-23,0.0,20.6,35.3,27.5,1.99,10.8,49,80,22,13.9
2014-07-24,0.0,20.5,34.1,27.4,2.12,10.8,52,76,30,13.5
2014-07-25,0.0,21.7,33.6,27.4,2.06,9.2,58,84,32,13.4
2014-07-26,0.0,21.2,32.9,27.2,2.05,9.8,60,90,34,13.9
2014-07-27,0.0,21.3,33.6,26.9,2.05,10.0,64,94,35,13.9
2014-07-28,0.0,22.0,35.4,28.0,1.89,10.7,66,98,35,13.5
2014-07-29,0.0,22.3,31.4,26.5,2.67,12.2,61,93,37,13.8
2014-07-30,0.0,20.9,31.9,26.1,2.18,9.9,52,67,36,13.8
2014-07-31,0.0,21.2,33.5,27.0,2.01,10.1,65,92,38,13.7
2014-08-01,0.0,21.4,36.6,29.2,1.67,10.6,55,96,23,13.6
2014-08-02,0.0,24.2,34.9,29.5,3.33,11.7,33,46,20,13.8
2014-08-03,0.0,23.2,34.5,28.9,2.5,10.3,36,62,25,13.8
2014-08-04,0.0,21.1,33.3,27.2,2.0,9.9,64,95,38,13.6
2014-08-05,0.0,20.9,33.6,27.0,2.04,10.7,64,94,36,13.5
2014-08-06,0.0,21.9,32.9,26.9,1.93,10.1,63,87,39,13.4
2014-08-07,0.0,21.7,33.8,26.9,1.82,10.2,67,92,38,13.3
2014-08-08,0.0,21.6,35.1,27.7,1.91,10.9,65,98,30,13.1
2014-08-09,0.0,20.3,34.3,27.8,1.92,9.7,62,93,37,13.5
2014-08-10,0.0,20.7,37.7,29.6,1.72,10.9,53,92,24,13.4
2014-08-11,0.0,22.1,37.8,29.6,2.57,11.8,44,81,17,13.5
2014-08-12,0.0,23.2,33.0,27.6,1.94,9.3,73,98,45,13.1
2014-08-13,0.0,21.1,37.6,28.6,2.33,14.0,60,97,23,13.3
2014-08-14,0.0,23.4,29.1,26.0,3.46,11.6,60,75,47,11.7
2014-08-15,2.8,22.9,29.7,26.0,2.54,9.8,71,85,55,11.4
2014-08-16,0.2,22.2,28.7,25.0,3.17,11.9,73,92,50,11.8
2014-08-17,0.4,21.9,29.2,24.8,2.6,9.6,69,87,47,12.5
2014-08-18,0.0,17.6,31.3,24.5,2.05,10.1,64,95,33,12.9
2014-08-19,0.4,20.2,31.9,25.8,2.04,10.7,70,92,45,13.0
2014-08-20,0.0,20.8,34.4,26.7,1.72,12.1,65,98,29,12.9
2014-08-21,0.2,20.3,32.6,25.9,2.17,9.9,66,95,38,12.8
2014-08-22,0.0,20.2,32.6,25.9,1.69,9.8,70,98,37,12.1
2014-08-23,1.6,21.0,30.8,25.4,2.3,10.2,69,86,45,12.4
2014-08-24,0.0,21.4,30.8,25.6,2.12,9.4,72,96,44,12.6
2014-08-25,0.0,19.0,34.4,26.7,1.7,10.1,64,99,28,12.6
2014-08-26,0.0,18.7,38.3,28.6,1.79,11.2,55,91,19,12.6
2014-08-27,0.0,23.0,37.8,30.0,2.49,11.1,44,73,23,12.5
2014-08-28,0.0,21.3,34.3,27.6,1.74,9.8,64,85,37,12.2
2014-08-29,0.0,22.4,34.6,27.5,1.72,9.8,70,99,33,12.3
2014-08-30,0.0,22.4,32.3,26.6,1.93,9.1,70,92,42,12.0
2014-08-31,0.0,21.0,31.9,26.1,1.89,9.6,69,95,41,12.0
2014-09-01,0.0,20.6,34.0,27.0,1.57,8.9,62,94,30,12.2
2014-09-02,0.0,20.6,36.2,27.9,1.62,9.7,63,95,30,12.0
2014-09-03,0.7,21.3,36.3,28.2,1.7,9.9,65,97,31,12.0
2014-09-04,0.0,23.0,35.7,28.3,1.82,10.2,62,87,29,12.0
2014-09-05,0.0,22.8,34.1,27.3,1.6,10.2,67,92,33,12.0
2014-09-06,0.0,22.1,34.6,27.5,1.43,9.3,65,94,29,12.0
2014-09-07,0.4,20.7,34.3,27.4,1.44,10.5,65,97,32,12.0
2014-09-08,0.5,21.0,34.3,27.4,1.87,8.8,57,87,31,11.8
2014-09-09,1.0,21.1,32.0,26.3,1.99,9.6,73,99,43,12.0
2014-09-10,0.0,20.3,31.9,26.3,1.65,8.7,70,98,41,12.0
2014-09-11,0.0,19.6,35.3,27.9,1.58,8.1,52,96,20,12.0
2014-09-12,0.0,24.1,35.5,29.2,3.01,10.2,33,49,19,12.0
2014-09-13,0.0,20.2,34.3,27.7,1.84,10.0,47,69,29,11.0
2014-09-14,0.0,19.2,34.7,27.2,1.56,9.6,56,94,22,12.0
2014-09-15,0.0,20.3,33.4,26.6,2.17,9.1,38,62,21,12.0
2014-09-16,0.0,18.5,31.1,24.8,2.28,11.2,62,88,37,12.0
2014-09-17,0.0,18.4,32.5,25.4,1.75,10.3,57,87,27,12.0
2014-09-18,0.0,18.8,30.6,25.1,2.0,9.1,51,75,32,12.0
2014-09-19,0.0,18.0,30.4,24.6,2.02,10.5,53,78,30,12.0
2014-09-20,0.0,18.4,33.1,26.0,1.63,8.7,54,84,27,11.7
2014-09-21,0.2,21.1,32.9,26.1,1.28,9.1,57,76,32,8.4
2014-09-22,9.9,20.1,27.9,23.1,1.41,8.1,76,92,50,8.0
2014-09-23,0.0,16.9,27.7,22.4,1.7,6.2,66,94,37,11.9
2014-09-24,2.4,16.7,27.6,22.0,1.65,7.0,66,83,42,11.9
2014-09-25,5.0,17.7,23.4,21.0,1.66,8.9,75,93,59,11.5
2014-09-26,2.4,17.8,23.4,20.5,2.11,9.1,80,89,69,11.8
2014-09-27,2.6,18.3,23.6,20.8,2.67,10.9,78,93,57,8.6
2014-09-28,3.5,18.8,27.1,21.9,1.35,5.3,72,83,51,7.9
2014-09-29,8.6,18.1,26.5,21.6,1.19,5.7,81,97,57,8.2
2014-09-30,0.0,17.6,27.3,22.0,1.77,8.7,78,94,51,11.0
2014-10-01,3.8,18.8,23.7,21.4,1.93,8.6,86,96,73,2.9
2014-10-02,6.3,19.8,24.8,21.6,1.95,8.8,82,92,63,7.9
2014-10-03,1.2,17.5,25.1,21.1,1.57,5.7,78,95,55,11.3
2014-10-04,0.0,16.3,26.3,21.5,1.25,7.1,80,98,55,11.4
2014-10-05,4.6,18.0,26.4,21.3,1.18,8.4,86,100,58,11.0
2014-10-06,0.0,19.4,25.6,21.8,1.3,7.1,85,99,65,10.0
2014-10-07,0.0,14.8,27.2,20.9,1.67,6.9,72,97,40,11.3
2014-10-08,0.0,14.2,27.7,21.1,1.32,6.8,73,96,42,11.2
2014-10-09,0.0,14.8,28.4,21.4,1.43,6.4,73,97,41,11.0
2014-10-10,0.0,14.7,28.5,21.6,1.25,5.1,69,94,40,10.9
2014-10-11,0.0,14.7,26.1,20.5,2.02,8.4,74,93,47,9.7
2014-10-12,0.3,17.9,26.3,21.5,2.15,11.2,73,99,41,10.8
2014-10-13,0.0,13.7,24.6,18.9,1.82,8.4,59,76,36,9.0
2014-10-14,2.3,14.0,22.5,18.1,2.39,9.9,63,92,34,9.1
2014-10-15,0.0,13.8,24.9,19.1,2.52,8.1,54,74,38,10.6
2014-10-16,0.0,13.5,27.4,20.2,1.43,8.1,76,97,47,10.7
2014-10-17,0.0,14.2,28.0,21.1,1.36,6.7,76,99,43,10.7
2014-10-18,0.0,14.1,29.5,21.4,1.44,7.0,73,98,38,10.7
2014-10-19,0.0,14.9,28.6,21.7,1.96,8.7,69,93,42,10.0
2014-10-20,0.0,13.6,28.9,20.9,1.58,6.9,68,94,37,10.5
2014-10-21,0.0,14.5,33.7,22.8,1.88,7.6,54,89,17,10.6
2014-10-22,0.0,19.1,30.0,23.5,3.04,11.7,44,70,21,10.5
2014-10-23,0.0,13.0,27.2,19.9,1.26,4.9,58,94,19,10.4
2014-10-24,0.0,13.1,28.2,20.1,1.79,6.3,45,68,20,10.4
2014-10-25,0.0,11.5,28.4,19.9,1.56,6.7,49,76,20,10.4
2014-10-26,0.0,12.4,28.9,20.5,1.85,7.9,47,67,24,10.3
2014-10-27,0.0,12.4,26.1,19.2,1.62,8.5,67,92,38,10.3
2014-10-28,0.0,16.7,24.7,19.8,1.25,7.3,81,100,49,10.0
2014-10-29,0.0,15.3,24.8,19.3,1.34,7.2,78,100,45,10.0
2014-10-30,0.0,12.5,25.0,18.4,1.31,7.4,79,100,45,10.0
2014-10-31,0.0,13.0,23.8,18.2,1.38,6.5,79,100,48,10.0
2014-11-01,0.0,12.8,24.2,18.2,1.18,6.8,78,99,48,10.0
2014-11-02,0.0,16.5,22.5,18.4,1.12,7.0,80,97,48,8.8
2014-11-03,0.1,12.0,23.5,17.4,1.59,9.3,77,100,47,10.0
2014-11-04,12.7,12.9,18.6,15.7,3.25,14.9,62,91,34,6.0
2014-11-05,0.0,10.9,18.1,13.9,5.28,15.2,46,58,29,10.0
2014-11-06,0.0,11.3,20.1,14.7,3.65,12.4,45,60,27,9.9
2014-11-07,0.0,8.7,23.7,15.2,2.0,9.2,66,86,44,9.9
2014-11-08,0.3,11.9,21.9,16.1,1.26,6.5,74,95,51,9.9
2014-11-09,1.8,9.9,18.1,13.8,2.15,7.9,64,94,39,5.7
2014-11-10,0.0,9.1,17.8,13.1,2.66,8.9,55,73,31,9.9
2014-11-11,10.5,8.5,16.8,11.6,1.42,9.4,81,91,70,4.8
2014-11-12,0.0,8.1,21.4,13.7,1.64,5.5,78,95,48,9.1
2014-11-13,0.0,7.5,21.6,14.3,1.19,5.5,82,97,55,9.6
2014-11-14,4.6,10.8,19.3,15.0,1.56,9.7,92,99,82,6.4
2014-11-15,0.0,10.2,19.2,14.5,2.71,12.3,66,93,35,9.8
2014-11-16,0.0,6.3,19.4,12.2,1.64,5.8,68,90,40,9.8
2014-11-17,0.0,5.2,18.9,11.4,1.89,8.2,71,92,41,9.8
2014-11-18,0.0,5.1,18.1,11.2,1.38,4.3,76,94,50,9.8
2014-11-19,0.0,5.6,20.1,12.1,1.4,4.8,77,97,44,9.8
2014-11-20,0.0,7.8,20.2,13.4,1.93,8.8,82,96,61,9.8
2014-11-21,0.0,9.3,20.9,14.6,1.62,6.7,86,98,62,8.9
2014-11-22,0.0,11.1,21.6,15.3,1.75,6.8,83,100,59,9.7
2014-11-23,0.6,13.4,21.9,16.8,2.3,8.8,76,92,51,7.7
2014-11-24,0.0,11.0,21.9,15.5,1.94,7.4,83,96,57,9.7
2014-11-25,0.0,11.6,20.4,15.4,1.24,5.1,86,99,60,9.5
2014-11-26,3.5,9.9,19.8,14.7,1.47,4.9,82,98,53,9.4
2014-11-27,0.6,12.3,18.5,15.0,2.1,12.3,87,99,68,8.4
2014-11-28,3.1,13.0,15.7,14.5,3.64,12.7,85,92,75,0.8
2014-11-29,4.2,12.1,18.7,14.7,1.57,5.2,81,97,56,8.2
2014-11-30,8.8,10.1,14.2,12.4,3.01,11.7,85,95,76,0.0
2014-12-01,3.2,12.7,20.2,15.7,3.58,12.0,68,87,41,8.7
2014-12-02,0.0,10.1,17.2,13.3,3.44,10.6,58,75,44,9.6
2014-12-03,0.2,7.8,15.8,11.6,1.75,7.3,69,86,50,9.2
2014-12-04,0.9,7.7,16.4,11.3,1.63,6.2,76,97,42,9.3
2014-12-05,0.0,4.6,16.4,9.6,2.39,8.5,71,91,41,9.5
2014-12-06,0.0,6.0,14.4,9.6,4.06,13.2,60,81,36,9.5
2014-12-07,0.0,6.4,13.1,9.5,4.69,13.7,49,59,37,9.5
2014-12-08,0.0,5.8,16.4,10.4,2.95,9.6,58,73,44,9.5
2014-12-09,0.0,10.0,14.6,11.9,5.32,15.5,49,59,36,9.4
2014-12-10,0.0,3.6,15.4,8.9,2.32,8.6,55,73,35,9.4
2014-12-11,0.0,5.6,17.9,10.6,2.2,8.7,66,82,43,9.4
2014-12-12,0.0,2.4,16.4,8.8,1.29,5.1,79,96,51,9.4
2014-12-13,0.0,4.0,16.2,9.3,1.57,6.8,81,97,49,8.5
2014-12-14,7.9,8.2,13.6,10.4,1.4,4.8,93,100,83,0.4
2014-12-15,1.8,8.7,12.9,10.6,2.65,8.4,82,95,75,6.5
2014-12-16,1.3,7.4,15.5,11.0,3.43,10.3,70,87,55,8.6
2014-12-17,0.0,9.2,16.6,12.1,3.59,11.3,64,84,44,9.4
2014-12-18,0.0,9.1,18.4,12.6,2.22,7.8,70,85,47,9.4
2014-12-19,0.0,6.2,19.8,11.4,1.56,4.3,81,96,51,9.4
2014-12-20,0.0,6.1,16.6,10.8,1.63,4.7,81,93,58,9.4
2014-12-21,0.0,4.5,16.5,10.2,1.17,4.0,82,99,58,9.4
2014-12-22,0.0,5.6,14.2,9.8,1.16,5.1,85,98,67,8.9
2014-12-23,0.0,3.9,14.6,8.8,1.04,3.7,85,99,64,8.9
2014-12-24,0.0,3.4,15.9,8.7,1.41,5.2,78,100,46,8.3
2014-12-25,0.0,3.6,14.9,8.3,1.3,4.2,76,94,47,8.8
2014-12-26,0.0,3.8,15.6,8.8,1.82,6.8,73,91,46,9.3
2014-12-27,0.0,3.5,17.4,9.0,2.21,7.8,73,95,42,9.4
2014-12-28,0.0,8.5,16.4,11.8,4.4,15.3,58,69,47,9.2
2014-12-29,0.0,4.1,11.0,7.8,3.94,12.6,41,56,28,9.4
2014-12-30,0.0,-1.7,11.6,4.6,1.98,7.5,50,72,22,9.4
2014-12-31,0.0,-2.0,15.9,5.6,2.63,8.9,51,78,25,9.4
2015-01-01,0.0,2.0,13.6,7.5,1.78,8.2,62,75,49,9.2
2015-01-02,0.0,0.5,15.5,7.0,1.52,4.9,69,95,34,9.4
2015-01-03,0.0,0.7,18.5,7.8,1.85,4.9,63,88,27,9.4
2015-01-04,0.0,3.9,20.2,10.3,2.14,6.3,55,76,27,9.5
2015-01-05,0.0,2.8,16.0,9.1,1.22,5.4,79,93,56,9.4
2015-01-06,0.0,2.3,17.1,8.7,1.53,5.2,71,99,33,9.2
2015-01-07,0.0,2.1,14.8,8.0,1.46,4.2,77,91,55,9.2
2015-01-08,0.0,2.9,15.2,9.1,1.06,4.0,79,98,52,9.2
2015-01-09,0.0,1.3,16.4,8.0,1.33,4.5,71,97,37,9.5
2015-01-10,0.0,0.8,20.1,8.5,2.03,5.6,60,89,22,9.6
2015-01-11,0.0,3.8,20.0,10.5,2.6,10.3,49,67,26,9.6
2015-01-12,0.2,3.4,16.0,9.5,1.69,7.2,76,92,55,9.2
2015-01-13,0.0,3.3,18.9,10.0,1.29,4.3,74,98,38,9.5
2015-01-14,0.0,4.8,19.3,10.7,1.6,4.7,65,90,31,8.2
2015-01-15,0.0,3.6,19.3,11.0,1.2,5.9,70,92,41,9.5
2015-01-16,0.0,6.3,15.2,10.5,2.86,12.6,63,96,24,7.0
2015-01-17,0.0,3.0,14.0,7.8,3.23,12.8,52,79,23,9.6
2015-01-18,2.6,-1.1,12.8,5.6,1.51,8.6,68,89,42,6.9
2015-01-19,10.5,6.3,9.8,8.1,2.66,11.6,81,97,62,4.9
2015-01-20,0.0,3.9,12.5,7.7,2.61,8.4,50,67,33,9.5
2015-01-21,0.0,1.8,13.8,7.0,2.9,10.4,61,82,35,9.6
2015-01-22,0.3,5.9,12.4,8.4,5.12,16.8,56,69,36,9.5
2015-01-23,0.0,5.8,13.3,9.0,5.22,14.9,49,60,32,9.7
2015-01-24,0.0,4.0,14.9,8.8,3.65,11.2,44,55,28,9.7
2015-01-25,0.0,7.0,16.3,10.8,3.69,12.0,38,53,16,9.7
2015-01-26,0.0,1.3,15.1,8.0,1.86,7.0,49,78,27,9.7
2015-01-27,0.0,2.1,17.4,9.6,2.41,9.5,62,89,35,9.7
2015-01-28,0.0,7.1,17.6,11.7,2.8,10.2,53,77,31,9.7
2015-01-29,0.0,4.2,20.7,11.4,2.68,10.9,59,86,28,9.7
2015-01-30,0.0,13.9,21.4,17.1,4.99,17.9,55,64,39,9.2
2015-01-31,0.5,10.6,18.1,15.9,6.64,22.2,47,56,32,9.8
2015-02-01,0.0,7.3,14.1,10.1,6.26,19.0,34,45,19,9.8
2015-02-02,1.5,5.8,14.4,9.3,3.18,12.1,48,66,32,9.7
2015-02-03,0.0,6.1,16.3,11.3,3.74,13.1,57,85,34,9.9
2015-02-04,0.2,6.1,10.9,8.7,5.36,20.4,47,73,24,10.0
2015-02-05,0.0,3.9,11.6,7.3,7.17,20.8,30,43,18,10.1
2015-02-06,0.0,4.4,12.9,7.8,4.49,13.4,34,51,20,10.1
2015-02-07,0.0,-1.8,11.5,5.0,1.74,6.2,56,84,31,9.4
2015-02-08,0.0,0.1,13.2,6.0,1.65,6.3,64,88,31,10.3
2015-02-09,0.6,-1.2,12.4,6.1,2.66,11.6,69,84,48,10.1
2015-02-10,1.2,6.0,12.9,9.4,2.57,10.2,74,95,48,6.7
2015-02-11,0.0,4.2,16.1,9.5,2.18,7.8,78,93,53,10.2
2015-02-12,7.7,5.1,11.5,8.7,1.67,5.3,89,98,75,1.0
2015-02-13,0.0,2.8,17.7,9.5,1.95,6.8,75,99,36,10.5
2015-02-14,0.0,7.4,18.4,12.3,2.92,10.2,60,77,39,10.2
2015-02-15,1.5,8.3,17.9,12.6,3.36,16.0,70,94,47,9.1
2015-02-16,0.0,11.3,20.2,15.2,4.27,12.1,54,68,35,10.5
2015-02-17,6.7,9.5,14.4,11.2,3.68,17.5,75,91,57,8.3
2015-02-18,3.2,9.4,14.4,11.6,4.25,13.8,72,87,52,9.7
2015-02-19,0.1,7.9,14.6,11.0,3.42,11.5,69,85,47,10.3
2015-02-20,0.0,6.4,14.4,10.3,2.13,7.4,72,85,54,10.2
2015-02-21,0.5,3.3,15.7,9.6,3.05,14.8,72,98,44,10.5
2015-02-22,0.0,7.9,16.6,12.1,5.27,17.5,43,52,30,10.8
2015-02-23,0.0,7.5,21.4,13.6,2.59,9.4,59,81,35,10.8
2015-02-24,0.0,10.1,17.1,13.4,5.03,14.1,43,62,24,10.8
2015-02-25,0.0,9.2,16.9,12.6,6.69,18.9,45,52,35,9.9
2015-02-26,0.0,13.2,21.9,16.9,5.73,15.5,47,59,34,10.8
2015-02-27,0.0,13.8,20.0,16.4,4.87,15.9,44,57,26,10.9
2015-02-28,0.0,5.6,21.1,13.7,2.27,10.5,50,76,30,10.9
2015-03-01,0.0,9.1,24.3,16.1,2.43,7.7,55,78,30,10.9
2015-03-02,0.0,10.3,26.8,17.9,1.99,6.7,58,84,31,10.9
2015-03-03,0.0,10.7,24.9,17.4,1.97,8.0,67,92,38,10.9
2015-03-04,0.0,10.1,24.2,16.6,2.31,12.7,66,95,30,10.9
2015-03-05,0.0,7.6,18.0,12.5,3.22,12.7,34,87,8,11.1
2015-03-06,0.0,2.8,17.8,11.3,1.88,8.8,35,61,19,11.2
2015-03-07,0.0,1.8,21.6,11.9,1.54,6.0,45,75,17,11.2
2015-03-08,0.0,4.1,18.6,11.9,1.84,9.1,51,73,36,10.1
2015-03-09,0.0,4.6,19.9,12.6,1.71,8.1,63,95,31,11.2
2015-03-10,0.0,5.2,21.4,13.4,1.55,9.3,63,91,33,11.3
2015-03-11,0.0,5.5,28.0,16.6,1.44,6.7,53,94,13,11.5
2015-03-12,0.0,6.9,27.9,17.4,1.79,6.7,43,69,15,11.5
2015-03-13,0.0,8.3,20.7,14.4,2.19,10.0,60,77,37,11.6
2015-03-14,1.4,8.9,13.8,11.4,1.6,8.6,76,95,54,9.2
2015-03-15,0.0,5.0,16.9,10.7,1.76,11.1,66,97,27,11.6
2015-03-16,0.0,6.7,17.5,11.2,1.73,11.4,66,94,25,11.5
2015-03-17,0.0,5.2,15.7,10.5,2.7,11.6,71,96,43,10.7
2015-03-18,14.9,9.2,14.1,11.6,3.22,9.4,79,92,67,1.7
2015-03-19,5.0,10.0,17.1,13.3,4.61,16.1,79,89,65,2.2
2015-03-20,12.6,12.2,17.1,14.0,4.59,15.0,79,89,68,8.7
2015-03-21,3.1,9.9,17.1,13.2,1.82,9.6,81,99,57,11.1
2015-03-22,3.7,7.6,17.1,12.5,1.8,8.7,86,99,71,11.0
2015-03-23,16.4,9.9,16.3,12.7,1.71,9.5,89,98,73,10.8
2015-03-24,6.1,10.5,15.7,12.6,1.75,9.8,83,99,58,11.5
2015-03-25,5.2,7.5,14.9,11.0,3.54,12.7,64,92,30,6.6
2015-03-26,0.0,6.2,17.9,11.5,5.19,15.4,45,69,34,10.6
2015-03-27,0.0,12.7,23.5,17.5,4.27,13.9,56,73,37,12.0
2015-03-28,0.0,14.4,25.1,18.9,3.14,11.2,56,74,36,12.0
2015-03-29,0.0,11.7,27.9,19.0,2.41,9.6,59,86,24,12.0
2015-03-30,0.0,13.5,29.7,20.6,2.9,10.9,47,72,23,12.0
2015-03-31,0.0,14.0,30.2,21.6,1.98,6.3,49,72,30,12.0
2015-04-01,0.0,11.5,22.4,17.0,2.19,9.6,64,88,44,12.0
2015-04-02,0.0,10.2,20.2,14.8,1.41,7.5,66,84,48,12.0
2015-04-03,0.0,7.5,22.3,15.2,1.53,7.7,69,97,36,11.0
2015-04-04,0.0,9.4,20.9,14.9,1.85,10.6,65,91,37,12.0
2015-04-05,0.0,6.5,22.1,14.7,1.85,9.6,63,95,30,12.0
2015-04-06,0.2,10.1,18.3,13.9,3.12,12.7,70,95,41,10.1
2015-04-07,0.4,10.4,16.9,13.3,4.01,14.0,60,76,40,7.8
2015-04-08,0.4,10.2,16.3,13.0,4.35,14.2,59,74,42,12.2
2015-04-09,0.9,7.9,18.3,12.9,2.98,12.6,64,85,46,12.2
2015-04-10,0.0,6.9,20.4,13.8,2.0,7.9,64,90,39,12.3
2015-04-11,3.3,9.5,16.8,13.3,1.17,4.4,77,94,58,0.0
2015-04-12,2.5,8.1,21.0,14.7,3.43,15.3,70,95,45,12.1
2015-04-13,0.5,10.2,20.9,15.7,3.52,14.6,59,83,41,12.5
2015-04-14,0.0,9.0,22.2,16.0,3.52,14.7,52,79,33,12.2
2015-04-15,6.9,12.5,18.9,15.2,1.92,9.6,68,97,45,1.5
2015-04-16,3.5,11.0,21.7,16.3,1.07,8.2,80,99,58,12.5
2015-04-17,0.0,10.6,24.5,17.4,1.83,9.4,66,90,40,12.2
2015-04-18,0.0,13.0,23.1,17.4,1.75,9.4,67,88,45,12.7
2015-04-19,0.0,11.7,23.7,17.0,2.51,9.9,58,95,33,12.5
2015-04-20,0.0,9.9,22.0,16.1,2.29,10.3,63,87,39,12.9
2015-04-21,0.0,10.2,21.2,15.5,3.1,13.5,69,90,44,10.3
2015-04-22,0.0,10.1,23.9,16.6,1.89,8.6,67,87,43,11.4
2015-04-23,0.0,10.5,27.0,18.7,1.73,8.0,67,97,34,12.2
2015-04-24,0.0,12.5,24.2,18.4,1.82,10.5,71,97,43,11.8
2015-04-25,0.0,12.0,26.3,19.6,1.64,9.0,64,98,32,11.9
2015-04-26,2.4,14.7,26.5,20.5,1.92,12.9,59,89,35,11.7
2015-04-27,0.0,13.7,24.4,18.9,4.03,12.7,42,62,23,13.5
2015-04-28,0.0,12.8,24.6,18.9,2.4,11.2,44,67,27,13.5
2015-04-29,0.0,11.8,26.2,19.1,1.55,9.9,64,96,31,13.3
2015-04-30,0.0,12.0,26.0,19.3,1.92,9.2,62,84,38,13.2
2015-05-01,0.0,12.1,30.5,21.8,1.8,8.2,61,97,28,13.6
2015-05-02,0.0,15.6,32.3,24.2,2.07,9.9,45,71,24,13.6
2015-05-03,0.0,15.3,34.6,25.7,1.52,8.4,47,85,22,12.8
2015-05-04,0.0,18.6,33.4,25.3,1.58,10.9,47,74,24,11.9
2015-05-05,0.0,21.1,29.1,24.3,2.33,10.1,40,61,25,7.5
2015-05-06,0.0,17.6,29.4,22.6,2.92,11.8,40,67,23,13.8
2015-05-07,0.0,14.5,27.0,20.8,2.25,10.5,56,77,35,13.6
2015-05-08,0.0,13.1,31.5,23.0,1.64,8.7,53,96,19,13.9
2015-05-09,0.0,18.1,30.3,24.2,2.65,10.3,41,67,27,13.9
2015-05-10,0.0,16.1,28.2,22.2,2.38,11.1,53,85,25,13.9
2015-05-11,0.0,12.5,29.4,21.4,2.52,11.3,43,68,21,13.9
2015-05-12,0.0,12.0,31.4,22.2,1.8,9.1,42,75,16,14.0
2015-05-13,0.0,14.3,34.3,25.1,1.6,9.4,39,68,18,14.0
2015-05-14,0.0,18.3,38.9,29.6,2.32,12.6,30,61,11,14.0
2015-05-15,0.0,18.3,29.3,24.9,2.21,12.0,34,65,17,13.4
2015-05-16,0.0,14.1,26.3,20.1,2.54,11.1,52,83,26,14.0
2015-05-17,0.0,12.8,28.1,20.8,2.05,10.2,52,87,24,14.0
2015-05-18,0.0,12.7,27.7,20.8,2.0,10.0,53,84,28,13.4
2015-05-19,0.5,15.4,27.6,21.4,2.45,11.8,65,91,40,14.0
2015-05-20,0.2,16.8,24.1,19.1,2.43,11.7,58,79,31,10.5
2015-05-21,0.0,12.7,23.6,18.2,2.1,11.4,60,86,32,14.0
2015-05-22,0.0,12.1,23.1,18.3,2.34,9.8,59,91,34,14.0
2015-05-23,0.0,10.7,25.0,18.3,2.11,11.2,57,93,29,14.0
2015-05-24,0.0,11.4,23.7,18.1,2.15,12.2,53,83,31,10.6
2015-05-25,0.0,13.3,25.4,20.0,2.61,11.4,47,69,27,13.7
2015-05-26,0.0,13.2,29.2,21.8,2.54,13.8,48,81,23,14.0
2015-05-27,0.0,15.4,26.8,21.0,2.51,10.7,62,86,37,14.0
2015-05-28,0.0,14.4,26.7,20.6,2.47,11.3,61,93,32,14.0
2015-05-29,0.0,13.9,26.9,20.7,1.91,9.0,48,71,28,12.1
2015-05-30,0.0,16.0,29.2,22.4,1.85,10.8,52,74,31,14.0
2015-05-31,0.0,16.2,30.1,22.8,1.97,10.2,59,91,30,13.6
2015-06-01,0.0,16.9,29.1,22.7,1.86,11.5,56,82,30,14.0
2015-06-02,0.0,17.4,29.9,23.4,2.06,10.7,59,95,30,14.0
2015-06-03,0.0,14.4,30.9,23.6,2.53,11.5,45,86,17,14.0
2015-06-04,0.0,14.4,30.6,23.4,2.79,11.3,38,59,20,14.0
2015-06-05,0.0,14.4,30.5,23.4,2.46,11.3,46,73,28,14.0
2015-06-06,0.0,14.6,31.1,23.9,2.53,11.9,42,78,19,14.0
2015-06-07,0.0,14.4,31.4,24.3,2.23,10.6,33,58,16,14.0
2015-06-08,0.0,15.2,32.4,24.8,2.32,11.2,37,60,20,14.0
2015-06-09,0.0,16.9,32.3,25.4,2.16,10.9,41,68,24,14.0
2015-06-10,0.0,17.4,31.2,24.9,2.38,11.2,50,76,30,14.0
2015-06-11,1.3,17.9,27.7,22.8,1.81,10.3,66,86,45,9.6
2015-06-12,0.0,16.7,29.6,23.5,2.39,8.8,56,88,31,14.0
2015-06-13,0.5,18.6,30.8,25.1,1.97,9.1,43,70,25,14.0
2015-06-14,0.0,17.7,28.5,23.4,2.89,11.5,33,50,21,11.5
2015-06-15,0.8,18.1,28.9,22.5,2.75,10.7,42,59,25,13.6
2015-06-16,0.0,14.4,28.9,22.3,2.5,10.3,48,80,24,14.0
2015-06-17,0.0,15.1,31.0,23.5,1.91,10.7,51,87,24,14.0
2015-06-18,0.0,17.2,29.7,23.6,2.11,10.0,51,74,30,14.0
2015-06-19,0.0,15.8,31.8,24.4,1.92,10.8,50,85,27,14.0
2015-06-20,0.0,16.1,31.3,24.6,2.25,11.1,51,83,26,14.0
2015-06-21,0.0,17.7,31.9,25.1,2.09,10.8,56,92,28,14.0
2015-06-22,0.0,17.4,34.2,26.3,1.95,10.8,44,72,20,14.0
2015-06-23,2.4,18.2,34.5,26.3,1.84,14.2,53,87,25,11.7
2015-06-24,0.0,18.5,31.9,25.6,2.12,11.0,53,80,28,14.0
2015-06-25,0.0,18.1,31.1,25.0,2.01,9.8,58,93,31,14.0
2015-06-26,0.0,18.3,33.5,26.4,2.05,11.9,51,86,28,14.0
2015-06-27,0.0,19.1,35.4,27.9,2.02,10.7,39,69,15,14.0
2015-06-28,0.0,19.6,39.0,30.0,1.83,10.7,34,63,13,14.0
2015-06-29,0.0,21.5,36.4,28.8,2.53,10.9,43,70,20,14.0
2015-06-30,0.0,19.3,36.2,28.5,2.5,12.1,44,70,22,14.0
2015-07-01,0.0,20.2,35.0,28.3,3.04,13.7,43,66,22,14.0
2015-07-02,0.0,20.8,36.4,28.8,2.46,11.7,46,70,22,14.0
2015-07-03,0.0,21.9,35.2,28.4,2.95,12.6,53,80,26,14.0
2015-07-04,0.0,19.6,37.2,28.8,2.53,11.7,44,75,19,14.0
2015-07-05,0.0,20.0,38.5,29.5,2.19,10.1,43,72,18,14.0
2015-07-06,0.0,20.5,37.9,29.9,2.29,10.6,41,73,17,14.0
2015-07-07,0.0,19.9,41.6,31.3,1.78,9.9,36,66,11,14.0
2015-07-08,0.0,21.4,40.3,31.2,2.23,12.2,39,65,14,14.0
2015-07-09,0.0,23.2,33.7,27.6,2.36,10.6,64,86,38,14.0
2015-07-10,0.0,20.5,35.1,27.6,2.0,10.5,61,93,32,14.0
2015-07-11,0.0,22.3,34.1,28.0,2.08,11.4,63,94,39,14.0
2015-07-12,0.0,22.3,35.1,27.9,1.83,10.6,57,79,30,14.0
2015-07-13,0.0,21.2,34.0,27.5,1.86,10.4,64,90,38,14.0
2015-07-14,0.0,22.1,35.1,28.0,2.09,11.0,63,95,32,14.0
2015-07-15,0.0,21.5,35.2,28.0,2.1,10.6,61,94,30,14.0
2015-07-16,0.0,21.0,36.4,28.6,2.09,10.3,54,89,22,14.0
2015-07-17,0.0,21.1,35.4,28.3,1.97,9.3,60,91,29,13.7
2015-07-18,0.0,21.0,34.7,28.1,2.25,10.7,62,93,33,14.0
2015-07-19,0.0,22.1,37.5,29.7,1.65,9.8,61,94,29,14.0
2015-07-20,0.0,24.3,35.7,29.4,1.89,10.4,62,88,31,14.0
2015-07-21,0.0,23.1,36.6,29.3,1.93,10.8,63,96,29,13.9
2015-07-22,0.7,22.7,37.2,29.2,1.81,10.5,62,97,29,13.9
2015-07-23,0.0,22.6,34.9,29.0,1.98,9.5,58,82,36,13.9
2015-07-24,0.0,23.7,37.1,29.9,2.2,10.1,63,97,30,13.8
2015-07-25,0.0,24.5,35.9,30.0,2.88,11.8,44,69,28,13.9
2015-07-26,0.2,24.6,34.8,29.0,2.3,10.4,69,96,43,13.5
2015-07-27,0.0,22.2,40.9,31.6,1.9,11.9,53,96,15,13.9
2015-07-28,0.0,23.8,34.9,29.3,2.42,10.0,67,98,41,13.9
2015-07-29,0.0,23.3,37.1,29.8,1.63,9.6,63,92,31,13.2
2015-07-30,0.2,25.0,33.7,29.0,2.3,10.9,71,97,44,13.0
2015-07-31,3.0,24.7,31.3,27.5,3.29,11.7,79,94,57,9.8
2015-08-01,1.1,23.7,30.7,27.1,2.51,10.7,74,97,52,13.4
2015-08-02,0.3,22.8,32.3,27.2,2.35,9.6,69,89,47,12.5
2015-08-03,0.0,20.6,34.9,27.8,2.08,10.4,61,96,29,13.7
2015-08-04,0.0,21.2,35.5,28.6,1.94,9.6,54,78,33,13.7
2015-08-05,0.0,23.5,34.8,28.9,1.87,9.5,67,92,43,13.6
2015-08-06,0.0,24.5,36.0,30.0,1.81,10.1,62,87,39,12.4
2015-08-07,0.0,24.8,37.5,30.9,1.44,8.3,58,84,35,12.2
2015-08-08,0.0,26.1,36.7,30.9,1.61,8.8,50,77,21,12.1
2015-08-09,0.3,24.3,33.2,28.1,2.18,10.8,69,85,44,10.3
2015-08-10,0.8,24.6,34.8,29.2,1.76,10.8,68,91,44,13.0
2015-08-11,0.3,24.6,33.4,28.6,2.12,7.4,73,94,48,11.2
2015-08-12,0.0,24.6,37.0,30.4,1.75,9.7,63,94,33,13.1
2015-08-13,0.0,23.9,38.6,31.4,2.49,11.7,41,89,8,13.1
2015-08-14,0.0,23.8,34.4,28.9,2.92,12.8,23,42,11,12.7
2015-08-15,0.7,21.7,32.5,26.2,1.79,13.4,52,74,25,12.9
2015-08-16,0.4,21.0,29.9,25.3,2.29,10.1,70,86,51,12.9
2015-08-17,0.0,23.1,33.7,27.7,1.87,9.1,65,91,35,12.9
2015-08-18,0.7,22.6,31.5,26.6,2.16,10.6,74,97,47,12.0
2015-08-19,1.6,22.6,30.0,26.0,2.47,10.3,75,90,57,11.5
2015-08-20,0.0,22.9,32.5,27.0,2.21,9.7,69,93,43,12.6
2015-08-21,0.0,20.5,32.9,26.8,2.15,10.0,62,90,34,12.5
2015-08-22,0.0,20.3,32.9,26.6,1.98,9.2,65,93,37,12.6
2015-08-23,0.0,20.3,35.2,28.0,2.03,10.6,55,94,24,12.7
2015-08-24,0.0,20.4,34.5,28.1,2.1,10.3,34,48,23,12.8
2015-08-25,0.0,20.2,32.5,26.4,2.69,10.4,45,73,34,12.6
2015-08-26,0.0,20.3,32.1,25.8,2.21,9.2,67,92,39,12.5
2015-08-27,0.0,19.9,33.2,26.5,2.04,8.9,67,96,37,12.4
2015-08-28,0.0,20.5,34.0,26.8,1.99,10.5,66,96,31,12.4
2015-08-29,0.0,20.2,32.9,26.3,2.22,9.7,65,87,35,12.2
2015-08-30,0.2,21.4,33.3,27.0,2.01,9.6,69,94,41,12.0
2015-08-31,0.0,23.3,34.4,28.0,1.56,9.7,69,96,39,11.0
2015-09-01,4.6,22.2,31.6,26.4,1.82,9.4,73,93,48,12.0
2015-09-02,2.1,23.4,29.9,25.9,1.92,8.8,75,88,58,11.3
2015-09-03,0.0,21.0,32.1,26.0,1.62,9.0,68,100,32,11.8
2015-09-04,3.7,21.8,28.0,24.5,1.98,7.4,73,91,55,11.5
2015-09-05,4.6,20.6,24.1,22.4,2.57,8.9,75,87,65,0.1
2015-09-06,34.2,19.4,21.9,20.4,1.99,7.2,86,93,75,1.6
2015-09-07,5.6,19.0,23.5,21.2,1.41,7.5,85,94,73,4.7
2015-09-08,2.5,17.6,26.8,21.3,1.13,7.4,79,98,47,11.2
2015-09-09,0.0,16.3,27.0,21.4,1.44,7.4,81,100,52,11.5
2015-09-10,0.0,19.8,28.4,23.2,1.44,7.7,81,98,55,10.6
2015-09-11,0.0,17.7,28.9,23.2,1.66,8.6,77,100,49,11.0
2015-09-12,0.0,17.0,28.5,23.0,1.31,13.2,75,98,48,9.1
2015-09-13,0.0,18.3,30.4,24.1,1.56,6.9,73,97,46,11.6
2015-09-14,0.0,16.7,29.0,22.9,1.91,8.0,52,73,37,12.0
2015-09-15,0.0,16.4,29.3,23.2,1.65,8.2,63,89,40,12.0
2015-09-16,0.0,16.0,31.1,23.7,1.82,8.9,60,82,34,12.0
2015-09-17,0.0,20.0,29.3,23.7,2.13,7.6,57,78,33,12.0
2015-09-18,0.0,16.8,27.3,21.9,2.72,11.2,52,74,36,11.6
2015-09-19,0.0,19.0,26.2,22.4,2.51,9.7,65,80,48,9.9
2015-09-20,0.0,15.8,28.6,22.2,1.57,8.5,66,96,33,12.0
2015-09-21,0.0,16.6,32.0,24.1,1.82,8.9,64,92,33,12.0
2015-09-22,0.0,18.6,34.3,26.3,2.0,8.1,48,82,21,12.0
2015-09-23,0.0,16.6,28.7,23.0,2.19,10.6,45,68,32,11.9
2015-09-24,0.4,18.5,26.5,22.0,1.62,8.2,67,81,46,11.8
2015-09-25,0.0,14.8,29.2,22.2,1.44,8.7,66,97,31,11.9
2015-09-26,0.3,15.1,28.3,22.0,1.45,8.2,70,98,39,11.6
2015-09-27,1.5,17.5,25.3,21.0,1.51,8.1,78,97,58,8.8
2015-09-28,1.4,16.9,24.0,20.4,2.27,9.5,73,92,53,11.6
2015-09-29,12.1,14.6,21.8,17.8,1.69,7.8,86,96,65,5.7
2015-09-30,0.0,14.7,25.3,19.6,1.74,8.0,76,97,46,11.6
2015-10-01,0.1,15.9,25.4,20.2,1.57,8.0,79,96,52,11.3
2015-10-02,0.0,14.7,28.0,21.4,1.84,9.8,70,100,33,11.6
2015-10-03,0.0,16.6,25.7,20.8,0.9,5.4,74,88,55,9.0
2015-10-04,0.0,16.4,29.6,23.1,1.11,6.3,71,98,43,11.2
2015-10-05,0.1,19.0,32.2,24.8,1.8,9.7,65,90,38,8.3
2015-10-06,0.0,17.9,30.2,23.8,2.54,10.2,60,90,31,11.1
2015-10-07,0.0,16.3,26.8,21.3,2.0,8.5,58,83,34,8.9
2015-10-08,9.2,16.5,21.9,18.6,2.02,9.2,83,93,65,8.7
2015-10-09,3.4,16.0,22.4,18.7,1.59,7.4,80,94,56,10.7
2015-10-10,0.0,14.5,24.2,19.1,1.63,8.4,81,99,55,10.7
2015-10-11,0.0,14.7,25.5,20.3,1.15,5.9,76,98,51,10.4
2015-10-12,0.0,15.6,26.8,21.2,1.31,5.7,73,93,47,10.9
2015-10-13,2.7,16.9,25.1,20.6,1.38,6.5,75,93,51,10.0
2015-10-14,1.0,14.8,24.3,19.2,1.52,8.1,71,98,32,10.4
2015-10-15,0.0,14.2,24.3,19.5,1.47,7.1,75,95,44,10.7
2015-10-16,1.1,16.6,22.7,19.3,1.72,7.5,86,99,66,8.6
2015-10-17,0.0,16.0,24.3,19.5,2.11,9.7,80,98,52,10.2
2015-10-18,0.2,13.6,24.5,19.3,1.62,7.2,77,97,50,10.7
2015-10-19,3.7,16.9,24.5,20.2,1.17,5.6,82,98,58,9.4
2015-10-20,0.4,16.2,22.3,19.1,1.54,5.4,81,96,59,1.3
2015-10-21,1.2,14.7,21.2,17.7,1.82,9.7,72,96,37,9.5
2015-10-22,0.0,11.0,23.8,16.9,1.84,8.9,63,100,21,10.4
2015-10-23,0.0,10.8,22.9,17.0,1.31,6.5,67,90,43,10.0
2015-10-24,2.0,12.7,20.7,16.9,1.5,4.9,84,100,59,0.7
2015-10-25,0.3,15.8,19.9,17.8,1.12,5.4,85,97,71,3.3
2015-10-26,4.6,14.1,20.1,17.5,0.89,5.7,86,95,74,4.5
2015-10-27,0.0,15.2,22.9,18.7,1.44,7.4,82,99,60,9.9
2015-10-28,0.0,10.3,23.1,16.6,2.0,7.4,65,87,35,10.3
2015-10-29,0.0,9.6,23.2,16.1,1.75,5.4,67,90,38,10.2
2015-10-30,0.0,11.4,22.7,16.8,1.67,7.5,75,92,52,10.1
2015-10-31,0.0,14.2,21.9,17.4,2.08,10.0,78,96,53,9.3
2015-11-01,2.8,14.8,21.1,17.8,4.57,16.6,78,89,60,10.0
2015-11-02,28.3,14.4,18.9,17.3,4.51,17.6,82,97,60,0.7
2015-11-03,0.0,12.2,21.1,16.3,1.15,7.6,77,92,57,10.0
2015-11-04,0.0,10.7,22.5,16.1,1.32,4.4,78,97,50,10.0
2015-11-05,0.0,11.6,24.0,17.1,1.87,6.6,76,95,45,10.0
2015-11-06,0.0,12.5,23.5,17.5,1.53,5.0,76,91,54,9.9
2015-11-07,0.0,11.3,22.3,16.8,1.18,5.5,83,98,57,9.9
2015-11-08,0.0,10.8,20.0,15.4,1.37,6.4,87,100,68,9.9
2015-11-09,0.0,10.9,21.5,15.7,0.99,4.1,81,100,51,9.9
2015-11-10,0.0,8.2,22.3,15.1,1.04,3.5,79,98,50,9.9
2015-11-11,0.0,7.6,21.6,14.2,1.09,4.1,80,98,52,9.9
2015-11-12,0.0,7.8,19.5,13.9,1.01,4.8,84,98,62,9.9
2015-11-13,0.0,8.1,19.7,14.1,0.96,4.4,83,99,61,9.8
2015-11-14,0.0,11.4,18.8,15.1,1.2,4.3,80,97,60,9.8
2015-11-15,0.0,8.0,19.7,13.7,1.1,4.2,83,99,57,9.8
2015-11-16,0.0,8.0,23.0,14.4,1.7,6.1,74,98,38,9.8
2015-11-17,0.0,8.1,21.8,14.1,1.68,5.3,72,91,42,9.8
2015-11-18,0.0,6.5,20.7,13.2,1.22,3.9,74,94,43,9.8
2015-11-19,0.0,7.2,22.6,13.7,1.45,4.7,72,93,43,9.8
2015-11-20,0.0,9.6,24.9,15.8,1.9,5.4,73,95,40,9.8
2015-11-21,0.9,11.1,22.2,15.8,3.79,15.8,57,80,31,9.0
2015-11-22,0.0,8.3,15.2,11.5,4.52,13.5,40,49,29,9.5
2015-11-23,0.0,4.0,13.6,8.6,2.4,8.7,58,78,41,9.7
2015-11-24,0.0,2.6,14.7,7.7,2.66,10.8,54,74,28,9.7
2015-11-25,0.0,4.9,19.0,12.0,3.61,13.7,54,72,37,8.7
2015-11-26,0.0,13.4,20.3,16.5,5.45,16.5,40,55,26,9.7
2015-11-27,0.0,12.3,17.8,14.9,3.1,11.9,58,89,42,9.6
2015-11-28,0.0,7.2,19.9,13.3,1.79,8.5,68,98,39,9.6
2015-11-29,0.0,5.2,17.8,11.8,1.38,4.4,70,92,45,9.6
2015-11-30,0.0,3.9,17.9,10.6,1.18,5.6,76,99,41,9.6
2015-12-01,0.0,3.1,19.0,10.2,1.14,4.4,65,90,32,9.6
2015-12-02,0.0,4.7,20.5,11.5,1.42,5.0,63,92,28,8.8
2015-12-03,0.0,4.7,18.3,11.2,1.17,4.0,74,93,50,9.5
2015-12-04,0.0,4.5,19.8,11.5,1.12,3.9,77,97,44,9.5
2015-12-05,0.0,5.3,18.3,11.4,1.07,5.1,80,97,52,9.5
2015-12-06,0.0,6.3,17.0,11.5,1.1,5.5,83,100,57,9.2
2015-12-07,0.0,7.6,17.6,12.4,1.42,4.9,84,98,58,7.5
2015-12-08,0.0,7.1,19.9,12.7,1.08,4.5,79,99,45,9.4
2015-12-09,0.0,6.8,18.1,12.2,1.69,8.3,81,95,55,7.4
2015-12-10,1.1,10.7,16.2,13.2,1.87,8.0,88,96,75,6.1
2015-12-11,0.0,11.0,16.6,13.0,1.89,7.0,85,98,62,7.2
2015-12-12,0.0,9.1,16.4,12.4,1.62,6.6,84,97,64,4.5
2015-12-13,0.0,5.4,17.8,11.1,1.41,4.3,81,98,47,9.1
2015-12-14,0.0,5.5,19.1,11.5,1.52,4.2,79,96,47,8.5
2015-12-15,0.0,6.2,21.3,12.4,1.64,4.6,72,95,34,9.4
2015-12-16,0.0,8.0,22.7,14.0,1.91,6.1,57,82,28,9.1
2015-12-17,0.0,6.9,21.1,13.1,1.13,3.4,68,92,36,8.0
2015-12-18,0.0,7.4,22.2,13.6,1.78,5.4,65,86,29,9.4
2015-12-19,0.0,5.5,21.3,12.2,1.39,4.3,66,86,33,9.4
2015-12-20,0.0,4.8,19.5,11.2,1.0,4.2,72,91,39,9.4
2015-12-21,0.0,5.0,18.6,11.3,1.06,3.5,78,94,48,9.2
2015-12-22,0.0,5.2,17.2,11.0,1.0,4.6,86,100,61,9.0
2015-12-23,0.0,6.4,16.5,10.9,1.1,4.6,84,100,58,8.9
2015-12-24,0.0,6.6,17.8,11.4,1.16,4.9,81,99,49,8.8
2015-12-25,0.0,4.9,16.7,10.5,1.37,4.4,82,96,58,8.9
2015-12-26,0.0,7.6,16.8,11.6,1.15,4.3,84,99,57,9.0
2015-12-27,0.0,8.9,16.0,12.1,1.72,7.5,85,98,60,4.5
2015-12-28,0.0,9.4,17.3,12.5,1.54,5.1,81,95,53,8.5
2015-12-29,0.0,6.6,19.3,12.8,1.21,4.8,79,99,51,8.8
2015-12-30,0.0,6.2,18.8,11.4,1.83,4.9,72,93,40,9.3
2015-12-31,0.0,6.5,19.7,12.3,1.74,5.2,68,89,39,7.9
2016-01-01,0.0,8.6,19.4,14.6,1.07,6.2,76,96,54,9.0
2016-01-02,0.0,9.6,19.0,14.0,2.18,9.7,72,98,41,8.9
2016-01-03,0.0,7.0,18.6,12.1,1.68,7.1,67,87,46,5.8
2016-01-04,0.0,12.1,22.5,16.6,3.0,10.4,67,86,46,8.6
2016-01-05,0.2,11.2,17.4,14.0,3.4,14.2,61,88,30,7.4
2016-01-06,0.0,7.8,14.6,11.1,4.15,13.0,47,55,34,9.5
2016-01-07,0.0,9.1,21.4,15.0,2.26,9.6,62,84,46,9.0
2016-01-08,0.0,6.9,22.6,13.7,1.69,6.4,71,98,35,9.4
2016-01-09,0.0,11.3,22.0,15.3,1.92,9.6,58,84,33,8.9
2016-01-10,0.0,6.9,20.2,13.0,2.37,9.7,63,86,36,9.0
2016-01-11,0.0,9.9,21.1,14.7,2.87,9.6,66,87,47,8.8
2016-01-12,0.0,5.9,17.7,11.4,2.4,10.7,58,85,29,9.6
2016-01-13,0.0,3.2,16.0,9.5,1.65,5.6,64,91,35,9.3
2016-01-14,0.0,3.1,19.8,10.9,1.15,4.6,69,96,34,9.0
2016-01-15,11.4,9.7,13.0,11.2,1.62,10.1,77,97,49,2.9
2016-01-16,0.0,6.2,13.0,9.1,3.97,13.3,43,52,28,9.6
2016-01-17,0.0,0.3,14.1,7.2,1.91,6.2,57,81,32,9.6
2016-01-18,0.0,3.6,18.3,9.8,1.96,7.8,63,89,37,9.6
2016-01-19,0.0,7.5,16.0,11.1,1.9,7.4,67,85,41,8.6
2016-01-20,0.0,5.0,15.2,10.0,1.47,5.4,75,98,44,7.0
2016-01-21,0.0,8.2,17.8,12.3,2.39,8.6,64,79,40,9.6
2016-01-22,0.0,5.4,19.7,11.7,1.55,5.5,76,95,47,9.4
2016-01-23,0.0,6.5,18.5,12.0,1.3,5.0,83,96,59,8.2
2016-01-24,0.0,6.5,18.5,12.1,1.24,5.7,83,99,59,9.1
2016-01-25,0.0,8.2,18.3,12.4,1.09,4.4,82,100,51,9.2
2016-01-26,0.2,7.5,16.8,11.9,0.76,4.4,85,97,62,5.3
2016-01-27,0.3,9.5,16.4,12.7,1.18,6.1,87,99,66,9.3
2016-01-28,0.0,7.0,17.4,12.3,1.25,5.3,83,100,52,9.5
2016-01-29,0.6,9.4,15.3,12.3,1.63,7.7,89,99,73,5.5
2016-01-30,0.1,8.4,18.8,12.5,1.88,8.0,76,96,40,9.6
2016-01-31,0.0,4.9,21.8,12.4,2.4,9.6,67,91,37,9.7
2016-02-01,0.0,8.6,21.5,14.4,1.86,6.3,67,89,38,9.8
2016-02-02,0.0,5.4,20.4,12.9,1.22,5.6,77,98,49,9.8
2016-02-03,0.0,6.9,19.7,12.7,1.68,6.9,75,97,44,8.9
2016-02-04,0.1,6.4,13.3,10.9,1.93,8.0,71,93,47,4.8
2016-02-05,0.0,4.7,15.6,10.4,1.45,5.9,72,95,47,8.6
2016-02-06,0.0,5.0,18.3,11.2,1.31,8.7,79,97,51,7.4
2016-02-07,0.0,8.7,17.5,13.1,3.87,18.1,58,92,25,9.4
2016-02-08,0.0,5.3,21.5,13.1,1.99,8.8,54,84,30,10.0
2016-02-09,0.0,5.6,22.1,13.4,2.61,12.0,59,88,23,9.9
2016-02-10,0.0,12.0,21.8,17.2,3.3,11.0,58,78,42,9.5
2016-02-11,0.0,12.7,22.4,17.3,2.88,15.0,63,83,41,9.2
2016-02-12,0.1,9.7,21.9,16.1,3.14,11.3,64,86,40,6.2
2016-02-13,0.0,15.0,23.0,18.6,3.55,14.2,63,84,42,8.9
2016-02-14,1.0,10.4,19.0,15.3,5.36,20.2,51,75,27,10.1
2016-02-15,0.9,8.5,16.2,11.6,6.32,19.8,40,50,26,10.2
2016-02-16,0.0,4.1,14.1,9.1,3.18,11.9,32,54,18,10.7
2016-02-17,0.0,0.3,15.5,8.0,1.8,7.0,47,74,19,10.7
2016-02-18,0.0,1.9,15.7,9.1,1.4,5.6,50,71,36,7.5
2016-02-19,0.0,8.5,14.6,11.5,2.81,10.4,63,81,48,2.8
2016-02-20,0.0,10.1,15.7,12.3,3.46,12.0,65,81,46,10.7
2016-02-21,0.0,5.5,18.5,11.5,2.18,8.7,63,76,46,10.7
2016-02-22,0.0,6.8,23.8,14.3,2.07,9.0,53,82,19,10.8
2016-02-23,0.0,9.3,22.9,15.2,2.34,9.5,42,61,20,10.8
2016-02-24,0.0,5.6,21.6,13.7,1.9,8.6,55,88,32,10.8
2016-02-25,0.0,6.7,20.2,13.9,3.64,14.5,49,84,24,10.8
2016-02-26,0.7,5.5,19.0,12.7,2.34,10.6,58,85,33,8.5
2016-02-27,0.3,7.4,14.3,10.6,4.61,17.5,47,76,27,10.5
2016-02-28,0.1,7.9,15.9,11.3,6.07,18.5,45,56,33,10.9
2016-02-29,0.0,8.7,18.6,13.2,6.07,17.9,42,59,22,10.9
2016-03-01,0.0,7.5,20.8,13.4,3.94,12.1,28,39,12,10.9
2016-03-02,0.0,6.3,25.8,15.7,2.82,10.0,32,51,14,11.0
2016-03-03,0.0,10.2,22.9,16.5,2.9,8.9,46,80,21,10.9
2016-03-04,0.0,6.0,22.5,14.7,2.6,11.4,46,72,28,11.0
2016-03-05,0.1,10.5,18.6,14.5,4.43,13.3,38,57,18,11.1
2016-03-06,0.0,8.3,16.7,12.4,4.71,16.1,38,58,17,11.2
2016-03-07,4.9,5.7,12.6,8.8,1.97,7.7,58,85,30,1.0
2016-03-08,0.0,6.0,17.0,10.7,3.59,13.3,53,83,18,11.2
2016-03-09,0.0,3.3,18.7,11.2,2.97,11.9,53,89,25,9.2
2016-03-10,1.1,8.0,16.3,11.8,5.5,19.4,44,66,25,11.4
2016-03-11,0.0,5.8,17.5,11.1,2.29,9.9,48,68,25,11.5
2016-03-12,0.0,3.0,17.6,10.7,1.75,8.0,63,92,29,11.6
2016-03-13,0.0,3.4,18.7,11.2,1.7,10.6,71,99,32,11.6
2016-03-14,0.0,7.0,17.7,12.2,1.96,9.2,69,95,38,11.4
2016-03-15,0.1,8.2,18.9,13.3,0.95,7.0,71,98,41,10.3
2016-03-16,0.0,6.3,22.1,14.4,2.31,10.2,51,88,18,11.7
2016-03-17,0.0,6.3,19.1,12.7,2.31,11.0,61,84,37,11.7
2016-03-18,0.2,9.0,18.5,13.3,1.64,9.5,77,96,45,4.7
2016-03-19,0.1,10.7,18.6,14.1,1.75,7.7,78,98,47,10.8
2016-03-20,0.5,7.6,20.7,14.2,1.77,8.8,69,97,27,11.8
2016-03-21,13.9,8.5,13.9,11.5,1.61,7.4,93,100,85,0.1
2016-03-22,7.8,10.0,12.7,11.2,2.24,7.3,86,95,76,1.0
2016-03-23,0.0,8.4,20.7,14.0,3.47,12.6,56,84,25,11.9
2016-03-24,0.0,7.7,19.8,13.5,2.53,7.9,50,83,33,11.9
2016-03-25,0.0,5.5,25.1,15.5,1.86,6.7,57,93,24,11.3
2016-03-26,0.0,9.3,24.2,16.9,2.19,9.7,52,80,30,12.0
2016-03-27,0.0,10.6,23.4,17.3,2.04,9.0,58,86,37,12.0
2016-03-28,0.0,7.7,23.9,16.4,1.75,6.3,48,77,25,12.0
2016-03-29,0.0,9.0,24.8,17.0,1.98,9.0,53,84,27,12.0
2016-03-30,0.0,7.7,24.6,16.7,1.81,10.2,60,92,31,12.0
2016-03-31,0.0,8.4,23.6,16.1,3.54,15.1,50,87,19,12.0
2016-04-01,0.0,9.8,19.6,14.0,4.76,14.9,38,71,18,12.0
2016-04-02,0.0,5.3,20.2,13.1,2.03,12.1,63,94,32,12.0
2016-04-03,0.0,6.7,21.2,14.5,2.09,10.7,63,96,33,12.0
2016-04-04,3.6,9.2,22.5,16.0,1.81,10.3,65,91,38,9.0
2016-04-05,12.5,9.1,15.8,13.2,3.97,16.0,76,92,59,10.3
2016-04-06,0.4,12.0,20.1,15.7,2.78,10.6,68,84,47,5.0
2016-04-07,0.0,10.6,22.3,16.5,1.9,10.7,66,94,36,12.2
2016-04-08,0.6,8.1,19.4,13.6,3.44,13.7,59,94,18,12.2
2016-04-09,0.0,5.4,21.7,13.9,2.37,12.3,56,83,27,12.3
2016-04-10,0.0,7.6,23.0,15.6,2.0,11.1,64,91,29,12.2
2016-04-11,0.0,8.1,21.0,15.0,2.1,10.0,64,90,39,12.4
2016-04-12,0.0,7.9,23.9,16.3,1.86,10.8,61,92,33,12.4
2016-04-13,0.0,9.7,25.0,17.6,2.05,10.4,51,85,21,12.5
2016-04-14,0.0,8.9,25.7,17.7,1.75,9.3,50,79,26,12.6
2016-04-15,0.0,9.8,25.2,18.2,1.64,9.5,64,96,35,12.6
2016-04-16,0.0,9.6,26.9,18.9,2.2,11.6,54,85,27,12.4
2016-04-17,0.0,13.9,26.5,20.9,2.18,9.5,48,78,26,12.7
2016-04-18,2.0,14.3,21.7,18.6,2.68,11.3,57,72,46,11.3
2016-04-19,0.8,14.3,21.6,17.6,4.3,16.5,59,81,38,12.3
2016-04-20,1.1,13.4,22.9,17.1,2.13,10.3,56,80,34,9.6
2016-04-21,0.0,11.8,24.2,17.4,2.32,10.1,53,86,26,13.2
2016-04-22,0.0,14.4,23.4,18.4,1.55,9.8,54,78,31,11.8
2016-04-23,0.0,11.6,23.8,18.3,1.38,6.5,61,91,39,12.2
2016-04-24,0.0,14.0,25.8,19.6,2.88,10.3,47,69,20,13.3
2016-04-25,0.0,10.0,21.7,16.6,2.35,10.2,65,94,41,13.4
2016-04-26,0.0,10.1,25.2,17.5,1.9,12.2,64,93,33,13.4
2016-04-27,0.0,11.9,25.7,18.4,2.0,11.3,66,91,36,11.9
2016-04-28,2.6,14.1,23.5,17.8,2.03,9.9,74,94,45,11.3
2016-04-29,1.7,14.5,18.5,16.3,3.02,10.7,74,85,63,3.3
2016-04-30,1.6,12.3,25.5,17.1,1.5,12.2,70,91,30,10.4
2016-05-01,0.1,13.5,22.7,17.0,2.65,11.0,49,84,17,12.8
2016-05-02,0.0,7.4,22.7,15.8,1.58,8.6,46,85,22,13.7
2016-05-03,0.0,7.9,25.8,17.6,1.75,9.9,43,82,14,13.7
2016-05-04,0.0,9.1,25.1,17.6,2.42,10.3,47,74,23,12.2
2016-05-05,0.7,12.7,22.4,17.5,2.08,10.1,51,74,30,12.2
2016-05-06,0.0,10.0,23.3,16.9,2.04,10.3,59,78,40,11.1
2016-05-07,0.8,13.6,22.8,17.9,1.61,9.9,70,91,45,12.5
2016-05-08,2.4,14.7,21.9,17.6,3.03,13.8,77,99,48,7.5
2016-05-09,9.9,14.2,22.2,17.3,2.54,17.1,80,98,54,9.6
2016-05-10,2.5,10.6,21.5,16.1,2.05,10.6,75,93,51,8.9
2016-05-11,3.6,10.6,20.9,16.6,2.11,9.9,68,99,42,13.4
2016-05-12,1.5,9.8,22.5,16.6,2.47,10.0,60,86,32,13.5
2016-05-13,0.8,9.8,22.8,17.0,3.52,13.1,55,86,32,14.0
2016-05-14,0.0,14.0,26.0,19.6,3.4,11.9,48,69,26,14.0
2016-05-15,0.0,14.1,25.1,20.0,1.92,7.4,52,73,33,14.0
2016-05-16,0.0,12.4,26.1,19.8,1.93,9.8,61,91,34,14.0
2016-05-17,0.0,13.7,25.5,19.6,2.01,10.1,63,89,38,14.0
2016-05-18,0.0,13.6,26.1,20.3,1.76,9.9,58,90,31,13.0
2016-05-19,0.0,13.4,29.7,21.7,2.26,11.5,56,85,25,14.0
2016-05-20,0.0,13.8,26.7,20.6,2.44,10.7,63,93,38,14.0
2016-05-21,0.0,13.6,26.8,20.1,2.24,11.2,62,99,28,14.0
2016-05-22,0.0,12.4,33.0,23.5,2.24,12.9,47,86,21,14.0
2016-05-23,0.0,15.0,24.9,21.0,2.84,11.2,41,69,26,14.0
2016-05-24,0.0,14.2,27.5,20.3,2.0,9.8,65,91,35,14.0
2016-05-25,0.0,16.2,30.9,22.8,2.04,10.9,64,93,32,14.0
2016-05-26,0.0,16.0,27.7,21.5,2.13,9.7,70,98,42,13.8
2016-05-27,0.0,15.1,29.1,22.5,1.9,10.7,65,96,39,14.0
2016-05-28,2.6,16.0,29.9,23.3,2.43,13.9,51,85,26,14.0
2016-05-29,0.0,16.7,28.6,22.7,2.92,11.0,39,63,21,14.0
2016-05-30,0.0,16.5,29.1,22.7,2.5,12.5,38,55,21,14.0
2016-05-31,0.0,15.6,27.4,21.5,2.15,10.2,51,70,31,14.0
2016-06-01,0.0,13.6,29.8,22.0,2.03,11.6,57,91,27,14.0
2016-06-02,0.0,14.9,29.8,22.4,2.22,10.9,55,89,26,14.0
2016-06-03,0.0,16.6,29.1,23.2,2.24,10.8,50,72,27,13.5
2016-06-04,0.5,16.1,31.6,24.1,2.0,9.5,57,95,27,14.0
2016-06-05,0.0,18.9,30.4,24.3,2.01,11.2,53,81,28,13.9
2016-06-06,0.0,17.6,30.9,24.2,2.03,9.8,56,90,28,14.0
2016-06-07,0.0,17.3,31.0,24.5,2.14,11.6,55,88,29,14.0
2016-06-08,0.0,16.9,33.1,25.4,1.89,10.1,50,83,23,14.0
2016-06-09,0.0,17.1,35.9,26.9,2.03,10.8,49,86,22,14.0
2016-06-10,0.0,20.3,35.2,27.3,1.72,10.6,48,71,26,14.0
2016-06-11,0.0,20.3,31.2,25.1,2.15,12.4,64,93,37,13.1
2016-06-12,0.0,18.0,32.2,25.4,1.99,10.7,60,94,33,14.0
2016-06-13,0.0,19.1,38.6,29.5,2.12,10.4,46,91,18,14.0
2016-06-14,0.0,24.6,33.7,29.2,3.56,13.7,38,64,26,14.0
2016-06-15,0.0,20.3,34.4,27.6,3.09,14.8,41,73,16,14.0
2016-06-16,0.0,20.1,29.3,24.6,3.58,11.8,28,42,16,14.0
2016-06-17,0.0,16.9,29.8,23.7,2.81,13.7,33,46,19,14.0
2016-06-18,0.3,15.3,30.6,22.9,2.47,14.8,47,70,18,14.0
2016-06-19,0.0,15.4,29.6,22.4,2.12,13.3,57,91,27,14.0
2016-06-20,0.0,14.9,29.2,22.5,1.99,11.7,58,92,33,14.0
2016-06-21,0.0,17.3,29.5,23.4,1.99,11.1,48,70,26,14.0
2016-06-22,0.0,15.6,30.5,23.6,2.53,11.6,47,80,23,14.0
2016-06-23,0.0,15.8,32.0,24.4,2.18,10.7,46,70,24,14.0
2016-06-24,0.0,17.0,34.0,25.7,1.98,10.9,50,85,22,14.0
2016-06-25,0.0,17.8,32.9,25.8,2.36,11.1,51,77,26,14.0
2016-06-26,0.0,18.6,30.3,24.5,2.89,12.5,66,93,40,14.0
2016-06-27,0.0,19.5,30.3,24.7,2.94,12.1,61,90,34,14.0
2016-06-28,0.2,18.5,31.9,25.1,2.46,11.0,52,78,28,12.0
2016-06-29,0.2,19.4,32.4,25.9,2.32,10.4,52,72,33,14.0
2016-06-30,0.0,21.1,33.8,27.2,1.87,11.3,56,81,33,14.0
2016-07-01,0.0,21.6,33.8,27.3,2.02,11.0,56,84,31,14.0
2016-07-02,0.0,20.4,34.9,27.8,2.03,10.7,49,81,25,14.0
2016-07-03,0.0,20.8,32.7,26.9,3.44,14.7,50,72,32,14.0
2016-07-04,0.0,21.3,31.8,26.5,3.27,11.9,50,67,32,14.0
2016-07-05,0.0,19.9,34.9,27.0,1.85,11.5,49,76,27,14.0
2016-07-06,0.0,21.2,33.9,27.3,2.35,12.7,46,66,26,14.0
2016-07-07,0.0,20.4,32.1,26.2,3.07,16.1,50,68,33,10.6
2016-07-08,0.0,21.1,36.1,28.2,1.69,9.0,48,71,27,12.5
2016-07-09,0.0,20.9,35.3,29.2,2.9,12.6,42,68,25,14.0
2016-07-10,0.0,20.4,36.0,28.6,2.03,10.1,47,75,26,14.0
2016-07-11,0.0,22.9,35.3,29.0,2.2,11.3,45,71,23,14.0
2016-07-12,0.0,21.1,36.3,28.5,2.09,11.1,57,90,28,14.0
2016-07-13,0.7,22.0,29.3,25.4,3.29,13.9,71,89,54,13.0
2016-07-14,0.0,20.8,29.3,24.7,2.78,10.5,67,89,45,13.3
2016-07-15,0.4,20.0,27.0,23.7,2.76,10.2,67,87,52,13.6
2016-07-16,0.0,17.4,29.1,23.4,2.31,10.5,62,93,34,14.0
2016-07-17,0.0,15.5,30.9,23.9,2.05,10.2,56,89,30,14.0
2016-07-18,0.0,16.9,31.8,24.6,2.13,10.4,58,87,30,14.0
2016-07-19,0.0,17.6,33.1,25.8,1.81,9.4,57,87,32,13.0
2016-07-20,0.0,20.0,37.2,28.6,1.56,9.0,49,88,20,14.0
2016-07-21,0.0,20.4,36.0,28.6,2.0,10.0,47,76,23,13.9
2016-07-22,0.0,20.6,34.1,27.3,2.27,12.2,58,82,34,13.9
2016-07-23,0.0,20.9,31.6,26.5,2.34,11.2,61,90,35,13.9
2016-07-24,0.0,20.4,31.6,26.0,2.28,11.1,59,86,35,13.9
2016-07-25,0.0,19.9,32.7,26.6,2.21,10.8,54,84,32,13.9
2016-07-26,0.0,19.8,34.1,27.0,2.34,11.2,56,88,28,13.9
2016-07-27,0.0,19.6,36.0,27.9,2.54,11.4,54,89,24,13.9
2016-07-28,0.0,20.0,34.1,27.3,2.47,11.0,55,85,29,13.8
2016-07-29,0.0,19.1,34.7,27.2,2.21,10.2,55,89,27,13.8
2016-07-30,0.0,20.3,36.4,28.7,1.67,10.0,55,89,27,13.2
2016-07-31,0.0,22.7,38.8,31.3,1.78,9.9,36,71,13,9.6
2016-08-01,0.0,23.1,32.8,28.4,2.89,12.0,48,74,25,13.8
2016-08-02,0.0,21.2,32.8,26.6,2.26,10.6,64,90,38,13.7
2016-08-03,0.0,20.1,35.3,27.7,2.08,10.4,58,91,28,13.7
2016-08-04,0.0,20.7,38.9,29.6,1.66,11.5,54,91,21,13.7
2016-08-05,0.0,23.1,33.5,27.9,3.24,14.1,54,71,39,13.7
2016-08-06,0.0,21.2,32.0,26.1,2.38,11.8,62,86,38,13.5
2016-08-07,0.0,19.8,31.3,25.7,1.95,10.0,58,88,31,13.5
2016-08-08,0.0,18.6,33.4,26.2,1.99,9.6,51,85,23,13.5
2016-08-09,0.0,18.0,33.4,26.3,1.98,10.0,45,70,24,13.5
2016-08-10,0.6,19.7,28.7,24.2,2.53,11.6,64,78,49,11.0
2016-08-11,0.3,19.8,29.6,24.4,2.45,10.4,68,95,40,13.1
2016-08-12,0.0,18.1,29.2,23.8,2.49,10.8,64,91,36,13.2
2016-08-13,0.0,16.9,31.1,24.3,2.23,10.8,59,89,33,13.2
2016-08-14,0.0,18.0,31.3,24.8,2.21,10.7,61,93,31,13.1
2016-08-15,0.0,16.7,32.2,24.8,2.03,9.7,58,89,32,12.0
2016-08-16,0.6,22.2,33.4,26.9,1.46,8.4,62,90,33,11.4
2016-08-17,0.0,21.2,36.5,28.4,1.69,11.5,58,88,26,13.1
2016-08-18,0.0,21.1,37.3,29.1,1.99,10.8,50,88,20,13.0
2016-08-19,0.0,22.3,36.4,29.0,1.75,9.8,58,90,31,12.9
2016-08-20,0.0,21.8,38.8,30.2,1.95,10.8,46,75,20,12.9
2016-08-21,1.2,23.6,29.6,26.6,2.77,11.6,74,88,57,12.5
2016-08-22,0.0,20.2,31.4,25.7,1.99,9.8,67,94,42,12.8
2016-08-23,0.0,18.3,32.4,25.4,2.04,10.4,63,93,35,12.8
2016-08-24,0.0,18.1,32.4,25.3,2.16,11.2,57,92,21,12.7
2016-08-25,0.0,16.9,32.7,25.0,2.08,10.2,56,87,25,12.6
2016-08-26,0.0,18.1,31.6,25.0,1.88,9.4,62,90,34,12.5
2016-08-27,0.0,18.4,32.9,25.8,1.63,9.4,60,88,34,12.3
2016-08-28,0.0,20.9,35.2,27.2,1.61,8.8,68,97,34,12.3
2016-08-29,0.0,20.9,33.9,27.1,2.07,10.1,67,88,41,12.2
2016-08-30,0.0,21.7,31.0,25.9,2.37,10.0,75,96,49,11.4
2016-08-31,0.0,22.8,31.3,26.2,2.28,10.4,66,84,42,12.0
2016-09-01,0.0,18.7,31.3,25.4,2.1,9.6,68,93,42,12.0
2016-09-02,0.0,19.8,33.2,26.2,1.76,9.0,65,96,31,12.0
2016-09-03,0.0,18.4,35.6,26.8,1.67,9.9,60,95,23,12.0
2016-09-04,0.0,19.4,37.8,28.7,1.79,9.2,47,82,15,12.0
2016-09-05,0.0,21.1,42.9,31.8,1.36,8.0,33,57,12,12.0
2016-09-06,0.0,22.9,35.2,28.8,2.29,11.2,42,68,29,12.0
2016-09-07,0.0,20.7,33.6,27.0,1.88,10.6,63,90,35,12.0
2016-09-08,0.0,21.2,33.5,26.3,2.05,10.4,71,97,36,12.0
2016-09-09,0.0,21.3,31.9,25.9,1.92,8.8,72,95,42,11.4
2016-09-10,0.0,21.3,33.0,26.3,1.68,10.0,69,96,32,12.0
2016-09-11,0.1,21.9,31.2,25.6,1.94,9.9,71,90,44,12.0
2016-09-12,0.0,20.0,31.8,25.4,2.09,10.0,69,95,38,12.0
2016-09-13,1.0,19.4,29.7,24.6,2.68,13.5,70,97,45,11.9
2016-09-14,0.0,18.5,28.6,23.8,2.87,10.6,37,61,19,12.0
2016-09-15,0.0,14.3,28.6,21.4,2.35,9.9,39,58,19,12.0
2016-09-16,0.0,15.6,30.6,22.9,2.69,10.1,41,63,19,12.0
2016-09-17,0.0,14.8,30.4,22.9,1.57,8.5,57,89,25,12.0
2016-09-18,0.0,17.5,29.9,23.1,1.85,9.3,63,95,23,12.0
2016-09-19,0.0,15.4,29.5,22.5,1.75,11.1,65,97,33,11.8
2016-09-20,1.7,19.8,28.1,22.9,1.57,8.6,68,90,40,10.4
2016-09-21,0.0,16.7,31.0,23.6,1.79,10.1,66,95,32,12.0
2016-09-22,0.2,17.7,30.6,23.7,1.91,10.0,67,94,35,12.0
2016-09-23,0.2,19.1,30.1,23.9,1.56,9.5,70,99,31,11.9
2016-09-24,1.4,18.8,28.5,22.7,1.89,8.7,76,98,45,11.9
2016-09-25,0.3,16.8,28.5,22.5,1.64,8.3,77,100,49,10.5
2016-09-26,0.4,18.7,25.8,22.1,1.87,9.2,79,96,59,5.8
2016-09-27,0.7,18.7,27.7,22.7,1.8,9.4,75,94,52,10.9
2016-09-28,0.5,18.3,24.5,21.3,2.99,13.7,73,93,50,11.1
2016-09-29,1.2,18.4,25.6,21.8,2.92,11.6,73,88,54,11.6
2016-09-30,0.0,15.6,26.6,21.0,1.79,7.3,74,97,43,11.7
2016-10-01,0.0,15.0,29.5,21.7,1.54,10.2,72,97,31,11.2
2016-10-02,0.0,16.3,29.7,22.7,1.73,9.5,68,96,33,11.0
2016-10-03,0.0,15.3,28.7,22.1,2.15,9.9,70,96,36,11.6
2016-10-04,0.0,14.7,29.5,21.7,1.55,8.4,72,94,34,11.4
2016-10-05,0.0,18.0,27.5,22.1,1.93,8.6,75,99,44,10.7
2016-10-06,0.0,15.7,29.5,22.2,1.52,7.5,74,100,38,11.0
2016-10-07,0.0,18.2,29.3,22.8,1.79,8.7,75,97,42,11.1
2016-10-08,0.0,16.1,29.8,22.4,1.75,8.7,73,98,37,10.1
2016-10-09,3.2,18.6,26.4,21.6,1.75,8.0,83,98,58,9.7
2016-10-10,0.3,19.1,26.0,21.7,1.68,8.4,80,97,54,9.6
2016-10-11,0.0,16.8,28.3,22.3,1.49,8.9,70,98,32,10.9
2016-10-12,4.6,14.5,24.8,18.9,1.42,6.5,77,96,42,6.9
2016-10-13,11.9,14.5,21.2,17.9,1.05,6.9,86,96,60,2.4
2016-10-14,0.0,10.6,23.6,17.1,1.63,8.7,68,92,36,10.7
2016-10-15,0.0,11.1,23.8,17.2,1.8,7.1,69,90,42,10.8
2016-10-16,0.0,12.5,24.6,18.3,1.77,7.3,77,95,51,10.6
2016-10-17,0.0,14.0,26.7,19.7,1.34,5.9,80,98,50,10.4
2016-10-18,8.9,18.1,21.7,19.5,1.3,5.3,91,98,79,1.0
2016-10-19,5.4,16.9,22.8,19.4,0.83,5.1,87,98,67,4.1
2016-10-20,5.8,16.6,22.1,18.9,0.78,5.2,92,100,77,2.3
2016-10-21,7.2,17.6,20.4,18.8,1.38,6.1,93,99,80,0.4
2016-10-22,0.7,17.4,23.5,20.0,1.52,9.7,87,99,66,8.6
2016-10-23,0.0,17.6,24.2,20.2,1.68,9.0,85,99,63,10.1
2016-10-24,0.0,14.5,24.8,19.6,1.29,6.7,83,100,57,9.1
2016-10-25,0.0,17.8,26.0,21.2,1.95,7.7,83,96,63,8.6
2016-10-26,0.0,17.2,27.0,21.8,1.22,5.1,80,97,55,10.0
2016-10-27,0.0,16.1,24.4,20.3,1.76,8.1,82,96,60,10.1
2016-10-28,0.0,15.7,22.4,19.2,1.25,7.6,85,99,65,10.0
2016-10-29,0.0,13.9,22.7,17.8,1.1,4.7,77,100,46,10.0
2016-10-30,0.0,9.2,22.9,15.9,1.25,4.9,76,92,50,10.2
2016-10-31,0.0,10.6,21.6,16.0,1.45,6.1,81,99,53,10.0
2016-11-01,0.0,11.9,22.3,17.1,1.29,4.0,79,98,52,8.9
2016-11-02,0.0,11.4,25.2,18.1,1.36,5.8,78,99,47,10.0
2016-11-03,0.0,12.2,26.5,18.8,1.51,5.4,70,91,40,9.0
2016-11-04,0.0,12.8,24.3,18.5,1.42,4.7,72,90,48,7.0
2016-11-05,0.0,15.7,25.7,19.9,1.88,11.6,68,94,37,9.6
2016-11-06,0.0,11.3,19.7,15.8,3.04,12.7,56,83,27,9.9
2016-11-07,0.0,7.4,16.7,12.1,3.16,11.4,51,76,31,9.9
2016-11-08,0.0,9.1,17.3,12.4,5.08,15.9,41,54,24,9.9
2016-11-09,0.0,5.5,20.7,12.8,2.28,11.3,58,72,42,8.2
2016-11-10,0.0,11.3,20.7,15.4,2.48,10.3,59,85,28,9.9
2016-11-11,0.0,7.0,22.3,13.5,2.2,8.3,54,79,24,9.9
2016-11-12,0.0,7.8,21.2,13.8,1.8,5.0,59,78,31,9.8
2016-11-13,0.0,9.5,21.1,14.9,1.15,4.5,63,85,36,8.7
2016-11-14,0.0,9.8,19.3,13.7,2.74,11.2,64,88,35,9.8
2016-11-15,0.0,10.1,19.0,13.7,3.34,12.4,60,75,41,9.8
2016-11-16,0.0,9.3,19.4,13.8,2.62,9.5,59,78,34,9.8
2016-11-17,0.0,4.5,20.2,12.0,1.52,4.8,58,80,29,9.8
2016-11-18,0.0,4.9,22.0,12.8,1.59,5.2,63,84,31,9.8
2016-11-19,0.0,9.8,21.7,14.9,1.76,6.2,63,78,37,9.8
2016-11-20,0.0,6.5,20.0,13.2,1.41,5.6,70,96,36,7.6
2016-11-21,4.3,13.2,19.6,16.2,1.73,8.8,81,93,68,1.7
2016-11-22,7.0,11.2,19.6,15.0,1.74,11.6,84,96,61,8.2
2016-11-23,10.8,9.4,15.5,11.8,1.52,8.4,85,96,66,7.2
2016-11-24,0.0,3.8,15.4,9.5,1.48,4.7,74,95,42,9.6
2016-11-25,0.3,2.6,14.3,8.3,1.57,5.3,77,92,50,9.3
2016-11-26,5.3,9.3,17.9,13.0,1.92,7.6,82,96,54,5.3
2016-11-27,4.6,9.7,16.2,12.4,1.38,8.5,93,99,82,8.0
2016-11-28,5.8,9.5,16.7,12.2,1.54,7.5,89,99,72,8.9
2016-11-29,4.9,7.1,15.7,11.3,1.87,7.8,93,97,81,8.6
2016-11-30,1.7,11.7,15.9,13.7,3.3,11.1,88,94,77,8.4
2016-12-01,8.1,12.0,14.6,13.2,2.51,9.8,86,92,81,0.0
2016-12-02,0.7,8.1,16.8,12.3,1.19,4.1,87,99,64,9.4
2016-12-03,0.7,6.6,16.3,11.5,1.41,6.5,89,98,72,6.9
2016-12-04,24.8,13.1,15.0,14.0,2.58,6.8,93,95,90,0.0
2016-12-05,6.2,13.5,17.2,15.0,1.98,6.0,93,96,86,2.7
2016-12-06,0.0,13.4,17.9,15.4,2.96,10.8,80,89,66,9.0
2016-12-07,0.0,8.6,17.1,12.3,1.83,5.7,84,97,59,8.9
2016-12-08,0.0,8.7,17.0,12.5,2.19,8.5,82,94,65,8.8
2016-12-09,0.1,12.9,17.3,14.5,1.82,5.5,84,93,75,3.4
2016-12-10,0.0,11.2,17.5,14.4,1.06,4.7,88,99,69,6.6
2016-12-11,0.0,8.2,17.9,12.4,1.3,4.0,86,100,59,9.3
2016-12-12,0.0,6.6,17.5,11.0,1.52,4.6,83,100,55,9.4
2016-12-13,0.0,5.8,15.6,10.6,1.2,3.6,87,100,66,8.7
2016-12-14,0.0,7.8,15.0,11.1,1.05,4.3,88,100,66,8.0
2016-12-15,3.2,8.2,13.8,11.0,1.36,4.5,90,97,79,4.8
2016-12-16,9.2,8.9,13.1,10.9,1.4,8.4,93,97,84,2.1
2016-12-17,20.7,9.4,13.3,11.7,3.91,17.2,92,97,82,0.2
2016-12-18,25.3,11.4,12.3,11.9,4.69,17.1,90,95,83,0.0
2016-12-19,13.9,10.2,11.9,11.3,3.12,11.0,87,96,75,0.6
2016-12-20,0.0,8.3,15.0,11.2,3.61,11.5,62,76,48,9.4
2016-12-21,0.0,8.1,15.0,10.9,3.24,9.5,63,76,48,9.4
2016-12-22,0.0,5.9,17.1,10.3,2.25,5.9,76,90,52,9.4
2016-12-23,0.0,4.8,16.4,9.8,1.47,4.4,79,95,53,9.4
2016-12-24,0.0,4.1,16.2,9.5,1.11,3.9,84,97,63,9.4
2016-12-25,0.0,4.4,15.7,9.1,1.48,4.6,87,99,65,9.2
2016-12-26,0.0,3.3,17.5,9.3,1.3,4.3,78,98,48,9.3
2016-12-27,0.0,3.3,15.5,8.9,1.18,3.8,83,95,62,9.1
2016-12-28,0.0,4.6,15.0,9.5,2.05,8.0,89,99,74,6.7
2016-12-29,0.0,8.3,15.4,12.0,1.22,4.6,84,95,64,8.8
2016-12-30,0.0,3.7,13.4,8.6,1.11,3.6,88,98,72,8.4
2016-12-31,0.0,7.1,13.8,10.1,0.93,4.5,82,98,59,8.9
2017-01-01,0.0,6.0,14.6,8.7,1.48,5.6,78,93,56,8.7
2017-01-02,0.0,3.2,12.5,7.0,1.14,4.3,84,96,69,9.0
2017-01-03,0.0,4.4,17.8,9.4,2.17,7.0,69,96,45,9.0
2017-01-04,0.0,8.4,18.6,12.1,2.65,11.5,70,83,51,9.4
2017-01-05,0.0,8.2,16.5,11.7,2.62,9.8,70,87,48,9.4
2017-01-06,0.4,6.6,13.2,9.4,1.07,3.7,87,98,76,5.2
2017-01-07,0.0,4.1,14.5,8.9,1.25,4.0,83,98,57,9.3
2017-01-08,0.0,2.2,13.7,7.2,1.71,6.9,82,97,60,9.4
2017-01-09,0.0,3.0,13.7,7.8,1.76,6.8,65,91,56,9.5
2017-01-10,0.0,3.3,15.4,9.1,3.0,11.8,63,93,43,2.8
2017-01-11,0.0,9.6,16.1,12.1,3.37,11.1,60,84,40,9.4
2017-01-12,0.0,7.2,18.5,11.5,1.58,7.1,80,94,55,9.5
2017-01-13,0.0,7.6,16.8,11.5,3.1,13.7,67,94,43,9.5
2017-01-14,0.0,4.9,12.5,8.1,3.99,13.5,48,64,35,9.6
2017-01-15,0.0,5.0,14.0,8.9,5.1,15.6,47,55,35,9.6
2017-01-16,0.0,8.4,17.0,11.7,5.5,17.4,48,55,36,9.5
2017-01-17,0.3,3.8,13.5,10.1,4.38,13.5,61,85,47,9.0
2017-01-18,11.4,-0.5,3.6,1.7,2.74,12.0,63,94,33,4.4
2017-01-19,50.4,1.2,6.6,3.3,3.65,17.3,92,98,83,0.0
2017-01-20,14.2,4.1,10.5,6.8,1.6,9.5,91,96,81,2.9
2017-01-21,5.7,5.7,10.3,8.0,4.7,13.5,80,93,72,0.0
2017-01-22,0.1,8.1,14.1,10.0,4.16,14.1,60,78,45,7.8
2017-01-23,1.2,6.1,12.8,8.7,2.44,8.7,71,79,57,9.0
2017-01-24,0.0,4.8,15.3,9.2,2.94,10.2,60,83,44,9.2
2017-01-25,0.0,2.7,16.0,8.0,1.73,4.9,68,97,41,9.7
2017-01-26,0.0,2.9,13.7,7.4,1.65,4.3,73,93,56,7.6
2017-01-27,3.7,5.2,13.5,9.1,1.45,7.8,87,98,71,7.6
2017-01-28,0.0,4.1,14.9,9.6,4.16,13.5,62,91,40,9.7
2017-01-29,0.0,5.3,15.0,9.3,1.73,5.3,70,84,51,8.8
2017-01-30,0.0,6.4,18.0,11.0,1.74,6.6,76,91,59,9.7
2017-01-31,0.0,5.0,17.6,10.1,1.5,4.8,83,97,53,9.5
2017-02-01,0.0,6.6,18.8,11.1,1.46,4.8,78,94,54,9.8
2017-02-02,2.2,5.8,14.8,10.0,1.71,9.3,84,94,68,4.6
2017-02-03,0.0,7.3,19.3,12.0,1.58,9.0,75,96,48,9.0
2017-02-04,0.0,9.0,20.2,14.3,2.23,7.7,61,73,47,9.9
2017-02-05,0.2,12.2,17.4,14.3,5.99,21.3,53,72,33,10.1
2017-02-06,0.0,5.5,18.9,12.1,3.33,13.9,58,78,42,10.0
2017-02-07,0.0,10.9,20.5,14.8,3.61,12.4,57,74,43,10.0
2017-02-08,0.0,9.5,14.7,12.1,5.51,20.0,44,75,29,10.3
2017-02-09,0.0,4.5,15.6,10.0,2.54,9.4,51,87,34,9.9
2017-02-10,0.0,2.8,14.5,8.5,1.68,9.7,78,97,49,9.3
2017-02-11,4.8,7.5,15.6,10.4,2.81,12.0,81,91,64,5.5
2017-02-12,1.9,7.9,17.9,11.9,2.07,8.3,80,92,60,8.0
2017-02-13,1.1,10.5,17.9,13.8,2.11,9.4,73,92,53,8.0
2017-02-14,0.0,5.3,18.1,11.0,1.89,6.1,74,95,48,10.0
2017-02-15,0.0,7.0,16.5,11.2,1.95,8.9,84,99,54,10.5
2017-02-16,0.0,7.2,16.0,11.6,1.76,8.2,82,100,56,8.7
2017-02-17,0.0,8.0,15.6,11.0,1.21,5.2,82,95,55,8.0
2017-02-18,0.3,6.0,17.7,11.1,1.67,7.2,83,97,56,10.2
2017-02-19,4.5,8.8,14.7,11.5,2.86,12.2,80,96,44,9.2
2017-02-20,0.0,6.0,15.0,10.1,2.85,12.5,75,93,55,9.5
2017-02-21,0.0,6.5,16.1,11.0,2.59,10.8,67,91,44,10.8
2017-02-22,0.0,5.9,17.9,11.1,2.48,10.5,63,82,45,10.8
2017-02-23,3.6,8.3,17.5,12.7,2.3,13.0,76,86,64,10.8
2017-02-24,2.6,10.8,17.6,13.5,1.9,7.5,85,98,71,8.8
2017-02-25,1.5,9.5,18.6,13.1,1.46,6.0,77,99,44,10.8
2017-02-26,0.0,9.9,19.4,13.2,1.62,8.2,83,99,55,10.2
2017-02-27,0.0,8.9,21.1,13.7,1.75,6.6,78,98,43,10.0
2017-02-28,0.0,6.4,20.3,13.4,2.73,10.9,59,82,39,10.9
2017-03-01,0.0,8.7,20.1,13.8,1.89,7.5,64,88,41,10.9
2017-03-02,0.0,8.4,21.7,13.5,1.95,7.8,73,94,44,10.9
2017-03-03,1.1,9.5,18.0,12.5,2.14,17.0,78,98,55,10.0
2017-03-04,0.8,4.7,13.2,9.2,2.2,13.4,65,84,47,5.6
2017-03-05,0.0,6.3,19.7,12.2,1.84,6.8,68,83,50,11.0
2017-03-06,0.0,10.2,22.3,15.6,3.75,14.1,64,86,40,11.0
2017-03-07,0.0,13.2,25.0,17.9,3.56,10.5,54,70,33,11.2
2017-03-08,0.0,12.6,23.7,16.7,2.21,8.1,57,76,37,11.2
2017-03-09,0.0,10.0,27.4,17.1,1.55,4.8,62,89,29,11.3
2017-03-10,0.0,11.7,30.4,18.8,2.01,6.0,48,74,20,11.4
2017-03-11,0.0,11.3,28.8,18.7,1.81,7.6,46,67,26,11.4
2017-03-12,4.5,13.1,25.6,17.7,2.35,11.1,57,89,30,9.3
2017-03-13,67.3,6.1,13.8,9.4,4.76,21.0,87,100,71,0.7
2017-03-14,22.3,9.8,17.5,13.3,4.1,16.8,74,95,43,7.1
2017-03-15,0.0,7.5,17.1,11.6,2.88,12.7,71,90,46,11.7
2017-03-16,0.0,6.5,17.1,11.0,2.46,9.4,75,94,52,11.6
2017-03-17,0.0,6.2,16.8,11.0,2.23,9.4,77,94,57,8.7
2017-03-18,0.0,5.4,20.8,12.2,1.61,4.7,72,98,39,11.7
2017-03-19,0.0,7.2,22.6,13.8,1.65,5.8,61,89,30,11.8
2017-03-20,0.0,8.2,22.0,14.5,1.12,4.1,65,84,40,10.4
2017-03-21,0.8,10.9,24.6,16.5,2.3,10.7,60,92,33,11.8
2017-03-22,0.0,8.7,21.5,14.4,2.31,10.7,61,81,34,11.8
2017-03-23,0.2,8.4,15.7,11.3,2.54,8.9,50,64,30,10.0
2017-03-24,0.1,5.6,14.9,9.4,2.05,8.5,58,79,39,9.5
2017-03-25,0.0,2.7,17.4,9.8,2.37,11.7,67,91,37,11.9
2017-03-26,0.0,4.9,19.6,11.3,1.87,9.1,74,96,37,11.9
2017-03-27,1.1,8.4,20.0,13.8,2.51,10.3,67,96,37,12.0
2017-03-28,0.0,9.0,21.9,14.4,1.94,7.9,66,94,38,12.0
2017-03-29,0.0,9.0,23.0,14.9,1.73,9.3,75,100,35,12.0
2017-03-30,0.0,8.2,21.6,14.1,1.67,8.2,71,99,33,12.0
2017-03-31,0.0,9.2,24.5,15.1,1.92,9.5,64,91,34,10.6
2017-04-01,0.0,11.6,22.7,16.6,3.46,12.8,45,81,22,12.0
2017-04-02,0.0,10.0,23.2,15.3,3.15,12.5,47,84,23,12.1
2017-04-03,0.0,7.8,20.9,13.9,1.79,9.2,66,96,35,12.1
2017-04-04,0.0,7.3,23.2,14.5,1.86,8.2,63,92,29,12.0
2017-04-05,0.5,7.0,21.7,13.8,1.81,11.9,63,86,34,12.2
2017-04-06,0.1,8.9,20.1,14.0,2.08,10.2,63,85,37,12.2
2017-04-07,0.0,7.1,21.2,14.1,2.34,10.6,61,93,32,12.2
2017-04-08,0.0,7.7,21.6,14.3,2.0,8.1,58,84,33,12.2
2017-04-09,0.0,8.7,22.4,14.6,1.86,11.0,72,99,34,12.3
2017-04-10,0.0,8.2,22.3,14.4,1.9,9.0,70,100,35,12.3
2017-04-11,0.0,8.2,26.4,16.2,1.94,11.0,59,93,23,12.4
2017-04-12,0.0,8.1,26.4,16.7,1.68,9.9,57,89,32,12.4
2017-04-13,0.0,10.1,31.4,19.9,1.93,11.0,52,91,17,12.4
2017-04-14,0.0,15.0,30.3,21.6,2.15,7.0,41,73,21,12.4
2017-04-15,0.0,13.6,29.2,20.1,2.35,11.8,53,88,27,12.4
2017-04-16,0.0,12.4,24.2,17.4,1.77,9.0,71,95,43,11.9
2017-04-17,0.0,11.7,26.4,18.1,1.65,9.3,67,96,35,12.7
2017-04-18,0.0,11.5,26.4,18.2,1.92,8.8,64,95,36,12.8
2017-04-19,0.2,14.1,19.5,16.4,3.8,12.7,68,93,47,11.6
2017-04-20,0.0,12.3,18.1,14.9,4.66,15.8,50,62,40,12.7
2017-04-21,0.0,9.5,17.6,13.6,4.23,13.9,54,71,39,12.9
2017-04-22,0.0,9.9,19.2,14.1,2.83,10.0,59,80,42,10.7
2017-04-23,0.0,7.9,23.4,15.1,1.93,8.8,61,92,25,12.4
2017-04-24,0.0,9.3,24.9,16.7,1.71,9.3,60,90,31,12.6
2017-04-25,0.1,13.0,24.9,18.1,2.19,12.2,68,94,41,11.9
2017-04-26,0.0,12.6,26.2,19.2,1.95,9.5,61,91,33,12.9
2017-04-27,7.7,12.1,16.6,14.7,2.38,8.7,83,94,70,0.2
2017-04-28,5.9,11.2,12.6,11.9,2.93,10.0,79,90,68,0.1
2017-04-29,4.7,10.3,16.3,13.0,1.34,7.0,79,92,63,0.0
2017-04-30,0.0,11.3,24.0,17.3,2.2,13.2,68,95,36,13.6
2017-05-01,0.0,12.5,22.7,16.6,2.73,10.7,53,84,31,13.6
2017-05-02,0.0,9.1,23.6,16.0,1.73,10.0,69,100,39,13.5
2017-05-03,0.0,10.0,24.5,16.6,1.94,9.3,65,99,31,13.6
2017-05-04,0.0,9.3,25.1,17.2,1.89,8.8,65,94,40,13.7
2017-05-05,0.2,13.2,27.4,19.4,2.03,10.7,70,95,44,13.2
2017-05-06,0.0,15.8,27.0,20.3,2.81,11.9,50,91,27,13.8
2017-05-07,0.0,12.4,27.5,19.4,2.0,10.6,48,76,29,13.8
2017-05-08,0.0,11.6,28.7,19.9,1.98,10.3,45,77,19,13.9
2017-05-09,0.0,11.3,28.3,19.9,2.05,9.8,54,88,27,13.9
2017-05-10,0.0,15.0,28.4,20.9,2.2,12.2,59,84,31,12.8
2017-05-11,0.0,14.5,28.1,20.5,2.82,14.9,60,100,22,11.2
2017-05-12,0.0,14.2,26.7,20.2,2.22,10.0,50,70,27,14.0
2017-05-13,0.0,14.8,27.8,20.9,1.94,10.4,49,72,25,14.0
2017-05-14,0.0,16.4,29.7,22.1,2.29,13.1,41,67,23,14.0
2017-05-15,0.0,14.3,28.4,21.1,2.33,10.3,51,77,27,14.0
2017-05-16,0.0,15.2,28.4,21.2,1.98,10.3,52,83,24,11.3
2017-05-17,0.0,13.1,28.4,20.7,2.39,10.0,49,77,21,14.0
2017-05-18,0.0,12.3,28.8,21.1,1.58,9.2,50,78,23,14.0
2017-05-19,0.1,15.1,24.3,19.4,2.09,10.8,68,100,40,13.0
2017-05-20,0.0,12.9,26.1,19.4,2.16,10.8,62,95,29,14.0
2017-05-21,0.1,12.3,25.4,18.8,2.09,10.5,67,100,34,7.9
2017-05-22,0.0,14.3,29.6,20.9,2.11,12.0,53,80,19,13.1
2017-05-23,0.0,13.8,28.5,20.6,2.47,12.7,59,97,24,14.0
2017-05-24,0.0,13.4,28.2,20.9,2.49,10.5,53,83,27,14.0
2017-05-25,0.0,15.3,30.1,22.6,2.23,9.4,46,81,23,14.0
2017-05-26,0.0,16.6,29.3,22.8,2.41,10.7,43,68,26,14.0
2017-05-27,0.0,15.8,28.6,22.3,2.78,12.9,52,73,33,14.0
2017-05-28,0.0,15.6,28.2,21.9,2.76,13.0,51,70,27,13.3
2017-05-29,0.4,16.5,26.2,21.3,1.99,9.7,54,77,32,13.8
2017-05-30,5.7,16.9,27.5,21.3,1.75,9.2,67,92,41,13.0
2017-05-31,0.0,17.3,28.1,21.7,1.93,11.9,68,96,36,12.6
2017-06-01,0.0,17.4,28.9,22.5,1.99,10.8,68,97,37,14.0
2017-06-02,0.0,17.2,30.0,23.2,1.91,10.3,62,94,34,14.0
2017-06-03,0.0,16.9,31.3,23.8,1.81,9.5,60,92,30,14.0
2017-06-04,9.8,18.5,29.2,22.6,1.8,10.0,71,93,39,9.7
2017-06-05,0.1,16.9,29.2,21.8,3.45,14.0,62,96,21,14.0
2017-06-06,0.0,16.7,32.6,24.1,1.97,9.1,56,94,22,14.0
2017-06-07,0.0,18.8,27.8,22.9,3.15,11.7,68,97,40,14.0
2017-06-08,0.0,17.1,28.6,22.5,2.46,11.0,67,97,37,14.0
2017-06-09,0.0,17.2,29.2,23.2,1.89,9.1,65,95,42,13.8
2017-06-10,0.0,17.4,31.2,23.3,1.95,10.0,60,96,25,13.1
2017-06-11,0.0,16.0,33.3,24.5,2.12,10.2,52,95,17,14.0
2017-06-12,0.0,16.6,32.6,24.4,2.27,11.2,47,68,27,14.0
2017-06-13,0.0,18.0,32.2,25.3,2.47,10.7,49,78,24,14.0
2017-06-14,0.0,18.3,34.3,26.6,2.24,9.0,45,74,22,14.0
2017-06-15,0.0,19.7,36.5,27.1,1.77,9.9,48,71,23,14.0
2017-06-16,0.0,20.2,34.8,27.3,2.15,11.4,43,73,18,13.8
2017-06-17,0.0,19.9,34.5,27.3,1.85,10.3,45,60,32,14.0
2017-06-18,0.0,20.1,34.3,27.0,2.02,10.3,52,84,26,14.0
2017-06-19,0.0,20.1,32.2,26.4,2.36,11.7,53,77,34,14.0
2017-06-20,0.0,19.7,33.6,26.6,2.13,10.4,57,96,28,14.0
2017-06-21,0.0,19.5,34.1,26.9,2.12,9.5,46,79,22,14.0
2017-06-22,0.0,19.6,35.2,27.7,2.03,10.5,47,87,20,14.0
2017-06-23,0.0,20.5,38.2,28.9,1.8,10.3,44,80,19,14.0
2017-06-24,0.0,20.9,39.4,29.5,2.01,11.0,48,86,12,14.0
2017-06-25,0.0,21.7,34.1,27.3,2.16,11.6,53,87,23,13.7
2017-06-26,0.0,21.2,34.8,27.9,2.49,12.2,51,76,25,14.0
2017-06-27,0.6,21.3,36.2,28.3,1.74,15.5,58,94,22,13.6
2017-06-28,0.0,22.3,33.8,28.5,3.78,13.9,27,38,17,14.0
2017-06-29,0.0,21.5,32.3,26.6,3.05,11.6,32,47,14,14.0
2017-06-30,0.0,19.9,29.7,24.5,3.98,13.9,24,49,14,14.0
2017-07-01,6.3,16.2,23.4,20.4,2.32,10.9,55,77,34,14.0
2017-07-02,0.0,16.3,30.2,22.3,1.9,14.2,63,95,27,14.0
2017-07-03,0.0,16.6,30.0,23.2,1.97,10.3,56,85,30,14.0
2017-07-04,0.0,16.4,29.7,23.3,2.44,11.1,62,90,37,14.0
2017-07-05,0.0,18.9,31.2,24.9,2.11,10.6,65,98,37,14.0
2017-07-06,0.1,21.1,32.1,26.0,2.36,13.2,53,79,29,10.9
2017-07-07,0.5,21.4,30.6,25.7,2.67,14.9,61,83,45,13.0
2017-07-08,0.1,21.2,33.8,27.3,2.19,12.1,54,96,27,14.0
2017-07-09,0.0,21.4,36.3,28.6,2.2,12.7,38,58,23,14.0
2017-07-10,0.0,21.1,35.8,27.7,2.07,11.2,47,73,26,14.0
2017-07-11,0.0,20.0,34.1,27.0,2.07,10.0,54,81,30,14.0
2017-07-12,0.0,21.3,38.2,29.2,1.55,7.8,52,82,23,14.0
2017-07-13,0.0,21.8,36.5,28.4,1.86,9.2,62,93,37,13.2
2017-07-14,0.0,23.9,32.9,27.4,2.78,10.9,67,86,42,13.4
2017-07-15,0.0,21.2,32.0,26.4,2.44,10.0,67,97,42,14.0
2017-07-16,0.0,20.2,33.0,26.4,2.12,10.2,58,95,21,14.0
2017-07-17,0.0,19.6,33.3,26.4,2.16,10.9,53,80,29,12.7
2017-07-18,0.0,20.0,32.6,26.5,2.14,10.5,60,96,30,13.0
2017-07-19,0.0,21.6,35.8,27.7,2.07,9.6,60,86,32,13.2
2017-07-20,0.0,22.1,35.7,27.7,2.56,12.9,59,88,19,13.9
2017-07-21,0.8,23.1,33.4,27.1,2.27,9.9,68,97,37,12.1
2017-07-22,0.0,20.8,34.4,27.0,2.03,9.9,64,96,33,13.7
2017-07-23,0.0,21.5,35.5,27.2,2.13,10.1,62,91,30,13.2
2017-07-24,0.0,20.1,36.6,27.1,1.99,11.9,60,86,22,13.7
2017-07-25,0.0,21.1,32.1,26.1,2.45,11.9,66,95,40,13.4
2017-07-26,0.3,22.8,35.3,27.4,1.5,11.1,62,83,30,12.4
2017-07-27,0.0,23.4,36.4,28.8,2.07,10.8,54,94,23,13.3
2017-07-28,0.0,21.4,38.7,29.5,2.15,10.7,46,76,19,13.5
2017-07-29,0.0,21.1,36.2,28.6,1.69,9.2,57,83,31,13.5
2017-07-30,0.0,22.0,39.6,29.7,1.83,9.5,53,89,22,13.5
2017-07-31,0.0,22.8,35.4,28.5,2.08,10.0,64,100,28,13.3
2017-08-01,0.0,24.1,35.1,28.7,2.19,10.6,64,89,30,11.2
2017-08-02,0.0,25.1,34.0,29.3,2.44,13.9,63,87,40,13.1
2017-08-03,0.0,23.6,39.4,30.6,1.7,10.3,54,80,27,13.3
2017-08-04,0.0,23.2,38.2,30.7,1.95,9.8,48,72,28,13.2
2017-08-05,0.0,22.7,37.1,30.1,1.86,10.2,52,79,30,13.3
2017-08-06,0.0,24.5,34.0,28.4,2.38,10.4,71,94,46,12.8
2017-08-07,0.0,24.8,35.2,29.3,1.96,11.8,68,92,40,12.8
2017-08-08,0.0,23.5,41.1,29.9,2.34,11.9,60,95,12,13.0
2017-08-09,0.6,22.5,34.7,27.3,2.4,11.6,63,86,29,12.6
2017-08-10,3.5,18.3,26.7,22.5,2.55,13.1,69,91,52,8.7
2017-08-11,0.0,19.3,29.6,23.9,1.94,10.4,61,84,39,13.1
2017-08-12,0.0,18.3,28.7,23.8,2.21,9.7,65,95,34,13.1
2017-08-13,0.0,19.4,29.5,23.9,2.33,10.2,68,91,41,13.0
2017-08-14,0.0,19.7,29.3,24.6,2.56,10.9,66,87,43,12.5
2017-08-15,0.0,20.9,32.7,25.9,1.85,8.9,65,89,44,12.5
2017-08-16,0.0,21.9,34.4,27.2,1.89,10.7,71,97,43,12.6
2017-08-17,0.0,22.2,33.7,27.2,1.87,9.3,69,93,46,12.6
2017-08-18,0.0,20.9,34.9,27.2,1.68,9.3,66,97,36,12.6
2017-08-19,0.0,22.6,32.1,26.8,2.44,10.6,70,94,38,12.5
2017-08-20,0.1,23.0,31.7,26.4,2.55,10.8,70,96,44,12.2
2017-08-21,0.0,21.3,30.7,25.5,2.22,10.3,65,89,42,12.5
2017-08-22,0.0,19.1,33.8,25.8,1.6,9.0,60,92,29,12.4
2017-08-23,0.0,18.1,33.8,25.6,1.67,9.0,61,92,28,12.3
2017-08-24,0.0,19.4,32.5,25.5,1.8,9.0,67,100,31,12.2
2017-08-25,0.0,19.1,33.7,26.2,1.45,9.0,63,94,26,12.0
2017-08-26,0.0,21.9,32.8,26.7,2.04,10.4,66,96,31,11.8
2017-08-27,0.2,22.6,31.9,26.7,1.55,7.3,70,95,43,9.2
2017-08-28,0.5,23.4,30.3,26.4,1.88,14.4,72,90,52,5.8
2017-08-29,15.7,19.9,27.0,22.9,1.39,10.8,83,95,58,8.0
2017-08-30,26.3,19.5,23.6,21.3,1.28,8.8,87,98,69,1.4
2017-08-31,1.0,19.6,29.4,23.7,2.07,8.4,72,94,48,12.0
2017-09-01,0.7,20.4,27.9,23.8,2.25,11.4,79,96,57,12.0
2017-09-02,6.4,19.7,27.0,23.3,1.74,8.3,73,92,54,9.8
2017-09-03,0.0,19.0,30.4,23.9,1.57,8.5,72,93,48,11.9
2017-09-04,0.0,19.6,33.1,25.0,1.86,9.8,67,96,30,12.0
2017-09-05,0.2,21.3,31.1,25.2,1.5,7.8,72,97,44,12.0
2017-09-06,0.0,18.5,31.4,24.2,1.52,8.7,69,96,34,12.0
2017-09-07,0.2,21.3,29.9,24.6,1.51,7.9,75,95,43,11.6
2017-09-08,0.0,21.0,31.5,24.7,1.63,10.3,75,99,45,11.4
2017-09-09,0.4,18.5,34.0,24.7,1.67,11.5,58,100,10,8.7
2017-09-10,0.3,17.9,28.6,22.8,3.14,11.3,42,77,16,12.0
2017-09-11,0.0,17.2,33.1,24.3,2.68,11.0,36,74,19,12.0
2017-09-12,0.0,18.8,31.2,24.1,2.24,12.3,46,72,28,12.0
2017-09-13,0.0,17.3,30.7,23.4,1.74,8.8,64,89,32,12.0
2017-09-14,0.0,17.8,35.4,24.8,1.93,12.1,59,98,18,11.8
2017-09-15,2.2,20.4,29.6,23.7,2.71,10.8,70,92,45,9.5
2017-09-16,2.2,18.0,25.0,20.2,1.79,8.2,68,81,48,8.8
2017-09-17,0.0,16.4,28.7,21.4,1.33,10.0,70,93,32,12.0
2017-09-18,0.0,16.2,31.2,23.1,1.65,6.9,53,96,19,12.0
2017-09-19,0.0,16.8,30.0,22.4,1.64,10.1,52,83,21,12.0
2017-09-20,0.0,16.5,28.9,22.0,1.78,9.3,70,96,39,12.0
2017-09-21,0.0,15.7,29.6,21.7,1.55,9.2,69,98,34,12.0
2017-09-22,0.0,17.9,26.6,21.6,2.4,10.5,72,92,44,11.7
2017-09-23,0.3,17.1,28.2,21.9,1.93,9.1,71,94,40,9.7
2017-09-24,0.0,16.1,31.5,22.4,1.71,9.1,66,96,24,11.9
2017-09-25,0.0,16.4,33.7,24.0,2.15,11.0,51,90,21,11.9
2017-09-26,0.1,17.9,29.2,22.4,2.22,11.4,64,86,37,11.7
2017-09-27,1.5,19.7,25.8,22.1,1.65,7.9,76,92,56,7.6
2017-09-28,0.5,18.7,26.5,22.2,1.66,8.5,73,94,44,11.1
2017-09-29,0.0,16.8,27.5,21.3,1.66,9.4,73,95,38,11.6
2017-09-30,0.0,15.6,28.0,21.3,1.46,8.1,71,95,43,10.3
2017-10-01,0.6,18.9,25.8,21.7,1.42,8.0,75,92,56,1.6
2017-10-02,1.2,18.0,27.5,21.9,1.71,9.2,74,97,45,10.8
2017-10-03,0.0,17.8,28.9,22.3,1.63,9.6,72,95,39,11.1
2017-10-04,0.6,17.8,26.4,21.7,1.64,8.5,76,98,50,11.0
2017-10-05,0.0,17.2,29.1,21.6,1.62,8.7,72,99,34,10.7
2017-10-06,0.0,16.6,30.8,22.3,1.89,9.6,66,96,31,11.0
2017-10-07,0.3,15.5,25.4,20.4,2.1,10.3,77,96,53,10.9
2017-10-08,0.0,17.2,27.0,21.2,1.52,9.9,74,97,45,10.6
2017-10-09,0.0,15.8,28.3,20.8,1.66,8.9,73,97,41,10.8
2017-10-10,0.0,16.8,28.6,21.0,1.3,8.3,75,96,38,10.2
2017-10-11,0.0,15.9,28.7,20.7,1.3,7.2,75,99,39,9.5
2017-10-12,0.0,16.1,29.9,21.4,1.47,7.3,70,98,32,10.2
2017-10-13,0.3,17.4,31.2,22.1,1.55,7.7,66,99,16,9.9
2017-10-14,0.0,15.1,28.5,20.6,1.61,9.3,74,99,36,10.4
2017-10-15,0.0,17.4,26.8,20.9,1.81,9.7,74,95,46,9.5
2017-10-16,0.0,17.9,25.6,20.9,1.91,8.1,69,90,38,10.3
2017-10-17,0.0,16.2,26.3,21.0,1.36,6.9,71,91,45,8.1
2017-10-18,2.2,16.4,25.1,19.4,1.79,15.8,82,96,52,4.5
2017-10-19,0.4,13.5,23.2,17.6,2.28,10.2,61,85,29,9.2
2017-10-20,0.0,14.5,26.6,19.8,2.92,10.4,51,71,34,10.3
2017-10-21,0.0,14.3,28.5,20.6,1.79,7.6,59,82,33,10.3
2017-10-22,0.0,17.3,24.9,20.3,2.14,8.6,64,79,48,10.0
2017-10-23,0.1,15.3,23.7,18.9,0.95,5.9,72,87,47,3.2
2017-10-24,0.0,12.8,26.6,18.4,1.45,6.4,73,99,31,10.0
2017-10-25,0.0,13.2,27.8,19.0,1.69,7.9,59,96,26,10.2
2017-10-26,0.0,12.1,27.7,18.7,1.26,5.2,60,89,26,10.2
2017-10-27,0.0,12.4,29.9,19.2,1.46,5.6,53,89,14,10.2
2017-10-28,0.1,13.7,24.0,18.3,1.86,6.6,62,91,38,5.6
2017-10-29,0.1,16.0,24.0,19.7,1.45,6.0,74,95,45,8.3
2017-10-30,0.0,12.6,25.2,17.6,1.47,8.0,74,96,36,10.0
2017-10-31,0.2,13.8,23.1,17.8,1.66,8.3,79,97,45,9.2
2017-11-01,1.8,15.6,21.3,18.2,1.72,6.9,82,97,63,8.1
2017-11-02,0.0,12.8,23.7,17.6,1.57,7.5,80,99,46,8.9
2017-11-03,0.0,13.2,21.9,17.0,1.05,4.4,82,98,56,5.7
2017-11-04,1.0,13.9,22.2,17.2,1.45,7.0,75,97,46,9.5
2017-11-05,0.0,13.4,23.5,17.5,3.71,13.7,51,75,26,10.0
2017-11-06,0.0,11.9,19.5,15.0,3.87,11.8,39,49,27,9.9
2017-11-07,0.0,9.7,20.3,13.9,2.66,10.0,36,51,15,9.9
2017-11-08,0.1,8.6,22.1,14.2,2.3,8.5,48,76,26,9.9
2017-11-09,0.1,8.8,18.5,13.2,3.43,11.7,41,82,24,9.9
2017-11-10,0.0,8.4,19.2,12.9,3.1,10.0,40,53,22,9.9
2017-11-11,0.0,11.0,21.9,14.8,2.74,10.6,50,72,29,9.9
2017-11-12,0.0,9.6,24.9,16.3,2.75,9.5,42,69,18,9.8
2017-11-13,0.0,12.0,20.7,16.1,5.09,15.5,35,52,21,9.8
2017-11-14,0.0,7.4,16.8,11.7,2.58,9.1,33,60,18,9.8
2017-11-15,0.0,5.6,19.5,11.5,1.56,5.8,60,81,37,9.8
2017-11-16,0.0,5.1,20.3,11.9,1.53,4.7,55,91,19,9.8
2017-11-17,0.0,6.6,20.2,12.2,1.31,4.4,72,98,35,9.8
2017-11-18,0.0,6.7,21.2,12.7,1.35,5.0,71,99,36,9.8
2017-11-19,0.0,5.6,20.4,12.1,1.45,4.9,79,99,43,9.8
2017-11-20,0.0,6.6,21.7,12.7,1.48,4.0,70,97,34,9.8
2017-11-21,0.0,6.8,23.3,13.4,1.63,5.4,61,94,17,9.7
2017-11-22,0.0,5.6,20.9,12.0,1.53,4.4,62,92,26,9.6
2017-11-23,0.0,7.4,23.4,13.4,1.88,5.5,44,84,17,9.7
2017-11-24,0.0,9.6,22.7,14.5,1.7,4.0,44,76,23,8.4
2017-11-25,0.0,8.2,20.5,14.1,1.9,4.9,44,74,25,3.0
2017-11-26,0.0,9.7,19.1,14.0,1.68,7.4,64,85,42,9.7
2017-11-27,0.0,9.5,16.8,12.9,1.02,4.1,71,92,55,2.2
2017-11-28,0.8,7.6,16.6,12.1,1.19,4.5,85,96,66,3.7
2017-11-29,4.3,10.2,14.2,12.4,1.16,7.1,92,100,78,0.8
2017-11-30,5.0,5.6,13.0,10.1,2.16,9.0,73,95,40,5.7
2017-12-01,0.1,2.9,15.2,8.5,3.5,12.7,47,62,26,9.5
2017-12-02,0.0,4.3,12.5,7.6,5.38,15.4,39,48,26,9.5
2017-12-03,0.0,3.2,12.6,7.2,3.22,10.8,41,55,25,9.5
2017-12-04,0.0,1.9,12.4,6.2,1.77,6.3,41,64,32,9.5
2017-12-05,0.0,0.3,13.8,6.0,1.61,4.3,61,87,38,9.5
2017-12-06,0.0,2.3,14.7,7.6,1.27,4.2,78,93,54,9.5
2017-12-07,0.0,4.2,14.7,8.5,1.62,6.0,74,94,44,9.5
2017-12-08,0.1,4.4,18.3,10.3,2.51,6.8,46,84,24,8.8
2017-12-09,0.0,8.0,19.1,13.1,2.34,10.7,62,79,47,7.0
2017-12-10,0.0,6.9,20.2,13.0,2.0,7.6,70,95,40,8.8
2017-12-11,0.5,6.3,14.8,12.1,3.31,13.2,62,85,41,3.3
2017-12-12,0.0,3.7,14.1,7.7,2.72,11.4,61,88,27,9.4
2017-12-13,0.0,2.8,14.7,7.6,2.21,7.6,55,78,30,9.4
2017-12-14,0.0,4.4,18.2,10.0,2.17,8.3,60,84,39,9.4
2017-12-15,1.7,8.4,21.8,13.6,2.5,12.1,69,87,35,8.7
2017-12-16,0.0,6.5,14.6,9.8,3.5,11.5,58,80,32,9.4
2017-12-17,0.0,4.5,13.0,7.8,2.78,9.0,52,62,32,9.4
2017-12-18,0.0,2.4,13.5,6.9,2.47,8.0,57,70,38,9.4
2017-12-19,0.0,7.1,15.0,11.0,3.51,12.9,60,75,45,9.1
2017-12-20,0.0,4.6,15.4,8.9,1.86,5.7,63,84,34,8.8
2017-12-21,0.0,6.0,15.1,9.5,2.13,7.9,69,90,51,8.3
2017-12-22,0.0,5.6,20.3,10.9,2.05,7.4,64,93,33,9.2
2017-12-23,0.0,4.8,16.1,9.7,1.56,4.2,76,94,57,8.7
2017-12-24,0.4,6.9,15.9,10.3,1.25,4.5,87,100,58,4.7
2017-12-25,0.0,5.5,15.9,9.6,1.82,5.8,80,99,43,8.9
2017-12-26,0.1,5.2,17.5,9.7,1.96,10.9,70,96,37,6.4
2017-12-27,0.0,8.2,17.6,12.3,4.99,16.9,53,70,33,8.6
2017-12-28,0.0,7.5,20.8,13.0,1.86,9.0,57,75,42,8.3
2017-12-29,1.1,10.1,21.5,14.7,2.79,14.2,67,89,40,9.2
2017-12-30,0.0,8.4,21.6,13.7,2.08,7.6,67,85,38,9.2
2017-12-31,0.0,9.1,19.2,13.4,2.41,8.4,58,84,34,6.4
2018-01-01,0.0,7.9,18.2,12.7,2.88,11.7,50,76,24,9.4
2018-01-02,0.0,8.1,20.6,13.2,3.7,13.7,48,65,30,9.2
2018-01-03,0.0,11.7,22.0,15.5,3.51,11.4,57,71,40,9.3
2018-01-04,0.0,11.1,23.5,15.9,2.6,9.2,59,77,33,9.3
2018-01-05,0.0,9.0,19.0,13.0,2.02,6.5,62,92,33,9.4
2018-01-06,3.3,5.4,15.1,9.2,1.96,13.0,78,92,64,4.9
2018-01-07,0.0,2.2,13.3,7.3,1.8,8.7,67,89,36,8.8
2018-01-08,0.0,2.2,13.0,6.5,1.67,5.5,72,93,39,9.3
2018-01-09,0.0,1.7,15.3,7.5,1.83,7.9,69,92,38,8.5
2018-01-10,1.5,7.3,16.8,10.4,2.0,11.3,71,92,40,8.0
2018-01-11,0.0,6.6,14.5,11.0,5.43,17.5,49,79,33,9.6
2018-01-12,0.0,5.5,15.7,9.8,3.08,10.9,55,91,32,9.5
2018-01-13,0.0,3.0,14.3,7.9,1.59,5.4,69,90,47,6.5
2018-01-14,1.4,4.7,13.8,8.8,1.88,6.3,68,94,44,7.4
2018-01-15,8.2,4.8,12.2,7.9,2.37,7.4,84,92,62,4.0
2018-01-16,0.0,2.7,18.6,9.0,2.04,6.1,66,91,39,9.5
2018-01-17,0.0,6.4,19.8,11.8,2.92,11.2,66,86,37,9.6
2018-01-18,0.0,5.6,16.5,10.9,1.51,5.6,76,95,53,9.5
2018-01-19,0.0,7.6,16.5,11.1,1.49,5.6,76,97,47,6.3
2018-01-20,0.0,7.8,20.8,12.5,2.8,8.8,57,75,28,9.6
2018-01-21,0.0,9.0,22.2,14.5,3.53,15.9,50,60,36,9.6
2018-01-22,0.0,10.2,23.6,15.6,2.26,7.9,57,72,31,9.6
2018-01-23,0.0,9.5,20.9,14.1,2.31,8.3,57,87,35,9.7
2018-01-24,0.0,5.6,19.3,11.3,1.48,4.9,76,95,42,9.7
2018-01-25,0.0,5.9,17.0,10.2,1.46,5.6,82,95,58,9.1
2018-01-26,1.3,7.6,14.6,10.8,5.07,17.5,53,91,28,8.2
2018-01-27,0.0,7.0,14.4,10.4,4.2,12.1,42,53,27,7.4
2018-01-28,36.6,7.1,14.4,10.3,2.8,12.5,83,96,59,8.0
2018-01-29,0.4,7.3,15.8,11.3,2.38,9.0,83,96,54,9.7
2018-01-30,0.3,6.3,14.0,9.7,1.61,6.5,86,98,67,3.7
2018-01-31,0.0,6.7,15.4,10.1,1.52,6.4,83,99,54,9.4
2018-02-01,1.3,6.5,17.5,11.0,1.32,6.9,79,98,51,8.7
2018-02-02,11.0,5.8,11.2,7.7,3.89,12.7,63,90,38,1.9
2018-02-03,0.0,5.7,14.3,8.6,4.53,12.6,42,52,29,9.8
2018-02-04,2.0,3.1,11.1,6.3,1.43,5.2,69,85,55,2.6
2018-02-05,1.6,3.0,11.9,7.4,1.53,6.9,77,100,47,8.1
2018-02-06,0.0,3.1,11.6,6.5,3.68,13.6,63,93,43,9.9
2018-02-07,0.0,3.3,11.9,6.5,2.76,9.4,53,67,36,10.0
2018-02-08,0.0,1.3,12.1,5.6,2.24,7.2,58,91,33,10.1
2018-02-09,0.0,1.7,12.7,6.6,2.68,11.8,48,62,31,10.1
2018-02-10,0.0,6.1,12.9,9.0,4.88,15.4,46,61,30,8.8
2018-02-11,0.0,4.0,18.8,10.0,2.29,6.5,56,81,39,10.2
2018-02-12,0.6,6.3,14.6,10.0,1.91,10.5,71,88,55,7.3
2018-02-13,0.0,1.1,16.7,8.3,2.07,8.8,63,89,32,10.4
2018-02-14,0.0,6.0,18.3,11.4,2.8,10.1,54,79,39,9.3
2018-02-15,0.0,8.8,21.1,13.2,2.24,8.4,63,82,42,10.5
2018-02-16,0.1,7.8,19.3,13.0,1.61,4.6,73,89,53,10.3
2018-02-17,0.0,8.8,21.6,13.7,2.58,9.7,72,94,38,10.5
2018-02-18,0.3,8.4,14.8,12.1,1.73,7.6,82,92,68,9.4
2018-02-19,0.0,8.9,17.1,11.8,1.65,7.5,78,98,43,7.7
2018-02-20,0.0,6.7,20.6,13.4,3.51,12.1,59,99,31,10.3
2018-02-21,0.3,8.9,16.6,11.7,4.1,11.1,52,83,25,5.8
2018-02-22,2.7,5.1,15.1,9.3,1.83,7.3,64,94,21,10.8
2018-02-23,0.0,2.4,12.5,7.0,2.19,9.2,45,76,21,10.8
2018-02-24,0.0,1.3,13.1,6.6,1.59,7.1,69,87,43,9.3
2018-02-25,0.0,2.1,18.6,9.4,1.96,9.5,65,94,19,10.8
2018-02-26,0.0,3.2,19.7,10.0,2.16,9.7,58,92,20,9.8
2018-02-27,1.6,7.4,11.5,10.0,1.21,5.0,87,94,80,0.0
2018-02-28,0.5,9.2,19.1,12.8,1.76,10.4,79,96,54,5.0
2018-03-01,0.0,9.8,18.8,14.4,3.74,18.2,70,92,47,9.8
2018-03-02,7.4,8.3,17.0,12.3,2.25,13.3,69,96,48,2.4
2018-03-03,1.5,11.2,21.4,15.2,2.63,9.1,63,94,32,5.6
2018-03-04,4.7,6.5,16.3,12.1,1.61,10.5,79,100,55,7.3
2018-03-05,3.7,7.4,16.4,11.7,2.29,9.7,65,91,44,8.1
2018-03-06,0.0,5.7,19.1,12.4,2.75,11.7,55,82,30,7.0
2018-03-07,0.1,6.3,18.0,11.9,2.45,10.0,58,83,26,10.3
2018-03-08,4.0,9.8,20.7,13.8,1.19,6.8,78,94,55,10.0
2018-03-09,0.0,11.1,23.2,15.8,1.72,8.6,71,93,39,11.0
2018-03-10,0.0,10.3,23.6,16.8,2.67,12.5,65,90,46,11.0
2018-03-11,0.0,11.1,20.0,15.1,3.97,15.8,46,62,29,11.0
2018-03-12,0.0,8.5,20.9,13.6,3.22,11.6,48,66,21,11.1
2018-03-13,0.0,7.9,21.7,13.8,1.22,5.5,59,79,40,7.5
2018-03-14,0.0,8.4,21.7,14.5,2.28,8.9,63,89,38,6.4
2018-03-15,0.1,10.6,18.6,13.9,2.0,8.4,64,93,32,3.0
2018-03-16,0.1,6.1,18.3,11.8,2.3,12.2,55,81,23,11.3
2018-03-17,1.7,5.2,19.1,11.1,3.51,18.8,58,81,29,6.1
2018-03-18,1.1,7.5,17.3,11.7,3.4,12.3,60,89,28,8.0
2018-03-19,1.4,5.7,18.9,12.0,3.34,12.8,55,80,26,6.5
2018-03-20,0.4,8.0,14.0,10.8,6.38,17.6,32,45,20,11.2
2018-03-21,0.0,5.0,16.0,9.6,4.4,13.3,36,70,16,10.8
2018-03-22,0.0,4.4,16.0,9.1,3.26,12.1,37,71,19,11.8
2018-03-23,0.2,5.1,21.5,12.8,3.86,14.7,44,61,22,11.0
2018-03-24,2.7,11.6,16.3,14.1,6.71,23.2,44,72,23,11.9
2018-03-25,1.2,10.6,17.4,13.4,4.47,15.1,42,68,25,7.5
2018-03-26,0.1,8.4,20.3,13.6,4.23,14.4,45,75,23,10.5
2018-03-27,0.0,8.3,25.9,16.6,3.11,13.1,38,55,22,12.0
2018-03-28,0.0,9.1,27.6,17.6,2.3,10.9,48,74,19,12.0
2018-03-29,0.0,9.8,26.0,17.4,2.3,12.7,43,65,21,12.0
2018-03-30,1.2,8.6,20.9,14.9,3.14,13.5,42,67,23,11.8
2018-03-31,0.0,8.7,19.8,14.2,4.28,15.2,36,63,18,12.0
2018-04-01,0.0,6.6,21.6,13.6,2.31,9.9,40,72,21,12.0
2018-04-02,0.3,9.0,23.1,14.6,1.64,10.6,47,76,26,10.0
2018-04-03,0.0,9.5,24.2,16.5,1.69,9.8,61,92,32,11.1
2018-04-04,0.0,10.4,24.7,17.3,3.05,11.8,42,78,13,12.0
2018-04-05,0.0,9.2,24.6,16.2,2.34,10.2,44,74,22,12.0
2018-04-06,0.0,10.3,22.2,15.5,2.0,9.5,63,89,41,7.7
2018-04-07,2.7,11.6,21.3,15.0,2.84,11.5,68,85,38,8.1
2018-04-08,0.0,7.1,20.7,13.8,3.21,13.0,58,93,26,12.0
2018-04-09,0.0,8.5,20.8,13.8,2.85,13.1,43,71,14,11.8
2018-04-10,1.0,7.7,19.4,12.7,3.02,13.5,54,80,27,6.2
2018-04-11,0.9,6.6,17.9,12.3,4.15,17.9,48,76,23,10.0
2018-04-12,0.3,10.8,20.9,15.3,3.64,13.2,41,69,21,8.6
2018-04-13,0.9,7.9,20.1,13.7,2.01,9.8,60,83,32,11.9
2018-04-14,0.0,7.9,23.7,14.8,2.78,12.7,55,91,17,9.3
2018-04-15,0.0,9.6,25.5,17.2,2.82,11.2,51,78,23,10.1
2018-04-16,0.7,13.1,25.2,17.9,3.82,16.0,48,80,16,12.1
2018-04-17,0.0,10.9,25.6,17.3,2.11,11.0,47,71,27,12.1
2018-04-18,0.0,10.6,25.5,17.8,2.01,10.1,52,82,25,12.2
2018-04-19,0.0,10.7,23.4,16.7,2.7,12.5,54,80,35,12.2
2018-04-20,0.0,13.0,21.2,16.8,3.42,14.4,67,90,42,11.7
2018-04-21,0.0,12.1,23.9,17.5,3.07,12.1,61,85,35,11.2
2018-04-22,0.0,12.8,24.9,18.4,3.01,13.0,55,78,29,12.0
2018-04-23,0.0,15.5,27.6,20.3,3.22,13.1,41,65,21,11.6
2018-04-24,0.0,15.4,26.9,20.6,3.88,16.3,40,50,29,12.2
2018-04-25,8.5,15.9,21.0,18.1,1.79,9.8,59,83,42,2.4
2018-04-26,0.8,14.4,21.6,18.1,2.43,11.2,66,88,47,5.9
2018-04-27,1.6,12.7,30.3,20.1,1.53,13.8,65,94,29,12.0
2018-04-28,0.0,14.5,27.0,20.3,2.12,10.1,57,85,29,12.7
2018-04-29,0.0,12.0,22.2,17.0,3.56,15.6,44,97,14,12.7
2018-04-30,1.5,9.2,21.0,14.7,1.73,10.8,50,88,22,8.9
2018-05-01,1.2,7.9,21.1,13.8,2.43,10.5,55,91,20,10.7
2018-05-02,0.0,7.9,23.8,15.2,3.05,13.5,51,91,17,11.8
2018-05-03,0.6,14.8,25.3,18.9,3.1,13.7,37,59,23,11.1
2018-05-04,0.6,12.8,22.3,17.2,2.44,10.3,55,81,34,11.2
2018-05-05,0.5,14.4,26.2,19.1,1.78,10.8,58,92,27,12.0
2018-05-06,0.0,12.2,24.8,18.3,2.16,10.7,59,84,31,13.0
2018-05-07,0.4,12.4,25.1,18.7,2.13,10.6,59,88,30,13.3
2018-05-08,2.4,12.6,28.1,19.2,1.61,11.4,66,97,30,10.9
2018-05-09,1.0,14.6,27.9,21.3,1.82,11.6,58,88,33,12.0
2018-05-10,4.1,17.0,24.5,19.5,2.1,11.5,69,84,50,4.6
2018-05-11,0.0,14.1,27.7,19.6,1.6,9.7,70,96,33,13.2
2018-05-12,0.1,14.3,26.8,20.8,1.97,9.1,62,95,39,13.5
2018-05-13,0.0,13.3,24.4,19.0,3.24,12.0,31,54,15,13.9
2018-05-14,0.0,11.5,25.4,17.9,2.44,8.9,42,77,22,7.6
2018-05-15,0.0,10.6,23.7,16.9,2.08,10.8,56,81,32,13.8
2018-05-16,0.0,11.0,24.3,17.6,2.48,11.3,56,92,25,13.9
2018-05-17,0.0,12.3,23.5,17.9,3.02,15.0,56,84,37,13.9
2018-05-18,0.1,11.9,24.6,18.5,2.11,9.1,58,90,31,13.7
2018-05-19,0.0,12.5,24.9,18.7,2.2,10.6,58,83,30,13.8
2018-05-20,0.0,12.3,25.3,18.7,1.95,10.5,59,92,29,13.8
2018-05-21,0.8,12.2,25.4,19.7,1.61,8.3,56,92,31,13.5
2018-05-22,0.0,13.8,29.1,21.0,2.15,10.4,51,78,26,14.0
2018-05-23,0.0,13.8,28.8,21.4,1.99,10.1,51,85,24,12.2
2018-05-24,0.7,16.7,27.6,21.5,2.94,13.4,49,68,30,12.6
2018-05-25,0.0,17.8,28.7,22.5,3.05,10.7,47,66,30,13.3
2018-05-26,0.0,15.1,28.3,21.2,2.38,13.2,61,94,31,13.9
2018-05-27,0.4,16.0,27.5,21.3,2.28,13.7,64,98,34,13.5
2018-05-28,0.3,16.9,27.6,22.1,2.1,10.6,47,64,29,13.5
2018-05-29,0.8,16.7,27.2,21.0,1.97,9.6,64,99,33,13.2
2018-05-30,0.0,16.3,27.3,21.2,2.15,9.0,52,83,24,10.5
2018-05-31,0.0,15.7,28.9,22.3,2.16,9.5,43,61,25,12.5
2018-06-01,0.0,16.2,28.3,21.5,2.32,12.4,61,94,29,13.1
2018-06-02,22.3,15.7,20.7,17.9,1.82,9.9,86,94,74,1.8
2018-06-03,1.2,14.2,25.3,19.6,2.63,8.5,66,97,39,9.6
2018-06-04,0.0,15.9,27.7,22.1,2.19,8.3,54,75,37,13.8
2018-06-05,0.0,17.1,24.6,20.3,1.99,9.0,57,84,43,8.9
2018-06-06,1.3,16.3,25.3,19.4,2.06,9.1,60,88,32,9.3
2018-06-07,0.1,12.6,26.8,19.8,2.31,10.8,60,92,34,13.4
2018-06-08,0.0,14.9,28.4,21.8,2.02,10.9,53,79,33,14.0
2018-06-09,1.1,14.8,27.9,20.9,1.55,9.5,69,93,45,12.1
2018-06-10,1.0,18.0,28.1,22.3,2.76,9.4,57,80,35,11.0
2018-06-11,0.0,17.6,28.8,23.2,2.59,10.4,48,63,31,13.6
2018-06-12,0.0,17.5,29.1,23.4,2.82,9.5,42,64,24,14.0
2018-06-13,0.0,19.1,31.9,25.1,3.2,11.6,39,56,17,14.0
2018-06-14,0.0,15.4,32.0,23.1,2.24,12.7,56,96,21,14.0
2018-06-15,0.0,15.7,31.5,23.4,1.64,9.5,55,89,28,14.0
2018-06-16,0.0,16.5,31.5,23.9,2.0,10.0,53,91,24,14.0
2018-06-17,0.0,17.6,31.5,24.5,2.06,9.4,51,82,28,14.0
2018-06-18,0.0,17.5,31.2,24.2,2.2,10.5,55,86,28,14.0
2018-06-19,0.0,16.8,29.7,23.6,2.24,10.9,55,81,33,14.0
2018-06-20,0.0,17.0,31.4,24.1,1.99,10.7,53,81,27,14.0
2018-06-21,0.0,17.2,32.6,25.2,2.14,10.3,51,88,22,14.0
2018-06-22,0.0,18.0,34.8,26.3,2.03,10.9,47,82,23,14.0
2018-06-23,0.0,18.1,33.1,25.9,2.33,10.6,49,75,24,14.0
2018-06-24,0.0,18.7,32.8,25.7,2.17,9.7,57,84,33,14.0
2018-06-25,0.0,18.6,33.3,25.8,1.9,9.7,59,91,31,14.0
2018-06-26,0.0,18.3,32.7,25.5,2.04,9.7,53,92,26,14.0
2018-06-27,0.0,18.4,33.3,26.0,1.8,10.2,55,93,27,14.0
2018-06-28,0.2,19.5,32.3,25.7,1.77,12.6,59,84,35,12.7
2018-06-29,0.0,21.7,30.8,25.3,2.74,11.8,66,90,39,13.1
2018-06-30,0.0,19.9,31.9,25.8,2.31,10.5,58,88,30,14.0
2018-07-01,0.0,20.0,34.5,27.2,1.99,12.8,55,92,22,14.0
2018-07-02,0.0,22.7,35.0,28.3,2.8,11.0,32,50,20,14.0
2018-07-03,0.0,21.1,33.8,27.5,2.29,10.1,35,56,21,13.0
2018-07-04,0.0,18.8,36.1,26.9,1.84,11.6,55,96,23,14.0
2018-07-05,0.0,20.2,34.7,27.9,2.85,13.3,29,43,20,14.0
2018-07-06,0.0,19.1,32.7,26.1,2.42,10.8,53,92,24,14.0
2018-07-07,0.0,18.8,32.0,25.3,2.44,13.0,63,98,30,14.0
2018-07-08,0.0,20.8,33.0,26.6,2.36,11.2,49,74,31,13.0
2018-07-09,0.0,19.1,35.8,27.4,1.91,10.3,46,79,21,14.0
2018-07-10,0.0,19.2,36.7,27.7,1.9,11.0,43,68,22,14.0
2018-07-11,0.1,20.9,36.9,28.2,2.09,10.9,51,79,22,14.0
2018-07-12,0.0,20.7,35.7,27.1,2.02,11.7,64,97,25,13.8
2018-07-13,0.0,22.0,33.5,27.2,2.29,10.6,60,92,25,13.8
2018-07-14,0.0,21.0,35.8,28.1,1.91,10.2,55,90,27,14.0
2018-07-15,0.0,21.3,38.6,29.1,2.02,10.9,38,58,18,13.1
2018-07-16,0.0,22.8,35.2,28.3,4.05,12.1,30,51,16,14.0
2018-07-17,0.0,21.7,34.1,27.7,2.26,10.8,33,56,20,14.0
2018-07-18,0.0,20.9,34.0,26.9,2.23,10.3,45,69,24,13.9
2018-07-19,0.0,20.4,36.0,27.3,1.89,10.7,58,87,27,13.9
2018-07-20,0.0,21.8,35.3,28.4,2.08,10.4,52,85,22,13.3
2018-07-21,0.0,21.8,33.7,27.2,2.36,10.2,55,77,34,13.9
2018-07-22,0.2,22.2,32.6,26.7,2.48,11.6,67,95,37,12.6
2018-07-23,0.0,21.1,33.7,27.2,1.97,10.8,62,96,35,13.7
2018-07-24,0.0,20.3,37.0,28.4,1.95,11.3,48,79,21,13.7
2018-07-25,0.0,21.6,34.1,27.3,2.02,9.8,51,81,24,13.7
2018-07-26,0.0,22.0,36.2,27.7,1.55,10.6,56,87,25,12.9
2018-07-27,0.0,19.6,35.6,27.1,1.84,10.5,56,91,26,13.6
2018-07-28,0.0,20.3,39.7,29.6,1.95,11.7,45,93,13,13.6
2018-07-29,0.0,20.8,38.4,29.3,2.01,11.6,39,84,12,13.6
2018-07-30,0.0,23.2,35.6,29.2,2.26,9.9,42,82,14,13.5
2018-07-31,0.0,20.4,37.2,28.4,1.82,9.8,57,94,18,13.5
2018-08-01,0.0,19.8,36.1,27.7,1.94,10.4,57,95,19,13.4
2018-08-02,0.0,20.3,36.6,28.3,1.92,9.9,54,87,23,13.4
2018-08-03,0.0,22.1,37.8,29.6,2.03,11.1,49,76,24,13.3
2018-08-04,0.0,22.2,37.0,29.6,1.65,8.4,48,82,24,13.1
2018-08-05,0.0,22.4,37.8,30.3,1.79,9.1,38,57,21,13.3
2018-08-06,0.1,23.3,38.1,30.7,2.02,10.1,39,59,23,13.2
2018-08-07,0.4,23.2,36.1,29.5,1.57,9.0,52,73,33,13.0
2018-08-08,0.0,23.4,34.9,28.5,2.15,11.1,64,94,34,13.1
2018-08-09,0.0,22.1,36.7,28.4,1.5,11.8,63,98,24,13.2
2018-08-10,1.0,23.5,32.4,27.5,3.04,11.4,69,96,40,12.6
2018-08-11,0.1,24.6,32.6,27.8,2.73,10.5,67,87,40,12.5
2018-08-12,0.0,22.1,34.8,27.8,1.91,9.3,64,93,34,12.6
2018-08-13,0.0,23.9,36.3,29.0,1.65,11.0,63,92,28,12.8
2018-08-14,0.2,21.7,34.5,27.6,2.04,9.8,67,89,39,12.8
2018-08-15,1.1,24.5,33.5,27.6,2.26,10.0,70,87,42,12.2
2018-08-16,8.3,22.2,30.3,26.0,1.29,10.6,73,96,51,11.3
2018-08-17,0.3,21.8,31.6,25.9,1.44,9.8,67,88,39,11.6
2018-08-18,2.4,21.2,29.9,25.0,2.22,10.7,72,94,47,12.2
2018-08-19,0.8,22.1,30.0,25.2,2.3,9.4,68,85,43,10.6
2018-08-20,0.0,19.0,32.7,25.1,2.06,10.6,61,92,28,12.5
2018-08-21,0.0,19.2,33.6,25.8,1.78,9.8,54,83,25,12.4
2018-08-22,0.0,19.9,34.3,26.5,1.82,10.2,47,65,25,12.3
2018-08-23,0.0,20.1,34.7,27.0,1.54,9.7,54,81,26,10.0
2018-08-24,0.0,21.8,36.6,28.2,1.88,9.5,46,68,19,12.2
2018-08-25,0.0,20.8,34.9,27.4,1.64,8.9,59,89,33,12.2
2018-08-26,0.0,22.4,34.0,27.2,2.34,10.9,64,85,35,12.2
2018-08-27,0.0,23.1,33.7,27.3,1.93,9.7,68,92,37,12.2
2018-08-28,0.0,22.0,33.8,26.3,1.82,10.7,69,94,33,7.2
2018-08-29,0.0,20.0,35.0,26.7,1.77,10.8,66,96,32,12.0
2018-08-30,0.4,22.2,31.6,26.6,2.26,10.2,69,92,41,12.0
2018-08-31,0.0,22.6,32.4,26.5,2.17,10.0,70,94,41,12.0
2018-09-01,0.0,21.6,32.6,26.3,2.12,9.8,65,92,34,12.0
2018-09-02,0.0,21.1,34.8,26.8,1.57,8.7,65,94,32,12.0
2018-09-03,0.0,22.5,34.1,26.6,1.8,11.1,69,96,33,10.0
2018-09-04,0.1,22.5,34.7,27.1,1.66,9.8,66,93,33,11.4
2018-09-05,0.3,21.9,33.5,26.4,1.73,10.5,63,97,31,12.0
2018-09-06,0.0,20.9,33.9,26.5,2.18,12.5,43,70,21,12.0
2018-09-07,1.4,21.6,31.1,25.4,2.13,9.5,66,85,36,11.9
2018-09-08,3.7,19.6,25.9,22.6,1.82,9.7,77,93,52,3.6
2018-09-09,7.6,20.1,27.2,22.6,2.08,8.7,73,89,59,3.7
2018-09-10,1.7,18.8,28.1,22.9,2.29,8.1,74,94,52,11.9
2018-09-11,4.0,19.6,26.3,22.5,2.21,9.5,81,93,63,8.5
2018-09-12,0.1,20.3,30.0,24.4,1.43,7.1,75,91,51,9.5
2018-09-13,0.0,21.1,31.1,25.2,1.74,7.7,73,96,43,10.5
2018-09-14,0.5,20.1,28.8,24.1,1.57,9.5,77,100,50,10.2
2018-09-15,42.3,19.8,24.4,21.4,1.42,6.7,91,99,73,1.9
2018-09-16,0.0,18.9,28.7,22.9,1.79,7.3,79,97,54,11.7
2018-09-17,6.7,20.0,27.2,23.0,1.64,8.7,83,97,60,3.3
2018-09-18,0.2,19.9,29.5,23.8,1.29,6.5,80,96,52,11.3
2018-09-19,0.2,20.6,29.8,24.2,1.46,6.0,80,98,53,12.0
2018-09-20,0.0,20.2,29.5,24.2,1.35,5.0,79,98,48,12.0
2018-09-21,0.0,19.2,32.1,24.5,1.45,7.1,75,100,37,11.9
2018-09-22,0.0,18.5,31.5,24.4,1.22,6.8,72,96,41,12.0
2018-09-23,0.0,18.2,32.8,24.6,1.41,7.6,58,81,26,11.9
2018-09-24,0.0,18.4,33.1,24.9,1.64,7.7,56,87,32,11.9
2018-09-25,1.8,20.4,27.2,23.8,2.31,9.1,81,97,59,10.4
2018-09-26,1.6,19.9,26.4,23.1,3.14,13.7,74,88,56,11.5
2018-09-27,2.7,18.7,26.3,22.1,2.29,9.5,73,93,49,11.7
2018-09-28,0.0,17.5,26.9,21.3,1.63,6.1,71,88,45,11.4
2018-09-29,0.0,15.5,28.1,20.7,1.7,6.9,70,95,32,11.7
2018-09-30,0.0,14.3,28.8,20.5,1.33,8.1,74,98,34,11.3
2018-10-01,0.0,15.1,27.8,20.9,1.48,7.0,77,96,47,11.4
2018-10-02,0.8,16.6,25.8,20.7,1.67,7.2,64,89,40,11.2
2018-10-03,0.0,13.8,27.6,20.2,1.46,7.8,62,92,24,11.3
2018-10-04,0.0,13.4,27.2,19.9,1.72,8.2,69,93,42,11.2
2018-10-05,0.0,14.3,27.6,20.0,1.55,9.5,74,98,38,11.1
2018-10-06,0.0,14.2,28.8,20.8,1.68,9.2,71,97,40,11.0
2018-10-07,0.2,14.4,30.4,20.7,2.17,11.9,61,92,25,11.0
2018-10-08,0.5,15.3,22.6,18.7,1.54,6.0,65,82,45,8.5
2018-10-09,2.9,13.8,21.6,17.4,2.03,8.8,74,90,52,8.1
2018-10-10,0.0,13.8,25.3,18.9,1.44,6.5,74,92,45,9.9
2018-10-11,0.0,14.7,26.4,19.8,1.63,7.8,81,98,51,8.5
2018-10-12,0.0,16.6,28.9,21.8,1.58,7.5,75,98,43,10.6
2018-10-13,0.0,17.8,28.2,21.2,1.46,9.9,80,100,44,10.0
2018-10-14,3.6,17.2,24.8,19.8,2.13,16.5,78,99,38,6.3
2018-10-15,0.0,11.7,23.9,17.5,1.86,7.0,47,75,26,8.8
2018-10-16,3.3,14.7,22.5,17.2,2.18,9.2,68,92,50,6.9
2018-10-17,0.0,14.5,25.0,18.8,2.2,9.3,68,93,37,10.3
2018-10-18,2.2,12.8,23.0,17.4,1.4,9.7,76,94,48,9.9
2018-10-19,5.1,14.8,21.7,16.7,1.35,4.7,79,96,45,5.5
2018-10-20,9.5,13.4,22.8,17.6,2.7,15.1,84,96,63,1.7
2018-10-21,5.5,17.2,23.4,20.0,2.52,9.9,81,94,64,8.0
2018-10-22,0.1,15.3,26.5,19.7,1.78,7.4,76,97,42,10.2
2018-10-23,1.7,15.7,21.8,18.4,1.5,7.0,85,99,67,7.1
2018-10-24,0.0,14.2,26.1,18.7,1.89,7.3,75,96,31,10.1
2018-10-25,0.0,12.4,27.8,18.3,1.85,6.2,59,96,23,10.2
2018-10-26,0.0,10.5,26.4,17.8,1.5,6.1,65,100,29,10.1
2018-10-27,2.8,13.4,21.6,17.7,1.92,11.0,66,91,41,8.5
2018-10-28,0.1,9.9,15.7,12.4,3.74,10.1,50,85,33,6.7
2018-10-29,0.0,8.8,15.6,11.8,5.22,18.2,36,47,27,9.1
2018-10-30,4.8,8.7,13.6,11.1,2.02,7.8,70,91,44,0.0
2018-10-31,6.5,7.3,17.2,11.8,2.14,11.4,66,94,32,10.0
2018-11-01,0.0,7.0,19.1,12.4,3.24,11.7,57,80,34,10.0
2018-11-02,0.0,8.6,21.5,13.7,2.56,14.0,62,81,39,7.0
2018-11-03,0.0,9.5,18.9,13.3,2.19,8.5,59,88,29,10.0
2018-11-04,0.0,6.1,21.5,12.9,1.94,6.9,67,91,27,10.0
2018-11-05,1.9,8.4,14.6,11.3,1.7,6.4,81,94,65,0.0
2018-11-06,0.0,5.9,19.9,12.0,2.29,8.3,58,84,29,9.9
2018-11-07,0.0,5.7,20.3,12.4,1.49,4.9,62,84,35,9.9
2018-11-08,0.9,8.3,19.9,13.6,1.52,7.3,79,95,56,8.5
2018-11-09,2.2,10.4,17.9,13.9,4.8,17.0,58,96,33,9.9
2018-11-10,0.7,8.3,21.8,13.9,1.62,5.6,67,85,42,7.5
2018-11-11,0.0,10.2,22.8,15.0,1.61,6.2,73,92,43,9.9
2018-11-12,0.0,10.3,21.5,14.8,1.54,5.5,82,100,48,8.9
2018-11-13,0.0,12.2,22.0,15.8,2.01,7.2,79,97,49,9.8
2018-11-14,4.5,12.1,19.7,15.2,2.16,8.9,85,96,63,6.4
2018-11-15,28.8,13.4,18.1,14.9,2.02,8.6,94,99,82,3.9
2018-11-16,20.4,12.0,17.6,14.7,1.96,9.1,93,99,84,3.9
2018-11-17,3.0,12.0,17.8,14.7,1.6,7.8,89,97,74,8.5
2018-11-18,10.2,11.6,16.8,13.6,2.26,9.7,90,98,70,4.1
2018-11-19,9.9,11.3,15.5,12.8,2.81,10.3,87,95,65,1.0
2018-11-20,0.0,9.1,17.1,12.5,1.85,7.9,79,95,55,9.0
2018-11-21,0.2,8.5,17.1,12.8,1.7,7.0,71,91,56,6.7
2018-11-22,1.2,9.7,14.3,11.8,1.21,3.8,85,91,74,0.0
2018-11-23,1.1,10.1,17.2,12.6,1.55,6.8,85,97,61,1.5
2018-11-24,0.0,7.4,16.2,10.8,2.1,7.3,69,86,44,9.3
2018-11-25,0.2,4.9,20.5,11.3,1.29,8.1,77,93,50,8.4
2018-11-26,0.4,11.8,16.5,14.1,3.88,15.3,56,86,40,9.3
2018-11-27,0.0,9.7,18.2,12.7,2.99,10.8,57,82,36,9.7
2018-11-28,0.0,7.8,19.7,11.7,2.14,5.9,58,83,33,9.6
2018-11-29,0.0,4.2,18.7,10.7,1.54,4.5,59,96,33,9.3
2018-11-30,0.0,6.4,17.8,11.4,2.93,11.0,63,95,46,8.8
2018-12-01,0.0,6.7,17.4,10.9,2.34,7.7,60,78,37,9.6
2018-12-02,0.0,8.4,20.4,13.0,1.97,5.5,60,83,41,9.4
2018-12-03,0.0,10.6,22.6,14.8,2.29,6.6,60,74,39,9.4
2018-12-04,0.0,9.0,21.7,14.5,1.86,6.5,63,87,41,9.5
2018-12-05,0.0,8.5,22.7,14.1,1.42,3.9,72,87,44,9.5
2018-12-06,0.0,10.4,22.6,14.8,2.32,7.7,66,94,42,9.5
2018-12-07,0.0,8.5,19.8,12.7,2.17,7.2,77,95,52,9.5
2018-12-08,0.0,9.1,19.7,13.8,2.75,10.7,62,84,39,9.5
2018-12-09,0.0,8.2,23.2,14.1,2.29,7.4,60,88,32,9.3
2018-12-10,0.0,7.1,18.9,13.1,1.74,5.8,69,93,49,9.2
2018-12-11,0.0,6.9,17.9,11.0,1.62,4.9,85,100,53,8.6
2018-12-12,0.0,9.5,19.7,12.9,2.3,7.5,65,91,43,9.4
2018-12-13,6.1,8.4,13.8,11.1,3.56,18.4,70,87,46,3.4
2018-12-14,0.0,9.7,15.7,12.1,6.64,18.4,45,53,34,9.3
2018-12-15,0.0,4.9,19.9,11.3,2.3,6.9,59,75,40,9.3
2018-12-16,0.0,9.8,20.7,13.7,2.39,10.2,66,85,42,8.6
2018-12-17,0.0,8.1,16.8,11.6,2.54,10.6,61,78,34,9.4
2018-12-18,0.0,4.2,15.9,8.7,1.31,4.0,81,97,59,9.3
2018-12-19,0.0,6.1,19.3,11.2,2.04,9.9,69,98,40,8.8
2018-12-20,0.0,9.0,16.3,11.4,2.68,10.3,61,74,43,6.7
2018-12-21,0.0,6.5,16.7,10.3,2.11,6.3,70,89,45,9.4
2018-12-22,0.0,7.5,19.1,11.4,2.28,6.7,70,88,45,9.3
2018-12-23,0.0,4.8,18.6,10.6,1.55,4.0,75,91,42,9.4
2018-12-24,0.0,6.3,21.0,11.2,1.74,5.6,68,90,31,9.3
2018-12-25,0.0,3.9,16.3,9.4,1.48,5.6,75,93,50,7.6
2018-12-26,0.0,6.1,16.4,10.5,1.22,3.7,84,100,61,8.3
2018-12-27,0.0,6.3,16.6,10.1,1.28,4.3,83,97,56,9.0
2018-12-28,0.0,4.5,14.3,9.0,1.26,4.9,83,100,62,8.0
2018-12-29,1.5,8.4,13.2,10.8,1.93,5.8,82,93,65,3.6
2018-12-30,0.2,5.2,15.6,9.7,1.67,5.9,79,98,44,9.2
2018-12-31,0.0,4.0,19.1,9.8,1.63,5.5,55,90,21,9.4
2019-01-01,0.0,3.5,19.3,9.1,2.16,4.6,53,86,23,9.4
2019-01-02,0.0,4.4,19.7,9.9,2.04,6.2,51,96,24,9.4
2019-01-03,0.0,3.5,14.5,7.8,1.65,4.4,75,98,55,8.9
2019-01-04,0.0,2.7,15.2,7.4,1.62,5.7,83,98,50,8.9
2019-01-05,0.0,1.6,16.9,7.6,2.1,6.5,67,94,23,9.4
2019-01-06,0.0,5.9,17.8,10.2,2.42,8.3,36,55,18,9.5
2019-01-07,0.0,2.3,16.6,8.2,2.1,6.1,53,96,23,9.4
2019-01-08,0.0,4.7,15.8,8.6,1.93,5.7,72,97,32,8.1
2019-01-09,0.0,5.3,18.5,10.6,3.04,9.6,45,65,22,9.4
2019-01-10,0.0,3.6,12.7,8.9,3.19,11.5,44,57,26,9.2
2019-01-11,0.0,1.3,12.3,5.5,2.51,7.8,38,53,19,9.6
2019-01-12,0.0,0.5,13.7,5.8,1.82,5.2,39,59,21,9.5
2019-01-13,0.0,2.0,17.6,7.7,2.41,7.8,49,69,24,9.5
2019-01-14,0.0,5.0,21.5,11.3,2.61,10.6,47,71,23,9.5
2019-01-15,0.0,2.2,17.7,8.9,1.86,7.8,69,94,41,9.5
2019-01-16,0.0,4.6,16.6,9.1,1.56,6.0,78,97,39,9.3
2019-01-17,0.2,6.4,15.0,9.4,2.39,8.3,62,95,37,6.9
2019-01-18,0.1,4.5,15.2,9.0,1.94,7.1,55,73,32,8.5
2019-01-19,0.0,3.8,16.0,9.1,1.98,7.6,55,85,30,9.6
2019-01-20,2.7,5.8,14.0,10.0,2.18,13.9,73,96,46,6.3
2019-01-21,0.0,5.9,15.2,9.6,3.81,12.0,47,65,25,9.6
2019-01-22,0.0,4.2,13.6,8.8,3.87,12.9,43,53,30,6.1
2019-01-23,0.0,9.1,18.9,13.3,5.26,17.9,49,63,30,8.9
2019-01-24,0.1,11.9,18.7,15.2,5.17,17.6,47,62,33,4.8
2019-01-25,0.0,10.3,21.1,14.8,4.22,15.4,47,68,28,9.7
2019-01-26,0.0,8.7,19.9,13.3,2.42,7.4,51,76,30,9.7
2019-01-27,0.0,5.7,18.9,12.0,3.64,17.3,43,76,29,9.7
2019-01-28,0.0,7.7,19.3,12.8,4.06,14.9,38,48,22,9.7
2019-01-29,0.0,7.8,19.3,12.5,3.13,17.4,54,73,29,9.7
2019-01-30,0.0,8.6,18.1,13.1,2.9,11.3,48,69,23,9.2
2019-01-31,0.0,10.7,21.5,15.2,3.53,13.0,48,60,32,8.8
2019-02-01,1.9,10.5,19.0,14.7,4.13,16.8,54,90,19,9.1
2019-02-02,0.0,8.8,15.0,11.2,6.75,19.3,37,51,21,9.8
2019-02-03,0.0,6.9,14.1,9.7,7.07,20.9,31,41,16,9.8
2019-02-04,0.0,5.0,17.6,10.0,3.17,12.4,36,60,15,9.9
2019-02-05,0.0,5.9,20.7,12.0,2.4,8.3,40,67,26,9.9
2019-02-06,0.0,6.8,22.0,13.2,1.87,7.5,53,78,29,10.0
2019-02-07,0.0,8.3,22.9,14.0,2.41,8.1,51,76,23,10.0
2019-02-08,0.0,4.7,20.9,11.7,1.38,6.5,68,93,32,10.0
2019-02-09,0.0,6.5,21.7,12.5,1.98,7.2,60,95,26,10.1
2019-02-10,0.0,6.1,20.7,12.3,3.01,13.1,52,93,26,10.1
2019-02-11,0.0,7.0,21.0,13.1,2.48,11.4,62,88,32,9.3
2019-02-12,0.0,8.1,15.8,11.5,1.48,8.1,68,92,43,9.5
2019-02-13,0.0,4.7,16.4,9.3,1.56,7.9,76,97,41,10.4
2019-02-14,0.0,6.4,16.4,10.5,2.14,9.1,70,92,43,9.6
2019-02-15,0.0,5.2,16.6,10.0,1.91,8.6,77,95,50,10.5
2019-02-16,0.0,6.3,16.7,10.5,2.3,10.5,72,96,35,10.7
2019-02-17,0.0,4.7,15.2,9.0,2.27,7.8,75,94,47,6.2
2019-02-18,0.0,4.7,17.2,10.5,2.2,10.3,78,100,43,10.7
2019-02-19,0.0,5.2,17.8,10.1,2.04,9.3,74,96,34,10.5
2019-02-20,0.0,6.6,17.9,11.0,1.54,7.8,73,98,31,10.7
2019-02-21,0.0,5.1,18.0,10.5,1.27,5.6,71,96,35,10.8
2019-02-22,0.0,4.2,22.9,12.1,1.65,6.7,59,93,15,10.8
2019-02-23,0.0,8.3,26.5,15.7,2.52,9.7,32,78,9,10.8
2019-02-24,0.0,5.1,19.5,12.2,1.87,7.5,54,90,34,10.8
2019-02-25,0.0,5.6,19.8,11.8,1.55,8.2,65,96,24,10.8
2019-02-26,0.0,5.1,21.4,12.0,1.76,7.5,51,89,19,10.8
2019-02-27,0.0,4.5,24.1,13.1,1.67,8.2,45,71,12,10.9
2019-02-28,0.0,7.9,27.6,16.0,2.28,8.9,35,74,10,10.9
2019-03-01,0.0,7.2,23.7,14.2,1.73,7.7,48,81,21,9.4
2019-03-02,0.0,11.0,23.5,15.9,1.85,9.2,49,87,23,10.9
2019-03-03,0.0,9.1,26.3,16.2,2.13,9.4,46,92,18,10.9
2019-03-04,0.0,8.4,26.2,16.5,1.97,10.4,42,62,17,10.9
2019-03-05,0.0,10.2,22.3,16.1,1.86,7.6,55,77,35,8.6
2019-03-06,0.1,10.9,23.8,16.5,2.57,13.2,60,85,27,9.8
2019-03-07,0.0,8.8,19.1,14.2,2.92,9.8,44,63,23,8.4
2019-03-08,0.0,6.9,19.7,13.0,2.42,9.1,44,67,29,8.6
2019-03-09,0.0,7.3,22.2,13.7,1.69,6.6,51,79,21,11.1
2019-03-10,0.0,7.5,27.1,15.9,2.11,11.9,43,70,21,11.1
2019-03-11,0.0,9.9,21.2,15.4,2.55,13.0,54,88,36,11.0
2019-03-12,0.0,7.3,23.9,14.6,1.9,10.3,68,98,30,11.1
2019-03-13,0.0,9.5,22.3,15.6,2.93,13.8,56,85,20,11.0
2019-03-14,0.0,7.4,21.4,13.2,2.47,10.0,46,91,17,11.3
2019-03-15,0.0,8.1,25.7,15.8,1.89,7.1,33,75,13,11.3
2019-03-16,0.0,7.7,27.2,16.7,1.85,9.2,32,59,12,11.4
2019-03-17,0.0,7.7,28.0,17.7,2.89,13.5,28,47,13,11.5
2019-03-18,0.0,8.3,17.4,13.4,2.31,9.7,57,77,22,7.3
2019-03-19,0.5,7.6,16.5,11.2,2.28,11.8,68,93,38,8.0
2019-03-20,1.9,4.9,15.0,10.2,2.27,10.4,62,88,37,11.2
2019-03-21,0.0,3.8,17.1,10.5,2.64,11.5,55,89,25,9.1
2019-03-22,0.0,5.9,20.2,12.1,2.36,10.1,48,68,30,11.1
2019-03-23,0.8,8.5,16.9,12.0,1.68,9.2,59,73,46,5.0
2019-03-24,0.0,6.2,21.2,13.6,2.21,10.1,58,93,26,11.4
2019-03-25,0.0,7.1,23.5,14.7,2.16,9.1,43,66,19,11.9
2019-03-26,0.0,5.0,19.7,12.5,3.38,15.0,55,73,33,11.9
2019-03-27,0.0,4.7,18.6,11.6,3.08,12.2,49,74,24,12.0
2019-03-28,0.0,3.9,19.1,11.7,2.55,11.4,54,87,17,12.0
2019-03-29,0.0,5.4,16.7,11.5,2.45,11.9,71,98,40,8.5
2019-03-30,0.4,6.7,18.6,12.4,2.44,11.0,66,90,35,12.0
2019-03-31,19.1,9.7,13.0,11.2,2.04,10.4,89,93,75,0.0
2019-04-01,7.7,10.9,20.3,13.6,1.86,10.5,84,94,52,6.0
2019-04-02,0.0,9.8,21.4,15.2,1.45,7.2,74,100,39,12.0
2019-04-03,0.0,8.2,23.6,15.5,2.27,13.5,65,95,28,12.0
2019-04-04,0.0,7.5,18.7,13.7,2.45,11.5,54,84,27,11.9
2019-04-05,1.7,8.6,19.3,13.0,1.79,10.0,66,89,34,7.3
2019-04-06,0.5,4.3,16.7,11.0,2.02,11.3,58,83,36,10.2
2019-04-07,1.1,6.8,19.4,13.2,4.18,17.0,51,76,26,10.2
2019-04-08,0.1,10.3,22.3,15.8,1.31,10.0,61,86,35,5.1
2019-04-09,0.3,10.7,21.8,15.9,3.72,13.1,46,69,16,12.0
2019-04-10,0.1,7.4,19.3,13.7,3.34,13.0,50,80,27,12.0
2019-04-11,0.0,9.3,22.0,15.4,3.86,12.6,41,68,17,12.0
2019-04-12,0.0,9.7,23.7,16.0,3.37,10.5,36,60,14,12.0
2019-04-13,0.0,8.1,26.6,16.9,2.15,9.3,40,85,11,12.0
2019-04-14,0.0,9.9,28.3,18.8,2.46,11.9,41,70,19,12.0
2019-04-15,0.0,14.2,25.3,19.2,2.41,10.5,47,81,33,11.0
2019-04-16,0.0,11.6,26.1,17.2,2.71,14.5,61,95,22,12.1
2019-04-17,0.0,11.1,21.1,15.7,2.48,11.5,72,95,43,12.0
2019-04-18,4.3,13.1,17.5,14.9,2.12,11.0,72,82,56,3.6
2019-04-19,19.4,11.7,14.7,13.1,1.65,7.1,89,98,77,0.4
2019-04-20,75.8,11.0,15.3,13.3,3.28,16.8,89,94,86,0.4
2019-04-21,14.4,11.9,17.6,13.5,3.54,10.7,80,89,57,4.6
2019-04-22,10.1,11.4,19.3,14.7,3.7,10.3,72,88,46,7.0
2019-04-23,2.6,9.7,20.6,14.4,1.72,7.7,75,93,47,8.1
2019-04-24,0.0,6.8,19.2,13.6,2.79,10.3,62,86,42,12.4
2019-04-25,0.0,10.2,22.7,16.1,2.53,10.8,67,96,43,10.5
2019-04-26,0.0,8.9,22.7,15.6,2.44,10.6,56,79,32,12.5
2019-04-27,0.0,9.9,22.6,15.6,1.86,8.3,58,78,39,12.7
2019-04-28,0.0,9.9,23.5,16.2,1.55,7.5,64,94,35,12.7
2019-04-29,0.0,8.8,21.9,15.4,1.66,7.4,68,93,50,11.9
2019-04-30,0.0,10.8,23.7,16.3,1.59,9.0,77,100,46,12.2
2019-05-01,0.0,11.8,23.0,16.3,1.64,8.5,73,100,42,11.7
2019-05-02,0.0,10.2,23.5,16.4,2.6,11.8,63,88,36,12.6
2019-05-03,0.9,10.1,22.0,15.8,2.38,11.4,68,88,42,11.5
2019-05-04,0.0,10.4,24.0,16.3,2.09,13.8,66,95,27,13.1
2019-05-05,0.0,10.7,22.9,16.7,2.2,10.5,60,97,35,13.2
2019-05-06,0.0,10.7,24.8,17.3,1.71,9.1,72,96,48,12.1
2019-05-07,0.0,12.5,27.8,19.1,1.91,10.6,70,100,37,11.5
2019-05-08,0.1,13.2,29.2,21.4,2.13,11.4,60,97,32,12.1
2019-05-09,0.0,19.2,29.4,23.5,2.23,11.2,49,64,32,12.5
2019-05-10,0.0,17.1,31.6,23.8,2.4,11.0,52,72,31,13.4
2019-05-11,0.0,18.6,33.6,23.8,2.82,15.4,44,68,17,13.4
2019-05-12,0.0,14.7,27.3,20.3,1.95,10.6,61,95,35,13.1
2019-05-13,0.0,14.1,25.5,18.5,1.79,10.1,62,90,34,12.5
2019-05-14,0.0,10.5,25.8,18.3,2.01,10.3,54,89,26,13.9
2019-05-15,0.0,11.7,32.2,20.9,2.5,12.1,55,92,22,13.9
2019-05-16,0.0,16.1,26.1,20.1,2.54,10.2,64,88,36,13.2
2019-05-17,0.0,14.8,26.1,20.4,4.26,14.5,43,93,15,11.8
2019-05-18,0.1,13.1,24.8,18.5,1.98,11.1,40,84,17,6.9
2019-05-19,0.0,11.3,25.8,18.3,2.38,9.2,41,86,13,11.8
2019-05-20,0.0,11.9,27.0,19.0,1.79,12.0,46,91,18,10.5
2019-05-21,1.8,15.4,24.1,19.2,1.3,11.0,70,97,43,11.5
2019-05-22,0.0,12.0,28.2,20.0,1.73,10.2,60,98,25,14.0
2019-05-23,0.0,12.5,30.8,21.9,1.8,10.5,50,93,18,14.0
2019-05-24,0.1,14.3,23.9,19.3,2.4,11.5,61,88,35,10.2
2019-05-25,0.0,14.2,24.0,19.0,2.81,11.5,58,83,34,12.0
2019-05-26,0.0,12.9,26.2,20.0,2.33,13.0,60,94,32,13.9
2019-05-27,0.0,14.0,32.3,21.9,1.76,14.9,52,79,20,13.9
2019-05-28,0.0,16.0,29.0,21.9,2.49,10.7,62,97,35,13.7
2019-05-29,0.0,15.0,26.5,19.5,2.24,14.3,57,86,33,11.3
2019-05-30,0.0,13.7,26.1,19.6,1.87,9.7,55,82,30,14.0
2019-05-31,0.0,12.4,27.1,20.0,2.13,10.5,53,86,27,14.0
2019-06-01,0.0,12.7,28.4,20.8,1.91,9.2,43,71,19,14.0
2019-06-02,0.0,12.5,30.6,21.6,1.86,9.9,40,74,14,14.0
2019-06-03,0.0,13.8,30.9,22.6,1.85,8.9,44,74,18,13.8
2019-06-04,0.0,14.2,32.1,23.0,2.05,11.1,52,92,22,14.0
2019-06-05,0.0,15.3,29.0,23.0,3.44,16.2,40,81,11,13.1
2019-06-06,0.0,15.8,28.3,22.3,2.65,12.1,35,80,22,14.0
2019-06-07,0.0,15.7,30.8,22.7,2.24,11.4,55,99,24,14.0
2019-06-08,0.0,15.9,26.7,21.7,3.13,14.7,53,79,37,14.0
2019-06-09,0.0,17.2,29.8,22.7,2.29,12.4,49,71,27,11.8
2019-06-10,0.0,19.1,32.6,24.9,2.56,13.2,35,73,15,13.1
2019-06-11,0.1,14.5,30.4,21.7,2.43,14.2,58,93,20,13.7
2019-06-12,0.1,15.8,26.3,20.2,2.67,13.9,57,76,31,14.0
2019-06-13,1.4,17.9,26.3,21.7,2.95,12.2,62,95,36,13.3
2019-06-14,0.3,18.2,31.2,23.8,1.99,9.8,48,69,28,13.1
2019-06-15,0.0,18.8,31.7,24.5,2.88,11.2,29,45,17,14.0
2019-06-16,0.0,15.4,26.2,21.3,2.29,10.8,51,68,39,8.8
2019-06-17,0.0,14.6,32.4,23.5,2.11,10.7,49,88,19,14.0
2019-06-18,0.0,15.3,31.4,23.6,2.28,11.1,50,86,25,14.0
2019-06-19,0.0,17.4,34.2,25.9,2.15,11.1,46,88,21,14.0
2019-06-20,0.0,18.6,33.2,25.9,3.02,12.6,44,77,22,14.0
2019-06-21,0.0,19.1,31.8,24.0,2.23,13.4,66,92,35,13.8
2019-06-22,0.0,18.9,30.1,24.4,2.22,11.3,59,85,35,14.0
2019-06-23,0.0,17.0,31.5,24.1,2.28,10.5,56,90,26,14.0
2019-06-24,0.0,18.2,33.1,25.1,1.93,9.4,49,76,30,14.0
2019-06-25,0.0,19.0,33.1,25.4,2.07,11.1,59,88,35,14.0
2019-06-26,0.0,19.7,34.6,26.5,1.97,11.1,61,92,36,14.0
2019-06-27,0.0,20.9,33.2,27.4,3.09,12.8,51,76,32,14.0
2019-06-28,0.0,20.2,36.1,28.2,2.32,10.4,42,66,20,14.0
2019-06-29,0.0,20.5,37.4,28.8,2.18,9.8,36,64,14,14.0
2019-06-30,0.0,19.9,36.2,28.6,2.36,10.4,33,63,16,14.0
2019-07-01,0.0,20.4,35.5,28.0,2.34,9.5,43,61,29,14.0
2019-07-02,0.0,22.7,32.0,26.4,2.25,10.1,63,91,30,12.7
2019-07-03,0.0,19.8,32.6,26.0,2.5,11.2,58,96,25,14.0
2019-07-04,0.0,18.6,32.2,25.8,2.38,11.2,57,85,30,14.0
2019-07-05,0.0,20.2,34.8,27.2,1.86,9.4,62,89,38,14.0
2019-07-06,0.0,23.0,39.6,30.4,1.86,13.5,53,87,15,10.5
2019-07-07,0.0,25.2,39.5,30.9,1.92,10.8,46,72,18,10.6
2019-07-08,0.0,23.1,33.6,27.5,2.52,10.8,55,85,26,13.5
2019-07-09,0.0,20.7,35.5,27.4,2.39,12.3,40,84,17,14.0
2019-07-10,0.0,18.8,33.4,26.6,2.32,10.2,46,76,27,14.0
2019-07-11,0.0,18.7,36.2,27.4,1.94,9.7,52,89,21,14.0
2019-07-12,0.0,20.3,39.5,29.4,1.97,10.9,41,75,15,13.8
2019-07-13,0.0,24.3,36.6,29.7,2.15,12.0,37,63,18,13.5
2019-07-14,0.0,22.2,38.2,29.7,2.86,12.9,47,93,16,14.0
2019-07-15,0.0,21.1,40.1,29.6,2.01,10.8,53,93,15,14.0
2019-07-16,0.3,23.6,32.5,27.3,3.13,11.4,64,91,38,13.6
2019-07-17,0.0,20.0,33.2,27.0,2.29,11.0,54,88,29,13.6
2019-07-18,0.0,19.9,34.1,27.0,1.86,9.1,54,93,28,13.9
2019-07-19,0.0,19.9,33.9,26.6,2.51,11.5,58,94,26,14.0
2019-07-20,0.0,22.2,34.7,27.8,2.95,13.1,51,79,26,13.9
2019-07-21,0.0,21.7,34.0,27.9,3.24,14.0,46,67,23,13.9
2019-07-22,0.0,21.3,34.0,27.8,2.79,12.3,48,74,24,13.9
2019-07-23,0.0,20.1,36.1,28.4,2.48,11.6,38,65,15,13.9
2019-07-24,0.0,20.7,36.4,28.8,2.32,10.7,34,54,17,13.8
2019-07-25,0.0,21.2,36.1,28.5,2.34,10.4,42,68,21,13.8
2019-07-26,0.0,21.4,36.4,28.9,1.74,10.3,52,88,25,13.3
2019-07-27,0.0,23.1,36.6,29.5,3.01,13.2,26,64,15,13.7
2019-07-28,0.0,23.3,34.2,28.2,2.96,13.9,40,57,22,13.6
2019-07-29,0.0,20.7,34.5,27.4,1.9,10.4,58,98,29,13.3
2019-07-30,0.0,20.7,34.9,27.5,2.61,12.2,53,83,22,13.0
2019-07-31,0.1,21.5,29.6,25.8,3.14,13.9,65,93,42,11.0
2019-08-01,0.0,21.0,36.1,27.1,1.97,10.5,55,79,27,13.5
2019-08-02,0.0,21.6,33.3,27.6,2.11,10.4,63,92,38,13.4
2019-08-03,0.0,21.6,33.8,27.3,1.92,8.9,63,93,35,13.4
2019-08-04,0.0,22.0,36.6,28.5,1.92,8.9,58,84,32,13.3
2019-08-05,0.0,22.7,37.1,28.8,1.95,9.9,62,90,34,13.3
2019-08-06,0.0,22.4,39.4,30.3,1.81,10.1,56,94,24,13.3
2019-08-07,0.0,22.3,40.5,31.1,2.1,9.6,42,86,12,10.3
2019-08-08,0.0,25.5,40.0,31.2,2.3,12.5,32,65,14,13.2
2019-08-09,0.0,22.2,41.4,31.9,1.88,8.4,30,58,12,13.3
2019-08-10,0.0,26.6,39.1,31.5,2.54,12.9,34,56,20,13.2
2019-08-11,0.0,23.3,36.5,29.5,1.66,9.5,58,89,35,13.1
2019-08-12,0.0,24.7,34.9,28.4,3.1,12.0,41,86,13,10.6
2019-08-13,1.4,22.9,29.5,25.3,2.76,10.9,69,88,40,11.7
2019-08-14,0.0,20.9,33.7,26.6,1.79,10.5,63,92,37,12.9
2019-08-15,0.0,20.5,34.8,27.0,1.86,10.4,60,95,31,12.8
2019-08-16,0.0,20.0,34.9,27.0,1.9,9.7,62,97,30,12.9
2019-08-17,0.0,22.1,37.2,28.7,1.83,9.5,59,96,24,12.7
2019-08-18,0.0,21.4,37.6,29.4,1.92,10.3,54,94,22,12.7
2019-08-19,0.0,21.7,34.8,28.1,2.52,11.7,55,92,17,12.6
2019-08-20,0.3,23.5,33.8,27.5,2.55,13.0,69,95,38,12.0
2019-08-21,4.8,22.2,29.0,25.2,3.25,12.3,70,95,38,9.7
2019-08-22,0.0,20.5,31.6,25.5,2.25,11.2,58,82,33,12.5
2019-08-23,0.0,19.1,31.9,25.0,2.2,10.4,62,95,26,12.4
2019-08-24,0.0,18.7,32.2,25.0,1.88,9.7,60,86,33,12.3
2019-08-25,0.0,19.5,31.4,25.3,2.19,10.6,64,95,36,12.3
2019-08-26,0.4,22.1,29.4,25.3,2.95,13.5,72,88,48,8.6
2019-08-27,5.1,20.1,30.5,24.1,1.48,12.7,74,93,37,11.6
2019-08-28,0.0,19.1,32.4,25.1,1.67,10.7,70,99,36,12.1
2019-08-29,0.0,20.6,31.4,25.4,1.53,8.7,72,99,44,11.6
2019-08-30,0.1,19.6,33.1,26.0,1.57,8.7,63,93,33,11.5
2019-08-31,0.0,21.2,34.2,27.0,1.59,10.3,58,84,31,12.0
2019-09-01,0.0,19.9,34.6,27.0,1.82,9.8,57,86,31,12.0
2019-09-02,0.3,21.3,29.7,25.0,2.01,9.3,74,97,51,11.3
2019-09-03,0.0,20.6,33.0,26.0,1.8,11.4,69,96,35,12.0
2019-09-04,0.0,21.7,32.9,26.4,1.62,8.6,68,95,39,12.0
2019-09-05,0.3,21.5,29.6,25.1,1.95,9.3,69,89,40,10.1
2019-09-06,1.3,19.4,27.7,23.4,1.95,9.1,76,95,50,11.8
2019-09-07,0.7,19.6,26.8,23.0,2.47,10.2,73,93,48,11.0
2019-09-08,0.1,18.5,28.2,23.1,2.21,8.9,66,89,42,12.0
2019-09-09,0.6,17.4,29.5,23.7,1.88,8.4,70,97,34,11.1
2019-09-10,0.0,19.6,28.2,23.9,4.14,18.3,43,89,14,12.0
2019-09-11,7.5,16.8,23.2,18.5,4.0,15.4,60,83,38,6.5
2019-09-12,59.9,16.7,20.8,18.7,2.45,13.3,91,97,78,0.0
2019-09-13,156.5,17.3,22.7,19.4,2.81,16.5,92,97,78,2.2
2019-09-14,10.1,18.0,25.2,21.0,2.34,11.5,83,95,67,7.8
2019-09-15,0.0,19.3,27.7,23.0,2.24,8.6,78,91,61,10.4
2019-09-16,0.2,19.8,28.0,23.3,1.69,5.4,80,93,58,12.0
2019-09-17,1.1,19.3,26.8,22.8,1.34,7.4,86,97,71,9.5
2019-09-18,0.0,20.0,29.7,23.8,1.63,6.1,76,98,52,12.0
2019-09-19,0.0,18.2,28.0,22.3,1.69,7.5,78,99,54,12.0
2019-09-20,3.0,18.8,25.0,22.4,2.09,10.2,84,95,73,5.5
2019-09-21,1.2,20.1,27.7,23.2,1.3,6.8,80,97,56,6.6
2019-09-22,0.3,20.5,30.1,24.5,1.59,6.6,73,97,46,11.4
2019-09-23,0.0,18.1,28.0,22.7,1.96,8.4,57,76,41,10.7
2019-09-24,0.0,17.5,31.4,23.0,1.77,8.2,62,87,30,11.9
2019-09-25,0.0,18.2,30.8,23.5,2.08,8.9,59,91,39,11.9
2019-09-26,0.0,18.2,28.8,22.6,1.46,8.0,77,98,47,11.9
2019-09-27,0.0,17.7,31.5,23.3,1.36,6.9,75,99,39,11.8
2019-09-28,0.0,18.0,28.5,22.5,1.65,7.9,75,99,49,11.3
2019-09-29,0.0,17.9,31.9,23.4,1.33,7.1,73,98,40,11.7
2019-09-30,0.0,17.2,32.1,23.5,1.9,9.3,66,98,24,11.1
2019-10-01,0.0,19.8,34.2,25.7,2.11,7.9,57,100,17,11.1
2019-10-02,0.0,20.3,30.5,24.3,3.47,10.0,40,81,20,11.5
2019-10-03,0.0,17.3,30.8,22.5,2.57,9.9,43,89,18,11.1
2019-10-04,0.0,15.3,31.1,22.4,1.97,8.5,42,74,21,11.3
2019-10-05,0.0,16.7,30.7,22.3,2.19,10.0,51,86,25,11.2
2019-10-06,0.0,15.9,31.8,22.5,1.42,9.6,68,98,26,11.0
2019-10-07,0.0,18.3,32.6,23.3,2.7,13.0,59,97,21,10.5
2019-10-08,0.1,19.6,28.3,22.7,1.66,10.1,67,82,43,8.7
2019-10-09,0.0,15.9,29.2,21.7,1.23,7.8,72,98,42,10.9
2019-10-10,0.4,18.3,27.0,21.9,1.94,9.3,74,92,47,10.3
2019-10-11,0.0,18.1,27.6,22.0,1.93,9.2,74,95,42,10.4
2019-10-12,0.0,17.9,27.4,21.8,1.74,8.4,78,95,50,9.6
2019-10-13,0.0,18.0,30.1,22.9,1.58,9.3,75,97,39,10.5
2019-10-14,1.5,18.1,27.2,21.5,1.51,11.3,81,100,50,9.1
2019-10-15,0.0,14.5,23.7,18.7,3.05,10.8,46,87,23,10.7
2019-10-16,0.0,11.0,25.0,17.5,1.74,6.0,46,77,24,10.6
2019-10-17,0.0,12.5,27.5,19.1,1.95,7.1,43,83,17,10.5
2019-10-18,0.0,14.1,29.0,20.3,1.81,8.1,45,76,22,9.2
2019-10-19,0.0,13.5,28.3,19.8,1.85,8.5,67,92,32,10.4
2019-10-20,4.0,12.6,18.7,16.4,1.19,9.5,85,100,63,3.2
2019-10-21,2.1,10.9,18.5,14.4,1.73,7.4,66,84,46,6.7
2019-10-22,45.8,10.6,14.4,13.0,2.74,12.6,87,94,73,0.0
2019-10-23,0.1,8.0,20.1,12.7,1.61,7.2,74,96,31,9.2
2019-10-24,0.0,8.7,20.3,13.9,2.64,11.8,68,90,40,9.6
2019-10-25,0.0,11.3,23.9,16.3,1.85,7.6,64,78,43,10.1
2019-10-26,0.0,11.4,24.1,16.5,1.4,5.3,76,96,48,10.2
2019-10-27,0.0,12.6,22.4,16.5,1.14,5.4,85,100,57,9.4
2019-10-28,0.0,12.9,21.3,16.4,1.19,4.6,86,100,64,7.7
2019-10-29,0.0,13.3,26.1,18.6,1.96,7.3,72,98,43,10.0
2019-10-30,0.0,15.6,25.9,19.8,2.39,8.1,64,82,39,9.0
2019-10-31,0.0,15.4,26.5,20.3,2.33,10.8,63,79,42,10.0
2019-11-01,0.0,15.8,27.5,21.0,2.69,11.4,63,81,41,9.8
2019-11-02,0.0,15.5,26.2,20.0,2.12,9.4,62,87,33,10.0
2019-11-03,0.0,15.9,25.6,20.3,3.58,14.3,50,73,34,10.0
2019-11-04,0.0,13.0,25.6,18.8,1.97,6.4,55,77,35,10.0
2019-11-05,0.1,14.0,20.7,17.3,4.27,15.9,47,69,26,10.0
2019-11-06,0.0,10.5,20.4,14.9,3.03,12.2,50,68,31,9.9
2019-11-07,1.0,8.5,23.2,14.4,2.06,11.0,59,75,36,9.9
2019-11-08,0.0,8.8,17.2,12.7,4.09,15.1,42,61,27,9.9
2019-11-09,0.3,8.2,20.2,13.2,2.93,11.9,44,60,23,8.7
2019-11-10,0.3,10.9,16.9,13.5,5.4,18.8,50,74,26,9.9
2019-11-11,0.0,8.9,17.5,13.1,5.18,15.4,48,59,34,9.8
2019-11-12,0.0,9.4,19.0,13.5,4.71,13.2,45,59,27,9.9
2019-11-13,1.8,9.0,22.6,14.7,2.49,15.7,63,92,39,9.8
2019-11-14,0.5,8.7,18.0,12.7,2.61,12.1,62,89,40,2.9
2019-11-15,0.0,5.9,15.1,10.3,3.39,12.4,50,71,29,9.2
2019-11-16,0.0,6.5,15.8,10.0,3.67,13.8,46,61,25,9.8
2019-11-17,0.0,3.5,18.2,10.0,1.74,6.4,52,72,30,9.8
2019-11-18,6.2,9.4,15.9,12.0,3.65,14.3,63,94,37,9.4
2019-11-19,0.0,4.9,16.4,10.3,2.37,7.7,57,88,33,9.0
2019-11-20,1.0,3.7,17.1,9.8,1.97,8.8,68,94,39,9.0
2019-11-21,0.4,6.1,15.0,10.1,1.02,3.2,85,95,66,2.2
2019-11-22,4.8,7.2,16.2,11.7,2.45,11.1,88,98,70,1.4
2019-11-23,0.0,9.2,17.0,13.6,5.12,15.8,56,96,33,9.7
2019-11-24,0.0,9.8,16.6,12.4,4.54,13.1,51,61,39,9.7
2019-11-25,0.0,7.8,22.0,13.5,2.13,7.8,64,86,44,8.7
2019-11-26,0.0,10.1,21.7,14.8,2.16,8.1,72,95,43,9.7
2019-11-27,0.0,10.5,23.1,15.5,2.31,9.1,67,95,35,9.7
2019-11-28,0.0,7.2,20.7,13.2,1.55,7.6,65,87,36,9.3
2019-11-29,0.0,9.2,22.5,14.8,2.24,8.4,66,85,42,9.6
2019-11-30,0.0,10.2,22.2,14.6,1.89,5.5,72,94,39,9.6
2019-12-01,0.2,7.5,19.1,12.8,1.65,7.1,75,95,44,9.5
2019-12-02,18.5,10.7,15.0,12.1,2.88,7.9,93,98,72,2.2
2019-12-03,27.9,8.8,12.8,11.4,4.26,14.4,84,95,66,0.0
2019-12-04,12.3,8.8,12.4,10.6,4.71,14.5,78,87,70,1.5
2019-12-05,0.2,8.2,15.6,11.4,1.64,6.2,81,95,63,9.0
2019-12-06,0.7,8.6,16.0,11.9,1.58,5.9,85,97,62,8.4
2019-12-07,0.0,7.4,16.5,11.1,1.5,5.3,80,96,57,9.3
2019-12-08,0.0,7.2,18.3,11.5,2.35,6.8,74,91,48,9.5
2019-12-09,0.0,11.8,20.4,14.6,3.45,10.9,57,75,32,9.3
2019-12-10,0.0,8.1,18.3,12.4,2.64,8.8,54,66,36,9.4
2019-12-11,0.0,6.9,20.2,12.1,2.76,10.8,49,61,37,9.2
2019-12-12,0.0,8.9,15.4,11.2,3.41,12.3,59,71,42,5.5
2019-12-13,0.0,9.4,20.5,14.5,3.63,10.8,61,72,45,6.4
2019-12-14,0.0,7.4,19.0,13.1,2.26,10.0,67,87,47,9.0
2019-12-15,0.0,6.8,17.6,11.1,1.88,6.4,68,93,42,9.4
2019-12-16,0.0,6.2,14.3,9.6,0.89,4.5,89,99,74,0.6
2019-12-17,0.0,8.0,16.2,11.6,1.41,6.8,82,100,57,5.9
2019-12-18,0.0,6.9,16.7,11.2,3.23,11.2,60,85,36,9.1
2019-12-19,0.2,5.4,15.3,9.9,1.52,4.7,77,92,55,5.5
2019-12-20,3.0,11.8,17.7,15.3,4.83,14.3,84,92,73,0.3
2019-12-21,0.8,12.6,23.2,17.5,3.93,13.8,73,93,47,8.7
2019-12-22,0.0,9.6,21.1,15.4,3.01,10.0,53,73,34,9.4
2019-12-23,0.0,9.5,20.8,13.5,1.79,5.7,65,83,37,8.8
2019-12-24,0.0,8.8,21.4,13.3,2.25,6.9,64,79,40,9.4
2019-12-25,0.0,6.3,20.3,12.1,1.7,4.1,65,87,38,9.4
2019-12-26,0.0,10.4,22.9,14.7,2.47,7.8,54,80,35,8.8
2019-12-27,0.0,7.1,17.7,12.2,0.94,4.6,75,96,53,9.0
2019-12-28,0.0,4.2,17.0,9.8,1.44,6.3,81,99,49,9.4
2019-12-29,0.0,5.7,15.3,10.1,1.28,4.6,84,100,54,8.3
2019-12-30,0.0,4.2,15.1,8.7,1.27,4.7,80,94,54,9.2
2019-12-31,0.0,4.4,14.7,8.3,1.33,4.1,84,98,59,8.6
2020-01-01,0.0,4.3,16.0,8.4,1.39,4.1,86,100,52,9.0
2020-01-02,0.0,5.3,14.4,9.2,1.02,4.2,87,100,61,8.1
2020-01-03,0.0,3.8,18.4,9.4,1.75,6.1,74,96,39,9.1
2020-01-04,0.0,5.7,15.1,9.6,1.84,6.0,73,89,52,8.9
2020-01-05,0.0,3.9,16.1,8.8,1.48,4.6,73,92,42,9.4
2020-01-06,0.0,2.3,15.9,8.0,1.33,3.8,71,89,39,9.5
2020-01-07,0.0,1.8,15.9,7.4,1.44,3.7,75,96,42,9.5
2020-01-08,0.0,3.2,15.7,8.3,1.83,6.0,74,96,42,9.4
2020-01-09,0.0,4.9,15.6,9.2,1.35,4.8,80,96,49,9.4
2020-01-10,0.0,5.7,16.1,10.0,2.38,9.9,70,97,30,8.6
2020-01-11,0.5,6.8,16.3,10.5,2.12,6.5,63,90,31,9.0
2020-01-12,0.0,3.8,17.0,8.4,2.26,8.6,67,93,26,9.6
2020-01-13,0.0,1.1,15.8,7.4,1.52,5.2,75,97,39,9.4
2020-01-14,0.0,3.3,16.3,8.1,1.95,6.3,62,96,27,9.6
2020-01-15,0.0,4.2,17.8,9.3,1.84,5.4,58,87,29,8.6
2020-01-16,0.0,5.1,18.9,10.2,1.87,5.9,60,83,30,9.6
2020-01-17,0.0,4.6,19.4,10.6,2.35,10.8,61,84,33,9.1
2020-01-18,0.7,7.1,14.1,10.3,1.98,6.4,72,92,63,2.3
2020-01-19,5.4,5.7,11.9,8.4,3.99,19.6,78,97,56,8.8
2020-01-20,21.9,4.2,9.5,6.9,4.06,21.5,85,89,77,2.8
2020-01-21,20.6,7.2,11.1,8.8,2.61,10.7,89,99,74,4.0
2020-01-22,5.2,6.3,14.6,9.4,1.38,6.2,86,100,58,6.6
2020-01-23,4.9,4.7,14.7,8.7,1.39,8.3,91,100,70,7.0
2020-01-24,1.5,6.9,13.2,10.1,1.46,5.8,90,98,79,1.6
2020-01-25,3.4,9.3,13.5,10.9,0.88,6.8,90,96,75,2.0
2020-01-26,0.0,6.6,16.4,10.5,2.47,10.5,75,98,46,9.7
2020-01-27,0.0,3.3,15.6,8.7,1.87,6.1,75,97,50,9.7
2020-01-28,0.0,5.4,19.8,11.4,1.77,6.5,74,94,49,9.5
2020-01-29,0.0,7.5,19.4,12.6,1.88,8.2,74,92,50,9.2
2020-01-30,0.0,8.8,19.9,13.2,1.83,5.9,69,93,47,9.4
2020-01-31,0.0,10.4,21.2,14.4,2.66,10.4,65,83,43,9.7
2020-02-01,0.0,9.7,22.6,14.8,2.29,12.9,73,89,49,9.7
2020-02-02,0.0,11.6,22.2,15.6,2.69,9.3,71,86,46,9.8
2020-02-03,0.0,10.8,23.7,16.2,2.07,6.7,64,82,37,9.8
2020-02-04,0.0,10.4,26.3,16.6,2.43,7.6,57,86,30,9.9
2020-02-05,0.6,10.0,15.2,12.8,1.71,6.6,73,82,54,0.4
2020-02-06,0.2,6.2,15.7,10.5,1.41,5.7,80,98,51,9.6
2020-02-07,0.0,6.6,16.1,10.4,1.3,5.5,80,95,55,9.2
2020-02-08,0.0,6.7,18.8,11.8,1.48,5.1,75,98,44,9.7
2020-02-09,0.1,9.1,19.1,13.6,1.94,7.8,69,86,40,10.1
2020-02-10,0.0,6.3,22.2,13.2,2.0,7.3,68,91,37,10.1
2020-02-11,0.0,10.6,24.5,16.6,2.03,7.3,64,83,39,10.2
2020-02-12,0.0,9.9,19.4,14.2,1.93,8.7,71,91,46,9.3
2020-02-13,0.0,10.0,21.1,14.6,1.52,7.4,72,90,42,10.1
2020-02-14,0.0,10.5,21.1,14.4,2.11,6.7,67,84,43,10.4
2020-02-15,0.0,7.3,21.0,12.9,1.38,7.1,79,96,47,10.5
2020-02-16,0.0,8.3,21.7,13.2,1.55,6.2,83,100,51,10.6
2020-02-17,0.0,9.3,25.1,15.4,2.03,6.8,65,99,29,10.7
2020-02-18,5.2,12.0,14.4,13.1,2.37,7.5,86,96,68,0.0
2020-02-19,0.5,10.1,15.7,12.8,1.32,5.6,84,97,62,10.0
2020-02-20,0.0,6.8,17.8,11.2,1.27,5.6,81,100,46,10.4
2020-02-21,0.0,4.5,17.1,10.2,1.7,6.4,79,100,45,10.7
2020-02-22,0.0,4.4,20.9,11.4,1.42,5.1,70,98,28,10.8
2020-02-23,0.0,5.2,21.2,11.6,1.3,4.5,71,100,23,10.8
2020-02-24,0.0,5.1,22.7,12.3,1.78,6.0,59,89,25,10.8
2020-02-25,0.0,7.8,26.0,15.6,2.78,13.3,43,80,14,10.0
2020-02-26,0.0,12.7,22.5,16.8,4.45,13.0,44,66,22,10.8
2020-02-27,0.0,7.4,24.8,14.9,2.4,7.7,49,74,20,10.9
2020-02-28,0.0,10.9,24.0,15.5,2.48,9.9,44,69,23,10.8
2020-02-29,0.0,6.4,25.0,14.7,1.63,8.5,56,91,21,10.9
2020-03-01,0.0,13.1,22.4,16.9,2.45,14.4,51,71,30,9.8
2020-03-02,0.5,12.4,24.5,17.9,5.72,20.4,44,63,20,9.4
2020-03-03,0.0,7.7,23.7,15.2,3.18,15.6,43,61,24,10.9
2020-03-04,0.0,11.9,24.3,17.4,2.92,10.7,55,78,33,11.0
2020-03-05,0.0,10.4,25.4,17.4,3.63,17.1,49,72,27,10.1
2020-03-06,0.1,10.0,18.6,14.7,4.41,19.0,38,58,18,10.9
2020-03-07,0.0,8.8,19.8,13.6,4.14,15.7,35,69,24,11.0
2020-03-08,0.0,7.4,24.2,14.7,2.54,12.4,47,74,18,11.1
2020-03-09,0.0,12.0,24.0,17.7,3.67,12.1,37,59,21,11.1
2020-03-10,0.0,10.6,24.5,16.8,2.34,11.4,41,64,24,11.1
2020-03-11,0.0,11.0,30.3,18.9,1.74,7.9,50,79,20,11.1
2020-03-12,0.0,10.2,28.4,18.4,1.43,6.9,56,90,22,10.9
2020-03-13,0.0,11.4,23.7,16.6,1.92,11.1,55,72,36,9.6
2020-03-14,0.0,10.0,22.8,15.8,1.56,9.0,68,93,37,11.2
2020-03-15,0.0,10.8,20.9,14.8,1.88,9.3,75,100,43,10.0
2020-03-16,4.2,9.8,17.3,13.1,2.1,12.9,76,99,50,7.4
2020-03-17,5.7,8.8,18.2,12.4,2.2,11.2,73,93,57,3.9
2020-03-18,0.2,9.9,19.9,14.5,3.33,12.7,73,97,43,11.3
2020-03-19,0.1,8.7,17.3,13.0,2.91,12.3,72,93,46,10.3
2020-03-20,0.0,9.7,17.4,13.3,2.8,11.4,70,91,49,6.4
2020-03-21,12.6,10.1,15.2,12.6,1.91,9.0,79,95,60,1.0
2020-03-22,11.4,8.5,14.6,11.2,1.47,7.7,85,96,66,4.3
2020-03-23,14.8,8.6,15.2,11.9,2.64,12.8,91,97,79,7.1
2020-03-24,61.9,11.2,12.8,12.0,5.62,16.2,91,95,88,0.0
2020-03-25,0.8,6.7,14.2,10.6,2.08,10.7,78,91,56,9.7
2020-03-26,1.2,6.2,19.8,11.9,2.09,11.7,74,99,28,12.0
2020-03-27,7.7,8.9,10.2,9.7,2.33,9.5,83,92,73,0.0
2020-03-28,7.1,7.9,16.3,11.1,2.03,9.7,74,94,42,8.5
2020-03-29,0.0,5.9,20.7,12.3,2.27,10.0,65,94,35,12.0
2020-03-30,6.3,7.9,18.2,12.0,3.18,11.1,79,92,61,7.9
2020-03-31,5.3,9.7,17.7,12.9,1.94,9.0,79,95,59,8.2
2020-04-01,3.0,10.3,19.7,14.0,1.33,6.5,82,100,47,11.0
2020-04-02,2.6,7.0,17.9,12.4,1.65,10.4,75,92,43,11.6
2020-04-03,0.1,8.3,18.7,12.8,1.76,9.9,71,98,41,10.4
2020-04-04,0.4,6.3,18.3,12.1,2.04,10.1,76,97,45,10.3
2020-04-05,0.0,9.1,18.9,13.3,1.97,10.1,76,96,50,12.0
2020-04-06,0.0,9.2,20.6,14.1,1.3,9.2,76,96,50,10.8
2020-04-07,0.0,10.6,20.5,14.3,1.87,9.2,74,96,45,12.0
2020-04-08,0.0,8.5,20.5,13.9,1.96,8.8,71,96,34,12.0
2020-04-09,0.0,8.3,19.9,13.9,1.92,9.7,68,93,40,10.4
2020-04-10,0.0,11.6,20.8,15.6,1.81,8.4,55,79,29,10.6
2020-04-11,0.0,9.5,21.5,15.2,1.8,10.2,62,91,30,11.4
2020-04-12,0.5,8.9,19.8,14.3,2.28,10.7,66,84,36,9.3
2020-04-13,4.9,11.9,21.4,15.8,1.28,8.5,78,95,50,10.0
2020-04-14,3.3,12.9,19.8,15.8,1.93,9.5,86,97,64,10.2
2020-04-15,12.9,12.0,19.5,15.5,2.18,9.5,83,97,61,6.1
2020-04-16,0.0,11.6,21.1,16.1,1.54,7.6,77,100,51,11.7
2020-04-17,1.7,12.0,20.8,15.7,1.58,7.9,75,95,55,8.6
2020-04-18,0.1,11.4,21.3,16.0,1.72,9.1,80,95,61,7.9
2020-04-19,3.6,13.9,22.6,17.6,1.55,8.3,80,96,56,8.2
2020-04-20,0.0,13.9,23.7,18.1,4.02,14.5,58,89,32,11.2
2020-04-21,0.8,11.9,20.6,15.6,3.25,11.9,54,72,31,11.8
2020-04-22,0.6,14.4,23.1,17.7,3.96,12.5,58,79,38,10.3
2020-04-23,0.0,11.6,21.9,16.3,1.69,8.2,74,95,45,12.1
2020-04-24,0.0,11.3,21.2,15.9,2.11,9.6,71,97,44,12.0
2020-04-25,15.4,12.1,15.9,13.4,1.45,5.8,85,93,75,0.4
2020-04-26,4.6,11.1,25.0,16.9,1.71,7.5,78,97,44,10.6
2020-04-27,0.6,13.0,22.5,17.5,1.91,10.7,72,98,49,11.8
2020-04-28,0.0,10.3,22.8,16.8,1.97,8.6,60,81,37,12.4
2020-04-29,0.0,10.0,24.6,17.5,3.03,13.6,53,76,30,12.8
2020-04-30,0.0,12.0,27.9,19.1,2.39,13.7,53,78,26,10.6
2020-05-01,0.0,14.5,29.7,21.3,2.76,10.8,51,69,30,12.8
2020-05-02,0.0,15.5,32.6,23.7,2.24,9.7,48,73,21,12.9
2020-05-03,0.0,16.2,32.4,23.8,2.11,10.0,45,68,21,13.2
2020-05-04,0.0,13.6,30.8,22.3,2.02,10.3,51,86,25,13.1
2020-05-05,0.0,16.0,32.5,24.0,1.68,8.4,45,65,25,13.1
2020-05-06,0.0,15.6,29.8,22.2,2.4,10.8,55,81,30,13.1
2020-05-07,0.0,15.4,26.5,21.0,2.7,13.8,56,90,27,12.1
2020-05-08,0.0,14.6,27.8,20.6,2.04,11.2,55,72,31,12.4
2020-05-09,0.0,15.7,27.1,20.5,1.97,9.9,69,95,40,11.9
2020-05-10,0.8,15.5,26.1,20.0,2.47,13.2,58,97,22,13.1
2020-05-11,0.0,12.6,26.3,20.2,2.02,10.9,48,78,30,13.7
2020-05-12,1.2,15.4,23.9,19.1,2.18,10.1,58,85,40,8.2
2020-05-13,0.0,9.9,25.3,17.8,1.97,10.3,60,96,24,13.7
2020-05-14,11.6,13.1,20.8,16.8,1.85,9.5,67,97,45,9.5
2020-05-15,5.1,12.9,18.7,15.9,2.02,9.2,73,89,61,5.2
2020-05-16,0.9,12.7,21.3,16.8,1.9,10.6,73,92,49,12.1
2020-05-17,1.8,13.4,21.5,17.2,1.3,7.0,78,98,53,12.1
2020-05-18,0.0,13.5,29.1,20.5,2.03,10.0,60,91,24,13.7
2020-05-19,0.0,13.9,30.8,22.0,1.6,7.3,57,86,30,13.9
2020-05-20,0.0,16.0,33.2,23.7,1.8,9.4,54,82,23,13.9
2020-05-21,0.0,16.0,31.0,23.4,1.89,10.0,55,82,33,14.0
2020-05-22,0.0,16.5,33.7,24.2,1.81,9.9,56,92,27,14.0
2020-05-23,0.0,15.8,32.8,24.3,1.79,10.1,45,79,22,13.5
2020-05-24,0.0,16.5,27.5,22.0,2.72,11.6,57,83,31,13.8
2020-05-25,0.0,15.3,26.8,20.9,2.24,10.9,57,86,28,13.2
2020-05-26,0.0,15.0,28.1,21.3,2.41,12.7,53,74,32,14.0
2020-05-27,0.0,16.2,28.0,21.7,3.27,13.1,58,83,32,13.9
2020-05-28,0.0,15.8,26.6,21.4,3.55,14.0,53,83,28,14.0
2020-05-29,0.0,14.6,27.7,21.3,2.34,10.2,47,73,25,14.0
2020-05-30,0.0,14.1,28.5,21.2,2.05,10.7,49,77,28,14.0
2020-05-31,0.0,13.4,28.2,21.1,2.15,10.5,56,96,26,12.1
2020-06-01,0.0,16.1,29.9,23.1,2.11,10.9,48,79,26,13.7
2020-06-02,0.0,14.6,30.8,22.8,1.79,9.8,59,96,27,12.2
2020-06-03,0.0,16.6,31.8,24.4,1.77,9.7,60,97,31,13.8
2020-06-04,1.4,19.2,31.8,24.3,3.2,15.2,46,62,25,12.0
2020-06-05,0.0,15.8,31.2,23.6,2.61,13.7,50,83,24,14.0
2020-06-06,0.0,18.4,32.1,25.3,1.98,10.3,44,68,25,13.5
2020-06-07,0.9,19.3,29.1,24.6,2.58,12.1,43,56,30,14.0
2020-06-08,9.8,18.3,26.6,21.1,2.48,10.8,61,81,36,12.3
2020-06-09,4.4,15.2,24.0,19.7,1.61,8.9,75,97,49,13.7
2020-06-10,0.0,15.3,26.7,20.4,1.59,8.4,72,99,42,13.6
2020-06-11,0.0,15.5,29.0,22.8,1.99,9.6,61,98,32,14.0
2020-06-12,0.1,16.9,29.8,23.4,2.38,11.4,44,70,20,14.0
2020-06-13,0.0,16.1,28.6,22.1,2.96,12.7,40,59,22,14.0
2020-06-14,0.0,16.5,31.1,23.1,2.03,12.5,43,69,21,11.3
2020-06-15,0.0,16.7,32.1,24.6,2.43,10.8,43,81,21,14.0
2020-06-16,0.0,17.1,32.8,25.1,2.25,10.3,41,73,21,11.9
2020-06-17,5.4,17.4,29.2,23.1,1.65,11.2,66,96,33,13.8
2020-06-18,0.0,18.3,30.0,23.3,2.3,10.9,69,96,39,13.5
2020-06-19,3.7,19.7,29.2,23.5,1.85,9.3,69,97,41,13.5
2020-06-20,0.0,16.8,32.2,24.4,1.71,9.3,57,91,32,14.0
2020-06-21,0.0,18.0,34.1,26.2,1.9,9.2,51,85,24,14.0
2020-06-22,0.0,17.6,31.6,24.5,2.35,11.1,59,94,30,14.0
2020-06-23,0.0,17.9,30.6,24.4,2.38,11.4,57,83,33,14.0
2020-06-24,0.0,17.8,30.3,24.1,2.18,9.3,58,93,30,13.7
2020-06-25,0.0,18.5,32.3,25.4,2.49,11.0,49,78,26,14.0
2020-06-26,0.0,18.4,32.4,25.3,1.93,9.8,58,84,31,14.0
2020-06-27,0.0,19.6,35.8,27.2,1.85,12.9,52,94,19,14.0
2020-06-28,0.0,18.4,33.6,26.3,1.86,9.6,59,97,25,14.0
2020-06-29,0.0,18.4,34.3,26.6,2.01,9.4,56,96,27,14.0
2020-06-30,0.0,19.0,33.0,26.0,2.25,10.9,56,87,31,14.0
2020-07-01,0.0,20.1,38.6,28.9,2.08,12.3,51,85,21,14.0
2020-07-02,0.0,21.3,37.4,28.9,2.23,12.7,37,71,18,14.0
2020-07-03,0.7,21.0,32.7,26.2,2.22,10.5,70,98,38,13.9
2020-07-04,0.2,21.6,32.6,26.3,1.84,9.6,66,97,39,13.0
2020-07-05,0.0,18.9,33.2,26.0,2.01,9.7,58,93,32,14.0
2020-07-06,0.0,19.4,35.5,27.2,1.97,10.2,48,84,21,14.0
2020-07-07,0.0,19.3,36.9,27.8,1.88,10.4,44,78,19,14.0
2020-07-08,0.0,20.7,32.8,26.6,2.53,10.9,62,96,28,13.4
2020-07-09,0.0,21.2,31.7,26.5,2.7,11.4,57,85,34,14.0
2020-07-10,0.0,19.8,34.1,26.4,2.26,11.3,57,85,28,14.0
2020-07-11,0.0,21.3,33.8,26.9,2.71,13.2,57,85,27,14.0
2020-07-12,0.6,22.2,32.4,25.9,2.56,12.8,65,87,36,10.2
2020-07-13,0.0,20.2,33.5,26.8,2.5,11.3,54,84,27,14.0
2020-07-14,0.2,21.8,29.7,25.7,1.85,8.9,63,84,44,12.0
2020-07-15,0.0,19.8,31.1,25.6,2.42,11.8,60,88,35,14.0
2020-07-16,0.0,19.7,31.5,25.4,2.32,10.5,63,94,34,14.0
2020-07-17,0.0,20.0,32.6,25.6,2.06,10.6,66,98,37,13.5
2020-07-18,0.0,21.7,31.3,25.8,2.1,10.3,65,91,39,13.2
2020-07-19,0.0,20.8,34.3,26.9,1.83,9.4,59,91,31,13.8
2020-07-20,0.0,22.1,34.5,27.5,2.11,10.5,60,95,30,13.8
2020-07-21,0.0,19.3,32.9,26.3,2.61,12.3,60,95,29,13.9
2020-07-22,0.0,21.1,32.3,26.8,2.6,11.9,52,76,29,13.7
2020-07-23,0.0,20.9,36.3,28.0,1.82,10.1,48,71,21,13.8
2020-07-24,0.0,21.5,36.0,28.3,1.94,9.8,57,77,34,13.6
2020-07-25,0.0,22.0,35.3,28.1,1.99,9.2,56,91,28,13.6
2020-07-26,0.0,20.0,36.6,28.0,2.18,10.9,57,93,24,13.7
2020-07-27,0.0,21.2,36.3,28.4,2.14,10.8,53,91,21,13.5
2020-07-28,0.0,22.1,36.1,28.8,2.36,10.7,48,74,25,13.6
2020-07-29,0.0,22.4,36.3,28.6,2.27,10.8,59,91,26,13.5
2020-07-30,0.0,22.1,37.5,29.0,2.18,11.4,53,82,26,13.3
2020-07-31,0.0,22.4,39.6,30.8,1.67,8.9,47,70,24,13.5
2020-08-01,0.0,23.4,42.0,32.5,1.77,10.3,46,86,14,13.3
2020-08-02,0.0,25.5,37.9,31.1,2.47,11.1,37,69,16,13.5
2020-08-03,0.2,24.1,33.8,28.0,2.22,11.7,69,93,39,12.7
2020-08-04,0.6,23.8,33.1,27.6,2.13,8.6,68,93,38,13.1
2020-08-05,0.0,21.6,34.3,27.1,2.0,10.2,66,95,37,13.2
2020-08-06,0.0,21.5,34.0,27.0,2.05,10.9,59,90,31,13.2
2020-08-07,0.0,20.0,35.8,27.5,1.76,10.1,51,87,21,13.2
2020-08-08,0.0,19.9,37.3,28.7,1.7,9.6,44,82,16,13.3
2020-08-09,0.0,21.2,37.4,29.3,1.91,9.4,45,79,17,13.1
2020-08-10,0.0,20.9,36.6,27.8,2.17,11.8,56,93,20,12.4
2020-08-11,0.0,23.2,33.6,27.6,2.92,13.4,59,83,31,11.2
2020-08-12,0.0,23.1,34.1,28.3,2.6,13.4,53,83,31,13.0
2020-08-13,0.0,21.3,36.8,28.6,1.84,10.2,50,87,24,13.0
2020-08-14,0.0,19.9,34.1,27.1,2.24,11.5,54,88,28,13.0
2020-08-15,0.0,19.7,35.6,27.4,1.86,10.1,59,94,27,12.9
2020-08-16,0.0,22.8,35.7,28.5,2.37,11.7,33,76,15,12.9
2020-08-17,0.0,22.0,36.8,28.4,2.43,10.9,27,47,14,12.9
2020-08-18,0.0,20.4,37.3,28.2,2.28,11.6,32,53,17,12.5
2020-08-19,0.0,19.1,35.5,27.4,1.91,10.3,48,83,20,12.7
2020-08-20,0.0,20.1,36.1,27.9,1.88,9.2,45,72,19,12.5
2020-08-21,0.0,23.0,38.2,29.3,1.69,10.7,58,95,23,12.5
2020-08-22,0.0,23.2,37.3,29.3,2.62,12.5,46,86,22,12.4
2020-08-23,0.4,23.5,33.2,27.6,2.34,10.9,73,98,44,11.7
2020-08-24,0.3,24.0,33.4,27.6,2.02,10.3,68,94,38,12.2
2020-08-25,0.0,20.7,36.4,27.7,1.64,9.7,62,95,27,12.2
2020-08-26,0.0,20.5,37.7,28.2,1.73,9.6,59,96,22,12.2
2020-08-27,0.0,20.8,37.8,28.9,1.95,11.7,52,89,21,12.2
2020-08-28,0.0,20.7,37.0,28.1,1.54,9.7,56,91,26,12.0
2020-08-29,1.7,19.7,33.7,25.9,1.9,13.6,48,91,16,12.0
2020-08-30,0.0,17.9,29.3,22.6,2.27,12.7,43,97,22,12.0
2020-08-31,0.0,15.6,28.4,22.3,1.77,9.8,62,93,34,12.0
2020-09-01,0.0,17.0,29.1,22.8,1.26,7.6,63,91,37,7.9
2020-09-02,0.9,19.2,29.0,23.7,1.65,10.9,61,84,42,12.0
2020-09-03,0.0,18.4,30.0,23.8,1.92,9.9,63,93,35,12.0
2020-09-04,0.0,18.3,29.4,23.5,2.27,10.5,66,93,38,12.0
2020-09-05,0.0,18.4,31.3,23.9,1.82,10.2,64,94,33,12.0
2020-09-06,0.0,18.3,31.3,24.1,1.66,8.2,63,89,32,12.0
2020-09-07,0.2,19.5,30.3,23.7,2.13,12.5,69,95,41,11.6
2020-09-08,1.1,19.3,26.9,22.4,2.31,10.4,60,79,35,12.0
2020-09-09,0.0,16.6,30.3,22.5,1.89,10.3,60,84,28,12.0
2020-09-10,0.0,17.0,31.7,23.5,1.65,10.8,61,90,28,12.0
2020-09-11,0.0,17.5,32.9,24.2,1.89,9.8,57,92,26,12.0
2020-09-12,0.0,17.7,33.2,24.7,1.78,9.5,55,81,26,12.0
2020-09-13,0.0,17.9,31.6,24.7,2.25,10.6,60,92,34,10.5
2020-09-14,0.0,18.1,30.6,24.2,2.16,9.8,67,94,38,11.1
2020-09-15,0.0,19.6,33.1,25.5,1.87,9.4,62,93,26,12.0
2020-09-16,0.0,19.9,32.9,25.4,1.76,10.1,68,100,33,10.2
2020-09-17,0.2,21.4,30.2,25.4,1.84,10.6,71,90,46,11.0
2020-09-18,6.4,19.5,25.7,22.4,1.37,10.4,80,94,56,4.0
2020-09-19,0.6,17.4,32.4,23.7,1.52,7.5,63,97,22,12.0
2020-09-20,0.0,17.9,30.8,24.0,2.11,9.0,54,77,30,11.9
2020-09-21,0.0,19.7,31.2,24.3,2.03,9.9,51,68,28,11.1
2020-09-22,0.0,18.6,31.4,24.2,1.82,9.0,49,75,23,11.2
2020-09-23,0.0,19.7,32.9,25.4,1.87,9.7,48,78,20,11.4
2020-09-24,0.3,19.0,34.3,26.3,2.25,9.8,41,64,21,9.3
2020-09-25,0.0,18.6,29.1,24.1,3.98,15.2,39,72,18,11.8
2020-09-26,0.0,15.4,27.6,20.8,3.1,11.7,31,47,19,11.8
2020-09-27,0.0,17.9,29.2,21.8,3.76,14.9,39,60,16,11.8
2020-09-28,0.0,14.1,30.0,20.6,2.01,8.5,44,88,13,11.8
2020-09-29,0.0,14.1,27.5,20.2,1.91,8.5,64,94,34,11.5
2020-09-30,0.0,13.5,27.2,20.1,1.58,7.2,69,97,36,6.9
2020-10-01,0.0,15.5,32.7,23.2,1.84,11.0,53,89,18,11.3
2020-10-02,4.1,14.6,28.7,20.5,4.03,22.3,48,79,32,5.9
2020-10-03,0.0,12.2,23.1,16.8,3.64,14.2,42,60,23,11.4
2020-10-04,0.0,8.7,26.8,17.1,1.75,6.7,47,71,24,11.1
2020-10-05,0.0,12.7,25.6,19.1,2.38,10.9,46,77,23,11.2
2020-10-06,0.0,11.9,29.3,19.5,2.0,10.2,43,60,21,11.1
2020-10-07,0.0,15.8,32.0,22.5,2.17,8.2,47,71,17,11.0
2020-10-08,0.0,14.1,27.2,20.2,1.79,8.6,67,90,44,10.9
2020-10-09,0.0,16.8,29.0,21.4,1.47,7.6,74,99,38,10.3
2020-10-10,0.0,15.5,26.9,20.2,1.42,8.0,76,100,44,10.3
2020-10-11,1.4,15.5,26.3,19.0,1.66,9.7,69,94,13,6.0
2020-10-12,0.0,12.8,23.5,16.8,2.58,9.4,48,91,21,10.8
2020-10-13,0.0,11.1,27.5,18.7,2.2,10.0,42,72,24,10.6
2020-10-14,0.0,11.2,25.2,17.7,2.56,11.7,52,92,21,10.6
2020-10-15,0.0,11.2,24.0,16.7,2.56,9.1,40,74,18,10.6
2020-10-16,0.0,10.8,22.9,16.2,2.24,9.2,43,67,23,10.6
2020-10-17,0.0,8.8,24.7,15.8,1.68,8.8,47,90,19,10.5
2020-10-18,0.0,10.3,24.9,16.2,1.69,7.4,50,87,24,10.5
2020-10-19,0.0,9.3,24.3,15.8,1.57,7.8,69,89,38,10.4
2020-10-20,0.0,12.5,24.9,17.5,1.47,7.9,80,100,51,9.8
2020-10-21,0.0,15.5,28.9,20.6,1.81,10.9,64,100,26,8.4
2020-10-22,5.8,16.4,19.8,18.3,1.12,5.6,81,96,68,0.0
2020-10-23,0.1,14.3,23.9,18.2,1.79,7.6,67,96,36,10.1
2020-10-24,0.0,11.8,23.9,16.6,2.26,8.6,60,81,30,10.1
2020-10-25,0.0,10.8,25.0,16.7,2.03,7.4,58,91,23,10.2
2020-10-26,0.0,12.1,20.6,16.4,3.58,13.7,46,65,26,9.0
2020-10-27,0.0,8.3,20.9,14.0,2.23,8.3,48,65,22,10.1
2020-10-28,0.0,10.8,25.3,16.9,2.09,8.1,50,63,34,10.1
2020-10-29,0.0,12.4,25.3,17.6,1.88,6.8,63,84,36,10.0
2020-10-30,0.0,10.0,26.3,17.0,1.44,6.0,65,92,29,10.0
2020-10-31,0.0,10.3,26.9,17.2,1.3,6.6,62,88,26,10.0
2020-11-01,0.0,12.3,28.1,18.5,1.69,6.4,58,82,25,10.0
2020-11-02,0.0,10.9,27.3,17.5,1.5,6.5,65,93,30,10.0
2020-11-03,0.1,9.9,23.1,15.8,1.8,8.1,75,99,46,10.0
2020-11-04,1.9,14.5,19.6,16.7,1.74,10.1,82,98,58,8.3
2020-11-05,18.4,15.3,18.2,16.5,3.72,13.8,93,97,87,0.4
2020-11-06,0.0,12.8,24.0,17.4,2.58,10.9,80,98,54,9.9
2020-11-07,1.7,14.3,23.2,18.7,1.81,12.6,72,92,46,9.9
2020-11-08,0.0,10.1,21.9,15.4,1.5,4.9,75,96,54,9.4
2020-11-09,0.0,12.0,22.9,16.2,1.54,5.9,76,99,39,9.1
2020-11-10,0.0,13.5,22.3,16.4,1.89,7.1,72,90,43,9.9
2020-11-11,0.0,10.9,20.1,15.0,1.26,4.9,81,98,52,9.9
2020-11-12,0.0,11.4,21.1,14.8,1.62,7.4,81,100,45,8.9
2020-11-13,0.0,14.1,22.3,17.0,1.59,6.6,76,94,46,8.9
2020-11-14,2.6,14.1,19.5,16.1,0.85,3.6,90,96,72,2.9
2020-11-15,0.1,13.1,24.5,17.8,1.65,6.3,77,99,44,9.8
2020-11-16,0.0,13.2,25.3,17.9,2.16,9.9,72,94,44,9.8
2020-11-17,0.0,14.5,23.3,17.8,0.88,5.3,77,99,50,9.0
2020-11-18,0.0,13.5,22.3,17.1,1.09,5.7,81,100,50,9.8
2020-11-19,0.0,12.3,21.2,15.6,1.24,5.2,82,99,52,9.5
2020-11-20,0.0,10.5,20.9,14.4,1.65,6.3,74,95,46,9.7
2020-11-21,0.0,7.7,19.1,13.8,1.46,7.3,70,96,39,9.7
2020-11-22,0.0,7.5,18.1,11.9,1.15,4.6,71,97,37,9.7
2020-11-23,0.0,5.6,18.2,10.8,1.32,4.4,74,95,41,9.7
2020-11-24,0.0,5.0,18.2,10.7,1.32,4.4,79,97,45,9.0
2020-11-25,0.2,6.8,18.9,11.9,1.41,5.9,79,98,47,9.2
2020-11-26,0.9,11.7,20.3,14.8,2.27,11.3,77,96,40,6.4
2020-11-27,29.7,11.3,16.0,13.0,2.27,11.0,90,98,70,0.0
2020-11-28,0.0,9.5,17.3,12.5,2.53,10.0,77,96,54,9.5
2020-11-29,0.0,8.3,17.8,12.1,1.83,5.6,69,85,50,9.6
2020-11-30,0.0,8.0,17.7,11.9,1.56,5.1,83,96,61,9.5
2020-12-01,0.0,8.9,18.8,12.7,1.99,6.2,79,97,48,9.6
2020-12-02,0.0,8.2,16.8,12.1,3.56,12.1,54,79,33,8.8
2020-12-03,0.0,4.5,14.6,8.2,2.04,6.1,61,93,42,9.5
2020-12-04,0.3,5.1,16.1,9.4,2.61,16.4,72,87,47,6.6
2020-12-05,0.0,4.6,11.6,7.5,4.14,14.4,57,79,39,9.5
2020-12-06,0.0,3.8,13.2,8.1,4.2,13.6,55,70,39,9.0
2020-12-07,0.0,6.3,18.1,10.8,2.93,11.6,63,76,46,8.5
2020-12-08,0.6,8.0,14.5,11.4,5.15,18.8,57,80,38,9.4
2020-12-09,0.0,6.4,14.3,9.7,3.81,13.1,54,67,38,9.4
2020-12-10,0.0,5.7,18.5,11.6,1.99,6.6,65,82,55,4.1
2020-12-11,0.2,9.9,24.2,16.5,2.85,12.6,71,94,48,8.1
2020-12-12,0.0,11.4,21.8,17.5,3.94,13.9,53,71,38,9.2
2020-12-13,0.0,8.9,20.9,13.4,1.59,4.9,64,82,38,9.3
2020-12-14,0.0,9.1,18.5,12.2,1.22,5.9,76,96,51,4.7
2020-12-15,0.0,8.5,19.5,12.8,1.85,7.4,71,95,47,9.3
2020-12-16,0.0,5.3,17.5,10.7,1.42,4.6,75,94,56,9.4
2020-12-17,0.0,7.4,17.7,11.0,1.74,5.8,81,100,53,8.9
2020-12-18,0.0,5.1,17.8,10.5,1.51,4.1,74,96,45,9.4
2020-12-19,0.8,5.5,17.8,10.7,1.33,4.9,79,98,52,8.6
2020-12-20,0.3,9.4,18.4,12.5,1.95,8.3,75,92,46,8.5
2020-12-21,0.0,7.3,17.8,11.5,2.07,6.0,67,85,40,9.4
2020-12-22,0.0,7.1,18.4,12.0,1.55,4.9,74,91,51,9.3
2020-12-23,0.0,6.5,19.4,11.5,1.38,5.7,81,98,51,9.3
2020-12-24,0.0,7.9,19.1,12.7,1.84,5.9,71,95,42,9.3
2020-12-25,0.0,7.2,15.5,11.2,3.11,12.0,61,99,24,6.3
2020-12-26,0.0,3.1,12.2,6.5,3.24,10.9,43,61,27,9.4
2020-12-27,0.0,1.5,14.6,6.0,1.91,5.4,53,70,24,9.4
2020-12-28,0.1,2.1,15.6,9.1,2.71,11.8,52,68,36,5.4
2020-12-29,0.0,3.2,14.3,8.3,3.57,14.6,57,77,37,9.4
2020-12-30,0.0,4.7,13.5,8.2,3.62,12.1,51,64,31,9.4
2020-12-31,0.0,0.5,14.0,6.0,1.93,5.9,56,73,26,9.4
2021-01-01,1.3,2.4,12.5,6.9,3.79,18.6,64,91,38,9.2
2021-01-02,0.0,2.5,11.0,6.6,4.65,16.0,50,72,27,9.4
2021-01-03,0.0,2.6,11.9,7.1,4.73,14.9,41,60,28,9.5
2021-01-04,0.0,-0.7,13.9,5.8,1.95,6.9,52,80,26,9.0
2021-01-05,0.0,0.2,11.9,6.2,2.3,8.7,56,87,26,9.3
2021-01-06,0.0,2.3,11.2,6.3,1.75,4.8,53,70,35,8.3
2021-01-07,16.3,4.2,8.0,5.5,3.24,8.6,89,94,70,0.0
2021-01-08,24.5,3.9,7.1,5.2,2.83,8.3,93,94,91,0.0
2021-01-09,5.8,4.8,10.5,6.8,2.17,6.2,90,95,83,4.7
2021-01-10,2.5,2.6,8.0,4.5,2.04,7.7,86,92,74,2.9
2021-01-11,0.0,1.8,11.3,5.7,1.98,6.7,76,93,55,9.4
2021-01-12,0.0,0.7,12.8,5.0,2.81,8.1,59,70,36,9.6
2021-01-13,0.0,2.6,14.2,6.6,2.76,8.4,54,67,38,9.6
2021-01-14,0.0,3.8,16.5,8.2,2.99,8.2,53,67,32,9.6
2021-01-15,0.0,6.3,16.0,9.6,3.97,10.4,53,69,38,9.6
2021-01-16,0.0,4.1,14.8,8.8,2.5,10.2,52,68,33,9.6
2021-01-17,0.0,4.2,19.1,9.6,2.51,8.2,44,65,27,9.6
2021-01-18,0.0,4.9,16.6,9.7,2.0,8.2,55,93,36,9.2
2021-01-19,0.0,3.3,15.5,7.8,1.36,4.9,82,100,54,9.6
2021-01-20,0.4,4.5,10.6,7.2,1.22,4.4,90,100,75,2.5
2021-01-21,0.0,4.6,19.4,11.2,2.33,10.7,71,92,40,9.6
2021-01-22,0.0,10.9,19.5,14.6,6.12,21.6,52,77,28,9.7
2021-01-23,0.0,5.0,17.8,11.0,2.22,14.2,60,89,32,9.6
2021-01-24,0.0,9.8,21.0,15.5,3.51,13.9,55,85,33,9.7
2021-01-25,0.0,8.4,21.6,14.2,2.31,11.2,61,78,42,9.7
2021-01-26,0.2,10.5,19.5,14.4,1.73,7.4,77,95,55,9.5
2021-01-27,0.0,10.4,23.8,15.9,2.49,11.2,72,92,44,9.7
2021-01-28,0.0,12.5,25.6,17.1,2.3,6.4,62,81,33,9.7
2021-01-29,0.0,11.1,26.3,16.9,1.85,5.3,52,79,22,9.7
2021-01-30,0.0,9.6,22.5,15.3,3.23,12.3,51,75,22,8.8
2021-01-31,0.0,11.6,21.1,14.9,3.04,10.9,51,73,37,8.8
2021-02-01,0.0,11.2,24.6,17.9,4.49,14.8,46,78,25,9.8
2021-02-02,0.0,9.2,22.8,15.5,2.19,9.8,56,80,32,9.8
2021-02-03,0.0,9.1,22.3,15.0,1.82,6.8,52,72,28,8.3
2021-02-04,0.0,7.3,21.8,13.6,1.67,7.9,63,94,36,9.0
2021-02-05,0.0,7.2,19.2,12.7,1.76,9.6,80,100,50,9.8
2021-02-06,0.0,6.1,20.3,13.0,1.4,5.8,62,94,27,10.0
2021-02-07,0.1,6.7,18.2,12.1,2.98,13.1,58,82,34,9.7
2021-02-08,0.8,7.7,19.8,13.0,2.73,13.2,52,75,21,7.3
2021-02-09,0.1,5.7,17.6,11.9,2.68,9.6,59,85,37,3.6
2021-02-10,0.2,9.9,20.6,15.1,2.96,11.5,56,76,39,6.0
2021-02-11,0.0,8.3,23.6,15.2,1.54,8.4,60,79,38,10.1
2021-02-12,0.0,12.5,23.0,17.0,3.19,15.0,55,82,23,9.9
2021-02-13,0.0,11.9,22.2,15.6,3.13,9.8,47,67,25,10.4
2021-02-14,0.1,7.4,19.3,12.7,2.35,8.9,65,96,41,10.4
2021-02-15,0.4,8.8,17.1,12.4,1.57,7.9,74,97,42,8.5
2021-02-16,0.0,5.8,20.1,11.4,1.02,5.6,72,97,33,10.5
2021-02-17,0.0,6.8,22.8,13.3,1.98,8.3,59,94,26,10.6
2021-02-18,0.0,6.2,22.4,12.9,1.3,6.6,70,100,24,10.7
2021-02-19,0.0,6.9,22.4,13.0,1.86,8.2,61,92,29,10.7
2021-02-20,0.0,9.0,19.1,12.3,1.55,9.0,82,100,46,10.2
2021-02-21,0.4,8.6,18.6,13.0,2.0,6.5,75,97,49,3.4
2021-02-22,0.0,6.0,17.4,11.7,2.95,12.7,62,93,28,10.2
2021-02-23,0.0,6.9,18.1,12.3,2.24,10.6,62,86,36,10.8
2021-02-24,0.0,8.0,17.7,11.9,2.23,10.0,72,93,43,6.8
2021-02-25,0.0,9.2,17.5,12.5,1.94,9.6,80,96,55,7.4
2021-02-26,0.0,9.2,17.4,12.3,2.42,9.7,77,94,46,8.0
2021-02-27,0.0,7.9,17.3,11.8,1.92,7.5,72,93,42,9.9
2021-02-28,2.0,8.9,15.5,12.2,3.02,12.8,76,92,59,7.2
2021-03-01,4.3,11.1,16.6,12.9,3.92,13.9,76,89,56,2.7
2021-03-02,1.0,8.6,18.7,13.1,2.13,9.1,77,93,51,7.9
2021-03-03,0.2,8.8,18.0,13.2,2.13,8.8,77,95,52,8.2
2021-03-04,0.0,8.2,17.1,12.4,1.87,7.9,75,96,43,9.7
2021-03-05,1.1,9.3,15.3,11.9,1.74,8.4,85,97,64,7.2
2021-03-06,0.7,9.0,16.8,12.4,2.6,11.5,79,96,50,7.0
2021-03-07,20.5,10.9,15.1,12.2,1.73,8.2,86,93,69,2.0
2021-03-08,8.4,8.7,16.7,12.2,2.05,8.5,77,96,51,9.0
2021-03-09,11.1,9.7,14.3,11.6,1.53,7.8,80,96,57,10.2
2021-03-10,0.0,6.4,19.2,11.9,1.81,8.0,69,95,35,11.0
2021-03-11,0.0,5.2,21.9,12.7,2.15,9.7,68,95,34,11.2
2021-03-12,0.0,10.7,23.6,15.7,1.94,8.2,62,91,39,10.2
2021-03-13,0.0,9.1,20.5,13.9,1.64,7.9,69,94,38,11.1
2021-03-14,0.0,9.2,21.5,14.3,2.57,9.1,55,96,26,11.3
2021-03-15,0.0,6.3,20.1,12.7,1.47,7.9,65,88,40,11.4
2021-03-16,0.0,7.8,18.6,12.4,2.04,9.0,69,94,42,11.4
2021-03-17,0.0,5.4,21.0,12.3,1.53,7.0,68,93,29,11.5
2021-03-18,10.8,7.4,13.5,9.5,2.08,9.7,80,96,52,5.9
2021-03-19,5.2,6.3,13.7,9.6,3.04,13.0,65,88,35,4.8
2021-03-20,2.8,4.8,13.3,8.7,3.78,14.9,68,92,41,11.3
2021-03-21,0.0,2.9,16.2,8.9,2.45,9.9,56,77,29,11.7
2021-03-22,0.0,6.2,18.5,11.4,2.62,9.5,53,81,31,11.8
2021-03-23,0.0,5.3,21.8,12.6,1.98,9.9,64,92,31,11.9
2021-03-24,0.0,5.9,21.8,13.0,1.75,8.1,74,96,41,11.9
2021-03-25,0.0,7.2,24.2,14.8,1.99,9.6,68,100,32,11.9
2021-03-26,0.0,9.6,24.4,15.4,1.53,8.6,69,100,33,9.9
2021-03-27,0.3,9.4,21.5,14.9,2.67,11.9,62,92,44,11.1
2021-03-28,0.0,8.5,20.5,13.4,2.81,12.2,67,93,35,11.5
2021-03-29,0.3,10.4,20.0,14.8,2.74,12.4,63,78,49,11.0
2021-03-30,0.0,9.6,20.9,14.8,3.35,12.6,64,93,38,12.0
2021-03-31,0.0,8.3,20.7,14.1,2.89,12.1,52,74,26,12.0
2021-04-01,0.0,8.8,21.2,14.4,2.25,10.9,62,84,39,11.6
2021-04-02,0.0,10.1,24.9,16.9,2.27,9.1,63,94,32,12.0
2021-04-03,1.1,11.9,23.0,16.9,1.97,10.2,56,73,34,12.0
2021-04-04,2.3,8.9,18.7,14.4,2.54,11.2,72,90,56,12.0
2021-04-05,0.1,9.1,20.3,14.5,1.57,9.1,74,98,49,12.0
2021-04-06,0.0,9.0,28.2,17.8,2.46,11.7,57,94,19,12.0
2021-04-07,0.2,11.4,18.0,14.5,3.86,13.0,72,93,50,4.0
2021-04-08,0.9,9.4,16.9,13.0,2.7,9.1,65,82,42,11.1
2021-04-09,2.6,8.9,17.8,12.5,1.83,8.4,76,94,57,9.3
2021-04-10,3.3,10.7,18.9,14.2,1.73,7.7,82,95,59,1.8
2021-04-11,0.3,11.4,22.1,16.3,1.48,8.6,76,99,47,11.8
2021-04-12,0.0,10.7,19.2,14.8,2.12,9.0,72,94,49,6.3
2021-04-13,0.0,10.5,19.0,14.5,2.01,9.4,71,96,44,11.2
2021-04-14,5.9,10.9,17.2,13.2,2.04,9.1,81,94,57,0.2
2021-04-15,14.2,9.7,13.1,11.5,1.84,8.0,91,96,83,0.0
2021-04-16,1.3,7.9,19.4,13.0,1.97,7.3,69,97,34,11.8
2021-04-17,1.0,6.6,19.6,12.5,2.28,13.1,71,97,25,12.1
2021-04-18,0.1,10.9,19.1,14.0,2.14,9.5,67,90,32,11.3
2021-04-19,0.0,7.9,22.8,14.9,1.9,8.9,68,99,33,9.8
2021-04-20,0.7,12.4,23.0,17.2,2.0,7.9,63,94,40,10.3
2021-04-21,3.3,14.2,20.1,16.1,1.61,8.0,83,96,56,4.8
2021-04-22,9.7,12.3,17.1,14.5,1.48,8.4,89,98,71,5.7
2021-04-23,1.2,12.1,18.5,14.8,2.34,9.8,81,98,59,9.2
2021-04-24,3.0,12.6,17.5,14.6,2.97,11.3,76,90,62,4.2
2021-04-25,2.3,11.4,22.1,16.1,2.92,13.9,73,93,53,11.2
2021-04-26,4.8,12.5,21.2,16.9,1.95,8.6,77,93,57,10.8
2021-04-27,0.6,11.6,23.5,17.5,1.65,9.7,70,93,42,11.2
2021-04-28,0.1,11.8,22.8,17.7,1.79,8.3,68,93,44,12.1
2021-04-29,0.0,12.4,23.8,18.1,1.84,10.0,62,87,35,11.1
2021-04-30,0.2,13.5,23.1,17.6,2.15,9.8,59,82,36,11.1
2021-05-01,1.0,11.9,22.8,17.5,1.91,10.7,59,91,29,11.9
2021-05-02,1.3,11.0,20.4,16.1,2.27,9.5,60,84,47,12.9
2021-05-03,4.3,12.3,21.1,15.6,2.56,12.0,72,89,44,8.7
2021-05-04,0.8,11.2,24.7,16.7,1.67,11.5,70,92,37,13.1
2021-05-05,0.0,11.6,27.6,18.7,1.83,10.5,64,95,27,13.3
2021-05-06,0.0,11.3,27.5,18.9,1.92,12.4,68,99,39,13.4
2021-05-07,0.0,13.9,31.7,22.0,1.81,6.9,49,89,21,13.7
2021-05-08,0.0,12.9,28.1,20.4,2.19,10.8,56,81,31,13.1
2021-05-09,0.0,15.5,28.7,22.6,3.27,14.9,46,75,33,11.6
2021-05-10,0.5,16.8,24.3,20.1,2.34,10.4,46,66,29,9.2
2021-05-11,0.0,13.2,24.1,18.2,3.72,12.7,39,55,19,13.9
2021-05-12,0.0,11.0,27.3,19.7,2.22,11.5,42,67,21,13.9
2021-05-13,0.0,14.5,27.0,20.8,3.15,12.4,40,56,27,13.4
2021-05-14,0.0,16.1,29.4,21.4,2.71,12.5,44,65,19,13.9
2021-05-15,0.0,13.7,32.1,22.4,1.97,11.1,49,91,19,13.3
2021-05-16,0.0,17.7,34.8,25.6,2.59,12.6,34,56,17,13.6
2021-05-17,0.0,17.6,30.4,23.1,3.0,14.0,49,80,29,13.8
2021-05-18,0.0,14.6,29.1,21.3,1.79,10.7,66,93,36,13.9
2021-05-19,0.0,17.2,26.1,21.1,2.82,12.5,60,86,40,13.8
2021-05-20,0.0,14.8,26.2,20.1,2.16,9.3,61,90,31,13.5
2021-05-21,0.0,13.2,30.6,21.6,1.73,10.4,57,95,24,13.3
2021-05-22,0.4,16.5,28.7,22.3,2.81,11.5,51,86,24,13.0
2021-05-23,32.4,15.1,18.3,16.9,2.16,9.1,87,96,79,0.0
2021-05-24,6.6,12.1,26.0,18.9,2.31,10.3,62,96,34,14.0
2021-05-25,0.0,12.4,24.0,18.0,2.56,11.3,61,89,36,13.8
2021-05-26,0.0,14.3,24.1,18.9,2.27,9.2,69,96,41,13.7
2021-05-27,0.9,12.3,24.0,17.7,1.93,11.3,69,97,40,9.8
2021-05-28,1.8,15.3,24.4,19.3,2.1,8.5,65,82,46,7.2
2021-05-29,0.0,14.1,28.4,20.7,1.49,7.8,64,92,38,13.0
2021-05-30,0.0,14.8,28.8,21.4,1.66,8.4,56,85,31,11.9
2021-05-31,0.2,15.1,24.0,20.3,1.21,9.9,62,82,41,4.1
2021-06-01,1.3,15.7,27.4,20.6,1.88,10.7,69,92,46,9.4
2021-06-02,0.1,15.8,29.7,21.3,2.05,12.5,73,99,35,10.3
2021-06-03,0.0,18.2,27.0,21.9,2.38,11.6,70,93,43,13.8
2021-06-04,1.4,17.6,27.6,21.6,1.96,9.7,74,93,46,6.0
2021-06-05,8.2,17.4,25.4,20.3,1.6,9.6,83,99,55,6.8
2021-06-06,0.0,15.6,29.8,21.6,1.92,10.5,70,97,33,14.0
2021-06-07,0.0,15.0,30.1,22.2,1.54,8.2,70,99,42,14.0
2021-06-08,0.0,15.8,31.4,23.6,1.62,8.3,63,98,32,13.9
2021-06-09,0.0,15.9,34.0,24.8,1.87,8.7,54,87,24,14.0
2021-06-10,0.0,16.5,30.2,23.4,2.18,10.2,61,96,31,14.0
2021-06-11,0.0,16.3,30.5,23.6,2.45,12.2,54,81,27,14.0
2021-06-12,0.0,17.6,30.6,24.3,3.09,13.7,48,68,29,14.0
2021-06-13,0.0,18.6,31.7,25.2,2.81,12.5,49,74,26,14.0
2021-06-14,0.0,18.4,32.8,26.2,2.18,10.9,36,56,19,13.9
2021-06-15,0.0,19.3,31.3,25.6,2.96,13.6,40,53,29,10.1
2021-06-16,0.0,20.4,33.0,26.1,2.01,10.1,49,71,26,11.7
2021-06-17,2.0,20.4,30.3,24.7,1.73,9.9,61,93,33,13.8
2021-06-18,0.0,18.8,29.4,24.1,2.54,10.5,55,81,38,13.3
2021-06-19,0.8,19.6,27.9,23.2,1.97,8.7,71,97,45,7.0
2021-06-20,0.1,18.5,31.3,24.5,1.82,9.1,54,89,25,14.0
2021-06-21,0.0,19.3,32.7,25.6,2.18,12.5,44,65,24,14.0
2021-06-22,0.0,19.4,32.0,25.2,2.94,14.7,33,47,19,14.0
2021-06-23,0.1,18.3,28.1,23.1,2.54,11.0,56,78,37,14.0
2021-06-24,0.0,18.0,29.0,23.3,2.61,11.5,60,90,32,14.0
2021-06-25,0.0,18.4,30.0,23.7,2.5,10.5,58,80,33,14.0
2021-06-26,0.0,16.4,32.3,24.6,2.18,10.6,52,88,19,14.0
2021-06-27,0.0,17.7,34.3,25.4,2.09,12.4,58,94,28,14.0
2021-06-28,0.0,19.1,36.3,26.9,2.22,12.6,46,84,16,14.0
2021-06-29,0.0,18.6,31.4,25.0,2.41,11.1,59,80,33,14.0
2021-06-30,0.1,20.0,30.9,24.8,2.2,9.7,68,94,39,13.0
2021-07-01,0.0,18.4,32.5,25.5,1.9,9.8,63,99,29,13.9
2021-07-02,0.0,19.2,36.5,27.5,1.75,10.0,57,95,26,14.0
2021-07-03,0.0,19.7,38.9,29.7,1.96,9.3,45,93,12,14.0
2021-07-04,0.0,21.5,39.4,30.1,2.28,10.6,37,81,13,14.0
2021-07-05,0.0,21.4,36.0,28.8,2.16,10.6,44,82,26,14.0
2021-07-06,0.0,21.4,39.0,30.7,1.92,11.0,40,78,18,14.0
2021-07-07,1.2,23.2,34.8,28.1,2.37,10.5,46,70,26,14.0
2021-07-08,0.2,21.5,31.6,26.0,2.48,10.9,66,95,36,13.8
2021-07-09,0.4,21.2,31.0,25.5,2.76,11.1,63,93,36,13.7
2021-07-10,0.0,17.8,34.5,26.1,1.85,9.1,53,81,24,13.0
2021-07-11,0.0,19.7,35.3,27.8,2.01,9.2,57,86,34,14.0
2021-07-12,0.0,21.1,44.4,32.4,3.07,15.4,44,99,6,13.8
2021-07-13,0.0,21.4,33.5,27.4,2.41,13.1,29,62,13,14.0
2021-07-14,0.9,20.4,30.0,24.7,2.05,11.5,61,90,40,13.6
2021-07-15,0.0,18.3,30.2,24.0,2.53,12.0,56,80,30,14.0
2021-07-16,0.0,19.6,33.2,25.7,1.65,9.9,62,94,33,13.7
2021-07-17,0.0,19.5,34.9,26.5,1.99,9.7,60,97,26,13.3
2021-07-18,0.0,20.2,37.0,27.5,1.63,10.6,59,96,26,13.8
2021-07-19,0.0,20.5,33.8,27.0,2.29,10.2,60,98,32,13.8
2021-07-20,0.0,21.2,35.7,27.6,1.88,10.0,58,95,25,13.5
2021-07-21,0.0,20.0,36.7,27.8,2.09,11.0,57,96,23,13.9
2021-07-22,0.0,20.2,37.8,28.6,2.38,10.9,50,88,16,13.9
2021-07-23,0.0,20.2,39.2,29.8,1.98,10.7,47,87,16,13.8
2021-07-24,0.0,23.3,41.3,31.0,2.13,12.4,41,70,15,13.8
2021-07-25,0.0,22.7,36.6,28.0,2.07,11.2,50,80,14,13.8
2021-07-26,7.6,22.3,31.8,25.5,1.9,13.6,70,91,33,13.2
2021-07-27,0.0,19.6,32.8,25.9,1.77,10.1,65,95,40,13.6
2021-07-28,0.0,19.3,33.1,26.3,2.1,11.1,62,95,33,13.6
2021-07-29,0.0,21.3,33.0,26.6,1.94,9.4,69,98,41,13.5
2021-07-30,0.0,21.4,39.8,29.3,2.06,10.1,59,95,22,13.3
2021-07-31,0.0,22.1,35.8,29.3,2.3,12.5,36,84,16,13.6
2021-08-01,0.0,21.4,30.5,26.5,2.53,10.7,44,75,21,12.9
2021-08-02,1.0,21.8,30.9,25.5,2.69,10.8,64,87,32,11.6
2021-08-03,0.0,19.8,33.6,25.7,1.91,10.6,63,98,22,13.4
2021-08-04,0.0,19.9,38.1,28.0,2.01,14.9,51,89,17,13.1
2021-08-05,0.0,21.4,37.0,28.3,2.08,10.5,57,89,29,13.3
2021-08-06,0.0,21.4,40.2,30.3,1.91,10.9,47,92,16,13.3
2021-08-07,0.0,21.2,38.6,29.7,1.83,10.9,50,97,19,13.2
2021-08-08,0.2,23.4,31.5,27.1,3.51,14.3,54,82,24,11.5
2021-08-09,0.1,22.9,31.6,26.6,2.75,10.8,64,84,41,13.0
2021-08-10,0.0,21.6,34.0,27.2,1.89,13.6,54,79,31,12.4
2021-08-11,0.0,23.5,35.8,29.0,1.94,10.9,51,76,24,11.9
2021-08-12,0.0,24.4,41.2,31.2,1.48,8.1,42,66,17,9.6
2021-08-13,0.0,22.3,38.7,30.7,2.13,10.1,45,78,25,13.0
2021-08-14,0.0,22.5,43.1,31.7,1.53,8.7,46,76,17,12.6
2021-08-15,0.0,24.4,44.9,33.6,2.12,11.5,38,77,7,11.8
2021-08-16,0.0,23.5,37.6,30.1,2.87,12.2,55,87,22,12.4
2021-08-17,0.3,23.9,32.1,27.4,3.19,9.8,66,86,39,12.5
2021-08-18,0.0,22.4,32.8,27.0,2.1,10.6,63,87,40,12.5
2021-08-19,0.0,21.9,32.5,26.6,1.8,9.1,63,86,41,12.4
2021-08-20,0.0,21.6,33.1,26.9,1.83,10.0,64,88,39,12.5
2021-08-21,0.0,20.6,34.6,27.2,2.01,9.6,63,97,32,12.3
2021-08-22,0.0,21.8,34.9,27.4,2.17,11.5,57,92,23,12.1
2021-08-23,0.0,21.0,33.9,26.5,2.51,12.3,50,78,21,11.0
2021-08-24,0.1,20.7,31.0,25.5,2.13,11.4,66,86,43,8.6
2021-08-25,0.1,20.2,33.5,26.1,1.99,9.3,59,83,32,12.1
2021-08-26,0.0,20.3,35.0,27.1,1.71,10.0,61,95,29,12.2
2021-08-27,0.0,20.5,38.9,29.0,1.78,10.9,48,82,18,12.0
2021-08-28,0.0,22.8,37.8,29.4,2.25,11.8,45,87,18,12.1
2021-08-29,0.0,22.1,34.7,27.2,1.79,10.9,65,95,29,12.0
2021-08-30,0.6,22.3,33.5,26.7,1.94,8.5,70,95,38,12.0
2021-08-31,0.2,22.3,31.1,25.9,2.63,12.5,69,92,38,12.0
2021-09-01,6.7,20.7,30.1,25.3,3.09,10.6,67,90,49,6.5
2021-09-02,2.2,19.7,29.8,24.2,2.01,8.7,76,94,54,12.0
2021-09-03,0.0,20.1,31.3,25.0,1.46,8.4,73,99,42,12.0
2021-09-04,0.0,19.6,32.1,24.8,1.66,9.3,73,98,39,12.0
2021-09-05,0.0,19.7,32.2,25.3,1.77,8.5,70,98,39,12.0
2021-09-06,0.0,19.4,33.7,25.8,1.53,9.3,64,97,29,11.5
2021-09-07,0.0,19.8,33.0,25.9,2.04,10.8,63,95,30,11.0
2021-09-08,0.0,20.2,35.3,26.9,1.38,8.6,61,92,26,12.0
2021-09-09,0.0,21.3,34.0,27.5,2.78,11.4,39,84,21,11.0
2021-09-10,0.0,21.9,33.9,27.6,2.5,13.1,40,56,21,12.0
2021-09-11,0.0,20.3,33.1,26.2,1.95,10.9,51,73,25,12.0
2021-09-12,0.0,18.6,34.3,25.6,1.79,10.3,57,83,26,12.0
2021-09-13,0.0,19.7,30.8,24.6,1.32,13.4,70,96,37,4.6
2021-09-14,1.4,21.1,31.7,25.5,1.59,10.6,59,92,30,2.1
2021-09-15,0.2,20.4,32.2,25.3,2.08,10.6,55,75,32,10.9
2021-09-16,3.0,20.1,30.5,24.2,1.7,9.9,67,91,33,11.6
2021-09-17,0.0,18.6,30.6,23.7,1.44,9.1,71,98,34,12.0
2021-09-18,0.0,18.1,32.7,24.6,1.56,9.6,64,92,29,12.0
2021-09-19,0.0,18.9,29.3,23.4,2.36,10.2,56,95,37,12.0
2021-09-20,1.9,18.2,29.8,22.9,1.64,8.3,67,87,40,11.8
2021-09-21,28.0,18.0,23.9,20.4,2.41,10.2,74,98,50,10.9
2021-09-22,0.0,15.7,25.5,20.3,2.12,8.2,71,93,50,8.3
2021-09-23,0.0,17.2,27.9,21.9,2.49,10.1,75,94,45,11.6
2021-09-24,1.0,20.1,28.8,23.6,1.64,6.1,77,93,49,9.2
2021-09-25,1.7,21.1,29.8,24.3,1.42,9.1,79,95,51,10.2
2021-09-26,0.0,18.1,29.1,23.1,1.89,7.6,60,95,34,11.8
2021-09-27,0.0,16.3,30.4,22.5,1.37,6.5,62,90,34,11.8
2021-09-28,0.0,14.2,28.5,21.0,1.39,7.2,67,91,36,11.5
2021-09-29,0.0,16.7,30.4,22.0,2.02,10.0,69,95,33,11.6
2021-09-30,0.0,17.6,28.8,22.2,1.54,9.9,76,98,44,11.5
2021-10-01,0.0,16.8,29.3,22.3,1.26,9.8,74,95,42,11.1
2021-10-02,0.0,17.2,28.3,21.8,1.46,9.1,77,98,47,10.7
2021-10-03,5.4,17.7,28.8,22.2,1.58,8.8,72,98,36,10.5
2021-10-04,4.1,14.0,23.1,18.1,3.38,10.3,55,85,30,9.5
2021-10-05,0.0,11.2,26.5,18.1,1.9,7.5,58,82,30,11.0
2021-10-06,0.0,15.5,26.7,20.7,2.42,9.1,65,85,46,11.0
2021-10-07,0.2,17.1,25.7,20.5,1.09,5.8,79,97,53,8.9
2021-10-08,0.3,15.8,25.6,20.0,1.31,7.7,79,97,52,6.2
2021-10-09,0.5,17.1,24.8,20.4,1.42,7.2,75,97,50,10.5
2021-10-10,1.0,15.3,23.2,19.2,1.42,6.5,77,98,55,10.6
2021-10-11,0.5,15.6,24.4,19.3,2.01,10.1,78,97,50,9.5
2021-10-12,0.3,16.0,26.3,20.2,1.38,7.7,70,92,39,10.0
2021-10-13,0.0,13.4,26.1,19.0,1.53,7.5,71,96,42,10.6
2021-10-14,0.0,12.3,26.3,18.5,1.58,10.0,73,100,33,10.4
2021-10-15,0.0,12.0,26.8,18.6,1.45,8.7,71,95,37,10.4
2021-10-16,0.0,14.3,28.4,20.4,1.68,6.5,59,93,29,8.6
2021-10-17,2.0,17.5,25.4,20.4,1.42,7.1,80,98,46,7.9
2021-10-18,0.0,15.8,25.9,19.8,1.48,8.1,79,99,46,8.7
2021-10-19,0.0,15.6,25.9,19.5,1.84,8.7,74,97,41,9.8
2021-10-20,0.0,15.0,27.1,19.2,1.51,6.1,71,97,33,10.2
2021-10-21,0.0,15.4,30.6,21.5,2.14,8.0,60,90,28,10.3
2021-10-22,36.2,14.0,21.0,17.3,1.9,8.3,91,98,65,6.1
2021-10-23,1.0,12.5,21.8,16.3,2.06,7.9,77,92,46,10.2
2021-10-24,0.0,11.6,24.1,16.7,1.45,7.5,75,95,35,10.1
2021-10-25,0.0,12.1,23.9,16.7,1.33,5.4,76,100,35,10.0
2021-10-26,0.4,11.8,22.4,16.0,2.22,9.8,81,98,48,6.1
2021-10-27,3.9,13.8,22.1,17.1,1.68,6.3,78,97,49,10.0
2021-10-28,0.1,11.5,23.5,16.2,1.48,7.8,76,96,41,9.4
2021-10-29,0.0,11.1,23.1,16.6,1.51,7.8,79,98,46,8.2
2021-10-30,9.3,15.6,23.2,19.1,1.77,8.1,82,98,62,0.6
2021-10-31,0.1,16.8,29.7,22.5,1.69,7.5,68,93,37,10.0
2021-11-01,0.2,20.1,27.4,23.2,2.75,10.2,57,70,37,8.3
2021-11-02,0.2,13.5,24.8,18.8,1.53,5.1,63,78,41,9.2
2021-11-03,0.1,12.6,19.5,16.2,3.61,14.4,49,73,28,10.0
2021-11-04,0.1,8.4,18.0,12.5,2.65,11.4,52,72,31,10.0
2021-11-05,3.1,8.4,17.4,12.1,3.48,11.0,54,91,34,10.0
2021-11-06,0.7,7.5,18.8,11.3,3.09,10.7,58,97,20,6.4
2021-11-07,0.0,6.9,19.4,12.2,3.16,9.2,39,58,17,9.9
2021-11-08,0.0,9.1,21.4,13.6,2.91,9.8,48,70,30,9.9
2021-11-09,0.0,8.3,19.5,13.1,2.23,7.7,61,91,42,9.9
2021-11-10,0.0,9.8,20.8,14.3,2.45,8.9,61,92,38,9.9
2021-11-11,0.0,8.8,22.7,15.1,2.05,7.3,47,67,26,9.9
2021-11-12,0.3,10.7,21.6,14.6,2.31,9.5,58,88,39,8.0
2021-11-13,0.0,10.6,22.0,15.5,1.76,8.0,63,95,36,9.8
2021-11-14,0.0,9.4,22.6,14.7,1.69,7.0,72,98,31,9.8
2021-11-15,0.0,9.8,19.4,14.1,3.71,13.2,45,62,25,9.8
2021-11-16,0.0,8.1,19.4,12.7,2.24,7.6,49,77,27,9.8
2021-11-17,0.5,7.1,18.7,12.1,1.82,7.2,72,91,41,9.2
2021-11-18,12.8,9.4,15.2,11.8,1.58,8.9,91,97,78,3.2
2021-11-19,1.2,9.9,16.9,13.2,2.68,11.6,81,91,64,7.3
2021-11-20,10.1,12.9,14.6,13.6,1.95,9.1,91,95,79,0.0
2021-11-21,16.2,10.7,17.0,13.9,2.23,6.7,84,94,66,5.6
2021-11-22,3.4,9.4,17.6,12.6,1.66,7.1,82,97,58,9.6
2021-11-23,2.1,8.7,15.3,11.5,1.44,7.4,70,100,38,9.7
2021-11-24,1.7,6.2,14.3,9.3,3.25,14.5,61,86,30,8.5
2021-11-25,0.1,4.8,16.5,9.8,2.73,11.9,66,86,40,9.5
2021-11-26,0.0,4.9,15.3,9.3,3.25,13.5,64,88,35,9.6
2021-11-27,0.3,2.9,17.4,9.4,3.06,14.5,61,86,32,8.8
2021-11-28,0.0,6.5,13.7,9.3,5.55,18.4,43,52,31,9.1
2021-11-29,0.0,6.6,17.4,11.3,3.4,12.9,56,78,43,9.5
2021-11-30,0.0,6.9,18.0,11.3,1.84,6.8,65,82,39,9.6
2021-12-01,0.0,5.1,17.5,9.9,1.63,4.7,73,96,42,9.6
2021-12-02,0.0,8.8,15.2,11.5,3.94,14.2,55,74,34,7.7
2021-12-03,0.0,8.0,16.7,11.3,4.97,14.7,45,60,34,9.5
2021-12-04,0.0,4.8,19.6,11.4,2.31,8.5,57,80,31,9.0
2021-12-05,0.0,6.6,18.4,11.5,3.48,13.6,59,91,27,9.5
2021-12-06,0.0,8.6,18.3,12.5,3.67,11.8,51,71,32,9.5
2021-12-07,0.0,8.7,20.7,12.8,1.98,5.8,59,84,33,9.5
2021-12-08,0.0,10.4,18.4,13.8,4.2,15.7,53,74,31,8.8
2021-12-09,0.0,5.3,18.5,11.9,2.34,8.6,53,78,30,9.3
2021-12-10,0.0,10.3,20.4,15.1,3.59,12.1,56,73,41,3.9
2021-12-11,0.0,13.0,21.8,16.8,3.71,11.9,49,61,32,9.1
2021-12-12,0.0,10.1,20.0,14.2,1.99,7.1,66,100,38,9.4
2021-12-13,0.0,9.0,17.9,11.9,1.16,4.3,82,100,50,9.1
2021-12-14,0.0,5.6,16.7,10.1,1.62,5.2,82,100,51,9.3
2021-12-15,0.0,5.7,16.2,10.0,1.68,6.5,81,100,50,9.2
2021-12-16,2.0,8.0,15.7,10.9,2.36,10.7,84,94,60,4.4
2021-12-17,1.7,8.4,15.0,10.9,2.0,9.0,80,92,54,7.3
2021-12-18,2.7,8.0,12.8,10.5,1.65,5.2,91,94,81,1.0
2021-12-19,1.3,8.9,14.4,11.6,1.4,5.5,85,94,71,0.5
2021-12-20,0.0,4.6,17.8,9.7,1.34,4.2,87,100,56,8.4
2021-12-21,0.0,8.2,20.0,12.6,1.36,4.2,80,95,52,8.5
2021-12-22,0.0,8.1,18.6,12.6,1.64,5.6,82,99,54,8.6
2021-12-23,0.1,10.0,17.2,13.4,1.29,4.6,86,100,61,7.7
2021-12-24,2.0,10.2,17.5,12.8,1.07,4.6,90,100,64,6.0
2021-12-25,0.0,5.9,18.8,11.3,1.51,5.9,81,96,46,4.8
2021-12-26,0.9,10.7,18.1,14.0,2.33,9.7,78,91,55,2.3
2021-12-27,0.0,11.2,23.9,16.2,2.29,7.1,67,90,39,8.8
2021-12-28,0.0,10.8,22.2,15.3,3.42,13.8,62,83,39,9.3
2021-12-29,0.0,11.0,22.8,15.1,2.5,7.9,57,73,28,9.4
2021-12-30,0.0,7.4,21.7,14.1,1.67,7.3,55,78,30,9.4
2021-12-31,0.0,7.0,21.1,12.6,1.72,4.0,58,84,29,9.3
2022-01-01,0.0,4.1,21.5,11.6,1.38,3.5,62,84,31,9.4
2022-01-02,0.0,5.3,21.6,11.1,1.69,3.7,62,91,30,9.4
2022-01-03,0.0,4.8,20.5,10.8,1.9,4.2,65,91,33,9.4
2022-01-04,0.0,6.7,21.6,12.7,2.66,11.4,60,88,36,9.4
2022-01-05,0.9,9.5,15.8,12.2,5.36,14.7,49,61,30,9.4
2022-01-06,2.0,6.0,14.5,9.3,2.68,9.0,59,89,22,9.3
2022-01-07,0.0,3.4,16.3,8.5,2.26,8.0,54,73,29,9.4
2022-01-08,0.0,5.4,17.2,10.1,3.02,9.7,56,89,31,9.4
2022-01-09,0.0,5.3,19.9,11.9,3.29,13.1,41,77,24,9.2
2022-01-10,0.0,14.2,21.1,16.6,5.13,16.1,53,64,40,9.1
2022-01-11,0.2,9.4,14.5,11.6,1.55,5.6,75,90,59,6.6
2022-01-12,0.0,5.4,14.8,9.7,1.07,4.4,80,100,48,8.0
2022-01-13,1.3,6.4,14.2,9.3,2.02,10.7,76,96,42,9.3
2022-01-14,0.0,2.9,13.3,7.5,1.8,6.6,78,95,49,7.4
2022-01-15,0.0,3.5,14.1,7.6,1.5,5.4,79,97,43,9.3
2022-01-16,0.0,0.8,15.4,7.4,2.15,8.3,62,95,23,9.6
2022-01-17,0.0,-0.4,14.1,6.2,1.55,4.0,65,85,36,9.6
2022-01-18,0.0,0.8,13.8,6.6,1.13,3.7,67,93,37,9.6
2022-01-19,0.0,0.7,13.5,6.6,1.4,4.6,68,86,44,9.4
2022-01-20,0.0,1.5,13.7,6.5,1.46,4.4,76,97,44,9.2
2022-01-21,0.1,1.6,14.1,7.1,1.57,5.2,70,92,42,9.6
2022-01-22,3.5,5.0,11.8,7.9,1.49,5.6,89,99,71,4.4
2022-01-23,1.1,6.1,11.3,8.3,1.44,6.5,90,99,75,5.6
2022-01-24,0.0,3.0,13.5,8.0,1.85,6.7,81,97,52,6.5
2022-01-25,2.0,7.5,14.5,10.6,2.97,11.4,78,93,50,8.0
2022-01-26,0.7,6.2,14.4,9.8,2.43,10.8,77,94,60,5.1
2022-01-27,0.0,5.2,14.7,9.2,2.05,7.4,82,98,59,7.4
2022-01-28,0.0,4.2,16.0,9.1,1.89,6.2,78,100,42,9.2
2022-01-29,0.0,1.6,18.2,9.3,1.47,4.9,51,91,16,9.7
2022-01-30,0.0,1.2,19.2,9.0,1.68,4.3,41,65,17,9.7
2022-01-31,0.0,4.7,23.4,12.5,3.19,10.9,30,60,17,9.8
2022-02-01,0.0,8.6,17.2,12.4,3.12,10.6,43,75,25,9.8
2022-02-02,0.0,6.0,23.9,13.1,2.49,6.8,50,86,22,9.8
2022-02-03,0.0,5.4,23.7,13.5,1.81,5.5,49,67,26,9.8
2022-02-04,0.0,9.0,23.0,14.4,1.85,5.1,46,66,26,9.8
2022-02-05,0.0,9.2,17.2,12.8,1.87,7.7,64,83,45,8.0
2022-02-06,0.7,10.0,14.9,12.1,1.12,5.7,85,96,68,6.8
2022-02-07,0.0,6.9,19.9,11.4,1.74,6.4,71,98,23,9.5
2022-02-08,0.0,5.0,16.7,10.1,1.46,6.1,82,100,49,9.1
2022-02-09,0.0,6.0,15.2,9.8,1.6,6.7,81,99,50,6.8
2022-02-10,0.0,6.7,17.0,10.4,1.58,5.3,78,99,39,10.2
2022-02-11,0.0,5.9,17.5,10.4,1.47,6.2,78,99,44,8.8
2022-02-12,0.0,6.5,17.0,10.7,1.22,5.1,77,100,42,10.1
2022-02-13,0.0,4.6,17.9,10.1,1.56,7.8,80,100,41,9.8
2022-02-14,0.3,6.4,19.1,12.6,2.78,13.2,62,98,21,10.4
2022-02-15,0.0,6.9,19.8,12.5,3.61,12.1,44,77,17,10.4
2022-02-16,0.0,5.2,22.9,12.9,2.59,8.5,44,75,23,10.5
2022-02-17,0.0,9.0,24.5,16.0,2.17,8.5,45,70,24,10.7
2022-02-18,0.0,6.2,24.1,14.0,1.42,5.5,57,88,21,10.7
2022-02-19,0.2,9.1,20.0,13.5,2.65,11.6,63,84,43,5.8
2022-02-20,0.0,8.0,17.6,12.3,1.9,7.6,69,92,41,9.4
2022-02-21,0.0,4.9,23.3,13.4,2.19,8.5,55,96,19,10.8
2022-02-22,0.0,7.1,22.2,14.5,2.03,7.6,36,69,12,10.8
2022-02-23,0.0,4.3,18.7,11.1,1.91,8.0,62,83,35,10.2
2022-02-24,0.0,4.6,22.0,12.2,1.85,6.6,65,93,21,10.8
2022-02-25,1.3,10.7,15.8,12.5,2.49,11.8,82,98,55,3.8
2022-02-26,3.5,8.1,14.9,11.7,2.95,11.1,75,93,43,5.7
2022-02-27,1.0,7.4,16.0,10.9,2.0,8.6,72,92,44,2.6
2022-02-28,0.1,6.5,17.0,11.2,1.53,7.6,71,96,38,8.9
2022-03-01,0.0,4.1,22.0,11.6,2.01,8.4,68,95,27,10.9
2022-03-02,0.0,7.5,21.4,12.8,1.99,11.8,73,100,35,9.9
2022-03-03,3.2,10.3,21.4,14.2,2.31,10.5,54,94,32,3.5
2022-03-04,36.3,8.3,12.5,10.6,3.3,12.5,87,96,78,0.0
2022-03-05,4.2,8.0,14.4,10.9,1.66,6.5,73,88,50,5.1
2022-03-06,6.2,8.9,11.6,10.3,1.52,5.6,89,95,79,0.0
2022-03-07,8.6,8.5,12.7,10.3,1.66,6.7,86,97,70,6.6
2022-03-08,0.1,6.9,16.1,10.8,1.53,5.5,79,97,49,9.1
2022-03-09,0.0,5.0,18.4,10.8,1.89,9.1,71,92,39,11.0
2022-03-10,0.0,7.5,18.3,11.9,1.25,6.9,80,100,46,10.6
2022-03-11,2.1,6.7,18.6,11.9,1.23,5.7,84,100,56,5.6
2022-03-12,3.3,7.6,19.2,13.4,2.48,9.6,67,95,32,11.2
2022-03-13,0.0,9.3,20.3,13.9,1.65,7.2,64,88,35,7.1
2022-03-14,3.2,11.7,18.9,14.7,4.58,17.0,76,93,60,7.6
2022-03-15,0.0,14.3,21.5,17.3,4.92,15.7,55,70,42,1.8
2022-03-16,14.5,12.1,17.5,14.9,2.22,10.9,78,96,50,0.0
2022-03-17,20.4,11.6,14.4,12.8,2.46,10.0,86,93,78,3.4
2022-03-18,3.6,10.6,16.7,13.1,2.67,12.0,76,90,57,9.9
2022-03-19,2.1,8.6,15.4,12.4,2.22,7.5,78,94,62,8.3
2022-03-20,3.0,7.7,15.5,12.0,2.63,10.4,88,98,71,2.9
2022-03-21,25.9,11.4,16.5,12.8,2.16,9.1,91,96,75,1.7
2022-03-22,7.9,11.4,15.1,12.6,3.92,13.5,89,96,75,3.3
2022-03-23,27.2,10.8,12.5,11.6,5.16,14.7,94,96,91,0.0
2022-03-24,2.5,12.2,16.7,13.9,5.45,15.8,84,95,70,1.4
2022-03-25,11.2,12.5,15.0,13.3,5.13,14.4,83,90,78,2.3
2022-03-26,17.7,10.4,14.9,12.4,2.23,10.1,86,95,78,3.7
2022-03-27,0.0,9.2,17.4,13.0,1.96,7.1,75,92,56,8.4
2022-03-28,0.3,7.2,16.0,11.5,2.36,10.6,84,97,70,3.7
2022-03-29,0.1,8.2,20.2,13.8,2.54,7.8,74,96,48,11.3
2022-03-30,8.7,11.4,16.6,13.3,1.48,6.6,88,99,74,2.9
2022-03-31,0.3,9.8,18.6,13.4,3.98,14.6,61,87,36,11.3
2022-04-01,0.1,8.1,17.2,12.2,3.25,12.2,54,91,24,12.0
2022-04-02,0.0,4.4,15.6,9.6,3.38,10.8,43,60,22,12.0
2022-04-03,0.0,3.6,14.3,8.5,2.89,10.7,52,76,31,9.9
2022-04-04,6.1,7.9,9.7,8.6,3.81,13.2,73,89,51,0.0
2022-04-05,25.7,6.4,10.2,8.4,3.4,12.6,86,91,72,0.0
2022-04-06,2.8,4.9,17.0,10.3,3.88,12.6,68,91,43,11.6
2022-04-07,0.0,6.2,22.7,13.3,2.31,11.2,61,89,36,12.0
2022-04-08,0.0,9.6,24.6,16.0,2.22,8.5,62,87,36,11.2
2022-04-09,0.0,12.6,23.9,17.9,2.67,8.4,53,68,40,12.0
2022-04-10,0.1,10.7,19.9,15.4,2.42,10.8,75,94,58,12.0
2022-04-11,0.0,8.6,19.8,13.8,2.32,10.8,78,95,55,11.8
2022-04-12,11.6,11.8,18.4,14.3,1.72,8.1,80,95,57,3.6
2022-04-13,14.3,11.6,18.4,14.0,1.91,9.1,81,97,59,6.7
2022-04-14,2.7,12.5,20.8,15.9,3.49,11.8,64,88,39,7.3
2022-04-15,0.0,12.3,24.4,17.7,2.68,8.0,49,63,30,11.6
2022-04-16,0.0,13.3,27.5,19.3,2.78,12.4,54,74,33,12.1
2022-04-17,0.0,13.6,28.2,19.2,2.27,11.2,55,77,29,12.0
2022-04-18,0.0,11.5,25.0,17.6,1.62,7.7,70,95,42,12.1
2022-04-19,1.1,11.8,23.8,17.3,1.82,10.6,74,95,49,11.8
2022-04-20,20.2,10.4,16.5,12.4,2.84,12.9,78,98,43,5.0
2022-04-21,0.0,11.0,21.2,15.3,4.44,12.8,45,60,29,12.0
2022-04-22,0.0,8.6,19.1,14.3,2.01,7.9,62,78,40,8.0
2022-04-23,0.8,11.0,20.2,15.5,3.8,15.5,52,83,26,9.7
2022-04-24,0.0,6.9,22.8,15.2,1.66,6.7,56,90,28,12.1
2022-04-25,0.0,10.1,23.9,16.3,2.0,8.9,59,89,34,12.5
2022-04-26,0.0,9.3,21.7,15.2,1.83,8.7,63,96,28,11.1
2022-04-27,4.7,12.0,18.2,14.5,1.41,6.1,74,95,47,2.2
2022-04-28,8.1,11.6,15.0,13.1,1.51,7.2,89,98,70,0.1
2022-04-29,0.1,11.2,23.7,16.7,2.77,11.9,66,93,33,12.7
2022-04-30,0.0,10.7,27.3,18.1,2.35,10.5,54,84,26,12.7
2022-05-01,0.0,13.1,28.2,20.4,1.83,6.1,52,72,33,12.6
2022-05-02,3.3,14.0,22.0,17.4,2.09,9.5,77,95,59,11.6
2022-05-03,2.0,11.8,20.5,16.0,2.21,9.0,76,94,51,11.6
2022-05-04,16.8,12.0,16.9,14.3,1.87,7.6,88,96,74,0.6
2022-05-05,2.9,12.7,22.9,16.9,3.16,8.8,67,89,42,12.7
2022-05-06,0.0,10.0,26.4,17.1,2.42,11.2,68,97,25,13.2
2022-05-07,0.0,11.2,25.7,17.6,1.68,10.4,64,91,33,13.4
2022-05-08,0.0,11.2,26.0,18.1,1.8,8.5,59,87,33,13.3
2022-05-09,0.0,11.1,25.3,18.0,1.98,8.8,60,93,35,13.5
2022-05-10,0.0,11.1,26.2,18.5,1.79,8.0,56,78,35,13.7
2022-05-11,0.0,10.7,26.7,18.3,1.75,8.9,62,91,32,13.8
2022-05-12,0.0,11.0,25.6,18.4,2.18,9.1,65,97,36,13.1
2022-05-13,0.0,13.3,29.0,21.2,1.65,8.9,61,92,35,13.6
2022-05-14,0.0,14.0,28.7,21.1,1.77,8.9,59,94,28,13.1
2022-05-15,0.0,13.5,30.1,21.9,1.62,9.1,50,74,28,12.5
2022-05-16,0.0,17.2,31.8,24.2,2.01,9.7,52,79,28,13.7
2022-05-17,0.0,16.1,32.3,24.3,1.72,7.6,54,86,28,13.8
2022-05-18,0.0,17.0,31.5,24.2,2.01,10.2,54,84,31,13.9
2022-05-19,0.0,15.8,29.7,22.6,2.48,11.0,55,84,30,13.9
2022-05-20,0.0,17.1,30.0,23.5,2.68,11.3,52,70,33,13.4
2022-05-21,0.0,15.7,31.6,24.0,2.07,9.2,47,82,20,13.1
2022-05-22,0.0,15.4,35.9,26.1,1.72,8.8,37,62,18,13.6
2022-05-23,0.0,20.6,33.5,26.4,3.72,12.0,39,53,24,14.0
2022-05-24,0.0,19.6,31.3,25.2,2.46,11.3,43,68,27,13.0
2022-05-25,0.0,16.4,27.0,20.8,3.48,11.2,42,77,17,13.2
2022-05-26,0.0,13.8,27.0,20.3,2.03,9.0,53,84,28,13.4
2022-05-27,0.0,14.0,32.5,23.0,1.78,13.0,42,72,18,14.0
2022-05-28,0.0,15.5,32.8,24.5,2.41,10.2,44,87,20,14.0
2022-05-29,0.0,18.3,36.3,26.8,2.8,12.8,33,52,12,13.9
2022-05-30,0.0,18.9,33.3,25.6,2.65,11.5,34,61,15,13.0
2022-05-31,0.0,19.7,31.7,25.5,2.42,10.5,39,57,27,14.0
2022-06-01,0.0,16.7,32.2,24.6,1.83,8.9,57,92,30,14.0
2022-06-02,0.0,17.7,34.7,25.7,2.03,11.1,57,94,20,12.2
2022-06-03,0.0,17.8,32.5,25.4,1.9,9.4,54,95,20,14.0
2022-06-04,0.0,17.4,32.7,25.5,2.15,10.6,44,86,18,13.5
2022-06-05,0.0,20.5,34.5,26.7,2.66,10.0,29,59,14,14.0
2022-06-06,0.0,16.6,35.1,26.0,1.96,10.8,34,57,15,14.0
2022-06-07,0.0,18.7,37.0,27.4,2.29,10.5,39,69,14,13.9
2022-06-08,0.0,18.2,38.5,28.1,1.84,10.5,46,88,18,11.2
2022-06-09,0.0,21.9,34.0,27.2,2.74,11.4,45,67,26,14.0
2022-06-10,0.0,19.7,32.8,25.8,2.12,9.7,60,95,30,14.0
2022-06-11,0.0,18.3,33.3,25.7,2.21,10.2,50,85,22,14.0
2022-06-12,0.0,18.0,35.2,26.7,2.19,9.6,34,63,14,14.0
2022-06-13,0.0,18.7,36.3,27.6,2.37,11.5,26,40,11,13.8
2022-06-14,0.0,18.9,39.4,28.9,2.15,11.5,33,61,7,14.0
2022-06-15,0.0,22.5,38.6,29.9,2.14,10.7,43,74,16,13.8
2022-06-16,0.0,21.8,38.3,29.9,2.14,11.4,34,59,15,14.0
2022-06-17,0.0,21.0,39.4,30.7,2.2,9.7,25,41,11,14.0
2022-06-18,0.0,20.3,38.0,29.7,2.39,10.2,24,38,14,14.0
2022-06-19,0.0,20.6,36.0,28.0,1.73,10.3,41,60,26,14.0
2022-06-20,0.0,19.4,36.0,26.9,2.15,11.3,58,95,26,14.0
2022-06-21,0.0,21.6,34.8,27.6,2.08,9.9,53,80,23,11.0
2022-06-22,0.0,20.6,32.2,25.2,2.39,12.5,53,94,24,14.0
2022-06-23,0.0,18.2,32.9,25.3,2.33,10.5,47,88,17,14.0
2022-06-24,0.0,19.9,32.5,25.7,2.45,9.9,37,61,22,14.0
2022-06-25,0.0,17.4,35.8,26.1,1.59,12.0,40,66,17,14.0
2022-06-26,0.0,18.9,33.5,25.7,1.98,10.3,55,95,26,14.0
2022-06-27,0.0,18.1,32.2,25.2,2.5,11.7,58,98,16,14.0
2022-06-28,0.0,20.0,33.2,26.1,1.93,11.4,62,96,32,13.6
2022-06-29,0.0,20.4,33.7,26.2,2.02,11.1,61,96,28,13.8
2022-06-30,0.0,19.0,33.5,26.5,1.83,10.5,54,89,25,13.8
2022-07-01,0.1,18.6,31.6,24.9,2.93,12.3,65,95,37,13.2
2022-07-02,0.0,20.5,31.9,25.9,2.74,11.5,62,90,35,14.0
2022-07-03,0.0,21.5,35.4,28.2,2.12,12.1,52,78,26,14.0
2022-07-04,0.0,23.0,37.5,29.5,2.14,9.3,53,81,29,13.7
2022-07-05,0.0,22.9,34.2,27.9,2.37,10.7,62,85,41,10.4
2022-07-06,0.0,24.6,34.2,27.9,3.07,13.2,67,91,38,12.8
2022-07-07,0.1,22.3,32.6,27.1,2.02,9.8,59,88,34,13.8
2022-07-08,0.0,20.4,34.1,27.6,1.99,9.9,48,77,27,14.0
2022-07-09,0.0,19.6,34.1,27.1,2.12,9.6,44,68,24,14.0
2022-07-10,0.0,19.9,35.7,27.7,1.95,9.6,52,89,25,14.0
2022-07-11,0.0,19.5,36.1,28.0,2.08,10.7,44,79,16,14.0
2022-07-12,0.0,20.2,35.9,28.0,2.45,10.5,41,70,18,14.0
2022-07-13,0.0,19.9,38.6,29.4,1.8,9.0,31,53,10,14.0
2022-07-14,0.0,21.2,38.1,30.0,1.82,9.5,32,51,17,14.0
2022-07-15,0.0,20.0,37.7,29.0,1.81,8.9,45,83,17,14.0
2022-07-16,0.0,20.2,38.5,29.5,1.96,10.3,35,60,15,14.0
2022-07-17,0.0,21.3,37.0,29.5,2.28,10.1,34,59,18,14.0
2022-07-18,0.0,20.9,37.3,29.4,2.17,10.1,36,57,19,14.0
2022-07-19,0.0,20.4,37.2,28.9,2.0,10.0,47,80,20,13.9
2022-07-20,0.0,20.7,34.9,28.1,2.34,10.9,60,92,32,13.9
2022-07-21,0.0,22.4,36.2,28.5,2.11,10.7,61,97,23,13.6
2022-07-22,0.0,20.8,37.8,29.5,1.98,9.5,50,92,17,13.9
2022-07-23,0.0,21.0,37.9,29.6,2.03,10.0,49,85,22,13.8
2022-07-24,0.0,21.5,38.9,30.1,1.78,9.5,55,96,25,13.8
2022-07-25,0.0,23.3,42.7,33.4,2.02,10.9,32,61,10,13.7
2022-07-26,0.0,23.8,36.3,29.7,2.33,12.0,60,92,33,13.5
2022-07-27,0.0,25.2,35.2,29.2,2.34,10.4,65,90,38,13.0
2022-07-28,0.0,24.6,36.8,29.3,1.85,10.6,62,84,32,13.1
2022-07-29,0.0,22.8,36.7,29.1,1.94,9.7,64,96,36,13.5
2022-07-30,0.0,24.7,33.6,28.4,2.78,11.6,66,84,45,10.0
2022-07-31,0.0,23.7,34.3,28.4,2.59,11.5,65,88,34,13.2
2022-08-01,0.0,23.1,36.0,29.2,1.82,9.4,60,96,31,13.4
2022-08-02,0.0,22.4,37.5,29.6,1.82,9.7,49,78,21,13.3
2022-08-03,0.0,20.7,37.5,29.0,1.98,9.9,55,95,22,13.3
2022-08-04,0.0,20.8,36.7,28.6,2.14,10.3,51,82,22,13.4
2022-08-05,0.0,21.4,37.0,28.6,2.16,10.1,58,96,19,13.3
2022-08-06,0.0,21.6,36.3,28.4,2.2,10.0,58,92,23,13.3
2022-08-07,0.0,20.1,36.4,28.3,2.08,10.1,53,87,21,13.2
2022-08-08,0.0,20.5,36.5,28.3,1.98,10.6,58,95,29,13.3
2022-08-09,0.0,22.1,36.0,28.5,2.37,11.2,63,96,28,13.2
2022-08-10,0.0,22.6,34.9,28.4,2.5,11.3,61,87,33,13.0
2022-08-11,0.0,22.2,35.2,28.6,2.55,11.1,51,80,29,13.2
2022-08-12,0.0,20.7,38.8,29.8,1.85,8.3,54,97,19,12.7
2022-08-13,0.0,25.7,42.2,32.4,3.03,16.6,28,58,13,12.7
2022-08-14,0.0,22.8,40.3,30.8,2.17,13.2,38,59,16,12.0
2022-08-15,0.0,24.0,38.2,30.3,2.26,11.5,32,67,12,13.0
2022-08-16,0.0,20.5,36.4,28.8,1.7,9.7,40,75,18,12.9
2022-08-17,0.0,24.1,35.9,29.1,2.76,11.8,30,51,16,12.7
2022-08-18,0.0,21.0,34.9,26.8,2.13,12.2,44,66,16,12.7
2022-08-19,0.0,21.6,34.0,26.9,1.89,10.5,58,86,29,12.6
2022-08-20,0.0,19.9,34.0,26.7,1.75,9.6,55,84,32,12.5
2022-08-21,0.0,20.4,40.8,29.3,1.97,12.1,48,87,12,12.4
2022-08-22,0.0,20.6,34.4,27.5,2.48,11.1,54,82,26,12.4
2022-08-23,0.0,20.9,34.2,27.1,1.88,10.2,66,97,38,12.2
2022-08-24,0.0,21.2,35.6,27.9,1.83,9.0,59,91,32,12.2
2022-08-25,0.0,22.1,35.9,28.0,2.06,10.8,61,96,26,12.2
2022-08-26,0.6,23.4,33.8,27.7,1.98,8.9,67,93,34,12.0
2022-08-27,0.2,21.0,33.5,26.7,1.69,9.1,63,88,38,12.1
2022-08-28,0.0,21.7,33.3,26.8,2.33,11.3,66,93,37,12.0
2022-08-29,0.1,22.8,32.9,27.0,1.94,8.7,71,93,46,8.0
2022-08-30,0.0,22.9,36.1,29.2,1.63,8.5,63,92,35,10.0
2022-08-31,4.4,22.7,34.3,28.2,2.13,10.5,59,85,35,12.0
2022-09-01,0.0,23.0,35.8,28.1,2.1,10.0,53,78,29,8.6
2022-09-02,0.0,23.1,35.7,28.1,1.85,12.3,51,92,21,10.0
2022-09-03,1.4,21.3,32.1,26.2,2.02,11.1,46,69,27,10.1
2022-09-04,0.0,20.8,34.2,26.8,2.03,9.7,50,83,22,12.0
2022-09-05,0.0,20.6,36.4,27.0,1.57,9.7,60,95,18,12.0
2022-09-06,0.0,21.3,36.1,27.6,2.14,8.9,41,77,18,12.0
2022-09-07,0.0,21.2,36.0,28.1,1.94,7.3,36,62,19,11.6
2022-09-08,0.0,22.1,36.0,28.2,2.38,11.3,28,45,16,12.0
2022-09-09,0.0,20.2,37.0,27.8,1.88,11.7,44,78,22,12.0
2022-09-10,0.0,20.0,33.1,26.3,1.75,8.8,63,85,40,12.0
2022-09-11,0.0,19.6,35.4,26.4,1.72,8.6,66,96,25,11.3
2022-09-12,0.0,21.1,33.5,26.9,1.82,9.4,69,98,35,11.4
2022-09-13,0.8,23.6,29.1,25.3,1.75,13.0,73,96,47,1.0
2022-09-14,3.1,21.0,29.7,24.7,1.83,7.1,70,92,41,5.0
2022-09-15,0.0,20.9,32.0,25.2,2.15,8.7,53,84,28,11.1
2022-09-16,0.7,21.1,32.8,25.6,2.24,9.0,52,71,28,12.0
2022-09-17,1.9,19.0,30.8,24.3,2.01,9.3,71,94,42,12.0
2022-09-18,2.0,20.7,29.0,23.6,3.42,12.8,75,97,46,7.6
2022-09-19,0.0,19.0,29.7,24.1,2.28,8.3,64,90,37,12.0
2022-09-20,0.0,17.2,30.5,23.4,1.79,8.7,61,82,35,12.0
2022-09-21,0.1,20.5,29.2,23.9,1.39,7.3,66,89,31,7.1
2022-09-22,0.0,17.8,31.2,23.7,1.66,9.8,63,94,29,12.0
2022-09-23,0.0,17.7,29.8,23.0,1.83,9.5,70,99,37,11.8
2022-09-24,0.0,17.0,32.4,24.0,1.6,7.5,62,96,26,11.8
2022-09-25,53.8,17.8,26.9,21.2,2.0,10.0,82,98,52,5.0
2022-09-26,5.1,15.8,24.8,19.3,1.6,6.8,83,97,57,10.9
2022-09-27,0.0,15.0,29.0,20.5,2.37,8.1,60,97,22,11.8
2022-09-28,0.0,16.0,30.1,21.5,2.71,10.9,43,62,22,11.8
2022-09-29,4.4,14.7,27.6,20.4,2.68,13.3,50,83,23,10.7
2022-09-30,1.7,15.2,25.3,19.4,3.48,12.8,52,84,24,11.3
2022-10-01,0.0,12.9,26.1,18.6,1.6,6.7,53,86,23,11.5
2022-10-02,0.0,12.4,27.3,19.0,1.66,7.3,68,93,40,11.4
2022-10-03,0.0,16.4,27.8,21.3,1.44,10.6,68,91,42,9.3
2022-10-04,0.4,17.7,27.4,21.2,1.43,6.9,75,100,39,4.4
2022-10-05,0.1,17.5,25.6,21.2,1.55,6.9,78,99,53,6.3
2022-10-06,12.8,17.2,25.2,20.5,1.93,10.7,76,97,44,10.3
2022-10-07,0.2,15.7,27.0,20.7,1.68,7.9,71,93,41,11.0
2022-10-08,0.0,16.6,27.7,21.1,2.0,9.3,73,95,38,10.8
2022-10-09,0.1,15.8,25.5,20.6,1.75,7.2,75,94,52,10.4
2022-10-10,8.7,16.0,25.4,19.4,1.19,8.2,84,99,56,9.2
2022-10-11,0.1,14.6,26.1,19.5,1.55,10.1,76,98,42,10.0
2022-10-12,0.0,15.7,26.8,20.2,1.84,8.2,71,92,40,9.9
2022-10-13,0.0,15.0,26.5,20.3,1.65,5.9,67,93,34,10.6
2022-10-14,0.0,14.6,30.3,21.4,1.73,6.5,57,95,22,10.6
2022-10-15,0.0,14.1,30.7,21.4,1.58,8.9,48,74,22,10.6
2022-10-16,0.5,14.4,30.5,21.3,1.67,8.1,55,78,23,9.1
2022-10-17,0.0,16.9,29.4,22.0,1.85,8.3,68,90,44,10.0
2022-10-18,0.0,17.8,29.1,21.8,1.72,8.6,80,100,48,10.1
2022-10-19,0.0,17.1,29.8,22.0,1.67,8.0,80,100,45,9.0
2022-10-20,0.0,19.0,27.4,22.7,1.3,6.1,76,97,50,6.6
2022-10-21,0.0,19.2,29.1,22.6,1.08,6.1,75,99,37,9.5
2022-10-22,0.0,18.0,29.1,21.7,1.52,8.0,73,99,39,6.7
2022-10-23,0.0,16.4,31.1,21.7,1.5,7.6,72,100,25,9.4
2022-10-24,0.0,13.8,30.8,20.9,1.61,8.9,65,100,24,10.1
2022-10-25,0.0,14.6,31.2,20.8,1.4,6.7,68,100,22,10.0
2022-10-26,0.0,15.7,29.7,21.2,1.41,5.0,59,84,29,8.5
2022-10-27,0.0,14.3,28.2,19.9,1.48,5.9,64,97,39,10.1
2022-10-28,0.0,13.6,27.1,18.9,1.61,7.0,78,100,37,9.2
2022-10-29,0.0,14.0,24.5,18.3,1.73,5.8,81,98,55,9.3
2022-10-30,0.2,17.6,24.9,20.3,1.25,5.8,80,98,55,7.2
2022-10-31,0.0,16.5,25.8,20.1,1.2,7.3,78,97,52,7.3
2022-11-01,0.1,15.6,28.4,20.9,1.52,6.9,72,98,35,10.0
2022-11-02,0.0,17.0,26.0,20.5,1.4,6.4,79,100,50,10.0
2022-11-03,0.8,15.0,26.1,19.5,1.66,6.4,72,99,38,8.6
2022-11-04,0.0,15.4,25.8,19.3,2.36,12.4,49,73,17,7.5
2022-11-05,0.0,12.0,24.5,16.7,2.46,8.1,34,60,14,10.0
2022-11-06,0.0,9.9,25.4,16.2,1.63,5.2,58,93,21,9.9
2022-11-07,0.0,10.6,24.4,16.8,1.82,5.4,44,69,29,9.9
2022-11-08,0.0,10.9,23.7,16.2,1.28,4.2,67,90,40,6.4
2022-11-09,1.7,12.0,25.4,17.3,1.86,14.5,61,89,36,9.0
2022-11-10,0.2,11.9,21.7,16.4,2.01,7.4,70,90,42,9.9
2022-11-11,1.7,11.5,19.9,15.4,2.55,10.5,84,93,70,6.8
2022-11-12,0.5,14.7,22.5,18.2,2.69,10.6,84,97,58,9.1
2022-11-13,0.2,13.6,22.6,17.3,1.53,5.2,84,97,58,8.2
2022-11-14,0.0,12.7,23.8,17.2,1.44,5.0,76,100,41,9.0
2022-11-15,0.0,11.8,24.9,17.3,1.69,5.9,70,92,41,8.4
2022-11-16,1.8,15.7,22.0,18.2,1.96,8.8,67,86,35,3.6
2022-11-17,0.0,13.7,27.2,19.4,2.31,9.7,65,90,36,9.8
2022-11-18,0.8,13.8,18.7,16.3,2.75,9.9,68,87,51,2.2
2022-11-19,0.0,11.1,16.8,13.7,5.57,17.1,43,55,27,9.8
2022-11-20,0.0,9.7,21.7,14.5,3.44,12.1,49,71,33,9.6
2022-11-21,0.0,8.6,23.6,15.1,2.36,11.6,66,87,37,8.1
2022-11-22,0.0,11.3,18.5,15.0,3.73,14.7,47,62,34,7.7
2022-11-23,0.0,13.6,24.9,17.9,2.68,9.8,61,77,38,7.8
2022-11-24,0.0,11.7,23.8,16.2,1.59,6.6,74,93,43,9.7
2022-11-25,0.0,12.2,23.5,16.5,3.01,10.9,62,94,33,9.3
2022-11-26,0.0,9.0,19.4,13.4,1.97,8.8,47,81,25,9.7
2022-11-27,0.0,5.9,19.1,11.2,1.55,4.2,75,95,45,9.3
2022-11-28,0.0,7.9,18.8,13.2,4.14,14.5,54,98,23,9.6
2022-11-29,0.0,8.6,19.1,12.8,3.64,11.3,45,60,26,9.6
2022-11-30,0.0,7.1,18.1,12.2,1.84,6.2,55,74,35,9.3
2022-12-01,0.7,6.7,14.5,10.8,1.35,4.6,79,89,60,1.6
2022-12-02,1.0,9.0,15.1,11.1,1.98,9.2,83,92,53,4.9
2022-12-03,0.0,7.9,16.7,11.0,2.04,8.6,76,91,46,9.1
2022-12-04,1.0,7.2,19.1,11.8,0.93,3.9,85,100,51,9.5
2022-12-05,0.0,8.8,19.8,13.0,1.8,8.2,83,99,50,8.5
2022-12-06,3.8,11.0,17.0,13.4,1.41,4.8,88,96,69,6.6
2022-12-07,0.0,9.9,19.5,13.6,1.47,4.9,81,100,51,8.8
2022-12-08,1.0,11.2,19.0,14.0,1.97,9.9,87,100,59,4.8
2022-12-09,0.0,9.5,19.0,14.0,1.79,6.2,84,98,58,3.7
2022-12-10,0.0,9.1,21.0,13.9,2.48,12.9,69,90,36,9.2
2022-12-11,1.9,11.0,16.6,12.8,1.35,5.0,80,99,63,3.9
2022-12-12,0.0,10.2,21.2,15.2,2.1,10.2,75,99,51,8.3
2022-12-13,0.0,18.8,23.5,20.7,3.69,10.2,61,71,44,3.8
2022-12-14,0.0,13.1,20.8,17.5,1.8,9.2,72,95,53,4.3
2022-12-15,4.0,9.8,18.6,14.0,1.52,5.5,80,98,47,5.5
2022-12-16,0.0,5.9,16.5,10.7,1.43,3.8,79,95,51,7.7
2022-12-17,0.5,7.7,17.8,11.5,1.49,5.1,82,95,57,9.0
2022-12-18,0.0,7.3,18.0,11.4,1.18,4.0,82,100,56,9.1
2022-12-19,0.2,9.0,17.5,12.7,1.04,3.9,87,100,60,8.6
2022-12-20,0.0,8.4,18.2,12.0,1.34,4.5,83,96,55,7.0
2022-12-21,0.0,9.3,21.2,13.7,2.36,8.0,68,95,37,7.4
2022-12-22,0.0,11.3,21.8,15.4,2.79,10.1,65,81,42,9.3
2022-12-23,0.0,11.7,23.0,15.7,2.39,6.5,65,77,40,9.3
2022-12-24,0.0,10.9,23.1,15.3,1.92,5.9,66,92,36,9.3
2022-12-25,0.0,8.2,23.4,13.8,1.54,4.4,66,99,27,9.3
2022-12-26,0.0,7.1,22.8,13.5,1.59,5.4,66,94,31,9.1
2022-12-27,0.0,8.2,21.7,12.9,1.47,3.8,63,89,29,9.4
2022-12-28,0.0,5.5,19.5,11.1,1.57,3.6,66,91,36,9.4
2022-12-29,0.0,5.5,20.4,11.6,1.58,5.0,57,77,30,8.1
2022-12-30,0.0,7.2,20.2,11.8,1.52,4.0,65,87,33,8.9
2022-12-31,0.0,7.6,21.0,12.7,1.66,4.6,54,90,31,9.3
2023-01-01,0.0,5.3,19.4,10.8,1.66,3.7,66,90,41,8.2
2023-01-02,0.0,5.9,19.2,11.6,1.46,3.7,64,91,37,8.0
2023-01-03,0.1,8.2,18.8,12.2,1.39,5.2,78,95,51,9.2
2023-01-04,0.0,9.0,17.0,12.0,1.26,4.2,85,98,58,9.0
2023-01-05,0.0,5.3,16.4,10.0,1.25,3.7,82,100,52,9.3
2023-01-06,0.0,4.9,17.5,9.8,1.57,5.1,83,100,51,8.9
2023-01-07,0.0,5.0,17.7,9.9,1.99,5.3,75,97,47,9.4
2023-01-08,0.0,6.9,21.9,13.5,2.59,9.7,70,86,45,4.8
2023-01-09,0.0,12.2,22.9,17.2,3.13,12.9,59,75,41,8.4
2023-01-10,0.0,9.0,21.0,13.5,1.82,7.1,71,90,40,9.4
2023-01-11,0.0,9.6,19.5,13.4,3.18,11.0,65,88,41,9.5
2023-01-12,0.0,9.1,18.2,13.0,1.69,5.6,67,90,44,9.2
2023-01-13,0.0,7.1,18.5,11.4,2.25,8.3,61,96,31,8.9
2023-01-14,0.0,3.8,19.0,9.7,1.57,4.1,67,91,31,9.5
2023-01-15,0.0,5.8,21.2,11.8,2.74,12.6,56,89,28,9.4
2023-01-16,0.0,6.5,18.5,11.8,3.57,12.9,56,81,31,9.0
2023-01-17,0.0,12.3,21.0,15.9,5.05,16.1,46,57,32,9.0
2023-01-18,0.0,8.4,12.6,10.7,5.93,19.4,42,51,31,9.6
2023-01-19,0.0,6.3,15.1,9.9,4.54,13.6,38,50,22,9.6
2023-01-20,0.0,8.4,19.6,13.6,3.6,14.3,52,71,34,9.3
2023-01-21,0.0,4.8,17.5,10.4,2.23,10.5,65,88,20,9.6
2023-01-22,0.0,3.6,12.2,7.3,3.41,10.9,33,65,17,9.6
2023-01-23,0.0,3.4,12.4,7.2,3.36,9.7,37,74,21,9.3
2023-01-24,1.2,1.3,9.3,4.9,1.48,9.3,80,94,52,9.4
2023-01-25,0.0,1.7,13.8,6.1,2.99,10.1,64,93,35,9.0
2023-01-26,0.0,4.3,12.7,7.7,3.37,12.6,52,67,35,8.7
2023-01-27,0.0,3.1,14.3,7.6,3.12,9.9,50,69,23,9.7
2023-01-28,0.0,3.5,13.3,7.4,2.52,8.3,47,77,29,9.5
2023-01-29,0.0,1.0,12.4,5.9,1.92,9.6,64,81,42,9.3
2023-01-30,0.0,1.8,13.6,6.6,1.78,6.6,72,93,36,9.7
2023-01-31,0.0,0.7,17.6,7.7,1.98,6.2,57,93,18,9.8
2023-02-01,0.0,1.2,15.3,7.5,1.44,4.9,65,91,41,9.8
2023-02-02,0.0,4.0,15.4,8.9,1.63,6.3,72,98,40,9.8
2023-02-03,0.0,2.0,16.7,8.3,1.84,7.0,52,80,31,9.8
2023-02-04,0.0,3.2,21.3,10.2,2.03,7.4,51,91,11,9.9
2023-02-05,0.0,1.8,17.7,9.7,2.32,8.7,48,90,28,9.9
2023-02-06,3.1,3.1,12.2,7.1,2.1,9.5,89,98,70,6.2
2023-02-07,6.6,5.6,12.2,8.8,1.76,6.6,79,93,61,5.6
2023-02-08,0.0,5.6,15.3,9.7,2.42,10.0,76,93,46,9.7
2023-02-09,0.4,6.0,12.3,9.6,1.95,7.9,73,89,53,7.0
2023-02-10,0.3,3.6,11.7,7.4,2.02,8.9,75,94,50,8.1
2023-02-11,8.1,5.7,10.9,8.0,2.56,10.8,84,95,75,6.6
2023-02-12,1.1,5.2,12.8,8.5,2.19,8.9,80,92,61,6.7
2023-02-13,0.3,4.4,13.4,8.9,1.92,7.4,78,91,63,2.9
2023-02-14,0.4,6.4,14.2,10.3,2.57,11.5,80,93,60,2.1
2023-02-15,0.1,7.4,15.0,11.0,2.53,10.0,78,93,59,1.0
2023-02-16,0.0,7.0,16.3,10.4,1.86,7.2,78,96,47,6.6
2023-02-17,0.0,5.4,15.6,10.0,2.09,7.9,80,96,52,9.8
2023-02-18,0.5,8.6,15.2,11.3,1.49,5.9,81,94,61,7.7
2023-02-19,0.2,5.8,18.4,11.0,1.84,6.9,74,95,41,10.2
2023-02-20,0.0,4.2,18.8,10.7,1.87,7.5,74,92,47,10.7
2023-02-21,0.0,5.9,20.9,11.8,1.66,5.9,78,97,49,10.8
2023-02-22,0.0,8.3,21.8,13.7,1.91,6.7,70,97,36,10.8
2023-02-23,0.0,6.8,19.0,11.9,1.27,7.4,82,100,49,9.2
2023-02-24,0.0,7.3,15.0,10.2,2.49,8.3,48,81,35,8.0
2023-02-25,2.6,2.6,15.9,8.3,2.2,11.4,58,89,30,10.0
2023-02-26,0.0,3.0,16.1,9.2,3.49,14.3,53,78,27,10.8
2023-02-27,0.0,3.6,12.1,7.7,4.89,15.3,31,43,16,10.8
2023-02-28,0.0,3.6,15.7,8.1,3.62,13.0,37,58,23,10.9
2023-03-01,0.9,3.0,14.9,7.9,2.26,7.3,48,91,29,9.7
2023-03-02,0.0,0.9,14.6,7.3,2.84,11.7,42,87,19,10.9
2023-03-03,0.0,2.2,17.3,8.5,2.42,8.4,48,78,23,10.9
2023-03-04,0.0,3.3,17.3,9.2,1.96,9.3,70,95,38,10.9
2023-03-05,0.1,3.4,19.1,10.6,1.95,9.2,61,95,21,9.0
2023-03-06,2.4,6.5,20.0,12.6,2.63,10.7,68,97,31,10.7
2023-03-07,0.0,9.3,22.8,15.4,2.46,10.7,59,92,28,11.0
2023-03-08,0.0,8.5,27.7,16.7,2.15,11.1,60,89,31,11.0
2023-03-09,0.0,11.5,24.1,17.1,1.93,10.0,60,81,37,8.0
2023-03-10,0.0,11.2,25.5,17.8,3.68,16.2,51,83,21,11.0
2023-03-11,0.0,13.7,29.1,20.4,3.47,13.5,43,61,22,11.0
2023-03-12,0.0,16.4,29.3,21.5,2.98,9.0,45,60,27,11.1
2023-03-13,0.0,11.2,28.6,19.1,1.76,10.3,54,90,24,11.1
2023-03-14,0.0,11.4,25.1,18.7,3.63,13.3,35,67,14,11.2
2023-03-15,0.0,9.1,24.6,16.5,2.0,7.3,37,57,20,11.3
2023-03-16,0.0,9.2,23.4,14.9,1.81,9.7,63,100,23,11.1
2023-03-17,0.0,7.4,22.6,14.1,1.83,8.1,59,88,27,11.3
2023-03-18,0.4,10.0,20.5,14.8,1.92,10.4,64,97,32,10.3
2023-03-19,0.1,11.3,21.4,15.4,2.61,9.0,49,86,33,11.6
2023-03-20,0.0,8.4,23.1,14.6,1.71,8.1,64,96,28,11.7
2023-03-21,0.0,7.7,24.8,15.1,1.85,8.9,64,96,24,11.3
2023-03-22,0.0,8.2,25.8,15.7,1.76,8.8,62,98,27,11.6
2023-03-23,0.0,8.5,27.1,16.6,2.03,10.0,53,100,16,11.9
2023-03-24,0.0,10.0,27.8,18.3,1.81,7.6,41,61,23,10.2
2023-03-25,0.0,13.8,27.5,19.7,2.35,10.0,47,65,31,11.9
2023-03-26,0.0,13.0,30.6,21.0,2.57,12.6,44,76,15,11.9
2023-03-27,0.0,12.6,25.7,17.9,2.42,13.1,33,66,14,12.0
2023-03-28,0.0,7.5,21.8,14.4,1.83,8.3,64,90,37,12.0
2023-03-29,0.0,9.0,24.7,15.6,1.62,7.8,65,100,23,11.2
2023-03-30,0.0,10.2,31.1,19.5,2.38,12.3,47,92,19,11.6
2023-03-31,0.0,17.3,32.8,23.4,3.04,13.0,28,43,15,11.7
2023-04-01,0.0,17.7,26.8,21.3,4.06,12.1,38,48,23,8.1
2023-04-02,0.0,13.5,24.3,19.1,4.32,12.3,30,49,15,12.0
2023-04-03,0.0,10.4,22.9,15.5,2.57,11.3,37,69,17,11.3
2023-04-04,0.1,9.4,21.5,14.7,1.73,9.8,66,94,34,11.2
2023-04-05,0.0,6.1,20.5,13.7,2.12,9.3,67,99,33,12.0
2023-04-06,0.0,6.7,21.4,13.5,2.05,9.2,61,96,22,11.9
2023-04-07,0.0,6.3,23.2,14.2,1.77,8.3,58,99,21,12.0
2023-04-08,0.0,7.5,29.8,17.5,2.0,12.0,48,91,12,12.0
2023-04-09,0.0,11.0,27.5,17.7,1.76,9.4,64,99,23,11.0
2023-04-10,0.0,9.7,33.6,20.4,2.02,12.6,47,95,11,12.0
2023-04-11,0.0,12.5,27.2,18.7,1.64,8.7,68,100,34,12.0
2023-04-12,0.0,13.2,32.3,22.3,2.52,15.8,38,88,9,12.0
2023-04-13,0.3,15.8,26.4,20.0,3.97,14.6,38,58,13,10.5
2023-04-14,0.0,11.8,28.8,18.9,2.44,12.4,37,79,17,12.0
2023-04-15,0.0,15.8,30.4,22.7,3.56,13.0,31,54,12,12.1
2023-04-16,0.0,13.5,22.1,18.0,2.52,10.7,51,82,31,12.0
2023-04-17,0.0,9.1,22.8,15.8,2.07,9.8,60,94,31,12.2
2023-04-18,0.0,9.5,21.6,15.5,2.5,10.9,63,92,34,12.2
2023-04-19,0.0,10.5,21.5,15.6,2.55,11.1,61,91,29,12.0
2023-04-20,0.0,10.2,27.3,18.3,2.36,12.0,49,85,20,12.2
2023-04-21,0.0,10.1,26.8,18.3,1.96,10.7,54,83,29,12.3
2023-04-22,0.0,11.4,27.0,18.8,1.25,6.7,55,85,26,9.3
2023-04-23,0.0,14.8,29.6,21.5,2.25,9.2,39,76,20,12.3
2023-04-24,0.0,14.8,28.9,21.4,2.35,11.2,39,65,24,12.4
2023-04-25,0.0,14.2,34.4,23.7,2.31,13.9,40,77,16,12.1
2023-04-26,0.0,17.2,31.1,23.1,2.32,11.8,39,74,21,12.5
2023-04-27,0.0,14.1,31.2,21.7,1.56,8.8,61,95,27,12.1
2023-04-28,0.0,13.7,31.3,22.3,1.71,9.9,51,90,24,9.6
2023-04-29,0.4,17.5,34.5,25.2,2.63,13.8,42,67,18,10.5
2023-04-30,0.1,17.2,29.6,23.0,1.82,8.4,49,66,32,10.1
2023-05-01,0.1,15.5,31.0,21.6,1.76,13.0,65,99,20,12.5
2023-05-02,0.0,14.1,31.3,21.2,1.99,11.0,63,99,19,11.6
2023-05-03,0.1,16.0,27.9,20.1,1.97,9.8,62,99,26,11.1
2023-05-04,0.0,11.8,30.2,20.8,1.79,9.4,50,85,23,10.2
2023-05-05,0.0,14.0,29.5,21.2,2.09,9.7,56,91,23,13.0
2023-05-06,0.0,13.8,28.2,20.6,2.02,9.4,59,95,25,12.5
2023-05-07,0.1,15.2,27.2,21.3,2.02,8.3,58,87,37,13.0
2023-05-08,0.0,14.4,30.9,21.6,1.52,13.9,58,91,27,13.1
2023-05-09,0.0,15.7,32.0,23.1,2.28,11.6,63,98,27,12.8
2023-05-10,0.0,16.9,27.2,21.6,2.12,9.8,61,93,30,12.9
2023-05-11,0.1,17.1,25.4,20.4,2.38,10.1,67,93,39,12.2
2023-05-12,12.8,14.7,20.9,17.3,1.98,8.7,78,96,48,5.5
2023-05-13,3.1,10.6,20.2,15.7,1.87,9.0,68,95,39,11.1
2023-05-14,0.1,10.4,25.1,17.6,2.69,12.7,54,86,24,13.2
2023-05-15,0.0,13.6,27.0,19.9,3.27,11.8,43,70,15,12.3
2023-05-16,0.0,14.5,27.3,19.3,3.71,12.3,46,88,20,13.3
2023-05-17,0.0,13.0,23.6,18.2,2.54,11.1,58,87,32,9.6
2023-05-18,2.1,13.8,21.5,17.5,1.67,12.6,67,91,41,12.0
2023-05-19,8.6,12.4,21.7,16.0,1.55,10.1,71,92,44,8.1
2023-05-20,1.4,10.7,22.8,16.7,1.98,9.3,67,94,36,13.3
2023-05-21,0.0,11.1,23.2,17.1,1.95,9.9,69,95,38,10.5
2023-05-22,12.7,14.0,21.3,17.2,2.35,12.7,77,95,51,7.7
2023-05-23,45.7,14.4,18.5,15.7,2.0,8.3,92,98,80,0.0
2023-05-24,13.5,13.9,20.2,15.9,1.58,7.9,88,98,70,5.9
2023-05-25,2.2,13.4,23.9,18.1,1.47,7.1,80,97,52,10.2
2023-05-26,1.9,15.5,23.2,18.7,2.6,10.9,83,98,61,11.6
2023-05-27,0.9,14.5,24.6,18.8,3.03,11.7,74,93,49,10.6
2023-05-28,15.3,15.6,23.2,18.3,1.45,6.5,83,94,60,8.0
2023-05-29,2.3,14.5,23.7,18.9,1.72,7.4,78,97,51,13.6
2023-05-30,8.6,15.6,22.2,18.6,1.39,9.0,80,97,61,10.3
2023-05-31,3.6,14.3,25.0,19.4,1.78,7.0,77,94,51,10.0
2023-06-01,1.3,14.2,24.2,18.7,1.17,5.9,80,96,59,10.9
2023-06-02,13.7,15.3,23.6,18.6,1.34,8.1,85,97,62,7.3
2023-06-03,6.0,15.4,22.0,18.6,1.75,7.9,83,97,65,12.7
2023-06-04,4.6,15.1,25.2,19.7,1.35,10.0,80,98,52,13.4
2023-06-05,2.3,15.3,25.3,20.1,1.18,6.2,80,100,51,11.0
2023-06-06,0.0,15.0,27.5,20.9,1.67,9.1,75,100,49,13.5
2023-06-07,4.1,17.0,21.3,19.1,1.19,7.3,87,96,66,0.0
2023-06-08,1.1,15.5,26.3,20.6,1.48,7.6,81,97,59,10.2
2023-06-09,0.7,17.1,28.3,22.9,1.79,6.9,72,99,44,12.8
2023-06-10,0.1,19.7,30.8,24.7,2.01,7.4,58,75,40,13.0
2023-06-11,0.0,17.7,31.6,23.9,1.04,8.0,63,87,34,11.3
2023-06-12,0.0,18.5,29.3,23.7,1.62,7.5,71,92,49,12.3
2023-06-13,3.6,19.4,30.1,23.3,1.61,12.9,72,97,37,13.3
2023-06-14,0.0,18.2,30.8,23.9,2.74,10.1,51,66,32,14.0
2023-06-15,0.0,18.0,32.6,24.8,1.62,10.0,56,88,32,14.0
2023-06-16,0.0,17.5,33.3,25.0,1.77,10.2,56,87,34,14.0
2023-06-17,0.0,18.0,33.2,25.2,1.7,9.5,54,86,25,14.0
2023-06-18,0.2,18.4,30.1,24.1,2.2,8.8,59,83,34,8.2
2023-06-19,0.0,19.7,33.3,25.8,2.17,8.4,46,72,32,12.3
2023-06-20,0.0,19.4,32.4,26.0,1.97,7.5,54,74,38,13.0
2023-06-21,0.3,21.2,31.3,25.2,1.37,11.5,69,85,48,10.7
2023-06-22,0.3,19.7,34.6,26.5,1.84,10.8,64,97,31,14.0
2023-06-23,0.0,20.8,31.0,26.1,2.33,10.7,60,86,40,14.0
2023-06-24,0.0,18.7,33.6,25.8,1.61,8.4,57,85,31,14.0
2023-06-25,0.0,19.0,36.2,27.6,1.66,8.1,48,79,24,14.0
2023-06-26,0.0,20.7,35.5,28.3,1.85,9.4,46,75,27,14.0
2023-06-27,0.0,21.6,35.8,28.2,1.71,8.2,49,75,22,14.0
2023-06-28,0.0,20.0,35.1,27.4,2.17,9.6,60,95,30,14.0
2023-06-29,0.0,20.5,33.6,27.2,2.1,8.7,69,98,43,13.7
2023-06-30,0.6,22.5,32.2,26.1,2.73,11.2,68,91,45,9.0
2023-07-01,0.0,22.2,32.3,26.7,1.66,10.0,63,82,39,13.4
2023-07-02,0.0,20.9,33.8,27.2,1.92,9.5,63,97,39,14.0
2023-07-03,0.0,20.3,34.5,27.6,2.17,9.8,55,85,31,14.0
2023-07-04,0.0,21.9,36.8,28.5,1.99,10.6,62,95,30,14.0
2023-07-05,0.0,23.8,32.1,27.3,2.58,9.5,70,93,47,12.0
2023-07-06,0.0,22.9,33.9,27.4,2.15,9.8,67,95,39,13.5
2023-07-07,0.0,22.1,34.7,27.8,2.12,8.9,64,96,32,13.6
2023-07-08,0.0,22.3,36.3,28.9,1.83,9.2,59,90,35,14.0
2023-07-09,0.1,22.2,36.2,29.5,1.89,9.4,60,94,34,14.0
2023-07-10,0.0,22.0,37.6,29.2,2.28,9.6,64,97,34,14.0
2023-07-11,0.0,23.4,42.4,31.9,1.66,9.0,61,96,23,13.2
2023-07-12,0.0,24.1,43.5,32.1,2.32,13.5,56,95,15,14.0
2023-07-13,0.0,23.2,35.0,28.7,2.33,11.6,70,100,42,13.7
2023-07-14,0.0,23.5,36.0,29.0,2.08,9.4,64,92,39,13.7
2023-07-15,0.0,24.0,38.5,30.4,2.12,11.8,58,89,31,14.0
2023-07-16,0.0,23.2,35.2,29.2,2.77,11.3,58,82,31,13.8
2023-07-17,0.0,22.5,35.9,29.2,2.47,10.3,66,96,38,14.0
2023-07-18,0.0,22.1,39.9,30.9,1.78,7.8,60,98,29,13.8
2023-07-19,0.0,23.7,43.7,33.4,2.21,11.8,48,87,13,13.3
2023-07-20,1.0,24.2,38.4,31.2,1.78,10.7,61,93,30,13.2
2023-07-21,0.0,23.9,37.4,30.3,2.33,11.8,48,90,14,11.4
2023-07-22,0.2,22.6,33.8,28.2,2.14,9.8,70,98,43,13.0
2023-07-23,0.0,24.4,36.1,29.8,1.73,9.0,68,97,41,13.2
2023-07-24,0.0,25.1,38.6,31.8,1.68,9.8,55,90,27,12.6
2023-07-25,0.0,23.9,37.4,30.7,2.52,11.1,30,46,14,13.8
2023-07-26,1.3,23.0,33.1,27.5,3.15,11.0,69,96,44,12.5
2023-07-27,0.2,22.9,34.6,28.4,1.85,8.7,66,96,40,13.3
2023-07-28,0.0,23.3,35.3,28.9,2.01,9.9,63,89,39,13.5
2023-07-29,0.0,23.0,37.6,29.5,1.87,9.3,61,94,29,13.5
2023-07-30,0.0,23.1,35.8,29.4,2.39,10.4,55,84,36,13.5
2023-07-31,0.0,22.0,36.0,28.8,2.1,10.6,64,92,39,13.5
2023-08-01,0.0,22.1,40.3,30.7,1.98,13.3,49,93,15,13.5
2023-08-02,0.0,22.2,40.0,30.8,1.92,12.6,51,90,19,13.4
2023-08-03,0.0,26.0,38.0,30.4,3.06,13.3,42,76,21,13.4
2023-08-04,2.4,24.0,34.6,26.9,2.91,13.8,60,88,17,9.0
2023-08-05,0.0,20.2,36.7,26.7,1.81,12.4,50,76,11,13.2
2023-08-06,0.0,19.0,36.1,27.4,2.04,9.8,54,90,24,13.3
2023-08-07,0.2,22.0,31.6,26.8,2.52,9.4,69,98,42,12.8
2023-08-08,0.0,22.6,33.2,27.7,2.1,9.4,61,85,39,12.2
2023-08-09,0.0,21.9,36.1,28.6,1.71,7.8,63,95,37,13.2
2023-08-10,0.0,23.6,41.9,32.0,1.35,7.8,54,84,27,13.2
2023-08-11,0.0,23.2,35.8,29.2,2.43,10.5,64,97,36,13.0
2023-08-12,0.0,23.2,35.0,28.5,2.03,8.5,69,97,44,12.6
2023-08-13,0.0,21.9,33.6,27.4,2.21,9.9,70,98,42,12.9
2023-08-14,0.0,22.2,35.1,28.0,2.07,10.4,66,92,37,13.0
2023-08-15,0.0,22.5,35.5,28.3,2.01,9.2,66,98,39,12.5
2023-08-16,0.0,22.1,36.0,28.3,1.94,9.1,68,100,38,10.8
2023-08-17,0.0,23.2,36.7,29.2,1.74,10.8,63,93,32,12.8
2023-08-18,0.0,22.4,39.7,30.6,1.79,11.1,55,97,20,12.7
2023-08-19,0.0,22.3,39.7,30.5,2.22,11.8,47,81,14,12.5
2023-08-20,0.0,24.4,37.2,29.6,1.91,9.2,66,95,37,12.2
2023-08-21,0.0,23.2,37.7,29.6,1.94,9.4,63,100,23,12.5
2023-08-22,0.0,21.0,37.5,29.0,1.87,9.4,57,88,25,12.5
2023-08-23,0.0,20.9,38.1,29.3,2.14,9.9,53,93,18,12.5
2023-08-24,0.0,21.5,39.6,29.9,1.71,10.4,39,60,14,12.4
2023-08-25,0.0,21.5,42.1,30.7,1.86,10.7,45,70,15,12.1
2023-08-26,0.1,23.2,40.7,30.8,1.41,8.4,57,87,22,9.6
2023-08-27,15.0,20.5,30.7,26.7,4.11,17.3,51,95,17,10.4
2023-08-28,0.0,20.3,33.0,25.9,3.26,10.3,30,49,17,12.2
2023-08-29,0.0,19.6,35.8,26.5,2.39,13.1,35,69,16,12.0
2023-08-30,1.0,21.5,29.0,24.3,1.6,7.0,68,84,51,10.4
2023-08-31,0.0,19.4,32.2,25.0,1.6,8.6,64,88,32,12.0
2023-09-01,0.0,18.6,32.0,24.7,1.78,9.0,68,96,36,10.9
2023-09-02,8.4,20.5,28.8,23.5,2.17,11.2,77,98,45,6.7
2023-09-03,35.9,19.6,27.9,23.0,3.51,20.8,85,97,69,5.0
2023-09-04,0.0,21.4,30.2,25.5,2.16,8.8,80,97,60,12.0
2023-09-05,0.0,20.6,31.9,25.3,1.39,8.5,81,98,48,11.6
2023-09-06,0.0,22.2,28.9,25.1,2.21,8.8,75,94,51,7.6
2023-09-07,0.0,20.9,28.9,24.2,1.51,7.6,77,94,56,12.0
2023-09-08,0.1,20.1,28.4,23.7,1.35,7.2,79,98,58,12.0
2023-09-09,0.0,19.6,28.9,23.7,1.61,7.5,73,95,46,12.0
2023-09-10,0.1,19.0,28.2,23.3,1.73,9.8,79,100,56,10.8
2023-09-11,0.0,20.2,31.1,24.6,1.16,8.1,77,98,44,11.2
2023-09-12,2.3,19.4,30.2,24.3,1.78,6.9,75,96,47,12.0
2023-09-13,12.7,19.9,26.8,22.7,1.78,8.3,83,96,63,9.2
2023-09-14,4.3,18.7,28.9,23.6,2.45,9.2,77,95,48,12.0
2023-09-15,24.3,19.4,27.5,23.1,1.68,7.7,85,98,66,7.6
2023-09-16,0.0,19.3,29.6,23.9,1.27,6.0,80,98,52,10.7
2023-09-17,0.0,20.4,30.0,24.3,1.93,9.4,78,100,46,10.5
2023-09-18,0.1,18.6,29.1,23.8,1.43,6.0,72,99,48,11.8
2023-09-19,9.0,18.9,24.8,21.5,1.5,9.0,87,99,70,5.9
2023-09-20,0.0,16.8,29.1,21.9,1.7,7.0,74,99,38,12.0
2023-09-21,0.0,16.4,29.8,22.2,1.25,5.5,66,92,34,11.7
2023-09-22,0.0,18.5,27.0,22.2,2.37,9.4,58,91,32,11.8
2023-09-23,0.0,15.0,26.7,20.4,1.96,6.2,55,80,42,11.9
2023-09-24,0.0,14.8,26.7,20.1,1.47,7.0,74,96,44,11.9
2023-09-25,0.0,14.1,27.6,20.1,1.58,7.9,77,97,48,11.9
2023-09-26,0.0,17.0,28.2,21.4,1.54,7.8,79,100,50,11.3
2023-09-27,0.0,16.8,28.7,21.5,1.33,7.2,77,100,46,9.1
2023-09-28,0.0,15.9,29.5,21.6,1.3,7.1,76,99,47,11.8
2023-09-29,0.0,16.3,29.5,21.9,1.43,6.9,76,98,39,11.7
2023-09-30,0.0,15.9,31.0,22.3,1.44,5.9,68,100,32,11.7
2023-10-01,0.0,15.6,32.1,22.8,1.44,5.8,58,81,31,11.6
2023-10-02,0.0,15.3,31.3,22.1,1.62,7.2,66,91,33,11.5
2023-10-03,0.0,15.9,30.9,22.2,1.48,6.4,77,100,39,10.9
2023-10-04,0.1,19.0,29.3,23.1,1.69,7.8,75,100,42,10.9
2023-10-05,0.0,15.7,30.6,22.0,1.4,6.6,71,97,32,11.2
2023-10-06,0.0,14.8,32.1,22.0,1.52,7.9,70,100,28,10.8
2023-10-07,0.0,14.9,30.4,21.3,1.71,8.5,79,100,40,10.7
2023-10-08,0.0,18.1,29.3,22.0,1.38,7.7,78,100,43,10.4
2023-10-09,0.0,19.3,27.8,22.2,1.49,7.8,75,99,42,9.1
2023-10-10,0.0,16.6,28.7,21.3,1.48,7.7,76,98,38,10.5
2023-10-11,0.0,15.9,28.8,21.5,1.23,7.3,76,99,39,10.4
2023-10-12,0.0,16.7,29.0,21.7,1.24,6.3,75,98,36,10.2
2023-10-13,0.0,16.0,30.9,21.9,1.54,7.2,72,100,32,10.2
2023-10-14,0.1,17.0,25.0,20.5,2.17,10.1,67,98,41,3.1
2023-10-15,0.0,14.2,28.8,20.7,1.91,9.6,67,91,32,10.6
2023-10-16,0.0,16.2,29.8,22.0,1.35,7.5,67,95,32,8.6
2023-10-17,0.0,16.5,29.6,21.8,1.34,8.3,74,100,35,8.2
2023-10-18,0.0,15.4,32.0,22.7,2.19,10.7,60,100,22,10.3
2023-10-19,0.0,15.3,26.6,21.2,2.69,12.9,61,80,37,5.5
2023-10-20,5.9,14.4,24.2,18.8,3.54,13.0,59,88,31,10.4
2023-10-21,0.0,10.0,23.8,16.5,1.86,8.7,57,83,26,10.0
2023-10-22,0.1,10.2,22.6,16.4,2.45,11.8,73,94,53,7.1
2023-10-23,0.0,12.5,26.6,18.7,1.8,9.1,73,98,39,8.8
2023-10-24,0.0,12.2,25.5,18.6,1.99,11.1,55,82,26,10.2
2023-10-25,0.0,13.1,26.9,18.8,1.44,5.3,58,80,36,9.3
2023-10-26,0.0,14.1,29.8,20.8,2.05,10.9,58,85,30,10.0
2023-10-27,0.0,14.9,24.6,20.3,2.73,11.1,52,78,26,6.6
2023-10-28,0.0,11.4,25.4,17.2,1.42,7.6,53,74,28,10.1
2023-10-29,0.0,10.4,25.6,16.8,1.54,6.7,60,84,28,9.5
2023-10-30,0.6,12.2,27.3,18.4,2.8,13.3,59,92,28,8.7
2023-10-31,0.0,13.0,20.0,16.5,1.74,9.3,52,63,35,0.6
2023-11-01,0.0,11.6,26.5,17.8,1.54,7.4,58,80,29,10.0
2023-11-02,0.0,13.3,28.3,19.8,4.45,15.1,56,76,34,9.0
2023-11-03,0.0,13.9,21.8,17.2,5.31,16.4,41,49,30,9.7
2023-11-04,0.0,11.6,25.2,18.5,3.15,12.2,50,72,32,10.0
2023-11-05,0.0,12.7,23.0,18.3,2.88,10.4,44,60,25,10.0
2023-11-06,0.0,10.3,21.1,15.3,2.5,9.9,47,68,25,9.9
2023-11-07,0.0,7.9,20.1,13.5,2.12,8.7,49,73,29,9.9
2023-11-08,0.0,7.7,19.1,12.8,1.59,5.8,52,68,31,7.1
2023-11-09,0.0,9.1,23.5,14.8,2.28,11.5,55,82,29,9.9
2023-11-10,0.0,11.3,22.8,16.1,3.03,11.7,55,77,29,9.9
2023-11-11,0.0,10.9,26.6,17.9,2.77,13.4,57,85,34,9.3
2023-11-12,0.0,12.9,26.3,18.4,2.82,12.2,58,76,35,9.9
2023-11-13,0.0,12.3,26.8,18.5,2.31,8.0,63,81,41,9.8
2023-11-14,0.0,13.3,29.2,19.4,2.06,5.9,52,75,22,9.8
2023-11-15,0.0,14.7,26.3,19.0,2.27,7.4,52,77,32,9.8
2023-11-16,0.0,11.8,26.0,17.4,1.75,5.6,61,91,26,9.1
2023-11-17,0.0,15.1,27.1,19.0,1.93,7.0,58,82,33,9.8
2023-11-18,0.0,10.8,23.2,16.0,1.05,4.3,78,98,48,9.8
2023-11-19,0.0,9.8,23.6,15.5,1.11,4.6,75,98,39,9.8
2023-11-20,0.0,8.6,23.7,14.5,1.33,3.9,71,94,37,9.4
2023-11-21,0.0,10.8,21.3,15.4,3.82,11.8,56,84,21,9.7
2023-11-22,0.0,11.3,19.7,14.9,4.49,12.1,41,53,26,9.7
2023-11-23,0.0,7.4,19.3,12.5,2.12,8.1,47,76,25,9.7
2023-11-24,0.0,7.4,21.9,12.7,2.48,7.7,34,45,21,9.7
2023-11-25,0.0,9.1,22.5,14.1,2.58,9.4,47,94,23,9.7
2023-11-26,0.0,7.0,20.0,12.0,1.42,4.3,82,100,48,9.7
2023-11-27,0.0,8.4,22.6,13.9,1.96,6.0,57,95,25,9.7
2023-11-28,0.0,12.3,21.8,16.0,1.81,6.2,50,64,37,6.7
2023-11-29,0.0,10.7,22.7,15.9,1.71,4.7,63,84,38,9.2
2023-11-30,0.0,10.7,25.6,16.4,1.53,6.6,75,95,41,8.8
2023-12-01,0.1,10.4,23.0,15.2,3.35,14.3,68,98,36,5.7
2023-12-02,0.0,9.4,17.5,12.9,4.3,11.4,48,64,31,9.6
2023-12-03,0.0,6.0,16.1,10.4,2.04,6.1,56,79,36,8.9
2023-12-04,4.0,4.5,12.2,8.8,1.26,4.0,77,89,65,0.0
2023-12-05,0.0,6.5,17.4,11.0,2.16,7.0,72,90,39,7.8
2023-12-06,1.2,8.1,14.9,11.5,0.81,5.0,87,97,67,2.0
2023-12-07,0.0,7.0,18.8,12.1,1.52,5.0,85,98,58,8.5
2023-12-08,0.0,9.5,19.5,14.3,3.29,14.3,68,96,37,9.1
2023-12-09,0.0,10.1,21.8,14.5,2.88,9.0,59,77,39,9.3
2023-12-10,0.0,13.1,23.1,16.4,2.68,7.5,67,81,47,9.3
2023-12-11,0.0,11.3,24.4,15.7,2.27,5.8,61,90,30,8.8
2023-12-12,0.0,10.2,26.3,16.2,1.74,4.5,52,67,28,9.3
2023-12-13,0.0,11.3,20.2,14.9,3.34,12.3,58,82,40,3.2
2023-12-14,0.0,9.9,16.8,12.9,5.56,15.6,45,55,32,9.4
2023-12-15,0.0,6.8,18.2,11.5,2.05,7.0,49,73,26,9.4
2023-12-16,0.0,3.7,16.8,8.8,1.72,5.6,61,85,35,9.4
2023-12-17,0.0,3.6,15.7,9.1,1.56,6.5,75,99,42,9.1
2023-12-18,0.0,3.8,16.3,8.7,2.03,6.8,71,90,38,9.4
2023-12-19,0.0,2.4,18.1,8.4,1.9,5.4,46,83,20,9.4
2023-12-20,0.0,6.7,18.3,11.6,3.94,14.8,42,53,33,7.8
2023-12-21,0.0,8.7,18.0,12.1,3.69,9.5,48,60,33,9.4
2023-12-22,0.0,8.8,20.3,13.0,2.88,9.2,51,69,27,9.4
2023-12-23,0.0,4.4,18.7,10.5,1.84,4.7,64,87,35,9.4
2023-12-24,0.0,3.5,18.3,9.2,1.28,3.7,76,97,39,9.4
2023-12-25,0.0,3.7,18.7,9.4,1.82,5.4,71,100,32,9.3
2023-12-26,0.0,2.5,18.1,9.0,1.62,5.3,63,89,29,9.4
2023-12-27,0.0,1.6,16.1,7.9,1.28,4.8,70,99,38,9.4
2023-12-28,0.0,2.8,17.4,9.0,1.3,3.9,68,98,32,9.3
2023-12-29,0.0,4.5,17.6,10.8,1.33,3.8,54,76,30,7.5
2023-12-30,0.0,5.1,18.4,11.2,1.43,4.8,55,78,27,9.3
2023-12-31,0.0,4.1,19.5,9.9,1.96,5.1,67,88,32,9.1
2024-01-01,0.0,6.9,18.1,10.7,1.98,6.0,65,88,36,6.3
2024-01-02,0.0,4.8,18.4,9.6,1.75,5.2,61,91,24,7.9
2024-01-03,0.0,6.0,22.0,12.0,1.79,6.7,59,79,28,9.0
2024-01-04,0.8,9.9,18.4,12.9,1.64,5.9,81,95,60,4.3
2024-01-05,4.1,8.7,15.1,11.5,3.99,15.8,69,97,38,9.3
2024-01-06,0.0,9.2,15.5,11.6,5.91,14.3,44,54,30,9.4
2024-01-07,0.0,7.6,15.6,10.2,4.0,12.4,45,56,27,8.9
2024-01-08,0.0,3.6,15.8,9.3,2.71,11.9,44,65,22,9.5
2024-01-09,0.4,8.3,16.0,11.1,1.34,5.3,53,82,37,6.4
2024-01-10,8.5,8.4,15.5,11.4,1.21,4.4,84,96,61,8.5
2024-01-11,0.2,7.8,15.5,11.2,1.78,8.5,77,96,40,8.0
2024-01-12,0.1,8.7,13.9,10.6,1.03,4.9,73,88,55,4.4
2024-01-13,0.0,3.7,16.1,8.9,1.32,4.5,82,99,52,9.0
2024-01-14,0.0,7.4,23.6,13.2,1.62,5.3,59,93,24,9.0
2024-01-15,0.0,9.6,18.8,13.3,1.52,4.2,59,88,42,0.8
2024-01-16,0.0,9.8,23.6,14.8,1.54,4.8,72,93,34,9.0
2024-01-17,0.3,10.9,23.9,16.5,2.82,11.4,59,88,30,9.2
2024-01-18,0.0,8.8,23.2,15.7,2.18,7.7,57,87,33,8.5
2024-01-19,7.5,9.6,19.5,13.8,1.62,7.8,74,92,57,3.6
2024-01-20,1.5,10.0,13.3,11.4,1.3,5.2,78,99,59,1.3
2024-01-21,0.0,7.2,16.1,11.4,1.04,4.3,70,91,45,9.1
2024-01-22,0.0,4.4,19.7,10.3,1.88,6.5,73,97,31,9.6
2024-01-23,0.0,10.0,21.5,14.4,1.75,5.5,61,74,40,9.6
2024-01-24,0.0,7.3,23.1,13.2,1.41,3.9,71,93,37,9.7
2024-01-25,0.0,8.2,26.4,15.0,1.46,3.9,56,83,25,9.7
2024-01-26,0.0,8.0,23.8,14.5,1.78,5.8,57,81,29,9.5
2024-01-27,0.0,7.0,21.9,13.0,1.62,7.0,68,85,35,9.6
2024-01-28,0.0,5.0,19.4,11.3,1.7,7.4,78,99,47,9.7
2024-01-29,0.0,7.6,16.5,11.2,1.62,6.2,85,100,58,6.2
2024-01-30,0.0,10.6,17.1,13.0,1.26,5.8,79,97,51,4.3
2024-01-31,0.0,8.6,16.7,12.3,1.16,5.4,79,98,50,7.5
2024-02-01,0.0,6.0,18.4,10.6,1.29,4.4,78,100,39,9.0
2024-02-02,0.0,5.1,18.2,10.4,1.99,9.0,68,95,37,9.8
2024-02-03,0.0,6.4,18.2,11.2,1.26,4.5,78,100,43,9.6
2024-02-04,0.0,4.7,20.5,11.3,1.17,4.5,70,97,26,9.9
2024-02-05,0.0,3.9,22.2,11.5,1.34,4.4,62,90,20,9.8
2024-02-06,0.0,9.1,23.2,14.5,2.42,8.7,49,91,19,8.1
2024-02-07,0.0,7.9,22.0,14.6,2.02,7.8,52,73,25,9.9
2024-02-08,0.0,7.5,22.1,14.1,1.77,8.0,60,81,29,7.9
2024-02-09,3.1,12.2,17.6,14.6,2.67,12.0,64,88,41,1.0
2024-02-10,0.0,9.4,18.3,13.6,4.68,18.1,57,87,30,10.2
2024-02-11,1.5,8.1,13.9,11.3,2.86,11.5,53,69,40,0.2
2024-02-12,0.0,8.4,24.1,15.4,3.28,15.1,59,82,31,9.5
2024-02-13,0.0,9.4,24.6,16.0,1.6,4.7,62,89,34,10.3
2024-02-14,0.0,9.9,22.6,15.4,1.46,5.4,70,93,43,3.6
2024-02-15,0.0,8.9,22.1,14.9,1.41,6.1,65,92,31,7.7
2024-02-16,0.0,10.7,21.1,15.9,3.51,13.5,60,90,36,10.0
2024-02-17,0.0,7.9,19.3,13.4,2.09,7.8,61,100,37,9.6
2024-02-18,0.0,6.2,21.8,13.3,1.38,5.8,64,90,30,10.7
2024-02-19,0.0,8.7,21.9,14.1,2.3,8.2,62,90,30,10.5
2024-02-20,0.0,7.6,27.1,15.0,2.17,10.3,63,90,9,10.7
2024-02-21,0.0,9.3,23.4,14.7,1.37,8.5,76,100,30,9.0
2024-02-22,0.0,10.0,26.4,17.6,1.86,8.3,49,86,20,10.0
2024-02-23,0.7,11.0,18.8,15.8,4.64,14.1,38,76,17,10.8
2024-02-24,0.4,6.7,16.8,11.8,4.77,18.9,46,90,20,10.8
2024-02-25,0.0,7.7,20.9,14.5,3.7,13.3,47,62,35,8.3
2024-02-26,1.1,12.2,18.3,15.6,4.99,15.6,48,71,28,7.6
2024-02-27,0.0,10.1,16.5,13.1,7.6,18.6,38,48,29,10.9
2024-02-28,0.0,8.0,19.1,12.8,5.27,15.0,36,54,21,10.6
2024-02-29,0.0,8.2,22.3,14.7,4.27,13.0,41,59,19,10.9
2024-03-01,0.0,7.5,20.1,14.1,4.72,14.1,34,71,17,10.9
2024-03-02,0.6,5.1,21.8,12.9,2.88,14.5,48,75,21,10.0
2024-03-03,4.2,8.3,16.8,12.4,5.83,15.7,44,69,22,9.2
2024-03-04,0.0,4.9,21.8,12.8,2.53,11.8,56,86,29,10.5
2024-03-05,0.0,7.2,21.2,13.5,2.13,8.8,59,89,25,11.0
2024-03-06,0.0,5.6,21.0,12.3,1.67,9.0,65,94,32,11.0
2024-03-07,1.6,9.6,19.4,13.5,1.96,10.6,78,100,43,9.0
2024-03-08,0.7,6.9,20.3,13.4,2.55,9.8,55,93,20,11.0
2024-03-09,4.4,8.6,18.6,12.0,3.6,14.9,75,88,52,2.4
2024-03-10,1.5,6.0,18.6,11.9,3.38,12.4,59,87,35,11.0
2024-03-11,0.0,6.2,20.2,12.4,3.49,14.0,56,87,24,11.1
2024-03-12,0.0,7.5,21.8,13.3,1.87,7.6,55,93,26,11.2
2024-03-13,0.0,7.0,20.7,12.6,1.48,6.8,72,100,33,11.0
2024-03-14,0.0,6.3,25.1,14.7,1.63,7.6,60,90,26,11.3
2024-03-15,0.0,11.1,26.5,17.7,2.2,9.1,56,85,22,11.2
2024-03-16,0.0,12.4,27.4,18.5,2.05,11.4,53,70,27,11.4
2024-03-17,0.0,10.5,27.9,18.4,1.58,8.0,55,85,24,10.7
2024-03-18,0.0,12.0,31.2,19.6,1.95,10.8,48,71,14,9.5
2024-03-19,0.0,12.3,28.9,19.2,1.51,8.4,58,87,24,10.6
2024-03-20,0.3,10.9,24.8,17.5,2.04,10.6,64,95,32,9.1
2024-03-21,1.7,12.8,23.4,17.2,2.63,10.8,66,90,42,9.1
2024-03-22,0.0,11.3,26.4,17.5,2.31,9.7,52,86,17,9.7
2024-03-23,0.0,11.0,24.0,16.7,2.3,10.9,51,73,30,7.8
2024-03-24,0.4,10.0,21.1,14.9,2.75,12.3,62,79,37,5.0
2024-03-25,10.1,12.4,20.6,14.9,1.97,8.7,79,91,47,3.0
2024-03-26,2.6,9.5,16.8,13.0,2.69,12.4,63,97,26,5.9
2024-03-27,0.0,8.4,22.8,15.7,4.36,15.1,45,68,25,12.0
2024-03-28,0.4,13.8,24.2,18.1,3.96,13.1,58,81,34,11.4
2024-03-29,0.0,12.1,23.1,16.8,3.07,16.2,61,91,37,10.8
2024-03-30,0.1,7.8,19.3,13.0,3.26,15.9,62,84,39,6.1
2024-03-31,7.8,8.1,21.5,13.3,2.97,14.3,74,97,43,4.2
2024-04-01,0.0,6.1,22.5,14.0,2.46,11.2,49,84,17,12.0
2024-04-02,0.0,7.7,22.3,14.7,2.05,9.8,54,80,29,10.6
2024-04-03,0.0,9.2,26.3,16.9,1.85,9.8,57,87,26,12.0
2024-04-04,0.0,10.3,27.4,17.8,1.89,8.3,56,83,22,12.0
2024-04-05,0.0,8.9,29.1,18.1,1.91,8.3,57,96,19,12.0
2024-04-06,0.0,10.8,27.9,18.7,2.07,11.2,51,78,30,10.3
2024-04-07,0.0,16.5,29.5,21.9,1.78,9.8,44,61,27,10.5
2024-04-08,0.0,14.6,30.6,21.9,2.74,14.7,45,70,18,10.6
2024-04-09,0.0,13.6,23.1,17.9,4.94,15.4,36,57,13,12.1
2024-04-10,0.0,8.7,26.5,16.3,1.61,11.4,48,82,12,12.1
2024-04-11,0.0,10.2,23.8,17.1,1.97,9.8,50,73,29,12.1
2024-04-12,0.0,8.7,24.9,16.7,1.98,8.8,51,88,25,12.0
2024-04-13,0.0,10.5,28.2,18.2,1.83,11.4,43,68,17,12.1
2024-04-14,0.0,10.7,27.8,19.4,1.96,8.6,41,66,20,12.1
2024-04-15,0.0,12.1,31.1,20.8,1.87,10.2,36,57,16,12.0
2024-04-16,0.0,13.6,33.1,21.8,2.41,13.4,41,66,13,12.1
2024-04-17,0.0,14.1,22.7,17.8,2.71,10.3,68,97,41,12.0
2024-04-18,0.0,11.4,26.9,17.9,1.68,11.2,66,95,31,11.0
2024-04-19,0.2,12.7,20.4,16.5,2.81,8.2,62,88,38,5.5
2024-04-20,0.0,9.0,23.4,15.3,2.13,11.1,57,87,29,11.5
2024-04-21,0.0,9.8,23.0,15.7,1.89,8.4,57,75,33,11.9
2024-04-22,9.5,9.1,21.2,14.9,1.84,8.0,75,97,45,10.8
2024-04-23,1.1,11.1,21.9,14.8,2.56,10.8,61,96,16,12.1
2024-04-24,0.0,8.9,23.4,14.7,2.36,11.9,51,91,12,12.1
2024-04-25,0.1,7.8,24.5,15.9,1.95,9.6,63,96,27,11.3
2024-04-26,0.1,10.4,25.1,17.2,1.94,11.4,68,99,29,11.6
2024-04-27,0.0,11.7,24.8,17.9,2.08,13.6,64,99,27,12.4
2024-04-28,5.2,13.3,20.8,15.6,1.27,7.6,62,81,34,4.5
2024-04-29,8.6,12.4,17.7,14.2,1.12,5.1,82,92,57,4.0
2024-04-30,1.3,10.0,23.8,16.0,3.11,11.8,62,96,25,12.3
2024-05-01,3.8,11.0,20.8,15.1,2.96,14.5,56,84,22,8.8
2024-05-02,0.0,7.4,22.7,14.8,2.2,8.4,49,78,23,12.5
2024-05-03,0.0,10.3,24.7,16.8,1.81,8.9,45,75,25,12.0
2024-05-04,0.0,10.9,28.6,19.2,1.83,8.8,48,68,24,13.3
2024-05-05,0.0,14.0,30.4,21.5,2.11,9.5,45,75,20,12.8
2024-05-06,8.0,15.5,25.5,19.6,2.07,10.2,59,86,39,6.5
2024-05-07,0.0,12.4,24.8,18.6,2.09,8.8,61,92,37,13.4
2024-05-08,0.0,11.8,25.2,18.3,1.95,8.7,60,93,29,13.0
2024-05-09,0.0,10.8,25.6,18.2,2.04,10.1,60,96,29,12.7
2024-05-10,0.0,11.5,26.7,19.2,2.01,9.7,49,82,22,13.2
2024-05-11,0.0,13.2,25.9,19.3,2.0,9.8,54,84,27,11.1
2024-05-12,1.2,12.2,27.4,20.0,2.24,9.6,58,92,28,13.7
2024-05-13,0.0,15.6,29.3,21.2,1.82,9.6,59,81,29,13.2
2024-05-14,0.0,14.8,32.2,23.2,3.25,13.2,47,93,12,11.1
2024-05-15,0.0,15.7,27.7,21.2,3.68,14.1,31,44,18,13.8
2024-05-16,0.0,13.9,28.7,20.5,2.6,10.9,31,44,14,14.0
2024-05-17,0.0,14.0,28.7,20.7,2.25,13.6,42,57,23,13.9
2024-05-18,0.0,15.6,29.9,21.6,2.71,13.9,43,81,19,13.9
2024-05-19,0.0,13.8,26.2,19.6,2.13,9.9,65,99,34,12.9
2024-05-20,0.5,15.2,28.6,21.3,2.47,10.6,40,81,19,14.0
2024-05-21,0.0,14.7,28.6,21.3,2.56,12.4,34,54,18,13.6
2024-05-22,0.0,14.7,29.9,21.5,2.74,16.5,36,53,18,14.0
2024-05-23,0.0,13.8,27.2,20.3,2.3,10.2,57,95,25,11.0
2024-05-24,0.0,13.8,27.7,20.6,2.38,10.2,61,96,29,14.0
2024-05-25,0.0,14.4,29.3,22.1,2.02,10.3,63,98,35,14.0
2024-05-26,0.0,15.2,33.0,23.5,2.14,10.6,62,97,29,14.0
2024-05-27,0.0,17.7,30.3,23.6,2.19,11.2,59,82,37,14.0
2024-05-28,0.0,17.0,28.3,22.4,2.54,10.4,65,95,38,13.9
2024-05-29,0.0,15.4,31.8,23.7,1.85,9.1,57,96,24,14.0
2024-05-30,0.0,16.3,35.9,25.8,2.04,9.6,46,88,17,14.0
2024-05-31,0.0,18.3,26.5,22.2,3.24,13.7,62,87,41,13.1
2024-06-01,7.0,18.1,25.8,21.0,2.81,11.2,67,92,40,10.5
2024-06-02,0.6,16.4,26.2,21.0,2.61,10.8,61,88,34,13.4
2024-06-03,1.1,15.5,27.7,21.4,2.09,8.5,60,94,31,13.8
2024-06-04,1.2,15.3,30.4,22.8,2.04,10.6,54,93,20,13.8
2024-06-05,0.0,15.5,33.7,24.4,1.98,9.5,54,98,21,14.0
2024-06-06,0.0,16.7,33.9,24.6,2.23,10.5,44,81,18,13.7
2024-06-07,0.3,17.8,31.7,25.2,3.17,12.5,47,67,32,13.2
2024-06-08,2.2,20.0,33.8,25.4,2.08,12.6,51,69,27,12.1
2024-06-09,0.0,16.4,32.1,24.5,2.68,11.7,48,84,23,12.6
2024-06-10,0.3,20.6,30.4,24.4,2.38,10.3,52,81,36,13.8
2024-06-11,11.1,18.5,25.6,21.2,1.17,7.1,79,96,55,9.2
2024-06-12,12.8,18.3,24.4,20.4,1.66,6.6,82,96,63,7.5
2024-06-13,0.3,16.5,27.2,20.9,1.63,7.9,78,99,52,8.6
2024-06-14,0.0,15.0,31.6,22.8,1.38,6.2,67,99,29,14.0
2024-06-15,0.2,18.3,33.7,25.5,1.85,8.7,53,81,30,13.0
2024-06-16,0.0,18.3,30.3,23.6,1.93,10.7,71,98,39,13.3
2024-06-17,0.0,18.9,29.8,23.7,1.74,8.8,73,100,46,13.4
2024-06-18,0.0,16.5,30.8,23.2,1.9,9.2,71,100,40,13.8
2024-06-19,0.0,18.7,31.1,24.6,2.04,7.7,52,90,30,14.0
2024-06-20,0.0,18.0,30.1,23.9,2.58,10.2,43,84,25,14.0
2024-06-21,0.0,18.1,31.8,24.4,2.44,11.6,40,62,25,14.0
2024-06-22,0.0,16.5,34.1,24.5,1.77,12.0,54,86,23,14.0
2024-06-23,0.0,18.2,30.1,24.3,2.2,10.4,57,84,38,13.4
2024-06-24,0.0,18.1,29.6,23.7,2.22,10.2,64,91,44,14.0
2024-06-25,0.0,18.2,30.6,24.2,2.18,8.9,62,91,38,14.0
2024-06-26,0.0,17.9,30.6,24.4,2.46,11.7,60,95,30,13.5
2024-06-27,0.0,18.8,30.6,24.7,2.28,10.4,55,76,33,13.4
2024-06-28,0.0,21.7,29.9,25.4,1.78,10.5,66,86,47,12.2
2024-06-29,0.0,18.7,33.8,26.2,2.48,12.2,47,74,23,14.0
2024-06-30,0.0,19.9,33.7,26.7,2.39,10.0,50,74,30,14.0
2024-07-01,2.0,20.6,32.9,25.9,2.13,9.5,60,92,28,14.0
2024-07-02,0.0,19.0,34.4,26.1,1.94,14.1,59,91,30,14.0
2024-07-03,0.0,19.2,37.4,27.5,1.79,12.7,57,95,23,14.0
2024-07-04,0.0,20.6,36.3,27.5,2.08,10.9,47,81,11,14.0
2024-07-05,0.0,18.8,32.8,26.3,2.31,10.0,45,81,24,14.0
2024-07-06,0.0,18.6,34.8,27.0,1.89,8.1,56,93,28,14.0
2024-07-07,0.0,21.7,32.8,26.3,2.55,11.9,65,91,38,13.4
2024-07-08,0.0,20.6,32.6,26.0,2.07,10.2,66,97,37,13.9
2024-07-09,0.0,19.7,34.6,26.7,1.81,10.7,62,93,31,14.0
2024-07-10,0.0,21.2,40.3,30.0,2.11,12.4,49,89,15,14.0
2024-07-11,0.0,21.1,37.7,29.5,1.87,9.9,53,88,27,14.0
2024-07-12,0.0,22.7,40.7,29.9,2.55,11.8,49,80,18,14.0
2024-07-13,0.6,24.0,32.6,27.4,3.32,10.5,67,88,43,12.0
2024-07-14,0.0,23.1,36.0,28.4,1.83,11.4,63,87,34,13.5
2024-07-15,0.0,21.5,39.2,30.4,1.89,9.6,48,93,16,14.0
2024-07-16,0.0,23.8,38.2,30.2,2.81,12.1,42,77,21,14.0
2024-07-17,0.0,22.5,32.8,27.4,2.66,10.9,67,96,42,13.9
2024-07-18,0.0,20.4,36.9,28.6,2.05,9.5,52,91,19,13.6
2024-07-19,0.0,22.0,39.1,30.5,1.9,9.9,43,72,20,13.9
2024-07-20,0.0,21.6,41.3,31.5,1.9,10.4,41,79,16,13.9
2024-07-21,0.0,25.4,38.8,30.5,3.15,15.0,38,68,19,13.9
2024-07-22,0.5,23.9,34.3,28.3,2.66,9.6,61,90,34,13.4
2024-07-23,0.0,21.6,36.6,28.8,1.88,9.5,52,85,23,13.7
2024-07-24,0.0,21.7,37.9,29.7,1.87,10.1,43,73,18,13.7
2024-07-25,0.0,21.5,37.2,29.2,2.18,10.0,48,77,23,13.7
2024-07-26,0.0,22.0,33.6,27.4,2.57,10.5,68,96,40,13.5
2024-07-27,0.0,19.8,35.1,27.1,2.13,10.3,64,98,29,13.6
2024-07-28,0.0,22.5,37.1,28.9,2.02,10.0,60,93,23,13.5
2024-07-29,0.0,22.8,36.7,29.5,2.47,12.3,52,82,25,12.2
2024-07-30,0.0,22.4,37.6,30.0,2.43,11.1,39,65,17,13.0
2024-07-31,0.0,21.5,42.1,31.5,1.69,8.7,36,58,13,13.5
2024-08-01,0.0,24.3,41.5,32.5,2.3,11.5,39,63,14,13.5
2024-08-02,0.0,24.2,37.9,30.0,1.93,9.2,61,89,32,13.1
2024-08-03,0.0,23.0,35.6,29.2,2.03,9.6,61,89,34,13.3
2024-08-04,0.0,24.4,37.3,29.9,2.16,9.8,60,91,27,13.2
2024-08-05,0.0,21.9,38.5,30.0,1.79,9.1,56,98,24,13.2
2024-08-06,0.0,21.8,39.0,30.2,2.13,9.4,54,95,20,13.2
2024-08-07,0.0,21.8,37.3,28.8,2.63,12.0,54,88,22,13.2
2024-08-08,0.0,21.5,37.4,29.1,2.04,10.6,45,72,20,13.3
2024-08-09,0.0,21.2,36.0,28.5,2.33,11.5,52,87,25,13.2
2024-08-10,0.0,21.4,36.6,28.9,2.5,12.3,41,66,21,13.2
2024-08-11,0.0,21.5,36.2,29.0,2.44,10.8,41,62,21,13.2
2024-08-12,0.0,22.0,37.2,29.4,1.95,10.0,48,72,24,13.1
2024-08-13,0.0,22.0,38.2,29.2,1.93,11.4,60,94,22,11.1
2024-08-14,4.4,22.1,32.3,26.8,1.67,11.6,63,89,29,12.7
2024-08-15,0.4,20.4,30.9,25.7,1.87,10.4,66,95,38,12.6
2024-08-16,0.0,20.2,33.1,26.2,1.47,9.0,62,91,33,12.8
2024-08-17,0.0,20.1,35.8,27.6,1.92,9.9,59,93,28,12.7
2024-08-18,0.0,20.6,38.9,28.8,2.06,11.2,56,91,19,12.6
2024-08-19,0.0,22.1,35.4,28.4,1.88,10.2,59,87,37,12.4
2024-08-20,0.0,23.3,35.2,28.6,1.77,9.4,63,95,36,12.3
2024-08-21,0.0,23.7,33.1,28.0,2.14,9.5,64,89,40,12.0
2024-08-22,1.0,23.0,36.4,29.0,1.48,8.0,62,94,28,11.7
2024-08-23,1.0,23.2,35.8,28.6,1.81,9.4,67,99,33,12.3
2024-08-24,0.0,21.1,34.9,27.7,1.91,8.7,68,99,35,12.2
2024-08-25,6.3,23.3,33.9,27.3,1.89,9.7,75,98,43,11.8
2024-08-26,0.0,23.5,32.9,27.6,2.12,9.8,68,91,40,12.0
2024-08-27,0.0,22.9,35.1,27.9,1.62,9.5,64,89,36,11.8
2024-08-28,0.0,23.2,34.9,27.8,2.1,10.1,64,92,34,12.0
2024-08-29,0.0,22.6,32.3,26.4,2.47,10.9,69,92,42,7.4
2024-08-30,0.3,22.3,31.3,26.1,2.51,11.5,68,87,46,7.5
2024-08-31,0.2,21.1,32.3,26.3,2.3,10.3,69,93,41,11.3
2024-09-01,1.1,21.2,33.4,27.1,1.68,8.5,66,95,38,12.0
2024-09-02,0.7,23.2,32.1,27.0,1.79,9.4,72,97,47,10.0
2024-09-03,0.9,23.1,33.3,27.1,1.91,12.5,73,99,41,11.1
2024-09-04,3.1,20.5,34.3,25.0,1.92,18.7,73,98,22,11.0
2024-09-05,1.0,20.7,29.2,24.7,2.16,10.7,73,99,48,11.3
2024-09-06,0.0,20.2,32.9,25.6,1.96,9.9,66,93,36,12.0
2024-09-07,0.0,20.2,33.4,26.7,1.79,8.2,61,95,24,10.9
2024-09-08,3.3,22.4,32.2,26.5,1.25,6.9,67,97,41,9.2
2024-09-09,0.0,19.5,34.5,26.1,2.36,13.2,40,66,18,12.0
2024-09-10,0.0,18.1,34.3,25.5,1.39,9.9,60,90,24,12.0
2024-09-11,0.1,21.2,32.9,25.3,1.71,10.5,70,99,31,10.9
2024-09-12,0.0,18.6,33.8,25.4,1.82,10.2,61,96,25,12.0
2024-09-13,0.0,21.2,27.5,23.7,4.33,12.2,62,84,42,11.4
2024-09-14,0.6,19.4,26.5,22.5,2.7,7.8,57,80,38,6.4
2024-09-15,0.0,14.4,30.6,21.8,1.67,9.6,63,94,29,12.0
2024-09-16,0.0,15.8,30.9,22.5,1.7,9.3,65,95,32,11.4
2024-09-17,0.1,15.4,28.8,22.0,1.98,8.7,69,98,38,12.0
2024-09-18,0.4,17.6,27.5,21.9,2.09,8.9,72,98,44,11.7
2024-09-19,9.6,18.0,25.3,20.6,1.6,7.4,78,97,53,6.6
2024-09-20,0.6,15.4,26.8,20.8,1.64,8.3,78,98,48,10.0
2024-09-21,4.5,19.0,26.9,21.6,1.38,6.9,84,98,54,8.4
2024-09-22,0.1,16.8,28.9,22.5,1.55,7.4,73,99,37,11.9
2024-09-23,0.0,18.7,29.8,23.4,2.1,8.5,59,90,29,11.1
2024-09-24,0.0,16.7,27.9,22.4,1.31,6.5,60,94,32,6.6
2024-09-25,0.0,16.1,30.2,22.6,1.81,10.2,48,69,26,11.9
2024-09-26,0.0,17.7,32.9,24.6,1.94,10.9,56,82,32,11.8
2024-09-27,0.0,19.9,31.9,25.4,2.01,8.5,45,69,24,11.5
2024-09-28,0.0,16.4,25.8,20.9,2.23,9.6,48,73,34,11.6
2024-09-29,0.0,14.5,26.9,20.2,1.68,8.5,69,93,40,11.6
2024-09-30,0.0,14.8,29.4,21.0,1.49,7.6,68,97,33,11.5
2024-10-01,0.0,14.6,31.1,21.9,1.36,7.4,68,97,32,11.0
2024-10-02,0.0,16.7,33.7,24.3,2.15,11.0,48,82,19,10.1
2024-10-03,0.2,20.6,31.4,25.9,3.93,12.9,49,80,26,11.0
2024-10-04,0.0,18.1,31.5,23.0,1.97,11.1,59,94,19,10.8
2024-10-05,0.0,16.8,31.7,23.0,1.85,13.1,65,96,27,11.0
2024-10-06,0.0,18.4,33.3,24.8,1.83,9.7,54,75,26,10.4
2024-10-07,0.1,17.7,31.8,23.4,1.78,8.8,64,98,27,8.3
2024-10-08,0.3,17.4,28.6,22.5,2.47,8.1,50,69,26,9.0
2024-10-09,0.0,15.3,28.5,21.8,1.32,5.7,54,84,24,7.8
2024-10-10,0.0,18.8,26.0,22.7,3.26,9.7,49,69,29,10.3
2024-10-11,0.0,14.1,26.2,19.5,1.59,7.4,52,74,30,10.5
2024-10-12,0.0,14.3,27.3,20.7,1.18,6.9,70,95,43,10.6
2024-10-13,0.8,17.1,27.5,21.5,2.19,10.4,75,96,47,10.5
2024-10-14,0.0,17.7,28.9,22.2,2.03,9.5,76,92,51,8.6
2024-10-15,0.5,19.0,26.1,21.8,2.09,9.5,76,99,44,10.1
2024-10-16,0.0,16.3,29.9,22.4,1.2,6.2,69,97,37,10.4
2024-10-17,0.8,16.2,25.5,20.5,3.41,14.0,56,89,26,10.2
2024-10-18,0.0,13.7,24.1,18.3,3.3,13.0,44,64,24,10.3
2024-10-19,0.0,14.1,27.8,19.8,2.38,9.3,47,62,30,9.0
2024-10-20,0.0,16.1,27.8,21.1,2.19,8.7,54,73,32,9.7
2024-10-21,0.0,15.0,26.7,20.2,1.31,7.7,67,90,38,10.2
2024-10-22,0.2,15.0,25.7,19.5,1.35,7.0,75,98,42,9.7
2024-10-23,5.5,17.0,22.3,18.7,2.18,9.2,84,97,65,6.9
2024-10-24,0.5,14.8,23.7,18.6,1.25,5.3,81,98,53,10.0
2024-10-25,0.7,14.5,23.8,18.3,1.36,6.9,84,99,59,6.7
2024-10-26,3.2,13.6,20.7,16.9,2.73,10.1,61,99,28,7.2
2024-10-27,13.1,11.5,16.4,13.2,1.66,7.0,75,92,49,2.4
2024-10-28,11.4,9.8,20.8,14.7,1.9,9.5,84,97,53,6.3
2024-10-29,89.7,15.6,22.8,17.9,4.71,19.0,89,97,71,4.7
2024-10-30,0.0,12.9,22.9,16.7,1.41,6.5,79,97,46,10.0
2024-10-31,19.6,11.8,23.1,16.9,1.25,4.1,82,100,51,10.0
2024-11-01,0.6,12.9,22.6,17.1,1.52,5.6,83,96,58,9.9
2024-11-02,0.4,13.6,21.6,16.7,1.63,6.1,82,95,60,10.0
2024-11-03,13.0,12.5,20.2,15.7,1.75,8.7,91,98,72,6.0
2024-11-04,0.0,12.9,23.1,17.2,1.51,5.0,87,100,64,9.9
2024-11-05,0.0,13.8,23.8,17.7,1.2,5.4,86,99,58,9.9
2024-11-06,0.1,14.0,21.8,17.4,1.14,5.3,86,100,66,9.9
2024-11-07,0.3,13.7,22.2,17.1,1.17,5.5,86,99,59,9.9
2024-11-08,0.8,14.0,21.5,17.3,1.35,6.1,86,100,61,8.0
2024-11-09,0.0,13.0,23.7,17.4,1.93,8.1,78,99,48,9.9
2024-11-10,0.0,13.0,22.0,16.6,2.09,8.1,65,83,42,9.9
2024-11-11,0.4,10.4,19.6,14.4,1.57,5.7,81,95,61,9.9
2024-11-12,0.8,11.0,20.0,14.5,1.77,9.0,83,99,55,9.2
2024-11-13,5.1,11.0,15.4,12.9,1.36,4.5,84,92,71,4.2
2024-11-14,4.0,11.5,19.2,14.9,2.08,9.5,87,94,77,5.7
2024-11-15,0.6,14.4,18.7,16.4,3.27,11.9,82,93,69,8.0
2024-11-16,0.0,11.9,19.0,15.3,1.45,5.0,84,96,70,3.1
2024-11-17,0.0,10.0,20.2,14.4,0.97,3.8,89,100,65,8.2
2024-11-18,0.0,11.2,23.4,16.0,1.25,5.7,81,97,49,9.6
2024-11-19,0.0,11.6,22.5,15.7,1.66,4.3,74,95,49,9.8
2024-11-20,0.0,11.2,23.0,16.1,2.3,8.9,68,85,43,9.7
2024-11-21,0.0,10.1,22.8,14.9,2.14,9.8,66,80,44,8.9
2024-11-22,0.0,10.0,21.6,15.5,1.9,7.7,67,84,49,5.9
2024-11-23,0.1,12.9,20.6,16.0,0.95,4.5,80,92,61,9.4
2024-11-24,0.4,10.9,21.1,14.9,1.23,5.9,87,99,64,7.8
2024-11-25,0.0,11.7,21.8,15.8,1.35,5.7,81,97,54,9.3
2024-11-26,0.0,11.9,20.5,15.3,1.41,6.1,74,87,54,8.5
2024-11-27,0.0,10.9,19.9,14.7,0.67,3.4,83,100,59,9.6
2024-11-28,0.0,10.3,19.6,13.7,0.89,3.6,85,99,58,9.6
2024-11-29,0.0,9.4,22.6,14.7,1.73,4.5,76,95,47,9.4
2024-11-30,0.0,10.4,22.7,15.5,1.32,5.3,67,92,42,9.6
2024-12-01,0.0,8.5,19.9,14.0,0.67,3.1,84,97,58,8.9
2024-12-02,0.0,9.4,21.7,14.5,1.42,4.8,80,99,49,9.0
2024-12-03,0.0,10.8,22.3,15.6,1.43,5.8,67,84,45,9.2
2024-12-04,1.7,10.0,19.3,14.3,2.3,12.9,74,93,49,9.2
2024-12-05,0.0,7.8,20.5,12.8,1.84,5.5,64,91,40,9.1
2024-12-06,0.0,10.5,24.1,16.1,2.38,8.2,57,66,39,9.5
2024-12-07,0.0,11.5,23.7,16.6,2.5,9.7,59,74,35,9.5
2024-12-08,0.0,8.9,16.7,13.0,4.39,16.4,41,55,26,9.3
2024-12-09,0.0,8.8,14.4,11.3,5.82,15.2,37,43,29,9.4
2024-12-10,0.0,7.4,15.2,10.4,3.29,10.3,45,58,28,9.4
2024-12-11,1.5,3.7,13.0,7.1,1.5,7.7,72,93,50,4.4
2024-12-12,0.0,4.8,14.8,9.2,1.36,5.4,71,92,45,8.9
2024-12-13,0.5,6.4,16.7,10.7,0.87,4.4,79,96,49,9.2
2024-12-14,0.0,5.0,17.3,10.2,1.87,6.8,66,99,31,8.1
2024-12-15,0.0,6.9,17.1,10.9,2.67,9.6,48,61,26,9.4
2024-12-16,0.0,3.4,15.7,8.7,1.23,4.7,66,84,44,8.4
2024-12-17,0.0,4.7,14.9,8.8,1.08,4.4,78,94,54,8.8
2024-12-18,0.0,7.2,22.2,12.8,2.09,5.9,57,87,23,9.4
2024-12-19,0.0,10.5,21.8,14.8,2.02,12.9,63,73,44,4.3
2024-12-20,0.0,8.2,16.1,12.5,3.84,11.6,51,70,28,9.4
2024-12-21,0.0,2.8,15.2,8.2,1.44,5.4,56,77,30,9.4
2024-12-22,0.0,4.6,20.5,10.3,2.16,6.5,54,69,29,9.4
2024-12-23,0.0,9.8,18.1,13.3,4.14,12.1,43,65,26,9.4
2024-12-24,0.0,5.9,18.7,11.3,2.24,7.8,43,65,26,9.4
2024-12-25,0.1,5.5,18.0,10.9,1.6,7.3,69,98,42,9.3
2024-12-26,0.0,8.4,16.2,11.5,1.12,4.6,86,100,59,8.1
2024-12-27,0.0,4.0,13.8,9.3,1.04,5.6,85,100,55,7.8
2024-12-28,0.2,6.5,15.1,10.2,1.13,5.5,80,94,61,6.2
2024-12-29,0.2,6.3,14.9,9.8,0.98,4.6,83,96,60,8.6
2024-12-30,0.7,5.8,15.0,9.5,1.07,5.2,84,100,56,8.9
2024-12-31,5.1,7.2,13.2,9.4,1.55,7.2,88,99,67,7.7
2025-01-01,1.3,6.1,14.3,9.5,1.47,6.6,86,97,64,8.9
2025-01-02,0.0,5.3,16.3,9.4,1.43,5.1,79,94,47,9.2
2025-01-03,0.0,3.9,17.6,9.5,2.14,5.9,61,91,32,9.4
2025-01-04,0.0,6.8,18.2,10.9,2.37,7.6,48,68,31,9.0
2025-01-05,0.0,4.3,16.0,9.6,1.28,3.8,60,83,39,8.0
2025-01-06,1.0,7.8,16.6,10.9,1.34,9.5,71,88,58,3.7
2025-01-07,0.0,6.4,15.8,11.1,2.54,10.9,60,79,39,9.4
2025-01-08,0.0,5.3,18.7,10.6,1.46,4.5,65,84,40,8.3
2025-01-09,0.0,8.9,21.7,13.9,2.1,12.5,59,79,31,9.0
2025-01-10,0.0,9.4,21.8,14.2,1.89,6.7,58,73,33,9.5
2025-01-11,0.0,11.9,22.8,15.9,3.58,13.9,61,71,43,6.1
2025-01-12,0.0,10.4,18.5,14.8,3.74,14.7,47,70,24,9.5
2025-01-13,0.0,5.4,14.1,9.6,0.85,4.2,56,85,26,9.4
2025-01-14,0.0,2.7,15.1,7.9,1.76,8.6,51,77,15,9.5
2025-01-15,0.0,-0.2,14.8,6.2,1.62,4.6,51,78,23,9.6
2025-01-16,0.0,2.3,14.8,7.2,2.01,6.8,53,80,37,9.6
2025-01-17,1.3,6.0,13.5,9.0,2.95,10.4,74,87,54,9.2
2025-01-18,0.0,6.1,15.5,9.8,2.12,6.4,60,81,31,7.8
2025-01-19,0.0,2.4,15.8,7.9,1.3,4.8,60,77,30,9.6
2025-01-20,0.1,2.9,17.0,9.0,1.08,5.4,73,95,44,9.5
2025-01-21,1.2,8.4,17.4,12.2,0.69,3.8,87,99,65,5.1
2025-01-22,0.0,7.2,21.3,12.8,1.73,9.8,68,92,34,8.6
2025-01-23,0.0,5.9,21.7,12.8,1.22,4.4,65,83,39,9.7
2025-01-24,0.0,8.3,21.9,13.5,1.42,5.7,69,86,39,9.7
2025-01-25,0.0,6.5,20.6,12.6,1.53,7.4,69,88,39,8.4
2025-01-26,0.0,6.6,19.5,12.4,1.38,5.2,73,92,46,9.6
2025-01-27,0.0,11.3,26.3,18.1,3.73,15.2,59,88,32,9.1
2025-01-28,2.4,9.1,18.0,14.4,3.93,18.2,44,61,34,9.7
2025-01-29,0.0,7.1,15.6,11.2,1.71,9.8,50,70,33,3.5
2025-01-30,0.0,6.8,16.7,11.9,4.23,16.9,56,92,31,9.7
2025-01-31,0.0,9.5,15.9,12.4,3.43,13.7,49,77,34,9.6
2025-02-01,0.9,3.7,18.9,10.4,2.7,11.8,52,79,25,9.8
2025-02-02,0.0,5.2,16.7,10.3,1.45,8.3,60,82,29,9.8
2025-02-03,1.8,4.0,14.5,9.3,1.4,8.2,73,91,48,9.5
2025-02-04,0.0,5.0,16.9,10.5,1.19,5.4,62,89,29,9.9
2025-02-05,0.0,3.8,17.9,9.9,1.35,5.8,55,82,28,9.9
2025-02-06,0.0,3.0,16.4,9.2,1.07,5.3,72,92,40,10.0
2025-02-07,0.8,3.6,17.4,9.8,1.67,10.3,76,98,42,9.9
2025-02-08,0.1,6.2,20.6,13.3,1.54,8.0,65,94,29,10.1
2025-02-09,0.0,6.4,19.5,12.4,1.06,6.3,66,88,36,10.1
2025-02-10,0.2,8.3,17.7,12.0,0.95,7.2,81,100,48,6.3
2025-02-11,0.0,6.8,19.6,12.1,1.16,8.5,77,100,42,10.3
2025-02-12,1.3,8.5,20.5,13.5,2.27,14.1,71,100,30,9.9
2025-02-13,0.0,9.9,20.3,14.5,3.06,9.5,47,78,22,10.5
2025-02-14,0.0,7.6,23.4,14.2,1.79,7.1,52,86,28,10.4
2025-02-15,0.0,7.9,23.3,14.6,1.98,8.5,56,88,28,10.0
2025-02-16,0.0,8.5,23.0,14.6,0.86,4.3,69,99,25,9.7
2025-02-17,0.0,9.8,24.3,15.5,1.82,7.5,55,82,25,10.7
2025-02-18,0.0,10.8,19.9,14.0,1.56,9.4,81,100,49,7.7
2025-02-19,0.0,10.3,22.5,15.3,1.73,6.8,69,94,34,10.6
2025-02-20,0.0,9.9,22.1,14.6,1.08,7.9,76,99,42,10.7
2025-02-21,0.0,10.4,20.5,14.3,1.61,9.4,77,99,38,6.1
2025-02-22,7.9,10.0,17.3,12.6,1.21,5.7,87,100,53,2.0
2025-02-23,0.0,9.4,18.8,13.2,2.35,8.0,65,93,42,7.2
2025-02-24,0.0,7.4,20.4,13.2,1.6,8.2,72,91,40,9.4
2025-02-25,6.4,8.2,21.9,13.6,2.02,13.6,63,91,30,7.3
2025-02-26,0.0,8.1,18.9,13.4,2.48,7.6,51,71,19,10.8
2025-02-27,0.0,7.1,19.4,12.4,1.23,7.9,61,78,40,8.9
2025-02-28,1.5,7.6,17.1,12.2,2.09,11.4,75,98,48,8.5
2025-03-01,18.6,9.9,13.1,11.3,2.13,8.9,84,94,74,0.3
2025-03-02,10.1,9.2,13.4,11.1,3.1,12.7,87,95,80,1.3
2025-03-03,7.4,11.3,16.9,13.4,3.62,12.3,86,95,72,6.6
2025-03-04,5.8,8.7,18.4,12.8,3.47,14.0,87,97,62,6.4
2025-03-05,24.9,12.0,14.2,13.3,5.15,12.8,93,99,87,0.0
2025-03-06,19.2,12.7,16.0,13.9,3.35,9.8,92,97,80,1.7
2025-03-07,3.1,11.0,17.5,14.0,1.71,8.4,86,97,66,6.6
2025-03-08,4.5,12.1,19.2,14.8,2.39,10.7,86,99,65,5.4
2025-03-09,0.5,7.9,17.1,11.9,1.5,9.8,73,94,43,10.7
2025-03-10,1.3,9.2,18.6,13.1,1.42,7.8,75,91,48,11.0
2025-03-11,2.1,7.5,19.1,12.7,1.91,11.6,83,97,50,10.0
2025-03-12,0.3,8.6,19.5,13.6,1.76,7.9,69,94,39,9.0
2025-03-13,6.2,7.8,16.5,11.8,1.16,8.2,83,93,69,5.6
2025-03-14,7.3,8.6,15.9,11.3,1.28,9.0,79,90,62,6.9
2025-03-15,0.2,6.1,15.1,10.8,2.27,8.2,71,89,45,11.3
2025-03-16,4.0,3.8,19.3,10.8,1.6,9.4,71,94,36,11.4
2025-03-17,6.8,9.7,12.9,11.1,2.24,10.6,86,92,74,3.1
2025-03-18,12.4,10.6,15.7,12.6,3.3,12.4,91,96,83,0.0
2025-03-19,0.1,8.0,19.0,13.2,2.01,9.4,83,96,63,10.0
2025-03-20,0.1,10.8,20.9,15.3,1.76,8.0,82,96,61,10.5
2025-03-21,4.2,12.0,21.4,15.3,2.13,9.7,72,94,30,6.8
2025-03-22,0.7,9.0,19.6,13.7,2.57,10.9,65,93,31,8.8
2025-03-23,4.6,7.3,16.8,12.0,2.33,9.0,63,87,39,10.5
2025-03-24,1.2,8.3,18.6,12.8,2.8,8.2,60,85,36,11.9
2025-03-25,0.4,9.0,19.6,12.8,1.72,8.3,69,87,42,11.9
2025-03-26,0.1,8.1,20.9,13.9,2.02,7.4,68,91,36,11.7
2025-03-27,0.0,8.4,20.5,14.0,1.89,10.0,67,89,40,11.6
2025-03-28,0.0,8.5,23.3,15.3,2.69,10.6,59,95,24,12.0
2025-03-29,0.0,11.8,23.8,16.6,4.17,15.0,41,69,18,12.0
2025-03-30,0.0,8.0,20.4,13.6,2.03,7.9,47,77,19,12.0
2025-03-31,0.0,6.9,25.5,15.5,1.47,6.5,50,84,17,12.0
2025-04-01,0.0,9.6,24.2,16.3,1.36,9.1,43,65,15,12.0
2025-04-02,0.0,10.4,22.3,15.6,1.73,9.8,64,90,38,11.3
2025-04-03,0.0,12.5,21.5,16.5,2.56,10.0,70,86,47,9.4
2025-04-04,0.2,12.6,23.7,17.4,2.84,13.0,71,89,41,12.0
2025-04-05,0.0,11.7,23.4,17.1,2.56,11.1,56,87,31,12.0
2025-04-06,0.0,12.8,24.9,18.4,2.66,9.8,45,62,22,12.0
2025-04-07,0.0,12.8,27.1,19.0,2.0,10.0,49,68,25,12.0
2025-04-08,0.0,10.7,26.1,18.3,1.56,8.6,53,79,24,12.0
2025-04-09,0.0,10.8,24.7,17.7,1.68,9.3,57,87,29,12.0
2025-04-10,0.0,11.0,21.4,16.2,2.6,12.7,68,91,37,10.6
2025-04-11,0.1,14.0,19.8,16.7,3.23,12.9,69,82,55,3.9
2025-04-12,17.8,13.0,21.1,16.2,1.16,7.5,84,96,69,1.7
2025-04-13,2.2,13.1,22.9,16.8,1.34,5.9,83,96,52,5.1
2025-04-14,2.3,12.9,23.4,17.7,1.57,11.4,78,97,51,11.7
2025-04-15,4.2,11.9,20.1,15.1,2.24,11.6,64,86,39,10.0
2025-04-16,0.0,10.0,19.1,14.2,5.18,13.6,46,61,26,12.0
2025-04-17,0.0,10.6,24.3,17.0,2.42,10.6,55,80,30,12.1
2025-04-18,0.0,12.2,25.3,18.2,1.85,8.7,60,80,37,11.6
2025-04-19,0.0,12.9,23.1,17.8,3.84,15.1,51,92,19,12.2
2025-04-20,0.3,8.6,18.5,14.2,2.33,11.3,48,71,35,11.5
2025-04-21,0.0,9.8,24.2,16.7,2.27,12.0,51,78,27,12.3
2025-04-22,1.7,12.5,24.2,17.4,1.61,13.2,61,82,33,11.7
2025-04-23,0.0,11.2,26.1,17.8,1.16,12.7,66,95,27,12.3
2025-04-24,0.0,12.7,29.5,20.3,1.62,9.7,56,88,22,12.5
2025-04-25,0.0,13.0,27.6,20.2,1.64,10.0,55,89,25,11.0
2025-04-26,0.0,15.9,30.2,21.2,2.7,13.0,54,74,19,12.5
2025-04-27,0.2,13.9,27.0,18.9,1.97,13.8,56,84,16,12.6
2025-04-28,0.0,11.5,23.3,17.6,2.12,11.1,61,91,33,12.7
2025-04-29,0.6,12.4,21.2,16.9,3.03,13.3,70,91,46,10.5
2025-04-30,0.0,13.0,23.1,18.0,3.41,15.0,69,92,43,12.5
2025-05-01,0.0,14.2,28.6,20.1,2.2,10.2,66,90,36,12.8
2025-05-02,0.1,16.6,28.5,21.7,2.15,10.8,65,87,39,12.5
2025-05-03,2.9,15.6,27.7,21.2,1.44,9.2,69,95,36,11.6
2025-05-04,0.2,16.2,27.6,21.7,3.1,11.3,48,86,20,12.6
2025-05-05,0.2,15.9,26.6,20.8,2.82,11.2,45,70,24,12.6
2025-05-06,0.3,14.7,24.5,19.6,2.29,8.6,53,76,31,12.9
2025-05-07,1.0,15.0,23.2,18.5,2.4,9.4,66,87,41,10.1
2025-05-08,5.5,13.1,24.3,17.9,1.47,7.9,70,94,35,10.1
2025-05-09,0.2,12.9,24.1,18.6,1.79,8.5,67,95,38,13.4
2025-05-10,1.5,15.2,26.0,19.3,1.47,9.4,73,99,37,11.6
2025-05-11,0.0,14.1,25.4,19.6,1.43,7.8,61,91,33,13.2
2025-05-12,0.0,14.2,27.3,20.0,2.55,11.4,43,73,19,13.5
2025-05-13,2.0,12.9,23.4,17.9,1.41,8.7,68,91,44,7.7
2025-05-14,4.4,14.2,20.7,17.0,1.38,10.0,80,97,57,5.1
2025-05-15,1.4,13.5,23.3,17.6,1.98,9.5,67,92,36,12.2
2025-05-16,0.0,13.6,27.0,19.5,2.14,8.8,59,83,29,13.7
2025-05-17,0.0,13.6,27.3,20.3,1.62,8.9,60,84,37,13.9
2025-05-18,0.0,13.2,28.1,20.5,1.76,9.2,59,92,27,13.9
2025-05-19,0.9,15.2,30.0,22.1,1.87,11.2,53,91,20,11.8
2025-05-20,0.0,16.5,32.1,23.1,2.8,11.7,36,57,15,13.5
2025-05-21,0.0,15.7,30.2,22.8,1.8,10.0,49,78,25,14.0
2025-05-22,2.6,16.4,27.8,21.8,2.74,14.9,54,77,30,12.4
2025-05-23,25.9,15.1,18.8,17.0,1.88,9.6,82,90,77,2.4
2025-05-24,0.0,12.5,25.4,18.6,2.14,10.8,70,96,40,14.0
2025-05-25,0.0,13.0,30.0,21.1,1.37,8.1,59,86,29,14.0
2025-05-26,0.0,14.3,30.2,21.8,1.44,7.7,60,90,29,14.0
2025-05-27,0.0,15.0,28.4,21.6,1.66,8.6,60,90,33,14.0
2025-05-28,0.0,15.2,32.2,23.5,1.31,8.4,56,87,23,14.0
2025-05-29,0.0,16.8,35.1,25.7,1.53,9.5,50,89,19,14.0
2025-05-30,0.0,18.4,35.2,26.8,1.42,8.3,43,70,20,13.0
2025-05-31,0.0,20.1,35.1,27.7,1.37,9.4,42,69,22,14.0
2025-06-01,0.0,20.1,35.6,27.5,1.41,8.9,43,76,20,13.5
2025-06-02,0.0,19.4,32.0,25.6,2.2,10.6,47,75,20,14.0
2025-06-03,1.1,18.2,29.4,24.2,1.62,9.0,61,82,41,12.7
2025-06-04,0.0,18.2,31.4,24.6,2.06,9.6,45,78,25,14.0
2025-06-05,0.0,18.0,32.8,25.4,1.67,9.3,47,75,21,13.9
2025-06-06,0.0,18.4,31.9,25.0,1.74,8.6,59,96,31,11.7
2025-06-07,0.0,19.4,37.4,28.2,1.66,9.3,47,79,16,14.0
2025-06-08,0.0,20.0,31.9,25.7,2.53,10.9,59,81,36,14.0
2025-06-09,0.0,20.8,31.4,25.4,2.39,10.0,65,94,34,12.0
2025-06-10,0.0,19.6,34.0,26.5,1.89,10.1,51,79,24,12.0
2025-06-11,0.0,20.9,34.2,26.4,2.16,11.9,45,67,21,11.2
2025-06-12,0.0,20.8,35.5,27.8,2.14,10.4,43,63,25,13.9
2025-06-13,0.0,21.3,32.8,27.2,2.31,12.0,55,73,37,14.0
2025-06-14,0.0,21.3,34.6,28.0,2.0,10.1,59,90,32,14.0
2025-06-15,0.0,21.6,35.8,28.5,1.88,9.2,52,82,27,13.4
2025-06-16,0.0,23.1,34.9,29.0,2.11,10.1,46,69,28,13.3
2025-06-17,0.0,21.8,38.5,30.2,1.51,9.4,44,75,15,14.0
2025-06-18,0.0,23.5,36.0,29.4,1.67,8.3,48,73,29,13.3
2025-06-19,0.0,21.8,36.0,28.8,1.47,8.6,52,88,27,12.2
2025-06-20,0.0,23.3,37.1,29.9,1.26,7.3,42,68,23,14.0
2025-06-21,0.0,23.0,39.0,30.5,1.5,9.5,39,65,19,14.0
2025-06-22,0.0,23.1,38.4,30.3,1.74,9.0,45,83,18,14.0
2025-06-23,0.0,22.5,38.1,29.7,1.81,10.1,42,71,17,14.0
2025-06-24,0.0,21.4,37.7,29.3,2.14,12.2,39,69,12,14.0
2025-06-25,0.0,21.5,37.8,29.3,1.65,10.3,39,58,20,13.8
2025-06-26,0.0,24.8,38.2,30.2,3.0,12.4,36,59,13,14.0
2025-06-27,0.0,22.6,35.7,29.1,1.66,9.7,57,91,32,14.0
2025-06-28,0.0,22.0,38.2,30.2,1.62,9.3,48,85,21,14.0
2025-06-29,0.0,23.1,39.6,31.6,1.55,8.9,35,58,16,14.0
2025-06-30,0.0,23.7,38.9,31.6,1.75,9.7,34,55,18,14.0
2025-07-01,0.0,23.3,38.7,30.7,1.75,10.1,37,57,19,14.0
2025-07-02,0.0,23.6,38.0,31.0,1.79,10.1,44,71,20,14.0
2025-07-03,0.0,24.4,35.6,30.3,2.24,11.4,50,82,25,14.0
2025-07-04,0.0,23.6,36.7,30.2,2.07,10.4,53,91,25,14.0
2025-07-05,0.0,23.1,37.1,30.2,1.84,9.8,50,86,23,14.0
2025-07-06,0.0,23.1,37.8,30.6,1.55,8.9,47,74,21,14.0
2025-07-07,0.3,24.6,37.3,30.3,1.99,9.9,57,87,30,14.0
2025-07-08,0.7,25.5,35.2,29.3,2.63,9.2,61,89,36,13.2
2025-07-09,0.0,26.0,34.2,29.2,2.39,9.3,64,81,41,12.8
2025-07-10,0.0,23.9,36.4,29.4,1.95,10.9,63,87,38,14.0
2025-07-11,1.2,25.5,36.2,29.2,1.98,9.0,64,84,36,10.8
2025-07-12,0.0,24.0,35.0,29.4,2.08,10.0,47,79,23,14.0
2025-07-13,0.0,23.2,35.6,28.8,2.26,10.5,56,86,26,13.8
2025-07-14,0.0,22.3,34.9,28.0,2.23,11.5,61,90,29,14.0
2025-07-15,0.0,23.2,36.4,29.4,1.8,9.9,56,80,35,14.0
2025-07-16,0.0,23.4,35.8,29.5,1.83,9.0,60,89,36,14.0
2025-07-17,0.0,23.9,39.7,31.1,1.92,11.3,47,72,25,14.0
2025-07-18,0.0,24.6,41.0,31.8,1.89,12.1,40,59,14,13.9
2025-07-19,0.0,25.6,38.7,31.9,2.62,12.2,32,76,13,14.0
2025-07-20,0.0,24.4,38.7,31.4,1.97,9.5,28,40,14,13.9
2025-07-21,0.0,25.9,37.4,30.7,2.52,11.6,36,55,21,13.9
2025-07-22,0.0,23.1,33.7,28.6,2.23,10.1,61,81,42,13.7
2025-07-23,0.9,24.6,36.8,29.9,1.82,9.2,60,86,32,12.3
2025-07-24,1.7,23.7,31.2,26.8,3.39,12.3,70,85,49,8.1
2025-07-25,8.0,20.5,27.3,23.4,2.4,10.7,75,91,56,12.7
2025-07-26,0.0,18.9,30.8,24.2,1.54,8.9,72,92,48,13.6
2025-07-27,0.0,18.8,32.8,25.3,1.39,8.3,70,97,39,13.6
2025-07-28,0.0,19.9,32.6,26.0,2.27,11.2,68,90,40,13.5
2025-07-29,2.2,22.2,29.9,25.4,2.1,9.1,70,90,46,10.6
2025-07-30,0.0,20.5,31.5,25.4,1.69,9.6,66,90,39,12.6
2025-07-31,0.0,20.3,31.2,25.7,2.01,9.6,61,84,36,13.4
2025-08-01,0.0,20.5,32.5,26.6,1.82,9.0,59,89,30,13.4
2025-08-02,0.0,20.8,33.9,27.1,1.76,9.0,63,96,34,13.4
2025-08-03,0.0,20.0,33.1,26.6,2.22,10.4,65,93,35,13.4
2025-08-04,0.0,22.3,33.8,27.4,1.9,8.6,62,93,33,12.7
2025-08-05,0.0,20.8,37.2,28.6,1.63,8.1,49,81,18,13.3
2025-08-06,0.0,21.3,36.3,28.5,1.61,8.8,51,85,24,13.2
2025-08-07,0.0,21.3,37.1,28.8,1.81,8.8,51,85,25,13.2
2025-08-08,0.0,21.4,35.8,28.5,1.99,9.6,54,86,27,13.3
2025-08-09,0.0,21.6,36.4,28.8,1.82,9.7,50,80,22,13.2
2025-08-10,0.0,21.9,36.8,29.0,1.74,10.3,49,69,24,13.2
2025-08-11,0.0,22.4,39.7,31.0,1.81,8.5,44,73,19,13.2
2025-08-12,0.0,24.7,39.0,32.0,1.51,9.8,38,60,22,13.1
2025-08-13,0.0,23.3,37.8,30.5,1.5,8.6,39,67,20,12.9
2025-08-14,0.0,23.1,37.4,30.1,1.6,9.8,40,62,18,13.0
2025-08-15,0.0,22.0,38.7,30.0,1.37,8.8,42,72,16,12.9
2025-08-16,0.0,22.8,41.8,31.6,1.74,11.3,34,59,11,12.9
2025-08-17,0.0,24.1,43.0,32.9,1.64,14.0,29,50,13,12.7
2025-08-18,0.0,25.0,44.1,34.6,1.84,11.2,24,40,10,11.0
2025-08-19,0.0,25.9,36.1,30.7,2.12,9.2,56,81,33,11.9
2025-08-20,0.2,22.4,36.4,29.0,1.88,12.7,45,79,15,12.5
2025-08-21,0.3,24.4,31.9,27.5,1.89,8.0,65,84,43,12.4
2025-08-22,0.5,23.3,32.8,27.2,1.61,8.8,67,91,39,12.2
2025-08-23,0.0,23.4,33.1,27.4,1.79,9.3,62,84,37,12.0
2025-08-24,0.0,23.4,36.8,28.8,1.81,10.0,59,89,25,12.2
2025-08-25,0.0,23.8,34.2,28.3,2.46,10.9,65,87,33,11.9
2025-08-26,0.0,23.8,36.9,29.4,1.8,11.0,63,93,34,12.2
2025-08-27,0.0,23.4,35.2,29.3,1.82,10.4,55,77,33,12.1
2025-08-28,0.0,25.3,36.8,30.4,2.87,11.5,33,69,12,11.1
2025-08-29,0.0,22.3,34.5,28.0,3.03,12.8,24,32,12,12.0
2025-08-30,0.0,22.7,36.2,28.5,2.12,12.3,31,41,20,12.0
2025-08-31,0.0,20.4,35.8,27.5,1.69,12.0,48,74,17,12.0
2025-09-01,0.0,23.6,32.7,27.7,2.61,10.5,31,60,14,11.5
2025-09-02,0.0,18.9,33.4,25.8,1.88,12.8,26,44,12,12.0
2025-09-03,0.0,18.3,34.1,26.1,1.59,9.5,40,61,17,12.0
2025-09-04,0.0,18.8,35.9,26.9,1.68,9.7,40,63,17,12.0
2025-09-05,0.0,20.1,30.8,25.7,2.5,12.0,56,75,38,12.0
2025-09-06,0.2,21.8,29.8,25.7,2.12,11.8,70,89,49,5.6
2025-09-07,1.9,22.2,34.6,27.4,0.9,6.3,69,94,38,9.2
2025-09-08,1.8,22.8,34.7,28.1,1.35,8.4,64,86,33,10.1
2025-09-09,1.2,22.3,29.6,24.9,1.66,8.9,73,92,45,4.5
2025-09-10,0.0,18.9,33.3,25.6,2.2,10.3,50,94,15,12.0
2025-09-11,0.0,21.1,34.4,26.8,2.21,11.1,44,58,24,12.0
2025-09-12,0.0,19.1,33.4,26.2,1.37,9.1,53,72,28,12.0
2025-09-13,0.0,19.8,35.7,26.6,1.37,8.4,65,99,23,12.0
2025-09-14,0.0,19.9,32.6,26.0,1.76,9.1,65,80,44,12.0
2025-09-15,0.0,22.7,32.4,26.6,1.77,8.1,69,90,41,11.8
2025-09-16,0.0,20.1,31.8,25.8,1.66,8.9,69,97,38,12.0
2025-09-17,0.0,19.1,33.2,25.7,1.52,8.2,69,98,35,12.0
2025-09-18,0.0,18.8,33.4,25.7,1.58,8.4,67,98,30,12.0
2025-09-19,0.0,20.9,32.4,25.5,1.75,8.9,74,99,38,11.8
2025-09-20,0.0,20.7,32.2,26.0,1.48,7.9,68,95,41,12.0
2025-09-21,1.9,21.0,31.8,25.8,1.3,8.9,70,93,40,11.4
2025-09-22,0.1,18.5,29.2,23.6,2.54,11.2,37,78,18,12.0
2025-09-23,14.7,17.7,26.6,21.2,1.32,8.3,66,94,34,9.0
2025-09-24,0.0,16.3,26.1,21.5,1.55,8.2,59,86,36,10.1
2025-09-25,0.0,16.2,27.0,21.5,1.6,8.2,62,88,36,11.9
2025-09-26,0.0,16.0,29.2,22.0,1.29,8.1,65,93,29,11.8
2025-09-27,0.0,15.7,31.7,22.6,1.75,10.0,66,97,25,10.5
2025-09-28,0.1,18.6,30.8,23.3,1.61,9.2,67,90,33,11.1
2025-09-29,3.7,18.9,23.5,21.2,2.04,8.6,73,90,63,5.4
2025-09-30,34.9,17.8,22.8,19.5,1.36,5.8,86,99,70,5.6
2025-10-01,0.1,17.2,25.4,20.8,1.53,6.2,75,92,55,11.4
2025-10-02,0.0,15.9,27.4,21.1,1.34,8.0,77,98,49,11.3
2025-10-03,0.0,16.2,31.0,22.4,1.29,7.1,72,98,34,10.7
2025-10-04,0.0,18.0,33.7,24.5,1.4,9.7,61,99,20,10.7
2025-10-05,0.2,17.6,27.7,22.5,2.7,11.0,60,89,36,11.0
2025-10-06,3.1,19.7,23.1,21.3,2.54,7.7,78,92,61,1.2
2025-10-07,0.0,15.1,27.4,20.8,1.32,7.5,76,100,48,11.0
2025-10-08,0.0,15.8,26.6,20.8,1.18,6.9,79,99,53,10.9
2025-10-09,28.9,17.1,22.2,18.9,1.13,9.8,91,97,73,3.9
2025-10-10,23.5,16.2,19.1,17.4,1.6,9.0,93,98,85,0.0
2025-10-11,3.4,15.4,21.6,18.1,1.57,7.1,87,95,70,9.5
2025-10-12,0.9,15.2,24.6,19.5,1.78,8.5,84,96,63,10.2
2025-10-13,0.7,16.7,24.8,19.6,2.11,12.4,82,94,64,9.4
2025-10-14,0.1,16.5,26.1,20.4,1.52,5.8,79,93,54,10.5
2025-10-15,0.1,16.4,25.2,20.1,1.02,8.2,85,100,60,9.8
2025-10-16,0.1,16.3,23.6,19.5,1.02,5.4,85,100,63,7.1
2025-10-17,0.0,15.3,23.6,18.9,1.04,5.9,83,100,56,10.1
2025-10-18,0.7,14.8,24.5,18.7,1.12,6.1,80,100,51,10.1
2025-10-19,0.0,13.0,24.5,18.2,1.14,5.8,80,98,50,10.3
2025-10-20,0.0,14.3,27.2,19.6,0.8,4.6,76,100,40,10.1
2025-10-21,0.0,15.6,30.2,21.7,1.31,5.0,61,82,34,10.2
2025-10-22,0.0,18.4,28.5,23.0,3.26,12.0,54,77,32,10.0
2025-10-23,0.0,17.5,32.2,24.4,2.8,11.1,49,74,29,10.2
2025-10-24,0.0,17.4,29.8,23.1,1.31,7.4,59,84,38,10.1
2025-10-25,0.0,17.2,30.3,22.5,1.07,5.8,70,94,38,10.1
2025-10-26,5.9,16.7,22.9,19.2,1.01,7.1,84,95,62,3.2
2025-10-27,0.0,13.8,22.9,18.0,1.1,6.0,73,96,44,10.0
2025-10-28,0.0,10.4,23.3,16.2,1.39,6.5,76,99,43,10.1
2025-10-29,0.4,14.4,24.6,18.7,1.3,7.4,78,96,44,9.8
2025-10-30,0.3,16.2,25.1,19.9,1.89,8.9,72,90,43,10.0
2025-10-31,0.0,13.4,23.8,18.4,0.67,3.9,77,97,53,9.8
2025-11-01,0.0,12.1,24.7,17.8,1.08,4.9,72,89,44,9.4
2025-11-02,0.0,13.1,26.4,18.9,2.03,9.3,61,86,35,10.0
2025-11-03,0.0,11.6,22.9,17.2,1.62,7.5,60,79,44,10.0
2025-11-04,0.0,11.6,23.3,16.8,0.9,6.0,75,96,46,9.6
2025-11-05,0.1,12.0,23.3,17.0,1.24,6.7,79,100,51,7.3
2025-11-06,0.1,14.2,21.6,17.0,3.42,13.1,58,96,25,9.9
2025-11-07,0.2,9.6,22.9,16.1,2.0,9.5,51,70,29,9.0
2025-11-08,0.0,12.5,21.3,16.9,3.31,13.4,53,86,27,9.9
2025-11-09,0.0,11.4,21.8,15.7,2.57,7.9,46,72,23,9.9
2025-11-10,0.0,9.2,22.5,14.7,1.65,5.6,59,84,26,9.9
2025-11-11,0.0,8.4,22.3,14.6,1.29,4.8,65,97,38,9.9
2025-11-12,0.0,10.8,22.1,15.2,1.14,6.6,83,100,46,9.8
2025-11-13,0.0,9.6,24.6,16.3,1.54,6.7,81,99,44,7.9
2025-11-14,0.0,14.3,22.2,17.5,1.7,9.3,75,97,47,7.2
2025-11-15,0.6,11.1,23.6,16.9,1.66,11.9,73,90,45,9.0
2025-11-16,2.5,13.4,22.4,17.6,1.28,7.6,69,97,38,9.8
2025-11-17,0.2,12.1,20.4,15.5,1.97,8.4,64,89,39,9.0
2025-11-18,0.5,9.5,19.5,14.1,1.16,5.1,68,90,44,9.8
2025-11-19,0.0,7.8,19.7,13.7,1.52,6.0,69,92,38,9.4
2025-11-20,0.0,9.5,17.6,13.2,3.6,10.2,44,60,27,9.8
2025-11-21,0.0,6.0,15.4,10.6,3.17,13.5,39,58,21,9.5
2025-11-22,0.0,5.7,15.6,9.6,3.41,12.2,35,51,17,9.7
2025-11-23,0.0,6.1,20.5,11.6,1.78,5.5,38,66,18,9.7
2025-11-24,0.0,10.9,18.7,13.9,1.59,6.4,47,62,33,5.9
2025-11-25,3.6,11.4,18.3,14.5,3.6,12.6,54,94,27,8.7
2025-11-26,0.0,8.6,16.2,12.1,5.35,15.2,40,53,24,9.7
2025-11-27,0.0,6.8,16.3,10.7,2.93,10.0,38,54,20,9.6
2025-11-28,0.0,2.9,17.4,9.4,1.31,4.8,57,90,31,9.6
2025-11-29,0.0,5.3,18.7,10.5,1.42,4.3,68,92,39,9.6
2025-11-30,0.4,7.6,17.5,11.4,1.83,8.1,66,88,44,8.2
2025-12-01,0.0,8.2,18.1,12.0,1.74,7.7,72,92,43,9.6
2025-12-02,0.0,6.6,17.5,11.3,1.31,6.1,72,92,46,8.7
2025-12-03,0.2,5.9,15.2,10.5,3.59,13.8,60,80,41,7.8
2025-12-04,0.0,7.3,17.2,11.8,2.85,8.6,56,70,44,5.6
2025-12-05,0.0,4.7,18.6,12.0,2.84,14.0,62,84,39,8.8
2025-12-06,0.0,8.9,22.7,14.8,2.18,7.7,66,89,39,9.3
2025-12-07,0.0,11.9,21.8,15.6,2.57,7.5,60,76,36,9.5
2025-12-08,0.0,7.0,19.0,12.6,1.47,5.2,68,86,42,9.5
2025-12-09,0.0,5.8,20.3,11.9,1.17,4.3,73,92,41,8.8
2025-12-10,0.0,5.2,18.6,11.4,1.14,4.1,73,89,39,7.8
2025-12-11,0.0,6.5,16.4,11.6,0.98,5.1,82,100,57,8.7
2025-12-12,2.6,9.3,16.5,12.2,1.88,7.7,85,98,68,6.8
2025-12-13,1.8,12.2,17.1,14.0,3.1,11.5,81,95,56,6.4
2025-12-14,15.0,10.8,14.5,12.4,1.29,5.6,90,98,84,1.0
2025-12-15,5.3,10.3,15.7,12.4,0.65,4.1,90,98,72,8.5
2025-12-16,5.9,8.7,14.9,11.2,1.08,5.8,92,100,68,3.1
2025-12-17,0.6,8.6,14.2,10.8,0.94,4.7,92,100,75,8.8
2025-12-18,0.0,8.0,15.9,11.0,1.36,5.4,86,95,68,9.1
2025-12-19,0.0,6.7,15.0,10.5,0.92,4.1,85,94,68,5.6
2025-12-20,1.6,8.7,16.6,12.1,1.33,5.3,84,96,61,8.6
2025-12-21,4.9,5.6,13.1,9.5,1.42,5.5,82,95,70,3.7
2025-12-22,0.2,4.7,12.7,8.2,2.46,9.3,68,88,44,9.2
2025-12-23,0.0,3.9,14.0,8.4,3.18,12.3,68,82,47,7.5
2025-12-24,0.0,5.2,14.0,8.9,1.53,5.1,76,93,55,9.0
2025-12-25,32.9,5.6,8.5,7.0,1.82,7.7,94,98,87,0.0
2025-12-26,10.3,8.3,14.8,10.7,2.75,9.1,73,89,52,8.8
2025-12-27,0.0,3.4,13.6,8.2,1.21,5.5,83,92,69,9.3
2025-12-28,16.3,8.4,13.8,10.5,2.39,9.8,90,96,76,5.5
2025-12-29,3.3,7.9,12.9,10.2,1.12,4.4,90,96,76,8.3
2025-12-30,0.0,5.7,16.3,9.7,1.88,5.9,79,95,52,9.3
2025-12-31,0.0,4.3,15.4,8.8,1.23,4.1,76,92,52,9.3
2026-01-01,0.1,4.7,14.4,8.9,0.69,2.9,90,100,66,7.6
2026-01-02,0.0,6.7,15.3,9.7,0.88,3.9,90,100,70,8.1
2026-01-03,0.1,6.5,15.4,10.1,0.85,3.5,88,99,66,3.2
2026-01-04,1.6,7.8,12.8,10.4,2.05,8.6,93,99,88,0.6
2026-01-05,24.1,8.2,10.7,9.4,1.6,6.0,90,94,85,0.8
2026-01-06,6.1,2.5,10.1,6.5,3.93,13.0,62,94,42,8.2
2026-01-07,0.0,3.5,12.4,7.0,3.35,8.9,50,58,33,9.5
2026-01-08,0.0,3.8,15.6,8.4,1.78,5.6,68,77,51,9.4
2026-01-09,0.0,4.8,18.4,10.4,2.29,8.2,69,84,52,9.0
2026-01-10,0.0,4.9,14.8,9.4,2.62,10.9,68,89,41,9.4
2026-01-11,0.0,4.8,16.1,9.2,1.96,6.6,64,90,44,9.2
2026-01-12,0.0,4.3,17.3,9.2,1.35,4.6,75,99,48,9.5
2026-01-13,0.0,4.7,15.6,8.5,0.84,3.9,90,100,64,9.0
2026-01-14,0.0,4.5,16.3,9.4,1.17,3.8,83,100,57,8.3
2026-01-15,0.0,5.7,16.9,10.4,1.65,5.5,79,93,54,9.5
2026-01-16,0.3,7.2,15.8,10.9,1.16,6.0,81,93,61,7.3
2026-01-17,4.5,7.7,13.9,10.2,1.69,7.5,82,96,57,7.7
2026-01-18,0.0,4.1,12.9,8.0,1.56,5.4,75,87,56,9.6
2026-01-19,0.0,5.9,14.9,9.5,3.52,11.2,68,88,51,8.4
2026-01-20,0.0,8.6,16.0,11.3,5.26,14.3,55,66,38,9.5
2026-01-21,1.1,9.4,15.9,11.6,3.84,12.2,61,72,49,5.0
2026-01-22,0.1,9.3,15.8,11.9,4.22,16.3,62,92,40,8.1
2026-01-23,3.4,7.9,17.4,11.4,1.72,9.6,65,86,35,9.2
2026-01-24,2.3,6.0,13.5,9.3,3.44,14.2,56,87,32,8.7
2026-01-25,0.2,4.5,18.6,11.6,3.38,16.3,60,84,39,9.0
2026-01-26,0.0,9.6,21.9,15.3,2.2,10.9,61,80,35,6.7
2026-01-27,0.8,10.9,20.7,15.7,2.96,13.6,60,82,41,8.7
2026-01-28,5.7,8.5,17.9,12.7,4.16,19.5,58,87,40,6.5
2026-01-29,0.1,8.7,23.1,15.2,1.86,10.6,66,83,50,9.4
2026-01-30,0.0,8.5,20.0,14.2,1.99,8.7,59,90,33,9.7
2026-01-31,0.3,9.6,16.5,13.3,5.79,18.8,49,69,34,9.4
2026-02-01,0.0,7.3,16.5,11.5,1.64,6.0,62,80,46,8.7
2026-02-02,0.2,7.5,17.4,11.3,1.81,11.3,72,97,40,4.0
2026-02-03,0.0,3.8,15.6,9.4,1.59,10.2,66,88,40,7.9
2026-02-04,11.6,7.5,15.3,10.3,1.7,8.4,85,97,63,0.5
2026-02-05,2.8,8.2,23.8,15.0,3.43,17.3,74,100,44,9.4
2026-02-06,0.0,9.4,19.3,14.4,3.27,11.2,57,77,42,9.2
2026-02-07,0.2,6.3,16.4,11.0,2.92,14.1,69,86,38,7.6
2026-02-08,0.0,8.5,15.1,11.5,3.77,17.8,63,88,43,10.1
2026-02-09,3.7,6.5,20.1,12.1,1.16,5.4,73,90,52,9.3
2026-02-10,1.0,10.8,25.0,16.2,1.94,11.4,75,92,42,4.0
2026-02-11,0.0,14.7,26.1,19.7,3.51,14.2,62,86,40,6.6
2026-02-12,0.0,14.1,22.2,19.0,4.53,14.1,42,58,22,10.4
2026-02-13,0.2,8.9,19.4,13.9,3.75,19.3,52,75,32,10.3
2026-02-14,0.0,10.9,16.9,13.5,8.39,26.6,38,54,22,10.5
2026-02-15,0.0,10.5,21.5,14.9,5.71,15.9,29,50,17,8.9
2026-02-16,0.0,13.0,23.6,16.9,5.03,13.5,48,60,33,10.3
2026-02-17,0.0,13.7,24.0,18.7,3.6,12.0,49,68,33,10.7
2026-02-18,0.0,8.3,22.7,15.0,1.78,9.6,56,79,32,10.7
2026-02-19,0.0,11.9,19.3,15.0,3.85,11.7,41,63,21,10.7
2026-02-20,0.0,9.8,21.5,14.4,3.38,9.6,38,67,17,10.7
2026-02-21,0.0,5.4,20.9,12.6,1.21,5.4,57,81,31,10.8
2026-02-22,0.0,5.8,23.4,13.3,1.08,4.9,57,85,23,10.8
2026-02-23,0.0,6.8,24.1,14.3,1.3,5.2,56,80,25,10.8
2026-02-24,0.0,6.4,23.9,13.9,1.17,6.5,62,84,27,10.8
2026-02-25,0.0,6.3,22.3,13.2,1.3,7.2,67,87,35,10.8
2026-02-26,0.0,6.9,20.5,12.8,1.41,7.2,66,89,32,10.8
2026-02-27,0.0,5.3,19.5,11.9,1.33,6.3,64,92,33,8.7
2026-02-28,0.0,9.4,18.3,12.9,1.13,6.4,80,99,49,9.4
2026-03-01,0.3,9.9,16.6,13.3,1.62,6.7,74,96,50,7.7
2026-03-02,0.8,8.1,16.0,12.1,2.37,10.6,83,95,64,1.5
2026-03-03,1.7,10.7,21.2,15.3,2.52,10.6,71,94,43,10.2
2026-03-04,0.1,11.9,19.8,15.5,2.76,12.3,68,86,45,4.6
2026-03-05,24.2,10.8,14.9,12.3,2.9,9.2,86,93,71,0.0
2026-03-06,7.5,7.7,17.6,11.9,1.24,7.6,84,97,54,10.4
2026-03-07,4.8,6.8,15.5,11.0,1.2,7.0,75,89,53,9.6
2026-03-08,5.6,8.6,16.1,11.8,0.74,7.4,86,98,60,7.4
2026-03-09,0.2,7.5,18.3,12.2,1.36,7.8,82,100,47,8.0
2026-03-10,21.1,8.6,12.1,10.6,1.91,9.2,88,96,74,0.3
2026-03-11,6.9,10.3,17.0,12.9,1.13,5.9,86,97,67,5.3
2026-03-12,0.0,9.8,19.6,13.7,0.95,4.2,84,100,52,10.2
2026-03-13,0.0,8.0,22.4,14.1,1.98,9.5,73,97,36,11.2
2026-03-14,0.0,8.9,18.3,13.5,2.63,11.4,69,86,50,3.0
2026-03-15,4.8,10.6,18.2,14.1,4.29,15.9,54,87,30,11.3
2026-03-16,0.0,7.1,18.7,12.1,1.78,6.5,59,86,41,11.4
2026-03-17,0.0,5.6,20.4,12.0,1.33,7.5,69,96,31,11.5
2026-03-18,0.0,4.6,19.0,11.4,1.4,7.0,66,84,40,9.3
2026-03-19,0.0,8.1,18.1,12.9,2.64,10.8,75,95,51,11.5
2026-03-20,1.6,10.3,15.6,12.4,2.26,9.8,78,90,61,4.2
2026-03-21,2.5,10.2,14.7,12.1,1.51,5.4,76,93,62,4.3
2026-03-22,0.0,7.9,17.9,12.4,1.44,7.8,76,95,47,11.7
2026-03-23,0.0,7.1,18.8,12.4,2.11,9.3,74,92,49,11.7
2026-03-24,0.0,6.6,17.9,12.2,1.45,7.8,71,94,39,11.9
2026-03-25,0.0,6.2,23.2,13.5,1.28,6.9,65,91,28,10.9
2026-03-26,0.0,8.1,19.4,13.2,1.7,9.9,62,81,37,11.9
2026-03-27,0.0,7.3,17.2,11.9,1.14,7.0,70,91,46,10.5
2026-03-28,0.0,5.9,21.6,13.0,1.44,12.2,71,100,32,12.0
2026-03-29,0.0,9.7,16.5,12.8,4.87,17.8,37,86,12,11.2
2026-03-30,0.0,6.3,19.1,11.9,2.9,9.3,36,53,19,12.0
2026-03-31,0.0,9.6,24.1,15.7,2.5,12.4,50,74,25,12.0
2026-04-01,0.0,9.8,24.5,15.1,2.48,11.4,54,90,18,12.0
2026-04-02,0.0,11.6,22.9,16.4,4.48,13.7,38,76,20,12.0
2026-04-03,0.0,9.6,22.9,15.0,1.96,11.1,46,84,16,12.0
2026-04-04,0.0,7.5,23.7,14.9,1.56,9.1,59,92,26,12.0
2026-04-05,0.0,8.5,24.5,16.2,1.59,8.2,51,81,20,12.0
2026-04-06,0.0,8.6,23.0,15.8,1.79,10.0,58,79,31,12.0
2026-04-07,0.0,9.7,22.2,15.8,1.86,9.9,64,87,35,12.0
2026-04-08,0.0,11.7,24.4,17.4,2.13,9.6,62,83,35,11.4
2026-04-09,0.0,11.3,25.7,18.3,2.12,10.7,55,87,27,12.0
2026-04-10,0.0,11.7,28.3,19.6,2.3,11.6,39,62,17,11.6
2026-04-11,0.1,13.8,26.1,20.1,1.45,8.5,37,54,23,7.5
2026-04-12,8.3,14.0,21.6,17.3,2.19,10.6,68,91,43,4.4
2026-04-13,1.5,10.6,19.1,14.5,5.84,16.9,49,91,27,12.0
2026-04-14,0.0,9.3,23.3,16.2,4.01,14.5,49,75,30,11.2
2026-04-15,0.0,10.8,27.7,17.7,1.77,11.1,58,85,24,12.0
2026-04-16,0.0,11.4,25.5,18.3,1.49,8.7,61,86,35,12.1
2026-04-17,0.0,11.7,28.2,19.4,1.46,9.0,58,94,24,12.1
2026-04-18,0.0,11.4,27.9,19.1,1.43,9.0,57,86,27,11.7
2026-04-19,0.0,12.6,28.1,20.0,1.42,9.0,48,72,24,12.2
2026-04-20,0.0,12.3,29.4,20.2,1.34,8.8,45,68,21,12.0
2026-04-21,0.0,11.7,28.1,19.8,1.56,9.0,50,80,22,12.3
2026-04-22,0.0,14.3,30.6,22.3,1.35,7.8,50,81,25,12.1
2026-04-23,0.0,14.6,26.4,20.1,2.58,12.8,58,95,28,12.0
2026-04-24,8.6,13.7,21.9,16.9,1.76,9.4,71,90,44,5.3
2026-04-25,22.5,13.5,17.9,15.4,1.1,6.2,80,93,63,3.3
2026-04-26,0.0,10.5,21.4,16.0,1.58,9.0,75,96,45,12.5
2026-04-27,0.0,10.9,22.5,16.7,1.86,10.2,71,95,40,12.6
2026-04-28,0.9,11.5,23.3,16.9,1.71,8.2,74,95,50,7.8
2026-04-29,0.0,13.0,23.8,18.6,1.82,8.2,74,96,51,12.2
2026-04-30,0.4,13.8,27.6,19.8,1.39,9.7,73,99,40,12.1
2026-05-01,12.4,16.5,24.7,19.8,1.44,7.2,78,96,51,10.9
2026-05-02,3.0,16.5,21.6,18.8,2.17,9.0,81,97,64,4.1
2026-05-03,1.5,14.3,24.4,18.7,1.65,8.7,81,99,55,6.7
2026-05-04,10.0,16.5,23.7,19.4,1.18,6.7,82,98,57,9.0
2026-05-05,0.0,14.1,26.1,19.4,1.86,9.8,55,91,27,12.7
2026-05-06,1.0,12.8,23.2,18.0,2.01,9.2,60,79,43,12.3
2026-05-07,19.7,13.3,17.4,15.7,1.15,7.7,85,96,76,6.3
2026-05-08,1.8,11.2,21.6,15.7,1.23,7.4,79,97,52,8.8
2026-05-09,6.5,13.4,22.1,16.7,1.85,9.6,80,94,58,7.6
2026-05-10,0.4,11.6,24.6,18.0,2.38,12.4,74,100,42,11.6
2026-05-11,0.0,13.3,26.2,19.2,2.12,12.3,60,78,33,13.7
2026-05-12,0.0,12.7,28.5,20.5,2.54,14.3,51,89,18,13.8
2026-05-13,0.0,14.7,26.8,20.9,3.29,13.7,44,66,26,14.0
2026-05-14,0.0,14.6,27.2,20.9,2.64,13.0,46,68,27,14.0
2026-05-15,1.5,15.9,24.5,19.7,3.15,15.1,45,64,32,13.5
2026-05-16,0.0,11.4,25.6,18.1,2.59,13.5,44,64,19,14.0
2026-05-17,1.9,11.6,23.6,18.0,1.28,8.8,65,91,42,13.6
2026-05-18,2.8,14.4,27.0,20.3,1.55,10.3,62,93,29,14.0
2026-05-19,0.0,14.8,30.4,22.5,1.59,9.7,47,78,20,14.0
2026-05-20,0.0,15.4,30.9,22.8,1.59,9.2,45,70,20,14.0
2026-05-21,0.0,13.9,30.7,22.8,1.83,9.8,40,62,19,14.0
2026-05-22,0.0,14.9,31.0,23.4,1.93,10.3,41,62,22,14.0
2026-05-23,0.0,15.4,30.5,23.3,2.05,10.2,40,63,17,14.0
2026-05-24,0.0,14.8,31.2,23.3,1.92,10.4,40,65,18,14.0
2026-05-25,0.0,15.4,30.5,23.2,2.08,11.3,44,66,23,14.0
2026-05-26,0.0,15.7,30.5,23.3,1.98,9.6,46,71,23,14.0
2026-05-27,0.0,15.3,32.1,23.8,1.59,8.7,44,75,18,14.0
2026-05-28,0.0,16.2,33.3,24.8,1.54,8.8,36,60,15,14.0
2026-05-29,0.0,16.6,36.1,26.4,1.67,9.3,34,59,14,14.0
2026-05-30,0.0,18.6,36.4,27.6,1.91,10.5,28,48,13,14.0
2026-05-31,0.0,20.6,35.4,27.6,1.5,9.0,37,53,20,14.0
2026-06-01,0.0,19.4,35.5,27.3,1.71,9.9,48,74,21,14.0
2026-06-02,0.0,19.9,40.2,29.9,2.39,12.9,38,71,13,13.6
2026-06-03,0.0,21.2,31.0,26.1,2.72,9.6,57,78,21,14.0
2026-06-04,0.0,20.4,33.0,26.2,1.78,11.2,64,94,37,12.3
2026-06-05,0.2,20.8,28.3,24.3,2.68,11.2,65,82,46,11.9
2026-06-06,0.1,20.4,31.7,24.8,2.04,11.0,67,89,38,14.0
2026-06-07,0.0,19.4,29.4,24.1,2.83,12.5,63,91,33,12.5
2026-06-08,0.0,18.6,32.9,25.8,1.65,8.7,56,79,34,14.0
2026-06-09,0.0,20.2,30.7,25.5,2.5,10.4,64,93,40,14.0
2026-06-10,0.0,21.2,29.1,24.5,2.71,11.4,66,85,46,10.7
2026-06-11,0.0,20.5,28.8,23.8,2.76,10.3,62,80,41,11.0
2026-06-12,0.0,17.8,28.5,23.5,2.44,11.7,56,86,33,14.0
2026-06-13,0.0,17.9,31.2,24.5,2.29,11.0,44,68,24,12.3
2026-06-14,0.0,18.2,32.6,25.7,1.88,10.1,39,63,20,14.0
2026-06-15,0.0,20.6,35.6,27.9,1.95,9.3,46,69,22,13.4
2026-06-16,0.0,21.1,33.5,26.9,1.92,10.7,52,78,24,14.0
2026-06-17,0.0,18.8,34.4,27.1,2.65,12.5,42,71,15,14.0
2026-06-18,0.0,21.0,33.7,26.9,2.45,12.4,40,59,21,14.0
2026-06-19,0.0,20.3,33.5,27.2,2.19,10.9,50,72,32,14.0
2026-06-20,0.0,22.2,34.1,27.9,2.65,11.9,55,76,36,13.8
2026-06-21,0.0,21.6,34.4,28.5,2.86,13.1,49,75,29,14.0
2026-06-22,0.0,20.5,36.8,29.0,2.36,11.4,40,68,18,13.6
2026-06-23,0.0,21.1,38.0,29.7,2.16,12.1,33,51,16,14.0
2026-06-24,0.0,21.4,36.5,29.3,2.24,11.4,36,55,19,14.0
2026-06-25,0.0,20.9,35.1,28.3,2.04,10.3,42,60,22,14.0
2026-06-26,0.0,21.2,34.0,27.8,1.94,10.6,60,92,32,14.0
2026-06-27,0.0,22.2,35.3,27.9,1.91,9.2,62,88,33,13.6
2026-06-28,1.4,21.5,36.1,28.5,1.81,9.2,57,89,31,11.1
2026-06-29,0.7,23.9,34.1,29.0,2.11,10.5,55,86,28,14.0
2026-06-30,0.0,22.5,36.0,29.4,1.68,10.1,46,68,26,14.0
2026-07-01,0.1,22.6,37.9,29.9,1.95,11.5,53,85,24,14.0
2026-07-02,0.0,23.5,32.6,28.3,2.52,10.1,63,92,44,14.0
2026-07-03,0.0,21.9,34.8,28.5,1.89,9.6,54,94,21,14.0
