fecha,prec_mm,tmin,tmax,tmed,velmedia_ms,racha_ms,hrMedia,hrMax,hrMin,sol_h
1984-01-01,0.0,2.5,13.8,7.3,1.1,4.2,77,92,54,8.9
1984-01-02,0.0,2.2,13.6,6.9,1.07,4.1,82,97,56,9.0
1984-01-03,0.0,1.8,14.9,6.8,1.48,5.0,75,95,44,9.2
1984-01-04,0.0,4.3,8.3,6.0,3.88,13.8,68,84,45,8.9
1984-01-05,0.0,1.0,7.5,3.9,4.23,12.1,58,65,49,9.3
1984-01-06,0.0,1.6,11.6,5.9,3.36,12.1,69,77,60,9.3
1984-01-07,0.0,6.1,10.8,8.3,3.41,12.7,77,86,68,6.9
1984-01-08,0.8,7.1,11.9,8.9,1.85,8.3,85,92,72,4.5
1984-01-09,5.4,2.6,7.2,4.7,2.94,9.7,74,96,44,5.1
1984-01-10,0.0,-3.6,6.6,1.1,1.99,7.5,52,68,34,9.4
1984-01-11,0.0,-3.9,8.7,1.0,1.57,5.4,59,79,37,9.5
1984-01-12,0.0,-0.4,10.5,4.3,2.86,13.3,66,78,49,9.4
1984-01-13,0.0,3.3,13.0,7.0,2.74,9.2,69,84,47,9.1
1984-01-14,0.0,1.8,17.5,7.6,1.71,5.4,71,85,43,9.5
1984-01-15,0.0,2.6,14.2,7.4,2.26,7.0,75,94,63,9.4
1984-01-16,0.0,1.4,12.3,6.1,1.63,5.9,85,99,65,9.2
1984-01-17,0.0,0.8,16.0,6.7,1.45,4.8,72,98,38,9.5
1984-01-18,0.0,0.8,14.1,6.2,1.48,4.9,75,90,50,9.5
1984-01-19,0.0,2.9,13.8,7.7,2.62,10.4,79,91,59,9.2
1984-01-20,0.0,7.7,15.5,10.5,1.43,6.1,80,95,54,8.6
1984-01-21,0.0,6.0,12.1,8.4,2.95,12.8,74,92,48,9.3
1984-01-22,1.8,7.0,13.3,9.8,3.77,15.1,77,85,69,7.0
1984-01-23,0.0,10.2,13.7,11.7,4.49,14.7,68,76,59,7.8
1984-01-24,0.0,7.3,12.1,11.0,4.26,13.2,64,70,54,9.2
1984-01-25,0.0,1.2,13.3,6.4,1.69,6.8,75,93,50,9.6
1984-01-26,0.0,2.3,13.4,7.1,1.33,6.4,75,89,53,5.8
1984-01-27,0.0,3.2,9.4,6.0,2.72,9.1,65,84,42,9.7
1984-01-28,0.0,-1.1,8.6,3.4,1.83,6.6,70,86,47,9.4
1984-01-29,0.0,-2.6,10.3,3.0,1.09,4.6,67,87,35,9.7
1984-01-30,0.0,2.0,10.2,5.4,1.97,8.6,70,89,42,9.6
1984-01-31,0.1,0.3,11.6,6.3,2.96,13.1,77,87,67,8.4
1984-02-01,0.0,6.9,15.0,10.0,2.94,11.1,71,80,56,9.2
1984-02-02,0.0,4.4,9.5,7.1,7.15,22.5,58,75,38,9.8
1984-02-03,0.0,4.5,9.1,6.6,4.79,15.6,69,73,59,6.1
1984-02-04,0.0,5.7,16.1,10.0,2.61,9.1,73,90,56,10.0
1984-02-05,0.0,3.4,17.5,9.8,1.18,4.1,78,96,52,9.8
1984-02-06,0.0,6.6,14.4,9.9,1.12,4.7,81,97,57,7.3
1984-02-07,0.0,3.5,18.3,9.8,2.7,10.9,66,95,31,10.1
1984-02-08,0.0,8.8,18.1,13.0,4.6,14.5,60,74,47,10.2
1984-02-09,0.0,8.0,14.0,11.3,5.48,17.6,57,73,40,10.3
1984-02-10,0.0,-0.5,12.7,6.5,1.88,9.2,46,73,20,10.4
1984-02-11,0.0,-1.5,15.2,6.2,1.22,4.6,49,74,25,10.5
1984-02-12,0.0,-1.1,12.5,5.4,1.55,7.4,66,90,48,10.5
1984-02-13,1.7,0.1,11.2,4.9,1.37,6.7,80,97,50,9.9
1984-02-14,1.2,1.1,5.6,3.3,2.96,12.1,82,98,58,10.2
1984-02-15,0.0,-1.2,9.1,3.7,1.17,4.2,70,94,39,10.4
1984-02-16,0.0,-2.2,11.4,4.1,1.42,5.3,61,82,36,10.7
1984-02-17,0.0,-2.5,13.4,4.8,1.26,4.6,61,86,29,10.0
1984-02-18,0.0,0.2,12.9,5.8,0.97,7.0,67,85,40,10.0
1984-02-19,0.0,3.1,14.2,8.0,1.79,10.8,72,87,49,10.7
1984-02-20,0.0,3.4,14.4,8.5,1.54,7.5,73,98,41,10.0
1984-02-21,0.0,1.0,14.8,7.0,2.05,10.8,71,91,41,10.8
1984-02-22,0.0,3.9,11.2,7.0,2.99,13.7,67,93,37,10.8
1984-02-23,0.1,3.4,9.7,6.1,5.17,21.1,61,70,49,10.7
1984-02-24,0.0,1.3,7.9,4.2,4.04,13.4,56,73,38,10.8
1984-02-25,0.2,-1.6,7.7,2.6,2.56,10.1,60,87,35,10.9
1984-02-26,0.0,-2.7,9.4,2.8,1.2,5.2,50,71,27,10.9
1984-02-27,3.6,2.4,7.2,4.5,1.89,8.7,86,99,68,1.3
1984-02-28,8.7,5.0,12.4,7.6,2.68,12.4,87,100,66,6.9
1984-02-29,1.3,-1.2,9.9,4.3,1.77,7.6,73,92,40,8.1
1984-03-01,0.0,-0.2,9.1,3.8,3.03,13.0,71,92,40,10.9
1984-03-02,0.0,-0.1,14.4,6.4,2.52,8.4,53,74,30,11.0
1984-03-03,0.0,-0.9,15.6,6.9,2.18,8.8,58,78,33,9.4
1984-03-04,0.0,0.6,13.4,6.6,1.67,10.3,66,86,37,11.0
1984-03-05,0.0,-0.4,10.6,5.1,1.3,7.5,62,85,37,11.1
1984-03-06,0.0,-1.4,11.2,4.9,1.69,9.4,62,80,39,11.1
1984-03-07,0.0,-1.2,14.0,6.5,1.33,6.0,56,83,25,11.1
1984-03-08,0.0,-0.4,17.5,7.8,2.47,11.0,49,69,24,11.2
1984-03-09,0.0,-0.3,11.9,6.2,2.62,9.6,47,72,21,11.3
1984-03-10,0.0,1.3,10.0,5.0,1.63,7.2,61,87,28,11.0
1984-03-11,0.0,0.0,8.6,3.9,2.03,9.2,65,98,31,11.1
1984-03-12,0.0,-1.7,10.1,3.9,1.7,7.5,54,78,31,11.5
1984-03-13,0.4,-1.9,10.0,4.3,1.54,7.5,71,88,49,10.9
1984-03-14,0.9,3.4,10.6,6.3,2.18,10.2,70,99,35,10.2
1984-03-15,0.2,1.1,10.3,5.5,2.58,12.3,61,86,37,11.5
1984-03-16,0.4,2.4,10.1,5.8,2.39,12.0,63,77,46,9.1
1984-03-17,0.0,2.0,11.7,6.5,3.0,12.6,62,84,36,11.7
1984-03-18,0.0,0.0,14.0,6.4,1.61,7.8,68,89,39,9.7
1984-03-19,0.5,3.0,10.1,6.4,1.6,8.1,83,100,61,3.6
1984-03-20,5.3,4.1,9.0,6.5,1.4,6.0,93,99,79,0.0
1984-03-21,8.0,5.9,11.4,8.1,1.2,7.4,86,100,68,8.9
1984-03-22,6.5,5.1,11.3,7.6,1.03,7.4,92,100,80,3.6
1984-03-23,0.4,4.0,14.3,8.7,1.79,8.1,73,98,43,11.7
1984-03-24,0.0,5.1,15.6,10.1,3.57,15.5,67,78,54,11.9
1984-03-25,0.0,9.3,15.3,12.2,4.18,15.8,66,80,49,11.9
1984-03-26,0.0,6.2,14.9,10.4,2.88,10.2,59,84,37,11.9
1984-03-27,0.0,2.2,18.0,9.6,1.3,6.6,65,90,34,11.9
1984-03-28,0.0,3.7,16.7,10.3,3.25,15.0,67,87,46,11.1
1984-03-29,0.0,7.0,16.2,11.1,3.15,11.4,57,79,35,12.0
1984-03-30,0.0,8.8,18.9,13.3,3.1,11.6,64,76,51,10.9
1984-03-31,0.0,7.1,22.1,14.4,2.08,10.0,66,95,32,10.1
1984-04-01,1.8,7.6,14.2,11.0,5.58,21.1,63,83,49,12.0
1984-04-02,0.0,9.1,18.0,12.8,4.4,14.6,67,78,48,12.0
1984-04-03,0.8,10.7,18.4,14.6,3.33,16.6,73,92,56,11.5
1984-04-04,0.0,9.6,17.9,14.3,3.7,14.4,63,93,42,12.1
1984-04-05,0.0,7.4,17.6,12.6,3.86,13.6,51,79,30,12.2
1984-04-06,0.0,4.0,21.0,12.3,1.45,8.1,57,86,29,12.2
1984-04-07,0.0,7.6,19.3,13.0,1.63,8.6,58,79,37,12.2
1984-04-08,0.0,4.4,20.4,12.6,1.89,9.0,57,84,33,12.0
1984-04-09,0.0,7.7,21.6,14.1,1.94,9.3,53,81,27,9.8
1984-04-10,0.2,10.3,22.1,15.2,1.22,8.7,63,89,42,11.1
1984-04-11,0.0,8.3,22.2,15.6,1.24,7.9,62,90,33,12.3
1984-04-12,0.6,10.9,19.5,14.6,1.57,11.5,69,82,52,8.6
1984-04-13,0.1,9.4,18.8,13.9,2.1,10.8,70,98,47,12.3
1984-04-14,15.1,8.3,11.3,9.5,1.93,10.5,84,93,65,1.4
1984-04-15,3.9,5.5,16.1,10.6,1.6,8.9,80,96,59,10.8
1984-04-16,0.0,7.7,19.2,13.1,2.38,10.3,65,92,36,12.4
1984-04-17,0.0,6.1,20.7,13.3,1.55,8.2,62,85,35,12.0
1984-04-18,0.0,8.1,19.0,13.2,1.83,8.8,71,100,44,12.6
1984-04-19,0.0,6.0,20.7,13.4,1.72,8.4,62,94,34,12.9
1984-04-20,0.0,7.3,20.0,13.4,1.88,10.3,53,79,31,13.0
1984-04-21,0.0,8.0,18.8,12.7,2.29,12.1,47,66,28,13.0
1984-04-22,0.2,7.3,19.5,13.2,2.0,10.0,49,74,37,12.9
1984-04-23,0.0,9.0,21.8,15.2,1.74,10.5,61,85,40,12.0
1984-04-24,0.3,8.6,20.6,14.9,1.65,9.5,63,89,41,12.6
1984-04-25,0.0,7.3,21.6,14.7,2.05,10.5,58,92,31,12.9
1984-04-26,0.4,9.8,19.2,13.8,2.58,11.6,53,73,34,13.2
1984-04-27,0.0,7.6,19.5,13.5,2.02,11.1,54,83,30,12.8
1984-04-28,0.3,8.7,22.4,15.7,1.89,7.8,42,64,30,12.1
1984-04-29,10.9,9.9,15.7,12.9,1.49,8.7,81,97,63,6.8
1984-04-30,11.2,8.5,15.0,11.7,1.16,7.8,86,96,69,9.6
1984-05-01,0.3,9.9,18.1,14.0,2.88,14.7,71,98,46,13.0
1984-05-02,0.0,11.1,16.9,13.9,2.09,9.8,61,81,43,10.6
1984-05-03,2.4,7.9,16.9,11.8,1.12,8.5,68,89,44,11.9
1984-05-04,0.0,7.4,19.5,12.9,2.8,9.8,62,89,33,13.7
1984-05-05,0.0,6.8,21.6,14.6,1.79,7.0,63,87,40,12.1
1984-05-06,0.7,8.5,21.0,15.3,1.03,7.5,67,93,42,13.8
1984-05-07,0.2,10.2,17.5,13.8,2.21,9.3,74,90,56,8.1
1984-05-08,9.4,10.5,13.7,11.6,1.29,6.1,91,96,78,2.6
1984-05-09,1.0,8.6,15.2,12.1,1.22,5.5,76,98,55,7.5
1984-05-10,4.2,10.0,14.6,11.9,0.84,5.4,84,95,70,5.1
1984-05-11,0.8,9.0,16.8,12.8,1.24,6.7,71,94,45,12.8
1984-05-12,0.0,5.6,19.3,12.8,2.38,10.1,55,84,30,13.4
1984-05-13,0.0,8.0,15.1,11.5,2.16,9.3,76,97,52,7.6
1984-05-14,7.7,8.5,15.0,10.8,2.79,11.6,78,98,59,11.1
1984-05-15,0.6,6.4,14.0,9.9,4.06,17.4,60,69,47,14.0
1984-05-16,0.0,5.6,15.5,11.2,2.59,9.7,62,79,48,14.0
1984-05-17,0.3,5.5,16.6,11.6,2.12,8.5,64,86,44,12.2
1984-05-18,0.4,7.8,13.7,10.8,2.91,14.8,64,92,38,11.0
1984-05-19,11.4,7.5,9.6,8.6,1.06,6.1,80,89,64,1.3
1984-05-20,0.3,6.8,15.2,10.8,3.74,13.7,68,88,50,14.0
1984-05-21,0.4,7.4,16.1,11.7,3.66,11.4,56,77,37,12.6
1984-05-22,0.1,7.1,14.6,11.0,3.68,15.2,54,80,32,14.0
1984-05-23,0.1,6.4,17.0,11.6,3.38,13.6,55,82,31,14.0
1984-05-24,0.0,9.1,15.1,12.2,4.62,15.2,61,74,51,14.0
1984-05-25,0.0,9.8,18.5,14.0,2.41,10.5,60,84,35,14.0
1984-05-26,0.0,7.0,21.6,14.7,2.33,11.4,61,90,35,14.0
1984-05-27,0.0,9.3,21.2,15.3,1.82,8.4,58,85,34,14.0
1984-05-28,0.0,7.0,22.7,15.8,1.47,10.7,56,89,33,14.0
1984-05-29,25.0,9.7,17.5,13.2,1.63,8.6,77,96,58,6.8
1984-05-30,18.7,10.0,13.4,11.7,1.12,7.0,94,98,85,1.0
1984-05-31,0.0,5.6,20.7,13.6,2.24,10.4,71,99,40,13.9
1984-06-01,0.0,8.5,24.0,16.6,1.59,6.0,63,92,36,14.0
1984-06-02,0.5,9.7,23.0,16.2,2.26,14.0,67,87,47,11.9
1984-06-03,0.0,8.8,16.8,13.2,3.86,11.2,53,70,37,13.0
1984-06-04,0.0,13.0,20.8,16.5,4.75,17.1,63,75,53,12.4
1984-06-05,0.0,11.7,19.1,15.3,3.31,10.5,55,72,33,11.8
1984-06-06,0.0,7.3,17.5,13.2,2.87,14.0,56,80,38,14.0
1984-06-07,0.0,6.2,22.2,14.8,1.4,6.5,57,85,34,13.9
1984-06-08,0.0,9.5,21.2,16.1,1.33,7.2,64,86,45,14.0
1984-06-09,0.0,9.8,23.8,17.2,1.81,9.3,61,89,38,13.9
1984-06-10,0.0,11.1,24.4,18.0,1.9,8.6,59,84,38,14.0
1984-06-11,0.0,10.7,25.7,18.3,1.83,9.8,57,86,35,14.0
1984-06-12,0.0,11.5,23.6,17.8,1.98,10.3,54,76,36,14.0
1984-06-13,0.0,11.5,24.6,18.0,2.3,10.5,52,73,30,14.0
1984-06-14,0.0,11.6,25.8,19.3,2.15,10.0,44,70,26,14.0
1984-06-15,0.0,11.9,28.6,20.8,1.57,7.3,40,69,23,14.0
1984-06-16,0.0,12.5,30.6,22.2,1.46,9.2,52,81,28,14.0
1984-06-17,2.8,14.7,26.8,20.7,1.87,9.8,62,81,40,12.1
1984-06-18,9.2,14.1,19.9,17.5,2.3,15.0,74,81,64,11.5
1984-06-19,0.6,13.1,26.6,19.1,2.54,11.0,75,94,46,11.2
1984-06-20,0.0,13.4,28.6,21.3,1.29,5.7,70,98,45,14.0
1984-06-21,0.0,15.3,28.6,22.3,1.42,6.7,62,91,35,14.0
1984-06-22,0.0,15.5,27.0,21.7,2.45,10.2,61,82,46,14.0
1984-06-23,0.0,16.1,26.9,21.4,2.04,10.1,65,89,44,14.0
1984-06-24,0.0,13.6,28.9,21.8,1.94,9.5,59,92,33,14.0
1984-06-25,0.0,17.2,26.0,21.2,2.27,10.6,55,68,43,14.0
1984-06-26,0.0,13.5,27.0,20.7,2.09,10.5,54,84,31,14.0
1984-06-27,0.0,13.1,29.1,21.4,1.81,8.9,47,77,26,14.0
1984-06-28,0.0,13.5,31.5,22.9,1.53,8.4,52,85,23,14.0
1984-06-29,0.0,14.6,29.6,22.7,1.88,10.5,52,78,31,14.0
1984-06-30,0.0,16.6,31.0,23.2,2.16,11.3,53,81,28,14.0
1984-07-01,0.0,16.2,33.2,24.5,1.26,7.2,54,83,28,14.0
1984-07-02,0.0,17.4,32.1,25.2,2.22,9.9,50,78,29,14.0
1984-07-03,0.0,18.1,28.6,22.7,2.11,10.3,55,75,37,14.0
1984-07-04,0.0,16.1,27.5,21.7,2.07,9.4,53,76,35,14.0
1984-07-05,0.0,15.1,28.1,21.8,2.09,9.6,49,76,29,14.0
1984-07-06,0.0,15.2,29.9,22.6,2.13,10.7,49,79,25,14.0
1984-07-07,0.0,14.9,32.6,24.2,2.36,11.5,42,74,18,14.0
1984-07-08,0.0,14.5,34.6,25.2,2.14,10.6,33,61,14,14.0
1984-07-09,0.1,16.9,36.8,27.1,1.58,9.0,41,70,18,14.0
1984-07-10,0.0,18.8,36.1,27.7,1.78,10.1,47,74,22,12.2
1984-07-11,0.0,18.9,34.1,27.0,1.33,9.4,47,82,21,14.0
1984-07-12,0.0,16.8,33.5,25.2,2.03,9.9,42,69,21,14.0
1984-07-13,0.0,18.9,32.2,25.1,1.96,10.4,59,87,31,14.0
1984-07-14,0.0,18.9,30.2,24.2,1.91,9.9,59,89,34,14.0
1984-07-15,0.0,16.7,34.6,25.8,1.63,10.2,54,88,23,14.0
1984-07-16,0.0,18.5,31.0,24.1,2.06,10.6,64,83,38,14.0
1984-07-17,0.0,17.7,28.7,22.6,2.14,9.7,67,97,40,14.0
1984-07-18,0.0,16.6,29.1,22.6,1.96,9.4,64,96,36,13.9
1984-07-19,0.0,15.6,33.7,24.9,1.71,8.4,56,90,27,13.9
1984-07-20,0.0,18.0,34.6,26.8,1.87,9.1,46,82,17,13.0
1984-07-21,0.1,18.0,35.3,26.7,1.68,9.8,44,65,23,13.9
1984-07-22,0.0,17.8,35.2,26.9,1.54,8.5,52,85,25,13.9
1984-07-23,0.3,19.1,36.5,28.2,1.83,11.1,47,76,23,13.9
1984-07-24,2.2,20.1,37.5,28.5,1.35,9.6,45,71,21,13.9
1984-07-25,0.1,20.3,36.2,28.8,1.71,8.5,40,63,16,13.9
1984-07-26,0.0,19.4,29.7,24.7,2.3,10.4,55,85,42,13.6
1984-07-27,0.0,18.3,29.7,23.4,1.76,8.5,58,79,38,13.6
1984-07-28,0.0,17.2,31.6,24.4,1.78,9.2,58,90,29,13.6
1984-07-29,0.0,17.3,30.7,24.1,2.45,11.0,48,80,26,13.6
1984-07-30,0.0,16.5,32.8,24.3,1.87,10.2,41,62,20,13.7
1984-07-31,0.0,16.9,31.4,24.6,1.24,9.8,51,82,20,13.5
1984-08-01,0.0,19.1,29.5,24.1,2.52,10.4,47,71,34,13.5
1984-08-02,0.0,16.2,31.7,24.1,1.91,9.1,57,93,26,13.5
1984-08-03,0.0,16.6,33.2,25.2,2.13,10.1,44,77,19,13.5
1984-08-04,0.2,16.8,31.7,24.4,1.99,10.3,56,79,32,13.1
1984-08-05,0.0,18.5,29.9,23.1,2.11,11.0,70,97,38,12.6
1984-08-06,0.0,17.9,28.0,22.1,2.15,10.8,63,82,39,13.2
1984-08-07,0.0,16.8,29.8,23.0,1.95,9.2,58,85,34,13.3
1984-08-08,0.3,17.5,32.6,24.7,1.52,10.3,55,87,22,13.3
1984-08-09,0.0,17.6,24.5,20.8,2.34,8.4,71,91,51,12.0
1984-08-10,0.1,15.4,26.3,20.0,1.95,8.8,70,97,39,12.8
1984-08-11,0.0,14.6,27.0,20.7,2.18,10.7,58,86,35,12.8
1984-08-12,0.0,15.0,27.1,21.1,1.98,8.7,57,79,35,13.2
1984-08-13,0.0,14.0,29.0,21.7,1.56,8.6,59,92,29,13.2
1984-08-14,0.0,15.8,31.2,24.0,1.31,6.8,57,91,27,13.0
1984-08-15,0.0,17.1,31.4,24.2,1.82,10.5,57,78,30,13.1
1984-08-16,0.0,17.2,31.6,24.4,0.68,6.2,53,88,17,12.9
1984-08-17,0.0,16.7,27.7,22.2,1.81,9.3,58,75,41,12.8
1984-08-18,0.0,18.2,27.6,22.2,2.05,10.0,68,94,42,12.9
1984-08-19,0.0,14.7,28.8,21.7,1.96,10.2,55,88,26,12.9
1984-08-20,0.0,15.2,29.1,21.8,1.94,9.9,43,68,20,12.9
1984-08-21,0.0,13.8,29.6,21.7,1.88,10.8,55,80,30,12.6
1984-08-22,0.0,15.5,30.0,22.8,1.28,7.4,57,93,22,12.8
1984-08-23,0.0,17.3,26.9,21.9,2.98,11.6,46,69,30,12.7
1984-08-24,0.0,13.7,30.0,21.9,1.3,5.6,45,72,24,12.5
1984-08-25,0.0,15.9,31.0,23.6,1.31,7.4,49,74,29,12.2
1984-08-26,0.0,17.9,30.0,23.6,1.94,9.1,55,74,33,11.3
1984-08-27,3.7,16.7,24.3,20.4,1.92,9.3,75,90,57,10.6
1984-08-28,3.1,17.0,23.9,19.6,1.43,8.1,82,97,59,11.2
1984-08-29,0.1,16.5,25.5,20.5,1.71,8.5,75,100,46,12.2
1984-08-30,0.0,14.4,26.8,20.4,1.59,8.1,69,99,38,12.2
1984-08-31,0.0,13.5,28.7,21.1,1.49,7.5,59,92,29,12.2
1984-09-01,0.0,14.0,31.4,22.6,1.64,7.1,54,86,24,12.1
1984-09-02,0.0,15.7,33.1,24.0,1.67,8.2,47,79,19,12.0
1984-09-03,0.0,16.4,33.4,24.8,1.54,8.3,45,77,19,12.0
1984-09-04,0.0,16.5,31.8,24.3,1.14,7.3,51,82,26,12.0
1984-09-05,1.7,18.3,30.2,22.9,2.07,9.4,53,88,28,10.6
1984-09-06,1.7,16.8,22.7,19.0,2.36,10.2,77,94,57,11.7
1984-09-07,11.4,15.7,21.1,17.9,1.42,8.9,84,98,75,4.7
1984-09-08,1.1,15.5,24.6,19.9,1.26,5.4,81,98,57,11.9
1984-09-09,0.0,15.8,27.6,21.2,1.09,6.1,70,98,33,11.8
1984-09-10,0.0,16.1,28.5,22.0,2.22,7.4,56,78,30,12.0
1984-09-11,2.3,16.7,22.3,19.1,2.08,9.1,81,97,66,9.2
1984-09-12,0.1,15.6,23.7,19.1,1.95,8.8,76,96,54,12.0
1984-09-13,0.0,13.6,25.6,19.4,1.31,6.7,70,94,41,12.0
1984-09-14,0.0,12.7,27.0,20.0,1.41,6.7,66,95,36,12.0
1984-09-15,0.0,13.9,28.4,21.1,0.83,6.3,65,93,34,12.0
1984-09-16,0.7,17.1,24.3,20.2,1.34,7.8,74,95,57,11.3
1984-09-17,0.0,17.2,27.8,21.3,1.35,6.8,71,96,31,10.6
1984-09-18,0.0,16.0,27.7,21.6,2.94,13.8,54,81,26,12.0
1984-09-19,0.0,13.1,23.1,18.3,3.44,13.6,41,51,32,12.0
1984-09-20,0.0,10.3,26.9,18.7,0.97,5.0,54,83,28,12.0
1984-09-21,0.0,12.1,28.9,20.5,1.53,6.9,50,73,26,12.0
1984-09-22,0.0,13.5,27.9,20.8,1.95,7.3,52,82,28,12.0
1984-09-23,0.0,14.9,27.8,21.2,3.21,13.1,42,63,27,12.0
1984-09-24,0.3,16.3,23.9,19.9,2.88,12.4,52,87,34,10.5
1984-09-25,0.0,9.5,23.4,16.7,1.72,6.7,41,69,26,11.9
1984-09-26,0.0,13.1,23.7,17.6,2.04,8.3,64,90,37,10.5
1984-09-27,0.0,11.5,25.3,17.7,1.43,8.7,62,90,30,10.2
1984-09-28,3.3,11.5,25.1,18.0,1.44,10.2,69,91,42,11.8
1984-09-29,1.6,13.8,18.5,16.2,3.16,14.4,66,84,45,11.7
1984-09-30,0.0,11.7,22.9,16.9,2.65,10.6,46,64,28,11.4
1984-10-01,0.0,11.5,24.8,17.8,2.6,11.9,52,69,30,10.9
1984-10-02,0.3,13.0,22.6,17.1,1.63,9.1,65,90,39,6.7
1984-10-03,1.3,13.1,22.0,16.5,1.94,9.1,56,87,27,9.1
1984-10-04,0.0,12.2,23.9,16.8,3.85,19.6,53,59,50,11.3
1984-10-05,0.0,9.3,16.6,12.8,5.34,17.3,51,61,36,11.4
1984-10-06,0.0,8.7,16.4,12.4,3.81,15.2,44,64,27,11.4
1984-10-07,0.0,7.3,16.8,11.6,3.32,12.6,40,55,25,11.3
1984-10-08,0.0,3.7,19.2,12.0,1.43,6.9,44,77,23,11.0
1984-10-09,0.0,5.9,19.2,12.6,1.56,8.2,48,62,31,10.7
1984-10-10,0.0,6.7,18.8,12.9,1.98,8.1,61,88,39,11.0
1984-10-11,0.0,8.0,22.6,14.6,1.47,6.5,57,81,34,10.9
1984-10-12,0.0,8.3,24.1,15.9,1.34,5.3,61,88,31,10.9
1984-10-13,0.0,8.7,22.6,15.8,1.25,6.6,65,92,35,10.7
1984-10-14,0.2,10.2,20.2,14.9,1.65,8.0,71,89,45,10.2
1984-10-15,0.0,9.8,19.4,14.5,1.56,6.9,76,99,49,10.2
1984-10-16,0.0,7.7,21.0,14.1,1.43,5.7,66,93,32,10.6
1984-10-17,0.0,7.2,20.3,13.6,1.31,6.4,70,93,40,10.4
1984-10-18,0.0,9.1,21.7,14.5,1.43,7.7,74,98,36,10.0
1984-10-19,1.4,8.7,22.9,14.8,1.18,7.3,72,94,33,9.2
1984-10-20,0.7,11.9,20.1,15.6,0.61,4.7,79,97,54,9.8
1984-10-21,1.3,11.8,17.6,14.5,1.28,5.5,85,97,68,7.0
1984-10-22,0.1,12.8,20.0,15.4,0.98,6.1,79,97,48,9.9
1984-10-23,0.0,8.3,21.6,14.5,1.17,5.9,76,96,44,10.2
1984-10-24,0.0,10.7,21.6,15.2,1.33,7.2,77,99,46,9.8
1984-10-25,0.0,9.4,24.0,15.7,1.0,5.9,70,97,35,9.7
1984-10-26,0.0,9.6,22.2,15.2,1.78,7.0,70,91,41,9.9
1984-10-27,3.5,10.8,19.5,14.9,0.94,7.6,80,95,54,10.0
1984-10-28,0.0,11.3,20.0,14.8,1.7,5.9,77,98,46,10.0
1984-10-29,0.0,7.9,19.5,13.6,1.36,6.8,76,93,52,10.0
1984-10-30,0.1,10.6,16.1,13.0,1.66,8.0,82,100,55,7.6
1984-10-31,2.9,11.3,15.9,13.1,1.46,8.3,94,99,84,6.9
1984-11-01,3.3,12.6,18.3,14.4,1.21,6.4,86,99,59,8.0
1984-11-02,0.0,12.0,19.2,14.9,0.97,5.3,75,99,42,9.3
1984-11-03,0.0,7.1,16.0,11.9,2.0,7.2,62,88,35,10.0
1984-11-04,6.0,6.4,16.9,10.7,1.73,12.4,85,99,54,7.3
1984-11-05,7.3,8.0,12.8,10.3,2.22,11.0,80,97,54,3.0
1984-11-06,6.0,6.0,15.7,10.1,2.06,8.4,75,96,53,6.0
1984-11-07,0.3,7.5,17.2,11.9,2.34,12.0,84,98,59,8.4
1984-11-08,2.4,8.3,17.0,12.5,2.47,12.2,83,98,62,7.6
1984-11-09,8.1,8.3,14.4,11.5,1.05,5.5,81,99,55,0.6
1984-11-10,30.1,8.0,10.5,9.0,3.23,11.7,88,96,81,0.8
1984-11-11,12.5,9.7,14.8,11.8,2.9,12.0,95,99,86,4.5
1984-11-12,2.7,10.9,13.6,12.1,1.39,7.3,92,98,86,0.1
1984-11-13,4.2,6.1,12.8,10.6,2.67,10.2,89,100,65,1.5
1984-11-14,0.0,5.3,10.8,7.7,3.43,14.8,74,82,60,8.8
1984-11-15,0.0,6.6,12.2,9.2,4.1,13.7,67,76,54,9.6
1984-11-16,0.0,10.5,16.4,13.4,3.66,11.2,73,79,67,5.5
1984-11-17,0.7,13.5,18.9,15.5,2.36,8.9,76,84,62,9.2
1984-11-18,0.0,11.5,16.1,13.6,3.74,15.6,71,82,52,9.8
1984-11-19,0.0,10.0,12.7,11.4,5.56,19.2,68,74,64,9.8
1984-11-20,0.0,7.1,14.3,10.8,2.57,9.6,72,88,55,9.8
1984-11-21,0.0,6.3,15.4,9.9,2.48,9.7,78,91,58,9.8
1984-11-22,0.0,7.7,18.8,11.9,1.94,6.3,78,91,51,9.8
1984-11-23,0.0,7.0,21.2,12.3,1.46,5.3,72,89,41,9.7
1984-11-24,0.0,6.1,20.2,11.6,1.63,5.7,60,85,38,9.7
1984-11-25,0.0,5.5,19.4,10.9,1.46,5.1,67,86,40,9.3
1984-11-26,0.0,7.7,19.3,11.9,1.43,6.1,71,86,43,7.3
1984-11-27,0.0,4.1,15.3,9.5,1.2,5.2,81,96,61,9.6
1984-11-28,0.0,4.5,14.4,8.5,1.22,5.7,77,99,47,9.2
1984-11-29,0.0,4.1,11.0,7.3,0.99,4.9,86,97,67,2.1
1984-11-30,3.0,7.7,12.9,9.5,1.65,9.0,87,98,69,2.5
1984-12-01,0.9,6.9,10.6,9.0,2.4,11.1,76,99,50,9.1
1984-12-02,0.0,5.5,10.6,7.5,2.84,11.3,70,83,48,8.4
1984-12-03,0.0,4.8,13.9,8.7,2.12,8.4,80,91,66,9.0
1984-12-04,0.0,8.0,15.4,11.2,1.8,7.8,80,96,54,9.1
1984-12-05,0.0,6.5,13.1,9.9,1.14,5.7,86,100,73,5.2
1984-12-06,0.0,8.1,11.0,9.2,1.36,6.7,88,100,69,4.2
1984-12-07,4.8,8.7,11.1,9.5,2.36,8.9,95,99,87,5.2
1984-12-08,1.9,7.7,12.4,9.7,2.06,8.8,90,100,66,8.7
1984-12-09,1.5,5.3,12.3,8.9,1.67,6.6,92,100,74,9.0
1984-12-10,0.7,7.5,11.1,8.9,1.4,7.6,95,99,83,5.1
1984-12-11,0.1,6.7,10.7,8.4,0.96,5.3,92,100,79,2.8
1984-12-12,0.0,5.2,15.0,8.4,0.87,4.2,80,98,51,8.4
1984-12-13,0.0,4.6,14.5,8.2,2.1,10.1,74,93,57,9.4
1984-12-14,0.0,3.9,12.0,7.2,1.25,6.3,84,97,64,8.9
1984-12-15,0.0,4.7,12.0,8.1,1.03,6.4,89,97,75,1.4
1984-12-16,0.4,6.7,11.3,8.8,1.05,5.0,93,100,77,1.2
1984-12-17,0.0,5.2,13.7,8.6,1.7,5.7,83,98,57,9.1
1984-12-18,0.0,2.8,12.8,7.0,1.61,5.0,82,95,57,6.1
1984-12-19,0.0,3.8,10.7,7.1,1.35,4.8,81,98,57,8.8
1984-12-20,0.0,0.4,13.1,5.6,2.07,8.9,68,95,33,8.8
1984-12-21,2.0,7.4,13.1,9.9,2.13,8.0,79,91,62,3.8
1984-12-22,0.0,4.4,15.7,9.2,1.6,5.1,79,98,48,9.2
1984-12-23,0.6,5.4,9.3,7.3,1.13,6.5,84,97,74,2.7
1984-12-24,0.0,3.9,11.7,7.3,1.91,8.6,84,99,60,8.0
1984-12-25,0.0,2.6,9.1,5.3,2.72,9.9,72,91,48,9.1
1984-12-26,0.0,-0.3,11.1,4.4,1.87,5.7,70,86,45,8.8
1984-12-27,0.0,2.2,6.5,4.3,4.71,16.7,66,84,52,9.1
1984-12-28,0.0,3.0,7.8,4.8,4.58,14.5,60,69,45,9.3
1984-12-29,0.0,0.9,7.8,3.5,3.5,11.7,53,72,36,9.3
1984-12-30,0.0,-2.1,7.1,2.0,2.71,8.4,50,65,36,9.4
1984-12-31,0.0,-3.2,10.3,2.8,2.62,9.8,58,73,33,9.4
1985-01-01,0.0,-0.4,10.2,4.5,2.21,9.6,76,92,51,9.2
1985-01-02,0.0,2.4,11.8,5.7,3.3,11.8,72,86,48,9.3
1985-01-03,0.0,0.0,12.3,4.9,1.44,4.8,75,91,49,9.2
1985-01-04,0.0,0.0,13.1,5.4,1.42,6.0,81,95,53,8.1
1985-01-05,4.0,4.4,10.4,6.7,1.61,7.6,90,99,65,4.4
1985-01-06,7.3,3.0,6.2,4.4,1.47,7.1,95,99,84,0.8
1985-01-07,1.8,-3.1,5.0,2.0,1.63,5.1,74,100,40,9.4
1985-01-08,0.0,-4.0,4.2,-0.7,2.53,10.0,53,68,35,9.5
1985-01-09,0.0,-5.8,5.1,-1.1,1.7,7.0,47,64,22,9.5
1985-01-10,0.0,-4.6,6.2,-0.1,1.62,5.8,53,73,36,9.5
1985-01-11,0.0,-3.6,6.1,0.7,1.18,4.6,68,81,47,9.5
1985-01-12,0.0,-2.9,5.7,0.7,0.98,4.5,72,87,46,9.3
1985-01-13,0.0,-4.1,4.6,-0.6,2.11,9.2,63,79,36,9.5
1985-01-14,0.0,-4.6,4.8,-0.7,2.74,11.1,59,78,40,9.5
1985-01-15,0.0,-4.5,0.5,-2.2,4.42,13.9,43,58,32,9.5
1985-01-16,0.0,-2.6,3.0,-0.7,3.36,13.0,49,70,40,9.4
1985-01-17,0.0,-2.6,11.2,3.8,1.7,6.6,70,85,53,4.8
1985-01-18,0.0,4.7,9.1,6.6,5.88,21.3,68,85,51,9.5
1985-01-19,0.3,0.3,9.1,5.0,1.56,11.3,75,91,53,6.2
1985-01-20,0.0,7.1,14.3,9.9,1.66,6.8,85,95,72,5.7
1985-01-21,1.4,6.9,15.4,10.1,1.87,10.5,81,96,63,7.2
1985-01-22,1.4,8.3,15.7,11.2,1.79,10.4,77,93,53,6.4
1985-01-23,1.0,5.0,13.7,9.1,1.39,8.1,81,93,61,7.8
1985-01-24,0.0,3.3,11.6,7.0,1.47,5.9,81,96,50,7.7
1985-01-25,0.0,2.2,13.7,7.1,1.12,4.6,78,97,47,9.6
1985-01-26,0.0,4.3,10.9,7.3,2.28,9.9,74,86,48,4.4
1985-01-27,0.0,3.0,12.8,7.1,2.65,10.3,65,81,40,9.7
1985-01-28,0.0,1.1,15.2,6.9,2.04,7.1,62,82,35,9.7
1985-01-29,0.0,2.4,16.1,8.4,1.93,6.1,73,89,49,9.7
1985-01-30,0.0,2.5,14.9,8.6,1.1,5.4,80,94,59,9.8
1985-01-31,0.0,2.4,17.2,9.2,1.39,5.0,75,97,45,9.8
1985-02-01,0.0,1.8,16.9,8.9,1.22,4.7,76,92,49,9.9
1985-02-02,0.0,1.0,18.0,8.6,1.09,4.0,65,93,30,10.0
1985-02-03,0.0,1.6,17.3,8.5,1.56,4.7,67,88,36,9.9
1985-02-04,0.0,0.3,16.6,7.7,1.32,5.6,63,86,32,10.0
1985-02-05,0.0,4.0,17.4,9.8,1.38,6.2,69,84,45,10.1
1985-02-06,0.0,3.4,19.2,10.2,1.13,5.5,73,92,43,10.0
1985-02-07,0.0,5.3,20.6,11.8,1.52,7.5,67,92,32,7.2
1985-02-08,3.4,8.0,13.3,10.6,3.39,12.5,66,82,42,9.1
1985-02-09,1.6,8.6,15.8,11.3,2.2,10.2,76,91,64,7.1
1985-02-10,0.9,8.9,12.5,10.6,2.9,16.3,74,89,64,8.5
1985-02-11,2.9,9.6,16.4,12.9,4.97,23.7,74,89,59,10.1
1985-02-12,0.0,10.2,16.1,12.6,6.54,21.5,66,72,59,10.2
1985-02-13,0.0,8.5,15.3,11.4,4.82,15.4,59,81,42,10.5
1985-02-14,0.0,5.6,19.7,11.4,1.49,6.1,72,92,40,10.6
1985-02-15,0.0,4.1,19.7,10.9,1.65,6.8,70,89,38,10.4
1985-02-16,0.0,7.6,21.6,13.5,1.49,5.7,66,83,41,10.7
1985-02-17,2.0,8.0,16.4,11.1,1.46,11.0,74,88,52,8.5
1985-02-18,0.0,5.4,13.7,9.3,1.55,7.3,67,88,40,10.5
1985-02-19,2.2,6.3,10.2,8.0,1.56,7.9,80,98,71,4.3
1985-02-20,6.7,3.8,7.2,6.3,3.81,13.5,90,99,73,0.7
1985-02-21,22.3,2.4,4.0,3.1,2.79,13.8,95,97,84,0.0
1985-02-22,13.1,2.2,5.7,3.6,2.37,8.9,91,96,83,0.0
1985-02-23,0.2,-1.4,6.9,3.8,1.99,9.4,87,99,71,7.9
1985-02-24,1.0,1.8,7.7,4.8,2.38,11.3,91,99,79,1.9
1985-02-25,10.1,4.1,8.1,5.9,1.04,5.0,96,99,92,0.2
1985-02-26,0.5,5.7,12.0,8.2,1.05,5.6,87,100,66,9.6
1985-02-27,0.0,3.0,13.8,7.8,1.54,6.7,85,100,56,8.0
1985-02-28,0.0,3.5,16.6,9.1,1.41,7.1,81,100,45,10.9
1985-03-01,2.2,3.8,17.5,10.1,1.03,8.5,81,96,55,10.2
1985-03-02,0.0,4.7,12.6,8.6,3.86,12.1,59,82,39,11.0
1985-03-03,0.0,2.0,16.7,8.6,1.27,4.8,67,85,45,11.0
1985-03-04,0.0,4.2,11.4,7.6,2.88,11.2,69,91,44,11.0
1985-03-05,0.5,1.5,9.3,5.5,2.9,10.8,65,84,54,11.0
1985-03-06,0.0,-1.6,10.4,4.5,2.3,9.7,61,83,35,11.0
1985-03-07,0.0,-0.8,12.2,5.3,2.69,11.3,60,77,41,11.1
1985-03-08,0.0,2.8,11.0,7.0,1.84,6.9,72,90,53,9.7
1985-03-09,0.0,1.7,12.3,7.1,1.96,9.8,77,99,54,8.3
1985-03-10,1.5,2.0,11.3,6.4,1.98,10.0,82,94,58,11.2
1985-03-11,0.2,0.7,14.4,7.1,1.73,6.4,71,98,39,11.2
1985-03-12,0.0,2.2,11.2,7.1,2.78,11.8,58,83,38,11.3
1985-03-13,2.3,1.2,7.3,4.0,2.91,13.1,69,89,62,11.3
1985-03-14,0.0,-2.5,12.7,4.7,1.8,6.8,66,90,36,11.6
1985-03-15,0.0,-1.0,13.6,6.4,1.66,6.7,60,84,36,11.1
1985-03-16,0.3,-0.2,14.3,7.4,1.76,7.9,63,90,37,11.6
1985-03-17,0.0,1.2,13.6,7.7,2.51,10.5,59,89,37,11.5
1985-03-18,0.0,4.4,15.1,9.4,3.72,13.7,50,63,40,11.7
1985-03-19,0.1,8.2,14.5,11.1,3.69,14.6,71,86,57,9.8
1985-03-20,0.2,4.8,12.1,8.0,5.59,17.5,61,77,42,11.7
1985-03-21,0.0,7.6,14.5,11.1,5.3,21.7,66,78,54,10.9
1985-03-22,0.0,10.8,15.8,12.9,4.3,16.4,64,72,51,11.8
1985-03-23,0.0,5.7,17.4,11.4,1.81,7.3,67,91,41,11.1
1985-03-24,0.0,4.5,17.4,11.2,1.29,8.0,67,94,34,11.8
1985-03-25,2.2,4.4,16.8,10.3,2.21,7.8,72,93,48,11.5
1985-03-26,0.0,4.5,19.0,11.0,1.87,7.3,64,95,28,11.9
1985-03-27,0.0,3.8,18.2,10.9,2.57,12.5,60,84,37,11.9
1985-03-28,1.1,5.2,12.0,8.8,3.95,15.4,53,85,29,9.3
1985-03-29,0.0,-1.2,14.8,7.3,1.61,7.0,52,76,32,12.0
1985-03-30,0.0,0.9,17.5,9.0,1.92,8.4,65,95,29,11.6
1985-03-31,0.0,2.7,21.3,11.6,1.34,6.5,62,91,29,12.0
1985-04-01,0.0,4.2,22.3,13.6,1.3,5.4,59,89,28,12.1
1985-04-02,0.0,7.9,23.0,15.4,1.94,6.6,53,76,33,12.1
1985-04-03,0.0,7.6,25.5,16.5,1.39,5.9,57,84,28,12.1
1985-04-04,0.0,8.2,24.8,16.8,2.27,10.3,56,87,29,12.0
1985-04-05,0.0,8.7,16.4,13.2,3.69,13.5,52,69,38,11.5
1985-04-06,0.0,10.9,17.7,13.8,2.27,11.4,69,81,56,9.1
1985-04-07,0.0,8.2,23.0,15.1,2.02,10.1,65,93,34,12.1
1985-04-08,0.0,8.6,25.4,16.9,1.77,9.8,55,86,24,12.0
1985-04-09,0.0,8.8,15.7,12.6,2.95,10.7,52,70,36,11.7
1985-04-10,0.0,5.4,15.0,10.5,2.19,7.9,52,80,33,12.4
1985-04-11,0.0,2.6,19.4,11.4,1.88,7.5,55,90,26,12.4
1985-04-12,0.0,6.8,22.2,14.3,2.4,9.0,49,75,24,12.4
1985-04-13,0.0,5.9,21.7,13.8,1.75,11.3,62,88,36,12.5
1985-04-14,0.0,7.7,19.1,13.5,2.47,13.8,53,89,23,12.5
1985-04-15,0.0,3.6,19.8,12.4,2.57,11.6,39,70,22,12.7
1985-04-16,0.0,6.5,19.8,13.5,1.83,8.2,51,73,33,12.7
1985-04-17,0.0,6.0,23.0,15.0,1.48,8.2,57,90,29,12.8
1985-04-18,0.3,9.1,24.4,16.5,2.38,10.8,50,73,26,12.7
1985-04-19,0.0,9.5,20.9,14.5,2.08,11.0,65,89,41,11.1
1985-04-20,0.0,7.8,17.8,12.4,1.92,12.0,53,74,33,12.5
1985-04-21,9.0,8.5,15.7,12.0,1.51,8.8,67,82,50,12.4
1985-04-22,0.1,6.5,18.0,12.3,1.59,7.3,63,90,33,10.8
1985-04-23,0.0,7.0,18.5,11.9,1.99,9.8,63,87,32,12.9
1985-04-24,0.4,7.7,16.6,11.6,1.94,13.0,71,97,38,11.8
1985-04-25,0.8,7.9,16.6,11.3,1.47,8.8,78,95,56,12.1
1985-04-26,0.0,3.9,18.9,11.7,1.73,10.5,71,96,40,13.1
1985-04-27,0.0,5.8,18.5,12.5,1.77,9.6,69,95,43,12.5
1985-04-28,5.7,8.4,15.8,12.2,1.04,6.7,74,97,53,9.9
1985-04-29,0.0,7.7,22.3,14.7,1.6,8.9,69,95,37,13.4
1985-04-30,0.0,8.8,21.9,15.1,1.68,9.0,72,100,41,12.7
1985-05-01,0.0,8.6,21.0,15.2,1.81,9.9,60,86,40,12.6
1985-05-02,0.2,10.6,23.0,16.6,1.41,9.5,63,83,43,12.0
1985-05-03,0.0,13.3,21.9,16.7,2.65,10.4,65,92,33,13.4
1985-05-04,14.6,12.2,19.2,14.4,2.03,10.1,75,97,52,8.9
1985-05-05,0.0,9.4,19.3,13.9,2.94,12.1,68,97,37,12.9
1985-05-06,0.4,5.6,12.1,9.0,5.67,20.1,51,66,33,12.9
1985-05-07,0.0,4.3,15.5,10.0,4.08,14.3,48,72,23,13.8
1985-05-08,0.0,8.1,18.9,13.1,3.65,11.3,44,55,32,13.9
1985-05-09,0.0,5.3,20.9,13.7,2.05,9.7,51,81,30,13.7
1985-05-10,5.0,7.0,21.2,13.9,1.38,8.8,64,98,33,12.3
1985-05-11,13.0,6.2,13.4,9.4,1.64,8.4,78,98,55,10.1
1985-05-12,0.5,5.0,16.1,10.6,1.52,8.2,74,99,43,13.2
1985-05-13,2.1,5.1,17.4,11.4,1.45,8.8,73,94,46,11.6
1985-05-14,4.2,7.5,16.5,11.6,1.49,8.6,82,95,57,12.3
1985-05-15,0.0,5.9,18.3,12.4,1.68,8.6,66,96,35,12.4
1985-05-16,0.7,9.6,15.6,12.2,2.77,12.5,63,91,42,12.2
1985-05-17,0.0,4.9,17.0,11.7,1.87,7.1,66,86,48,13.1
1985-05-18,0.0,6.1,18.4,12.7,1.79,9.5,74,100,46,12.5
1985-05-19,1.1,8.3,18.7,13.5,1.51,6.9,69,92,45,11.5
1985-05-20,0.5,9.3,20.3,15.1,1.18,6.2,73,97,51,14.0
1985-05-21,0.0,9.9,24.7,17.3,2.03,9.5,62,89,34,13.0
1985-05-22,0.0,10.0,22.7,17.1,1.81,9.0,65,89,43,14.0
1985-05-23,8.2,10.9,15.2,13.2,1.13,6.0,83,95,75,1.8
1985-05-24,0.0,10.6,21.4,15.9,2.24,9.5,68,88,45,13.1
1985-05-25,0.0,12.6,22.0,17.1,2.37,11.2,64,83,46,14.0
1985-05-26,7.0,9.2,19.1,14.8,1.58,9.4,80,94,68,8.3
1985-05-27,1.6,11.9,21.2,16.0,1.04,6.4,70,93,39,9.5
1985-05-28,0.0,11.0,21.6,16.4,2.25,9.4,63,78,49,12.6
1985-05-29,0.0,11.6,21.4,16.5,2.01,9.6,69,87,48,13.0
1985-05-30,0.0,9.3,22.8,16.5,2.21,11.3,65,90,40,13.9
1985-05-31,0.2,11.9,22.9,17.5,2.81,12.7,58,72,47,13.0
1985-06-01,1.2,12.1,24.7,17.8,1.98,10.4,70,93,47,13.5
1985-06-02,5.8,13.7,21.5,17.2,1.04,8.4,86,99,61,8.8
1985-06-03,0.0,11.9,24.3,17.8,1.78,8.7,73,96,46,14.0
1985-06-04,0.0,12.1,24.8,19.0,1.83,9.0,67,93,43,14.0
1985-06-05,1.9,12.5,25.3,18.8,1.45,9.2,77,96,56,12.9
1985-06-06,0.9,13.3,26.7,20.2,1.22,6.6,68,95,43,11.9
1985-06-07,0.0,11.9,25.6,19.3,1.74,8.1,57,86,36,14.0
1985-06-08,0.0,11.5,25.4,19.0,1.44,6.4,60,87,38,14.0
1985-06-09,0.0,15.2,22.0,18.4,2.18,9.0,64,83,51,10.9
1985-06-10,1.5,13.3,23.7,18.2,1.69,8.2,74,99,48,12.5
1985-06-11,0.0,12.6,26.1,19.4,1.8,9.4,61,88,36,14.0
1985-06-12,0.0,12.1,28.8,21.0,1.85,8.1,53,84,29,14.0
1985-06-13,0.0,13.7,30.6,22.7,2.0,10.2,55,83,34,14.0
1985-06-14,0.0,16.4,30.7,23.3,1.26,7.2,60,85,39,13.4
1985-06-15,0.0,15.0,29.3,22.5,2.45,11.2,53,80,32,14.0
1985-06-16,0.4,15.0,30.1,22.8,1.15,6.9,65,97,32,14.0
1985-06-17,0.0,17.4,27.6,22.3,2.01,9.7,65,80,47,14.0
1985-06-18,0.0,16.0,28.5,22.0,1.98,9.3,64,94,36,11.3
1985-06-19,0.3,16.6,26.7,22.0,2.81,11.2,59,80,46,13.9
1985-06-20,0.0,16.8,26.9,21.4,2.13,9.6,64,85,44,13.9
1985-06-21,0.0,14.9,29.8,22.5,1.52,7.9,63,95,33,14.0
1985-06-22,0.0,16.2,30.3,23.6,1.51,8.1,50,80,25,14.0
1985-06-23,0.0,17.1,30.9,23.4,1.35,9.4,57,91,29,13.0
1985-06-24,0.0,16.2,29.9,23.3,2.13,9.8,63,85,41,14.0
1985-06-25,0.0,17.0,28.3,22.3,1.83,9.9,60,91,37,14.0
1985-06-26,0.0,15.1,29.0,22.7,1.48,7.0,54,83,33,14.0
1985-06-27,3.2,17.0,30.2,23.2,1.3,10.2,65,86,39,13.0
1985-06-28,0.0,16.6,28.1,22.2,2.11,9.4,62,90,39,14.0
1985-06-29,0.0,15.9,29.0,22.4,1.79,9.9,58,87,36,14.0
1985-06-30,0.0,15.6,30.5,23.3,1.66,7.6,55,81,34,14.0
1985-07-01,0.0,16.3,31.1,24.5,1.76,8.5,58,88,37,14.0
1985-07-02,5.6,16.6,25.2,21.6,1.61,8.2,73,91,61,14.0
1985-07-03,0.0,16.6,26.3,21.1,1.94,6.9,50,67,32,13.8
1985-07-04,0.0,13.1,29.2,21.5,1.61,5.6,53,82,33,14.0
1985-07-05,0.0,15.5,29.5,23.0,2.13,10.5,51,78,32,14.0
1985-07-06,0.0,16.5,27.8,22.6,2.04,10.4,52,71,37,13.7
1985-07-07,0.0,14.9,30.9,23.3,1.64,8.6,51,76,31,14.0
1985-07-08,0.0,16.3,32.0,24.9,1.89,10.8,47,76,25,14.0
1985-07-09,0.0,17.0,33.3,25.7,1.99,11.7,48,82,21,14.0
1985-07-10,0.2,16.3,31.7,24.1,2.35,11.5,48,67,31,14.0
1985-07-11,0.0,15.8,30.7,23.4,2.08,11.4,61,93,35,14.0
1985-07-12,0.0,15.9,30.0,23.2,1.8,10.1,58,88,33,14.0
1985-07-13,0.0,15.8,31.2,23.8,2.19,11.0,52,82,28,14.0
1985-07-14,0.0,16.4,32.9,24.9,2.03,10.2,44,71,22,13.9
1985-07-15,0.0,16.5,32.7,24.8,2.0,9.9,41,69,19,13.7
1985-07-16,0.0,15.6,31.9,24.2,1.83,10.1,52,84,29,14.0
1985-07-17,0.0,17.7,30.0,24.0,2.0,9.0,57,91,32,14.0
1985-07-18,0.0,15.8,32.1,24.6,1.72,9.2,54,88,27,13.9
1985-07-19,0.0,17.2,32.8,25.5,1.55,8.0,53,78,28,13.9
1985-07-20,0.0,18.3,32.1,25.6,1.85,9.6,58,86,33,13.9
1985-07-21,0.0,19.6,29.9,24.3,1.96,10.5,64,85,45,13.9
1985-07-22,0.0,16.9,30.3,23.8,1.73,9.0,60,90,38,13.9
1985-07-23,0.0,15.7,32.7,24.8,1.65,8.6,53,86,26,13.9
1985-07-24,0.0,17.2,33.0,25.5,1.63,8.4,49,76,25,13.9
1985-07-25,0.0,17.0,32.6,25.2,1.8,9.3,43,69,18,13.9
1985-07-26,0.2,15.3,32.9,24.2,1.38,9.2,56,87,23,13.8
1985-07-27,0.0,17.8,32.6,25.1,1.8,9.5,48,79,22,13.8
1985-07-28,0.0,16.9,34.0,25.4,2.04,9.1,38,67,13,13.8
1985-07-29,0.0,15.8,33.0,24.6,1.54,6.1,34,61,16,13.8
1985-07-30,0.0,19.6,31.0,25.3,1.2,10.9,42,71,23,13.0
1985-07-31,0.0,17.6,29.2,23.2,2.79,10.9,52,78,38,13.6
1985-08-01,0.5,18.1,27.5,22.4,1.94,9.9,71,98,45,13.0
1985-08-02,0.0,17.5,28.5,22.5,1.85,8.8,66,89,41,13.3
1985-08-03,0.0,15.7,32.2,24.3,1.57,7.4,60,97,29,13.5
1985-08-04,0.0,18.8,37.3,27.9,1.92,9.9,49,77,22,13.5
1985-08-05,2.9,19.8,38.1,28.6,2.46,13.7,47,75,19,13.5
1985-08-06,0.0,18.3,28.6,24.0,3.39,11.7,33,54,15,13.2
1985-08-07,0.0,14.8,26.4,20.3,2.12,9.3,61,90,39,13.3
1985-08-08,0.0,14.5,28.1,21.1,1.66,8.2,59,90,31,13.4
1985-08-09,0.0,14.1,32.4,23.5,1.56,9.0,57,92,25,13.4
1985-08-10,0.0,17.4,33.0,25.1,1.67,8.8,47,75,22,13.4
1985-08-11,0.0,18.9,30.9,24.3,1.55,9.1,58,80,36,13.0
1985-08-12,0.0,16.8,32.3,24.5,1.66,9.8,61,94,25,13.1
1985-08-13,0.0,17.3,32.6,24.7,1.63,9.5,62,88,31,13.0
1985-08-14,0.0,16.7,33.6,25.2,1.44,9.1,59,90,26,13.1
1985-08-15,1.0,17.3,33.2,25.1,1.54,9.5,62,91,29,13.1
1985-08-16,0.0,18.0,32.5,24.9,1.79,10.3,63,87,28,13.1
1985-08-17,0.0,17.9,30.0,23.9,1.81,8.3,69,98,40,13.0
1985-08-18,0.0,16.7,32.3,24.7,1.51,7.2,63,99,30,13.0
1985-08-19,0.0,18.7,34.4,26.7,1.36,7.3,58,87,30,12.9
1985-08-20,0.0,20.2,31.9,25.9,1.88,9.8,57,74,38,12.8
1985-08-21,0.0,17.8,32.4,25.4,1.66,8.3,57,91,29,12.8
1985-08-22,0.1,18.0,35.3,26.6,1.12,7.0,50,80,24,12.7
1985-08-23,0.0,19.7,30.9,25.2,1.79,9.2,57,76,40,12.7
1985-08-24,0.2,18.3,33.3,26.0,1.41,8.6,54,90,23,12.6
1985-08-25,0.0,18.0,30.3,24.6,1.76,10.4,40,59,24,12.6
1985-08-26,0.8,17.3,25.3,20.6,2.36,9.0,73,97,45,11.7
1985-08-27,0.0,16.4,26.4,20.7,1.95,8.7,70,97,43,12.4
1985-08-28,0.0,14.2,28.5,21.3,1.76,8.7,61,93,30,12.3
1985-08-29,0.0,14.6,30.4,22.7,1.45,7.5,60,91,32,12.2
1985-08-30,0.0,16.6,31.2,23.9,1.42,7.4,60,84,32,12.0
1985-08-31,0.0,16.8,30.7,24.0,1.39,7.6,64,95,35,12.1
1985-09-01,0.0,16.9,32.4,24.6,1.76,9.0,55,85,27,12.1
1985-09-02,0.0,16.3,31.8,24.1,1.65,9.0,55,83,30,12.1
1985-09-03,0.0,17.0,34.1,25.7,1.39,5.9,53,83,25,12.1
1985-09-04,0.0,19.9,30.0,24.2,2.04,9.3,59,83,42,12.0
1985-09-05,0.0,18.1,30.0,23.3,1.51,8.4,69,99,37,12.0
1985-09-06,0.0,15.9,29.9,22.9,1.74,8.8,67,95,38,12.0
1985-09-07,0.0,15.8,31.0,23.4,1.55,8.1,60,91,30,12.0
1985-09-08,0.0,16.2,31.2,23.9,1.18,5.7,55,84,29,11.8
1985-09-09,1.6,16.6,31.1,23.7,1.32,8.2,52,74,27,12.0
1985-09-10,2.2,16.5,30.7,23.3,1.63,9.0,56,79,31,12.0
1985-09-11,0.0,16.6,28.7,22.6,1.71,8.7,53,74,30,12.0
1985-09-12,0.0,14.4,29.9,22.2,1.3,6.6,53,79,23,12.0
1985-09-13,0.0,17.3,29.0,22.8,1.56,7.8,61,84,32,11.4
1985-09-14,0.0,17.3,29.2,23.0,1.38,8.7,69,100,35,11.7
1985-09-15,0.0,16.5,31.7,24.0,1.13,7.8,54,77,27,12.0
1985-09-16,0.3,18.2,24.1,20.5,1.9,8.7,77,97,66,8.1
1985-09-17,0.0,15.4,24.1,19.1,1.68,9.6,71,96,40,12.0
1985-09-18,0.0,12.6,24.2,18.5,1.72,8.8,71,99,41,12.0
1985-09-19,0.0,14.5,26.3,19.8,1.43,8.3,69,98,36,12.0
1985-09-20,0.0,14.7,26.1,20.1,1.59,8.6,72,96,45,11.4
1985-09-21,0.0,13.6,25.8,19.5,1.73,8.5,72,99,43,12.0
1985-09-22,7.2,15.4,22.5,18.3,1.36,7.9,81,98,56,10.3
1985-09-23,1.8,15.3,22.5,18.1,1.27,9.6,84,95,66,10.3
1985-09-24,0.0,13.3,24.1,18.4,1.28,5.7,75,99,44,11.9
1985-09-25,0.2,12.5,25.4,18.6,1.06,7.0,70,92,39,11.6
1985-09-26,0.1,14.3,24.6,18.8,1.19,6.5,74,97,44,11.8
1985-09-27,0.6,12.4,25.6,18.4,1.19,8.0,77,94,47,11.7
1985-09-28,1.6,15.5,25.2,19.9,1.01,8.0,76,100,48,11.6
1985-09-29,0.0,14.2,26.5,19.7,1.31,8.7,72,92,39,11.6
1985-09-30,0.0,15.2,25.0,19.5,1.57,8.4,79,100,49,11.2
1985-10-01,0.0,12.7,25.8,19.1,1.34,6.9,73,100,41,9.5
1985-10-02,0.0,13.1,27.7,20.3,1.53,8.7,73,98,45,11.4
1985-10-03,0.0,13.9,29.4,21.4,1.48,7.4,68,96,34,11.4
1985-10-04,0.0,13.7,28.5,20.8,0.97,6.8,60,91,26,11.3
1985-10-05,0.0,13.0,23.6,18.4,1.62,6.9,54,80,34,11.4
1985-10-06,0.0,10.5,24.6,17.6,1.31,5.3,59,86,34,11.3
1985-10-07,0.0,12.0,25.8,18.4,1.14,4.4,61,93,27,11.3
1985-10-08,0.0,11.1,24.7,17.8,2.04,8.0,50,87,27,11.1
1985-10-09,0.0,14.1,23.7,17.8,1.55,8.9,76,97,38,10.3
1985-10-10,0.1,14.4,20.6,17.1,1.73,8.5,77,99,50,10.3
1985-10-11,0.6,14.0,20.7,16.7,2.37,11.5,79,98,53,10.2
1985-10-12,0.0,13.9,22.6,17.2,1.27,6.9,75,97,50,10.1
1985-10-13,0.0,10.0,25.5,17.9,1.24,6.0,60,94,25,10.9
1985-10-14,0.0,11.7,24.5,18.2,1.64,8.0,55,88,33,10.7
1985-10-15,0.0,14.0,22.0,17.5,1.31,6.5,76,99,46,10.4
1985-10-16,0.0,9.6,25.0,17.1,1.27,5.3,62,92,28,10.6
1985-10-17,0.0,13.2,22.1,17.2,1.3,7.0,67,90,41,10.1
1985-10-18,0.0,11.0,22.3,16.5,1.05,5.6,74,98,43,10.2
1985-10-19,0.0,10.7,23.7,16.9,1.45,6.9,67,96,29,10.4
1985-10-20,0.0,10.4,23.0,16.3,1.19,7.6,69,99,29,10.4
1985-10-21,0.4,13.1,21.2,16.2,1.26,7.3,81,100,45,9.3
1985-10-22,0.0,12.5,22.0,16.5,1.37,6.8,76,99,41,10.0
1985-10-23,0.1,11.6,21.3,15.5,1.29,9.7,76,99,37,10.1
1985-10-24,0.8,11.8,19.0,14.5,1.3,7.9,84,98,61,8.4
1985-10-25,0.0,11.6,20.1,15.0,1.77,8.3,79,99,51,9.4
1985-10-26,7.5,11.6,20.5,15.3,1.09,6.1,73,97,39,10.0
1985-10-27,3.0,8.1,17.0,12.8,2.26,10.0,67,99,38,9.9
1985-10-28,0.3,11.0,14.8,12.7,3.69,12.7,67,74,54,6.1
1985-10-29,0.0,9.1,17.6,13.3,2.05,7.4,65,83,44,10.0
1985-10-30,2.1,7.0,17.1,11.5,1.34,7.7,87,97,62,10.0
1985-10-31,0.3,7.7,19.6,12.7,1.7,6.6,78,99,43,10.0
1985-11-01,0.0,8.4,20.4,13.7,1.42,6.2,67,93,33,10.0
1985-11-02,2.8,8.2,18.0,12.3,1.42,12.3,77,93,54,6.5
1985-11-03,0.0,11.0,18.7,14.1,2.62,10.0,68,95,33,10.0
1985-11-04,0.3,11.4,21.3,15.4,1.74,9.2,66,88,36,4.6
1985-11-05,4.2,14.7,23.2,18.3,2.82,14.1,73,92,49,9.4
1985-11-06,0.0,18.5,22.3,20.2,4.89,16.0,66,74,59,9.8
1985-11-07,0.0,15.2,23.8,19.7,4.58,15.8,50,73,35,10.0
1985-11-08,0.0,11.7,26.4,17.6,1.78,5.4,58,77,29,9.9
1985-11-09,0.0,12.2,27.9,18.2,1.65,6.0,51,74,25,9.9
1985-11-10,0.0,12.3,27.0,18.5,1.68,5.0,51,68,24,9.9
1985-11-11,0.0,11.4,22.7,16.3,2.3,9.4,66,93,40,9.8
1985-11-12,1.2,11.5,17.5,14.6,2.19,13.9,72,99,39,8.9
1985-11-13,0.0,6.3,14.8,10.5,1.51,5.9,68,87,44,9.9
1985-11-14,1.2,7.7,10.7,8.8,2.22,8.5,82,94,63,0.7
1985-11-15,35.0,4.4,8.1,6.3,3.22,15.0,96,98,94,0.0
1985-11-16,7.5,6.1,8.2,7.0,2.47,9.2,94,97,89,0.8
1985-11-17,0.0,5.7,10.0,7.5,2.55,9.6,83,94,67,2.1
1985-11-18,0.0,2.4,11.0,6.3,1.93,9.1,76,97,52,7.4
1985-11-19,0.0,-0.5,8.3,3.6,2.83,12.7,64,84,39,9.8
1985-11-20,0.0,-1.9,10.1,3.2,1.91,7.1,66,81,42,9.8
1985-11-21,0.0,-1.6,9.0,3.1,2.36,10.4,68,88,42,9.8
1985-11-22,0.0,-1.2,9.0,3.1,3.07,11.1,58,73,40,9.8
1985-11-23,0.0,-0.9,9.6,3.7,2.8,10.4,63,80,44,9.7
1985-11-24,0.2,-1.6,10.4,3.8,1.23,5.0,70,88,46,8.5
1985-11-25,4.6,3.7,9.8,6.8,1.13,5.8,88,99,79,5.8
1985-11-26,2.7,7.3,12.7,9.1,1.44,10.6,91,100,76,8.3
1985-11-27,6.0,5.6,12.9,8.4,1.28,9.2,88,96,69,9.0
1985-11-28,0.0,3.4,13.4,8.4,1.36,5.2,78,96,47,9.6
1985-11-29,0.0,4.9,12.8,8.5,0.91,4.1,88,99,67,4.2
1985-11-30,0.0,2.1,16.0,8.0,1.09,4.6,80,95,54,8.9
1985-12-01,0.0,3.8,18.6,9.9,1.08,4.1,81,95,54,9.6
1985-12-02,0.0,4.8,17.9,10.1,1.21,5.8,80,93,53,9.4
1985-12-03,0.0,3.9,17.0,9.6,1.04,4.0,74,90,50,9.5
1985-12-04,0.0,3.9,15.8,9.2,1.23,6.1,77,99,57,9.5
1985-12-05,1.2,7.1,14.1,9.4,1.69,8.5,82,100,59,7.8
1985-12-06,0.0,5.5,13.6,9.5,2.83,10.2,72,87,53,9.5
1985-12-07,0.0,0.8,13.7,6.6,0.94,5.2,76,94,47,9.1
1985-12-08,2.7,1.8,10.3,5.7,1.1,3.9,84,95,59,7.0
1985-12-09,0.0,3.9,9.1,6.1,2.78,11.0,75,94,54,7.9
1985-12-10,0.0,-0.8,11.2,4.6,1.98,6.9,69,87,38,9.4
1985-12-11,0.0,2.2,10.9,7.0,3.27,12.3,73,85,65,9.0
1985-12-12,0.0,2.3,11.4,6.6,2.2,8.0,76,92,58,9.4
1985-12-13,0.0,-0.3,14.1,6.1,1.63,4.5,70,92,36,9.4
1985-12-14,0.0,1.5,8.7,4.6,1.41,7.9,80,93,68,7.4
1985-12-15,0.0,-0.6,13.5,5.2,1.43,4.8,69,94,39,9.4
1985-12-16,0.0,0.3,17.6,6.9,1.68,5.3,65,85,33,9.4
1985-12-17,0.0,1.8,18.1,8.2,1.39,4.5,62,84,31,9.4
1985-12-18,0.0,3.5,16.6,8.5,1.29,3.7,60,76,32,7.2
1985-12-19,0.0,2.3,13.3,7.3,1.29,4.3,73,86,52,9.0
1985-12-20,0.0,1.0,12.4,5.5,1.24,4.1,86,98,62,9.2
1985-12-21,0.0,0.8,12.0,5.4,1.25,4.5,86,99,59,8.8
1985-12-22,2.4,2.4,12.9,6.5,1.65,9.0,85,97,59,6.4
1985-12-23,0.0,3.6,8.9,5.9,2.61,12.0,72,85,52,8.6
1985-12-24,0.0,2.3,13.0,8.2,2.46,12.5,79,90,70,7.0
1985-12-25,0.0,9.5,15.6,11.7,2.86,12.1,77,91,61,8.9
1985-12-26,0.0,5.9,12.8,8.9,2.11,9.1,70,85,48,8.5
1985-12-27,0.0,1.3,13.1,6.6,1.52,6.8,85,99,62,9.3
1985-12-28,0.0,6.9,15.6,10.1,1.43,6.6,79,99,51,7.6
1985-12-29,14.4,5.7,10.8,7.9,1.54,7.9,92,98,80,1.8
1985-12-30,4.3,6.0,7.9,7.0,1.74,8.4,93,98,84,1.2
1985-12-31,0.0,3.7,9.8,6.1,3.49,15.7,78,98,50,8.1
1986-01-01,0.0,5.9,11.7,8.7,3.54,13.2,76,80,72,7.0
1986-01-02,0.0,6.3,12.0,10.8,3.25,11.9,70,84,53,8.9
1986-01-03,0.0,5.0,9.6,6.6,3.17,10.7,70,82,49,9.1
1986-01-04,0.0,2.0,8.9,5.7,3.46,12.0,66,78,46,9.3
1986-01-05,0.1,-0.1,10.6,5.0,3.17,14.6,76,88,59,9.3
1986-01-06,0.0,1.1,8.2,4.9,2.8,11.6,63,80,44,9.4
1986-01-07,0.7,-0.8,11.7,4.2,1.37,12.4,70,84,40,7.7
1986-01-08,0.1,4.3,10.1,6.4,3.94,15.2,74,91,53,8.9
1986-01-09,0.0,4.1,11.4,6.9,3.21,11.8,72,90,46,9.4
1986-01-10,0.0,2.2,14.2,6.8,2.22,7.6,63,81,37,9.5
1986-01-11,0.0,3.1,17.6,8.3,2.07,5.8,56,79,31,9.5
1986-01-12,0.0,3.3,13.1,7.6,2.97,10.9,67,86,45,9.4
1986-01-13,0.0,-0.3,14.2,6.4,2.22,7.8,66,87,36,9.5
1986-01-14,0.0,1.8,17.1,7.4,2.11,6.1,55,75,30,9.5
1986-01-15,0.0,2.6,16.2,7.7,2.5,7.0,56,76,36,9.5
1986-01-16,0.0,4.3,13.0,8.0,3.09,10.9,70,83,47,9.5
1986-01-17,0.0,0.1,11.5,5.5,3.06,13.0,68,89,43,9.6
1986-01-18,0.0,0.4,13.0,6.2,1.88,6.3,72,92,45,9.5
1986-01-19,0.0,0.2,16.3,6.6,1.06,3.9,70,90,36,9.6
1986-01-20,0.0,2.6,15.0,7.6,1.9,5.4,68,89,41,9.6
1986-01-21,0.0,0.6,13.3,6.6,1.39,5.3,75,93,51,8.7
1986-01-22,0.0,4.7,11.0,7.4,2.72,11.6,67,82,45,9.6
1986-01-23,0.0,3.8,13.9,8.0,2.91,10.6,66,82,53,9.2
1986-01-24,0.0,6.5,12.7,9.2,2.94,12.6,64,73,54,9.6
1986-01-25,0.0,-0.5,9.6,5.1,2.34,8.6,60,84,33,9.6
1986-01-26,0.0,-0.2,8.5,3.1,1.81,7.4,59,78,31,9.3
1986-01-27,0.0,-0.9,13.0,5.2,1.91,6.9,60,75,38,9.7
1986-01-28,0.0,-0.5,10.6,4.9,1.21,6.2,68,89,43,7.8
1986-01-29,1.2,2.9,8.2,5.0,4.14,19.9,68,81,57,8.3
1986-01-30,9.2,1.5,6.6,4.6,5.1,21.4,70,88,54,8.2
1986-01-31,0.0,-0.2,5.1,2.0,6.31,19.5,58,62,50,9.8
1986-02-01,0.0,1.0,6.7,3.4,4.05,12.2,65,73,52,9.9
1986-02-02,0.0,-0.1,8.9,3.8,2.05,8.1,71,88,47,10.0
1986-02-03,0.0,-2.2,8.9,2.5,1.86,9.3,72,88,42,9.8
1986-02-04,1.0,0.0,8.1,3.4,2.18,10.1,75,89,49,9.2
1986-02-05,0.0,-0.9,7.2,2.6,3.68,15.9,72,91,46,10.1
1986-02-06,0.0,-0.9,8.4,3.1,2.89,9.9,67,83,42,10.1
1986-02-07,0.4,-1.1,8.0,2.9,2.62,10.0,71,89,46,10.2
1986-02-08,2.1,2.6,7.8,5.3,4.73,19.1,74,83,61,9.0
1986-02-09,0.0,-1.5,8.6,2.9,3.19,11.3,54,71,29,10.4
1986-02-10,0.0,-2.9,9.8,2.2,2.18,8.6,54,79,25,10.5
1986-02-11,0.8,-1.3,10.2,3.8,2.27,8.1,65,78,48,7.0
1986-02-12,0.0,1.4,11.8,6.2,2.07,9.3,69,93,36,10.5
1986-02-13,0.0,0.0,13.4,6.2,1.78,10.8,75,87,50,7.7
1986-02-14,4.6,6.6,14.6,10.1,2.68,14.1,84,95,72,6.9
1986-02-15,0.7,8.3,12.8,10.3,5.27,18.7,70,74,66,7.6
1986-02-16,0.0,8.6,16.1,12.2,2.8,13.1,73,85,58,7.2
1986-02-17,0.0,6.7,11.7,9.2,4.06,14.3,62,76,44,10.7
1986-02-18,0.0,4.3,11.3,7.6,3.37,14.7,71,88,57,10.7
1986-02-19,0.0,4.2,10.9,7.3,3.19,12.5,64,78,45,10.8
1986-02-20,1.8,5.3,13.8,8.6,2.05,11.6,73,94,46,10.8
1986-02-21,4.6,6.5,10.7,8.5,4.49,21.2,75,88,58,8.9
1986-02-22,0.0,4.6,13.3,9.0,2.7,12.2,74,85,63,10.8
1986-02-23,0.0,7.0,20.1,12.2,2.03,7.5,68,95,32,10.8
1986-02-24,0.3,6.6,18.8,11.8,2.44,11.3,62,80,34,10.7
1986-02-25,0.0,7.6,15.1,10.9,1.73,7.7,66,87,43,10.7
1986-02-26,0.0,5.0,16.8,10.0,1.47,9.4,69,94,42,8.9
1986-02-27,0.0,5.6,12.8,8.5,1.49,8.2,85,99,61,9.1
1986-02-28,0.3,4.7,14.9,8.9,2.18,10.2,87,99,60,9.6
1986-03-01,5.1,7.3,15.3,10.4,2.35,8.4,82,97,55,10.4
1986-03-02,0.0,6.3,15.5,10.0,2.16,9.0,66,93,30,10.9
1986-03-03,0.0,1.6,16.9,9.1,1.3,6.0,66,88,43,11.0
1986-03-04,0.0,6.5,15.4,11.1,1.63,9.6,60,76,45,10.5
1986-03-05,8.4,5.3,11.8,8.4,1.53,9.8,78,91,58,5.2
1986-03-06,0.0,2.8,16.4,9.6,2.78,12.2,72,95,44,10.7
1986-03-07,9.1,5.7,9.2,7.6,2.73,11.4,95,99,86,0.0
1986-03-08,15.0,4.7,7.4,6.6,2.66,11.5,93,99,84,0.3
1986-03-09,0.0,-0.6,13.5,6.7,1.91,7.3,76,98,45,10.8
1986-03-10,1.8,4.9,11.8,7.8,2.36,10.1,73,90,54,11.2
1986-03-11,0.0,0.2,13.0,6.4,2.12,9.5,63,86,35,11.3
1986-03-12,0.0,0.3,17.5,8.3,1.43,4.9,62,83,32,11.0
1986-03-13,0.1,5.6,10.0,7.4,3.82,19.4,64,82,44,10.9
1986-03-14,0.0,4.1,12.3,7.7,4.32,14.3,56,78,47,10.4
1986-03-15,0.0,1.0,13.3,7.5,1.64,6.8,73,93,48,10.2
1986-03-16,0.0,0.7,14.2,7.4,1.78,9.0,77,98,47,11.5
1986-03-17,0.0,3.0,13.9,8.2,1.64,8.1,80,100,52,10.1
1986-03-18,0.2,2.3,15.1,8.6,1.06,7.1,81,100,55,11.1
1986-03-19,0.1,5.0,15.5,10.1,2.24,9.1,72,95,43,10.4
1986-03-20,0.0,3.4,16.4,10.1,1.78,10.8,65,90,37,10.0
1986-03-21,2.1,5.6,15.0,9.6,1.63,7.5,74,87,46,7.3
1986-03-22,0.0,2.5,14.8,8.9,2.14,10.0,61,93,32,11.8
1986-03-23,0.0,4.8,20.1,11.8,2.3,9.4,60,76,41,11.8
1986-03-24,0.0,7.1,21.5,13.9,3.03,12.1,65,89,35,11.8
1986-03-25,0.0,6.9,13.0,10.9,3.94,12.8,58,69,44,11.4
1986-03-26,0.0,2.9,13.2,7.8,3.29,11.9,46,67,25,11.9
1986-03-27,0.0,1.3,18.8,9.7,1.65,7.3,56,78,35,11.9
1986-03-28,0.0,4.4,20.5,12.2,1.78,10.4,64,92,33,11.9
1986-03-29,0.0,4.9,17.7,11.6,1.98,6.9,61,94,32,12.0
1986-03-30,0.0,3.7,19.7,11.8,1.34,6.0,56,86,30,12.0
1986-03-31,0.0,4.2,21.2,13.1,1.16,5.7,59,89,33,12.0
1986-04-01,0.0,7.9,21.1,14.1,1.82,8.7,57,80,34,12.1
1986-04-02,1.1,7.1,18.2,12.0,1.51,7.9,70,90,37,4.1
1986-04-03,3.1,8.4,16.5,11.7,2.39,11.5,68,96,37,10.0
1986-04-04,0.0,3.4,16.6,10.3,2.19,9.5,69,95,42,12.2
1986-04-05,3.0,5.8,14.9,9.9,1.69,10.6,78,93,59,6.5
1986-04-06,22.4,7.6,13.1,9.4,1.22,7.8,88,98,67,5.8
1986-04-07,2.4,4.5,10.8,7.8,2.11,8.1,77,95,51,11.9
1986-04-08,0.0,2.1,8.8,5.2,3.99,15.2,52,67,34,12.2
1986-04-09,0.0,-0.1,12.3,6.2,2.38,9.7,52,84,29,12.4
1986-04-10,0.0,-0.9,14.4,7.3,1.35,5.0,56,77,36,9.0
1986-04-11,0.1,4.3,16.1,10.0,1.49,6.6,61,87,36,12.1
1986-04-12,0.4,4.8,10.1,7.4,3.88,17.9,61,85,43,12.2
1986-04-13,0.0,-0.6,13.6,6.5,2.84,10.8,43,70,32,12.6
1986-04-14,0.4,2.0,9.1,5.8,0.98,5.5,65,82,40,0.3
1986-04-15,0.8,4.1,15.0,9.1,2.93,11.7,64,91,36,12.6
1986-04-16,0.0,5.2,15.5,10.5,3.25,12.1,59,83,38,12.5
1986-04-17,0.0,5.9,13.6,9.5,2.95,9.9,64,90,40,7.1
1986-04-18,1.5,2.0,12.1,7.3,3.23,12.3,59,84,37,12.6
1986-04-19,0.0,2.6,15.5,9.1,3.79,13.6,53,72,32,12.7
1986-04-20,0.0,3.9,19.2,11.4,1.74,8.1,58,86,33,12.9
1986-04-21,0.0,5.0,21.3,13.2,1.98,8.6,58,87,32,12.8
1986-04-22,1.9,9.2,17.3,13.1,3.23,13.7,64,86,48,12.8
1986-04-23,0.0,5.6,17.0,11.5,2.71,11.3,60,90,32,12.3
1986-04-24,0.0,7.5,17.8,12.1,1.45,7.4,62,87,35,11.1
1986-04-25,2.9,7.4,15.4,11.3,2.65,13.2,62,81,40,11.1
1986-04-26,3.2,3.1,13.9,8.5,1.93,9.4,64,88,37,10.5
1986-04-27,0.3,5.8,15.2,9.9,4.34,12.4,56,77,32,13.3
1986-04-28,0.0,7.1,15.7,10.9,3.55,13.1,50,72,32,13.1
1986-04-29,0.0,4.4,19.2,12.1,2.86,11.6,47,79,26,13.6
1986-04-30,0.0,4.8,21.5,13.7,1.94,8.4,58,88,34,13.6
1986-05-01,0.0,9.5,19.7,14.0,2.0,10.3,61,84,40,13.6
1986-05-02,0.0,5.3,22.8,14.7,1.87,9.6,57,90,30,13.7
1986-05-03,2.6,9.4,19.8,14.5,1.79,8.9,66,90,41,12.7
1986-05-04,0.0,8.8,17.6,13.1,1.99,11.2,59,89,32,12.5
1986-05-05,1.0,9.7,19.4,14.2,2.17,10.6,63,82,43,10.9
1986-05-06,0.0,11.0,21.0,15.8,2.84,11.0,64,89,42,13.6
1986-05-07,0.0,7.6,24.6,16.0,1.36,7.6,59,93,28,13.8
1986-05-08,0.0,7.6,23.9,16.4,2.02,8.5,57,87,35,13.9
1986-05-09,0.0,8.6,25.4,17.7,2.04,9.1,55,88,32,13.9
1986-05-10,0.0,11.0,25.4,18.3,1.97,9.7,49,74,30,13.9
1986-05-11,0.0,9.4,26.5,18.5,1.96,9.7,49,77,28,13.9
1986-05-12,0.0,10.8,27.3,19.3,1.72,9.0,44,74,17,13.9
1986-05-13,0.0,9.0,27.3,19.2,1.61,8.5,45,78,18,13.9
1986-05-14,0.0,12.3,27.4,20.2,1.39,7.3,51,86,23,13.6
1986-05-15,0.0,10.7,28.0,19.8,1.67,8.0,40,67,20,13.5
1986-05-16,0.0,12.8,29.4,21.2,1.46,9.5,46,76,23,13.0
1986-05-17,0.0,14.1,30.6,23.0,1.77,9.9,42,76,23,13.1
1986-05-18,0.0,15.1,27.9,21.9,2.04,11.6,46,65,29,13.5
1986-05-19,0.0,15.9,28.1,21.9,2.25,10.8,48,76,28,12.5
1986-05-20,0.0,15.0,27.6,21.5,1.05,7.2,51,75,35,11.4
1986-05-21,1.4,16.2,27.2,21.6,1.49,7.8,61,93,37,11.1
1986-05-22,0.0,16.6,24.0,19.9,2.15,12.6,59,75,46,12.7
1986-05-23,0.0,12.8,31.7,22.2,1.23,7.1,51,84,21,13.9
1986-05-24,0.1,16.7,29.4,23.0,1.88,9.7,46,70,29,11.6
1986-05-25,0.0,15.7,29.3,22.3,1.92,10.7,52,81,29,13.7
1986-05-26,0.0,14.3,29.1,21.4,2.14,10.9,52,77,29,12.8
1986-05-27,0.0,13.6,29.6,21.8,1.45,8.2,55,84,31,14.0
1986-05-28,1.0,15.3,28.2,21.7,2.03,10.8,59,86,36,13.9
1986-05-29,18.1,13.7,19.6,16.7,2.4,11.3,90,99,69,6.3
1986-05-30,14.3,10.7,13.3,11.9,2.49,8.4,94,99,81,0.0
1986-05-31,0.1,8.1,17.1,12.5,2.38,9.4,76,98,53,11.7
1986-06-01,0.0,8.0,19.9,14.0,2.21,9.7,70,95,47,14.0
1986-06-02,0.0,9.2,21.3,15.7,2.16,9.4,64,86,45,14.0
1986-06-03,0.0,10.4,21.7,16.5,1.92,9.4,64,83,48,14.0
1986-06-04,0.0,10.0,25.6,18.4,1.3,6.6,58,88,34,14.0
1986-06-05,0.7,13.1,27.3,20.5,1.65,7.9,58,82,35,14.0
1986-06-06,1.6,14.1,21.6,17.6,2.78,10.8,68,85,56,13.1
1986-06-07,8.2,12.1,16.8,14.3,2.02,7.3,86,98,72,3.6
1986-06-08,0.2,11.8,23.5,17.3,1.48,8.1,76,99,46,13.7
1986-06-09,0.0,12.6,23.6,18.2,1.71,8.8,73,99,48,13.8
1986-06-10,1.1,11.8,27.0,19.4,1.18,8.4,69,94,40,13.9
1986-06-11,0.0,13.4,27.2,21.2,0.93,4.9,64,93,38,14.0
1986-06-12,0.0,15.5,29.2,22.4,1.92,10.2,56,79,34,14.0
1986-06-13,0.0,14.6,25.5,19.8,2.16,11.6,65,88,42,14.0
1986-06-14,0.0,12.2,24.1,18.2,2.48,10.0,65,91,42,14.0
1986-06-15,0.0,12.6,24.8,18.8,1.92,9.1,62,89,40,14.0
1986-06-16,2.3,13.4,28.1,20.9,1.26,8.0,63,90,36,13.9
1986-06-17,1.0,14.9,27.6,21.2,1.63,9.2,70,90,44,13.9
1986-06-18,0.4,15.2,25.6,20.3,1.75,9.0,72,97,49,12.9
1986-06-19,0.3,14.1,26.9,20.5,1.5,10.5,67,93,42,9.4
1986-06-20,0.0,13.9,27.0,21.3,2.2,13.1,64,92,44,14.0
1986-06-21,0.0,15.5,25.6,20.8,1.34,9.1,71,91,52,13.7
1986-06-22,0.0,16.3,28.5,22.4,1.43,7.7,57,83,33,14.0
1986-06-23,0.0,14.4,28.2,21.7,1.24,7.8,53,77,31,14.0
1986-06-24,0.0,15.2,29.4,22.5,2.22,10.9,49,76,27,14.0
1986-06-25,0.0,15.0,30.8,23.4,2.16,10.4,48,75,32,14.0
1986-06-26,0.0,16.7,32.1,24.4,2.26,10.8,56,87,29,14.0
1986-06-27,0.0,16.5,32.6,25.1,1.96,8.8,54,87,31,14.0
1986-06-28,0.0,16.3,32.4,25.1,1.86,9.1,56,90,31,14.0
1986-06-29,1.8,17.0,31.8,24.7,1.59,8.4,53,92,23,14.0
1986-06-30,0.0,17.6,30.1,24.1,2.54,8.9,34,48,24,14.0
1986-07-01,0.0,15.6,28.4,22.7,2.11,10.7,54,79,39,14.0
1986-07-02,0.0,15.3,29.6,22.9,1.87,9.9,59,88,34,14.0
1986-07-03,0.0,15.9,30.5,23.5,1.77,8.7,58,90,31,14.0
1986-07-04,0.0,16.9,29.8,23.7,2.07,9.9,56,92,33,14.0
1986-07-05,0.0,15.5,33.2,25.1,1.9,9.2,45,77,22,14.0
1986-07-06,0.0,19.0,36.0,28.0,1.9,7.1,36,54,19,14.0
1986-07-07,0.0,21.7,32.6,26.4,2.21,9.8,47,71,33,14.0
1986-07-08,0.0,17.9,34.4,26.3,1.76,10.4,61,93,29,14.0
1986-07-09,0.0,18.1,35.7,26.9,1.91,10.3,50,80,19,14.0
1986-07-10,0.0,17.8,32.7,24.7,1.95,11.5,61,82,31,14.0
1986-07-11,0.0,16.5,33.3,25.1,1.57,8.6,61,90,29,14.0
1986-07-12,0.1,18.5,31.5,24.1,1.76,9.7,67,89,36,10.5
1986-07-13,14.6,17.2,23.0,19.3,1.34,7.7,82,97,64,10.9
1986-07-14,0.0,13.6,25.3,19.8,1.82,9.1,69,97,42,14.0
1986-07-15,0.0,14.2,24.9,19.9,2.17,9.6,69,92,47,14.0
1986-07-16,0.0,14.2,26.2,20.4,1.78,8.4,65,96,40,14.0
1986-07-17,0.0,12.5,29.7,21.8,1.39,7.3,56,89,31,14.0
1986-07-18,0.0,15.4,31.2,23.6,2.06,9.3,54,85,30,14.0
1986-07-19,0.0,17.4,27.3,21.8,1.99,8.1,55,78,40,13.9
1986-07-20,0.0,14.8,30.0,22.3,1.76,9.3,65,97,33,13.9
1986-07-21,0.0,14.8,30.4,22.8,1.87,10.3,52,83,26,13.9
1986-07-22,0.0,15.6,34.2,25.0,1.75,10.7,50,81,24,13.4
1986-07-23,1.4,18.2,35.3,27.0,1.54,9.6,39,61,16,13.9
1986-07-24,0.0,19.3,33.1,25.8,2.18,9.2,42,62,24,13.9
1986-07-25,2.7,19.2,27.0,22.5,1.6,12.1,78,92,58,7.0
1986-07-26,13.9,15.6,24.3,19.8,1.42,7.6,74,97,44,12.8
1986-07-27,0.0,14.3,27.0,20.8,1.64,7.7,68,95,40,13.5
1986-07-28,0.0,15.3,28.0,21.6,1.76,7.8,62,90,39,13.8
1986-07-29,0.0,15.1,30.9,23.4,1.6,7.7,53,80,31,13.8
1986-07-30,0.0,16.5,32.6,24.7,1.41,7.7,54,80,29,12.9
1986-07-31,0.0,18.4,35.0,26.4,1.02,7.1,51,77,22,13.7
1986-08-01,0.0,18.7,33.0,25.6,1.67,9.5,53,73,30,13.6
1986-08-02,0.0,17.9,32.9,25.5,1.56,9.7,63,90,35,13.5
1986-08-03,0.0,17.8,32.0,25.3,1.32,6.9,60,90,34,13.6
1986-08-04,0.0,18.3,32.4,25.6,1.58,7.1,50,77,21,13.6
1986-08-05,0.0,19.4,29.7,24.4,1.98,9.7,60,85,40,13.3
1986-08-06,0.0,19.6,32.9,25.8,1.26,6.9,60,95,23,13.1
1986-08-07,0.0,17.5,31.6,24.9,2.09,10.8,62,92,33,12.9
1986-08-08,0.7,17.6,31.4,24.5,1.68,9.2,64,88,37,13.1
1986-08-09,0.8,17.6,32.5,24.8,1.47,9.2,59,90,26,12.0
1986-08-10,0.0,17.9,31.5,24.9,1.57,6.7,50,76,26,13.3
1986-08-11,0.0,17.9,31.9,25.0,1.21,5.3,52,79,26,13.2
1986-08-12,0.0,19.7,29.6,24.2,2.45,10.3,57,86,42,12.6
1986-08-13,0.0,19.2,30.3,24.3,1.41,7.2,74,99,46,13.0
1986-08-14,0.0,18.1,31.5,24.9,1.7,8.4,68,96,39,13.1
1986-08-15,0.0,18.0,33.4,25.7,1.45,8.2,67,95,38,13.1
1986-08-16,0.0,19.3,35.2,27.0,1.53,8.5,61,88,26,13.1
1986-08-17,1.5,19.7,35.5,27.5,1.02,7.1,56,90,28,13.0
1986-08-18,0.0,18.7,31.3,25.2,2.71,10.9,36,57,19,13.0
1986-08-19,0.0,15.8,31.3,23.7,1.7,7.5,44,70,26,12.9
1986-08-20,0.0,16.0,31.9,24.0,1.73,8.9,52,82,26,12.9
1986-08-21,0.0,15.8,36.2,25.8,1.28,6.9,49,82,15,12.9
1986-08-22,0.0,20.0,37.1,28.0,2.27,13.0,32,49,12,12.8
1986-08-23,0.0,19.3,33.1,26.7,2.2,8.0,30,47,16,12.8
1986-08-24,0.0,17.3,32.2,24.6,1.48,10.8,49,87,24,12.7
1986-08-25,0.3,19.9,30.4,24.2,2.04,9.8,70,96,35,11.0
1986-08-26,0.0,17.4,31.7,24.6,1.77,10.2,48,84,23,12.6
1986-08-27,0.0,16.7,32.0,24.6,1.82,10.3,50,80,27,12.0
1986-08-28,0.0,16.9,31.0,23.9,1.58,9.4,52,81,27,12.3
1986-08-29,5.7,17.3,22.2,19.5,2.57,8.7,84,98,68,7.5
1986-08-30,5.2,16.6,20.0,18.0,2.87,9.6,89,97,75,0.0
1986-08-31,2.0,16.0,21.4,18.5,1.61,6.7,80,93,66,2.4
1986-09-01,0.0,14.8,25.7,19.9,1.55,7.8,75,97,49,12.1
1986-09-02,0.0,13.6,28.2,20.9,1.55,7.5,71,98,42,12.1
1986-09-03,0.0,14.4,29.6,22.0,1.77,8.6,60,91,30,12.1
1986-09-04,0.0,15.4,29.8,22.4,1.98,9.3,51,75,31,12.0
1986-09-05,0.0,15.0,28.6,21.9,1.58,7.7,60,84,37,12.0
1986-09-06,0.0,14.9,29.8,22.5,1.19,7.9,62,93,30,12.0
1986-09-07,0.4,15.6,28.1,21.9,1.79,9.8,67,91,44,11.5
1986-09-08,0.1,15.3,26.3,20.8,1.17,7.2,73,95,52,10.1
1986-09-09,0.0,16.8,26.8,21.2,1.83,6.9,65,89,36,6.1
1986-09-10,0.0,14.9,28.4,21.7,1.44,6.8,59,88,32,12.0
1986-09-11,0.8,16.0,26.1,20.8,1.27,8.0,68,87,42,2.9
1986-09-12,0.2,17.0,25.4,20.9,1.24,5.7,68,88,44,12.0
1986-09-13,0.0,14.3,28.4,21.3,1.56,7.9,67,92,40,12.0
1986-09-14,0.0,15.5,28.8,21.9,1.54,8.2,70,96,37,12.0
1986-09-15,0.0,14.6,30.2,22.3,1.47,8.1,68,94,37,12.0
1986-09-16,2.2,16.1,30.7,22.9,1.6,9.2,68,94,36,11.7
1986-09-17,5.2,16.6,22.6,20.3,1.16,9.1,76,88,62,11.2
1986-09-18,3.8,16.4,26.3,21.1,2.1,10.5,77,97,54,11.4
1986-09-19,0.0,17.8,26.7,21.6,1.36,6.8,79,98,54,7.9
1986-09-20,0.0,17.9,26.5,22.0,1.58,9.5,73,97,47,10.2
1986-09-21,0.0,16.5,27.8,22.1,1.32,6.0,67,87,45,11.3
1986-09-22,0.0,16.1,27.8,21.9,1.73,9.0,70,92,48,10.4
1986-09-23,0.0,15.2,28.8,21.6,1.72,9.6,63,92,31,12.0
1986-09-24,0.0,14.9,26.2,20.5,2.12,9.2,59,93,31,11.9
1986-09-25,0.0,11.9,23.9,18.0,2.78,10.2,54,82,30,11.9
1986-09-26,0.0,10.9,22.3,16.9,2.33,9.2,57,84,34,10.7
1986-09-27,0.0,11.2,20.8,15.9,2.03,9.7,65,83,42,11.8
1986-09-28,1.1,12.7,19.6,15.8,1.75,8.8,80,94,59,10.4
1986-09-29,7.1,11.4,17.5,14.3,2.88,13.3,84,99,65,10.8
1986-09-30,32.6,12.7,15.1,13.8,4.59,17.1,91,96,85,0.4
1986-10-01,20.8,13.7,18.9,15.6,2.63,16.5,91,98,79,8.2
1986-10-02,0.0,11.0,21.6,15.9,1.25,6.8,83,96,59,9.8
1986-10-03,2.2,13.0,22.4,16.9,1.48,8.0,87,100,65,8.1
1986-10-04,23.4,14.0,19.5,15.9,1.58,8.6,95,99,84,2.0
1986-10-05,22.9,14.3,18.5,15.8,1.21,7.1,95,98,85,4.3
1986-10-06,1.0,14.3,20.5,16.7,1.2,7.7,89,99,74,9.8
1986-10-07,11.3,14.6,19.8,16.3,1.33,7.5,93,98,83,6.4
1986-10-08,0.4,12.0,21.7,16.6,1.35,6.4,82,99,58,11.0
1986-10-09,0.2,11.0,21.1,16.4,1.41,7.4,78,93,59,10.9
1986-10-10,0.7,12.5,20.1,16.0,1.61,8.0,85,100,64,10.0
1986-10-11,26.0,14.4,17.4,15.5,1.22,5.7,97,99,91,1.3
1986-10-12,25.8,14.4,17.5,15.6,1.48,7.5,97,100,89,4.2
1986-10-13,12.1,14.3,20.5,16.9,1.06,6.2,82,100,56,9.9
1986-10-14,0.6,10.8,20.2,15.0,1.54,8.0,87,97,69,10.6
1986-10-15,20.8,13.3,18.3,15.1,1.02,8.6,92,100,78,5.9
1986-10-16,10.8,12.9,18.1,14.6,1.04,7.6,91,99,74,5.8
1986-10-17,6.1,10.9,16.9,13.4,0.87,6.7,92,100,79,8.6
1986-10-18,2.3,9.1,17.0,13.1,1.13,6.3,85,99,64,10.1
1986-10-19,0.0,7.9,20.8,14.0,1.28,4.6,75,95,44,10.5
1986-10-20,0.0,8.7,22.0,14.9,1.16,4.0,74,92,49,10.5
1986-10-21,0.0,8.5,21.7,14.8,1.46,4.6,73,91,49,10.5
1986-10-22,0.0,8.9,24.4,15.8,1.15,4.4,73,93,42,10.3
1986-10-23,0.4,12.5,21.2,16.1,2.55,10.7,74,89,50,7.6
1986-10-24,0.6,12.4,18.3,14.6,1.63,8.3,84,96,62,9.7
1986-10-25,0.0,12.7,21.4,16.2,1.86,7.7,74,92,49,9.5
1986-10-26,0.0,7.8,18.4,13.0,1.38,4.9,69,87,45,10.3
1986-10-27,0.0,5.4,17.8,11.4,1.62,6.6,65,86,40,10.2
1986-10-28,0.0,6.0,17.9,11.5,1.29,4.6,70,85,47,10.2
1986-10-29,0.0,6.9,19.0,12.7,1.17,5.4,78,93,55,10.1
1986-10-30,0.0,8.3,20.4,14.1,1.25,6.8,78,97,51,9.7
1986-10-31,0.2,7.4,15.8,11.8,1.49,5.1,84,97,62,8.2
1986-11-01,0.0,9.9,19.1,13.5,1.02,4.4,82,99,54,10.0
1986-11-02,0.0,8.5,19.9,13.3,1.99,6.9,74,93,50,10.0
1986-11-03,0.0,3.0,17.9,11.1,1.53,5.0,61,94,27,10.0
1986-11-04,0.0,3.8,15.6,10.5,1.03,4.9,59,84,38,10.0
1986-11-05,0.0,3.2,16.1,9.1,1.26,5.0,75,93,47,10.0
1986-11-06,0.0,3.3,17.6,9.7,1.06,3.9,75,92,45,10.0
1986-11-07,0.0,3.6,18.9,10.3,1.16,4.3,75,93,42,10.0
1986-11-08,0.0,3.7,18.4,10.6,1.51,5.0,69,88,41,9.9
1986-11-09,0.0,3.7,15.5,9.3,1.28,5.7,79,93,59,9.9
1986-11-10,0.0,6.9,15.5,10.3,1.24,6.1,84,98,58,9.2
1986-11-11,0.1,7.0,15.4,10.7,1.6,8.5,87,99,65,5.1
1986-11-12,0.0,9.1,16.1,11.6,1.32,9.1,84,100,52,9.9
1986-11-13,0.4,7.3,15.1,10.7,1.02,4.7,81,98,55,5.2
1986-11-14,0.0,8.5,16.7,12.0,1.9,9.7,84,97,69,9.8
1986-11-15,3.4,7.4,13.0,10.1,2.26,9.2,76,97,48,6.4
1986-11-16,0.6,6.7,14.8,10.4,2.88,9.5,79,90,63,9.8
1986-11-17,1.6,10.6,12.9,11.4,2.74,8.6,88,93,81,3.0
1986-11-18,13.1,7.1,11.2,10.0,2.71,10.0,90,96,83,0.2
1986-11-19,0.0,3.0,15.6,8.8,1.42,4.6,80,98,54,9.8
1986-11-20,0.0,5.6,17.1,9.8,1.57,5.4,72,93,39,9.8
1986-11-21,0.0,4.3,16.8,9.4,1.57,5.3,73,86,48,9.8
1986-11-22,0.0,7.0,16.6,11.1,2.45,9.3,78,87,66,9.8
1986-11-23,0.0,9.2,11.9,10.7,3.4,13.9,73,88,61,3.4
1986-11-24,0.0,7.6,14.5,10.2,3.54,11.7,68,85,55,9.7
1986-11-25,0.0,3.2,15.5,8.7,1.45,6.7,82,94,59,9.7
1986-11-26,0.0,4.7,15.4,9.3,1.08,4.3,79,98,54,8.9
1986-11-27,0.2,7.4,13.2,9.7,1.19,4.6,89,99,72,5.2
1986-11-28,0.4,8.1,11.2,9.4,1.22,7.9,91,100,80,4.4
1986-11-29,0.0,4.4,13.7,8.4,1.32,4.9,79,99,52,9.6
1986-11-30,0.0,1.6,12.3,6.8,1.35,6.0,83,96,61,9.3
1986-12-01,0.0,3.3,12.1,7.8,1.2,4.7,83,99,61,9.6
1986-12-02,0.0,3.5,11.5,7.4,1.16,5.9,87,98,71,2.8
1986-12-03,0.6,7.9,11.8,9.1,1.69,8.3,91,100,69,5.7
1986-12-04,0.5,7.2,12.2,8.9,1.82,8.4,91,100,70,9.0
1986-12-05,0.1,4.9,12.1,8.2,1.19,5.1,89,100,69,8.9
1986-12-06,0.0,1.4,14.0,7.2,1.02,3.9,76,98,43,9.3
1986-12-07,0.0,5.1,14.3,8.6,1.09,3.5,67,80,43,7.9
1986-12-08,0.2,2.2,12.2,6.7,1.43,4.9,81,88,66,1.7
1986-12-09,0.0,5.5,9.4,7.4,3.88,12.0,70,85,53,8.7
1986-12-10,0.0,2.0,10.2,5.5,3.38,11.3,62,84,47,9.4
1986-12-11,0.0,-1.6,12.1,4.2,1.52,4.3,73,90,41,9.4
1986-12-12,0.0,-0.8,11.5,4.3,1.06,3.5,73,88,45,7.0
1986-12-13,0.2,1.0,14.1,6.5,1.53,5.2,74,88,57,6.4
1986-12-14,1.9,7.2,11.3,9.0,3.19,14.1,78,92,59,8.7
1986-12-15,0.0,2.8,14.9,7.8,2.35,6.7,76,93,49,9.4
1986-12-16,0.0,5.5,14.3,10.0,2.91,11.5,78,90,59,9.3
1986-12-17,0.0,2.5,12.9,6.4,2.02,7.0,74,96,44,9.4
1986-12-18,0.0,0.4,16.7,6.6,1.36,4.2,69,88,37,9.4
1986-12-19,0.0,4.5,16.6,8.7,2.5,7.7,51,76,32,9.4
1986-12-20,0.0,3.9,15.4,8.5,1.45,5.8,73,93,56,9.3
1986-12-21,0.0,3.8,12.6,7.5,2.39,10.4,81,94,61,9.2
1986-12-22,2.2,2.8,9.2,7.6,2.6,9.2,71,93,45,6.8
1986-12-23,0.0,-0.4,4.2,1.5,4.15,14.2,54,71,36,9.3
1986-12-24,0.0,0.1,6.0,2.4,5.4,17.6,50,63,37,9.4
1986-12-25,0.0,-2.0,7.7,2.3,3.08,10.5,56,68,43,9.4
1986-12-26,0.0,2.5,14.8,7.7,4.03,13.7,57,69,45,9.3
1986-12-27,0.0,6.2,12.6,8.8,3.69,12.7,68,79,57,9.2
1986-12-28,0.0,-0.3,11.7,5.6,1.62,6.0,76,90,51,9.3
1986-12-29,0.0,-1.0,13.2,4.8,0.96,3.7,74,91,44,9.3
1986-12-30,0.0,-0.5,14.9,5.4,1.28,4.2,73,88,44,9.4
1986-12-31,0.0,0.1,15.1,5.9,1.59,4.9,61,83,38,9.4
1987-01-01,0.0,0.6,16.6,6.7,1.43,4.3,67,89,43,9.3
1987-01-02,0.0,3.1,15.8,7.9,2.35,8.9,69,86,50,9.3
1987-01-03,0.0,3.4,11.3,6.7,3.06,10.9,71,92,43,9.2
1987-01-04,0.0,-1.4,9.1,3.9,1.58,7.3,75,91,56,9.4
1987-01-05,0.0,-2.0,12.5,3.7,1.06,3.7,68,94,33,9.3
1987-01-06,0.0,-0.8,15.1,5.2,1.78,5.3,63,77,40,9.4
1987-01-07,0.0,1.4,14.0,6.2,1.61,5.6,57,81,41,9.4
1987-01-08,0.0,-0.5,10.0,3.9,1.35,6.2,80,96,67,8.4
1987-01-09,1.0,1.2,12.8,6.5,1.32,4.3,85,98,66,7.3
1987-01-10,4.4,6.0,9.2,7.8,5.4,26.3,77,98,53,8.3
1987-01-11,0.0,0.5,9.3,4.9,3.88,15.6,60,81,42,9.5
1987-01-12,0.2,-1.3,12.2,5.0,1.49,7.9,77,93,62,6.6
1987-01-13,3.9,5.9,13.2,9.1,2.21,9.9,78,92,54,7.9
1987-01-14,0.0,-2.5,6.7,1.3,6.93,24.2,52,93,34,9.5
1987-01-15,0.0,-1.0,5.0,1.4,4.05,14.0,56,66,44,9.5
1987-01-16,0.0,0.2,5.9,2.7,6.09,18.2,56,63,50,9.6
1987-01-17,0.0,-0.5,6.4,3.3,3.99,15.2,59,75,47,9.6
1987-01-18,0.0,-2.3,10.0,2.6,2.55,9.3,56,80,29,9.6
1987-01-19,0.0,-1.8,10.2,3.6,1.8,6.0,49,61,31,9.6
1987-01-20,2.0,0.4,5.5,2.8,1.48,8.9,74,95,50,7.6
1987-01-21,5.5,2.3,4.5,3.2,2.22,9.5,96,99,91,1.8
1987-01-22,5.4,3.3,8.0,5.0,1.85,9.0,95,100,84,6.0
1987-01-23,0.0,4.2,10.2,6.6,1.69,5.8,88,100,63,8.5
1987-01-24,0.0,4.7,10.2,7.0,1.0,5.1,90,99,73,0.5
1987-01-25,0.0,3.6,11.1,6.7,1.31,7.1,90,100,73,6.3
1987-01-26,2.4,4.4,14.2,8.8,1.04,8.7,91,97,81,0.5
1987-01-27,0.4,6.0,17.2,11.0,1.84,7.7,81,93,55,9.6
1987-01-28,0.7,7.4,16.5,10.8,1.44,8.6,83,93,58,6.4
1987-01-29,9.5,6.9,12.4,9.2,1.36,7.9,87,98,66,1.7
1987-01-30,4.9,6.1,11.0,8.3,3.43,14.8,79,97,57,9.4
1987-01-31,0.0,7.0,12.4,9.3,2.88,11.6,76,88,57,9.8
1987-02-01,0.0,4.0,15.2,8.8,1.42,5.9,82,96,57,9.7
1987-02-02,0.6,2.9,15.1,8.7,1.21,5.7,85,95,61,9.2
1987-02-03,1.8,3.7,12.1,8.2,1.29,5.8,83,98,61,8.8
1987-02-04,0.0,2.0,11.3,6.6,2.37,9.4,78,93,57,9.3
1987-02-05,0.0,2.0,12.0,6.8,1.99,6.8,78,95,56,9.9
1987-02-06,0.0,0.8,14.3,7.0,1.52,4.8,74,93,45,10.1
1987-02-07,0.0,1.1,16.8,7.7,1.91,5.7,70,91,39,10.2
1987-02-08,0.0,4.1,17.3,9.8,1.74,5.8,80,94,61,10.2
1987-02-09,0.0,3.4,16.7,9.7,1.23,5.5,83,97,61,10.1
1987-02-10,0.0,4.8,10.5,7.9,2.72,12.2,68,89,48,9.9
1987-02-11,3.4,4.5,13.1,7.8,1.65,8.2,78,92,58,9.0
1987-02-12,0.0,4.3,8.9,6.3,7.21,21.6,64,88,36,10.5
1987-02-13,0.0,4.8,11.9,8.0,4.66,14.6,72,81,60,10.5
1987-02-14,0.0,7.2,14.4,10.4,3.02,10.7,70,90,44,10.6
1987-02-15,0.0,4.6,14.2,8.6,3.22,13.7,70,87,47,10.6
1987-02-16,0.0,7.1,12.5,9.2,2.68,9.7,70,88,53,10.2
1987-02-17,0.2,7.7,15.0,11.1,2.61,10.6,69,81,50,10.7
1987-02-18,3.0,2.6,11.1,6.8,2.85,13.9,78,92,59,9.6
1987-02-19,0.0,-1.4,5.2,1.7,5.82,17.8,48,64,35,9.9
1987-02-20,0.0,-3.1,6.3,1.5,2.42,11.1,54,72,34,10.6
1987-02-21,8.3,0.3,3.1,1.7,0.94,5.8,72,98,51,0.0
1987-02-22,2.8,-3.3,6.0,1.7,2.36,8.7,78,98,52,10.8
1987-02-23,0.3,-8.1,11.3,1.3,1.49,5.4,66,83,39,10.8
1987-02-24,0.0,4.3,15.0,9.1,1.21,5.7,82,95,61,9.4
1987-02-25,3.5,6.4,13.1,9.4,3.7,17.1,81,98,61,9.0
1987-02-26,0.0,3.9,16.0,10.1,2.52,16.0,62,85,39,10.9
1987-02-27,0.0,3.9,20.9,11.4,1.7,5.6,70,91,39,10.9
1987-02-28,0.0,9.4,21.6,14.6,2.81,11.4,72,87,53,10.9
1987-03-01,0.0,7.8,22.7,14.5,2.05,7.6,71,92,39,10.9
1987-03-02,0.0,6.9,24.5,14.9,2.35,8.8,58,87,29,10.9
1987-03-03,0.0,10.9,21.2,15.9,3.42,14.6,60,76,45,11.0
1987-03-04,0.0,10.3,21.9,15.8,2.0,6.3,68,89,43,11.0
1987-03-05,0.0,7.0,21.4,14.2,1.39,5.4,71,95,43,11.0
1987-03-06,0.0,7.5,17.8,12.8,1.48,8.6,81,100,59,10.8
1987-03-07,0.0,6.3,20.2,12.6,0.94,6.4,80,100,49,9.4
1987-03-08,0.0,8.4,21.8,14.3,1.64,7.3,74,92,46,11.0
1987-03-09,0.0,10.9,19.7,14.5,2.54,10.5,69,90,43,8.2
1987-03-10,0.2,6.3,16.6,11.7,1.92,8.1,80,98,56,10.5
1987-03-11,0.8,9.0,12.5,10.4,1.94,7.5,91,100,77,0.6
1987-03-12,1.0,5.0,13.1,8.7,2.4,10.5,82,98,58,9.6
1987-03-13,0.5,3.0,11.1,7.3,2.04,7.2,82,98,64,2.9
1987-03-14,0.0,2.4,16.4,9.6,1.43,6.5,71,98,43,11.3
1987-03-15,1.0,5.3,8.8,6.8,2.57,9.2,80,99,65,3.6
1987-03-16,0.0,1.7,12.2,6.8,1.44,7.2,65,92,38,11.6
1987-03-17,0.0,2.6,11.9,7.1,1.83,8.8,60,84,51,11.7
1987-03-18,0.0,-0.1,15.3,7.4,1.38,7.3,72,95,44,11.7
1987-03-19,0.0,1.7,17.5,9.4,1.35,5.0,67,93,33,11.7
1987-03-20,1.8,5.7,9.8,7.5,2.09,7.1,82,94,66,2.5
1987-03-21,0.8,1.7,13.6,7.7,1.2,7.1,75,99,43,11.8
1987-03-22,0.0,3.5,14.7,8.8,1.99,8.8,66,91,35,11.8
1987-03-23,0.0,2.2,16.6,9.5,1.22,8.4,67,93,33,11.8
1987-03-24,0.0,3.4,19.0,10.9,1.63,7.2,58,83,27,11.8
1987-03-25,2.0,6.7,19.0,12.6,1.54,7.1,60,85,41,10.3
1987-03-26,0.0,8.2,18.1,12.9,1.54,7.2,75,94,48,10.3
1987-03-27,0.0,5.5,21.7,13.3,1.06,5.0,72,97,36,11.9
1987-03-28,0.0,8.6,19.3,13.3,3.43,16.1,70,89,51,11.4
1987-03-29,0.0,5.3,11.4,8.5,6.36,19.7,40,58,24,12.0
1987-03-30,0.0,2.0,11.7,6.6,5.68,17.0,37,49,26,12.0
1987-03-31,0.0,1.5,14.3,8.2,3.84,12.2,45,70,31,12.0
1987-04-01,0.0,4.7,16.5,11.0,3.11,11.3,47,63,33,12.0
1987-04-02,0.0,6.4,17.8,11.7,2.92,12.1,59,88,35,12.0
1987-04-03,3.2,6.0,10.5,8.5,3.02,11.7,69,85,59,4.2
1987-04-04,0.3,3.8,13.4,8.7,2.86,11.7,61,76,44,10.3
1987-04-05,0.0,7.1,17.2,11.9,1.56,7.7,73,90,55,10.3
1987-04-06,0.0,6.8,21.5,14.0,1.72,8.5,72,94,41,12.2
1987-04-07,0.4,8.4,23.5,15.5,1.47,8.0,71,92,41,12.0
1987-04-08,0.0,11.9,22.3,16.6,2.45,9.8,63,86,33,12.1
1987-04-09,0.0,9.9,18.4,13.7,3.19,11.9,62,88,35,12.4
1987-04-10,0.0,6.4,17.0,12.0,2.68,10.9,53,82,32,12.2
1987-04-11,0.0,4.5,17.3,11.3,2.99,12.4,56,83,34,12.4
1987-04-12,0.0,7.6,18.0,12.8,3.74,14.5,56,76,37,12.4
1987-04-13,0.0,6.6,20.8,13.9,2.92,12.1,50,76,26,12.5
1987-04-14,0.0,6.3,18.7,12.6,2.0,11.0,63,82,42,12.5
1987-04-15,0.0,6.9,15.6,10.7,2.37,12.0,64,91,36,12.6
1987-04-16,0.0,3.8,16.9,10.5,1.77,8.7,55,76,36,12.5
1987-04-17,0.0,3.1,20.4,12.1,1.59,7.7,59,90,32,12.2
1987-04-18,0.0,6.6,22.6,14.4,1.45,8.8,53,86,25,12.7
1987-04-19,0.0,6.7,24.8,15.9,1.58,8.7,54,89,25,12.7
1987-04-20,0.0,8.1,26.3,17.4,1.29,8.5,54,85,28,12.4
1987-04-21,0.0,10.4,26.0,18.2,1.46,9.0,52,77,29,9.9
1987-04-22,2.7,11.0,26.3,18.8,1.54,7.8,56,83,32,12.2
1987-04-23,0.0,12.4,22.7,17.1,2.24,10.9,59,83,42,12.3
1987-04-24,1.2,11.2,22.3,16.5,1.15,13.4,62,86,43,12.4
1987-04-25,0.0,11.1,23.1,16.3,1.6,9.6,63,82,38,12.8
1987-04-26,0.0,8.7,24.9,16.8,1.67,8.7,70,100,41,12.8
1987-04-27,0.0,11.7,25.0,18.4,1.93,11.0,52,79,29,12.6
1987-04-28,0.0,12.2,23.7,17.6,1.78,9.5,50,71,36,11.2
1987-04-29,2.3,10.5,21.9,16.4,1.79,8.4,73,96,53,12.4
1987-04-30,0.0,10.7,22.5,16.5,1.69,9.0,74,99,46,12.7
1987-05-01,0.0,12.0,22.0,16.6,1.78,9.6,60,85,36,12.5
1987-05-02,0.0,9.6,24.2,16.9,1.66,7.7,59,82,35,12.7
1987-05-03,2.5,11.5,27.1,19.1,0.95,7.2,63,90,33,11.8
1987-05-04,2.3,11.1,19.6,14.4,2.02,9.3,68,97,27,8.4
1987-05-05,0.0,5.7,18.0,11.7,2.98,11.3,44,78,27,13.8
1987-05-06,0.0,6.2,20.1,12.9,1.5,7.7,55,75,37,13.8
1987-05-07,0.0,6.5,25.5,16.4,1.65,7.9,55,89,27,13.8
1987-05-08,0.0,12.4,22.0,17.0,2.25,10.2,50,65,38,13.9
1987-05-09,0.0,8.3,23.7,16.4,1.94,10.1,54,88,29,13.9
1987-05-10,0.0,9.6,24.9,17.6,1.38,6.8,48,81,26,13.0
1987-05-11,0.0,12.1,22.0,17.6,1.52,7.2,51,78,37,13.9
1987-05-12,0.0,10.3,24.7,18.2,1.82,6.8,49,82,24,13.9
1987-05-13,0.1,11.3,25.6,18.8,1.51,7.4,41,66,19,13.9
1987-05-14,6.9,10.4,19.4,14.9,1.78,9.2,73,91,46,11.7
1987-05-15,0.2,10.5,23.9,17.2,1.58,6.7,63,96,28,14.0
1987-05-16,0.7,10.6,20.6,15.6,1.86,10.1,61,83,43,12.6
1987-05-17,1.8,8.3,19.4,14.6,1.21,6.7,58,89,34,12.1
1987-05-18,0.0,10.6,19.3,15.0,2.0,8.4,59,77,43,13.1
1987-05-19,0.0,9.2,23.1,16.4,1.07,6.3,60,87,31,13.8
1987-05-20,0.0,11.3,21.3,15.6,1.86,8.8,72,93,46,12.1
1987-05-21,0.0,9.6,23.0,16.5,1.87,8.8,57,94,26,14.0
1987-05-22,1.2,8.4,22.6,15.7,2.21,10.4,52,80,25,13.5
1987-05-23,3.5,11.3,20.2,15.1,1.48,8.4,77,99,48,9.7
1987-05-24,0.2,9.7,22.6,16.7,1.7,9.3,69,98,40,13.6
1987-05-25,0.0,12.5,22.4,17.0,2.14,11.0,68,95,45,11.0
1987-05-26,0.0,10.0,26.7,18.5,1.79,10.7,59,90,29,14.0
1987-05-27,1.4,12.8,25.4,19.2,1.27,7.2,56,75,34,11.5
1987-05-28,0.1,11.8,24.1,17.8,2.11,9.4,58,87,21,14.0
1987-05-29,0.0,10.4,24.7,17.8,1.88,8.3,53,87,18,14.0
1987-05-30,0.0,11.0,28.4,19.4,1.96,10.9,51,81,23,14.0
1987-05-31,0.0,12.0,29.6,21.1,1.61,10.6,60,92,25,14.0
1987-06-01,0.0,13.8,27.2,20.5,1.89,10.5,62,86,36,14.0
1987-06-02,0.0,12.8,27.4,20.4,2.03,10.0,61,91,38,14.0
1987-06-03,0.0,14.0,31.6,23.3,1.32,7.7,51,84,22,14.0
1987-06-04,0.0,16.6,30.0,23.8,1.51,7.4,45,74,28,14.0
1987-06-05,0.4,15.8,28.1,22.1,2.03,9.5,55,73,41,14.0
1987-06-06,0.0,14.6,29.4,22.3,1.63,9.5,64,95,37,14.0
1987-06-07,0.0,15.5,32.1,24.2,1.68,10.9,53,89,22,14.0
1987-06-08,0.0,18.7,25.4,22.0,3.31,11.9,37,62,17,14.0
1987-06-09,0.2,11.2,23.0,17.8,2.29,9.7,37,62,22,14.0
1987-06-10,0.2,12.5,25.8,18.6,1.67,12.4,54,75,25,11.9
1987-06-11,0.1,14.2,26.0,19.6,1.91,9.1,60,92,32,13.7
1987-06-12,0.0,12.1,28.4,20.7,2.16,9.9,59,91,34,14.0
1987-06-13,0.0,13.9,29.9,22.2,1.32,6.7,53,92,23,14.0
1987-06-14,1.1,14.9,26.3,20.4,2.51,12.7,48,82,29,13.1
1987-06-15,0.0,12.3,23.4,18.0,2.98,10.8,34,52,22,14.0
1987-06-16,0.0,11.7,25.8,18.3,2.33,11.4,46,68,27,14.0
1987-06-17,0.0,11.9,25.7,18.7,2.16,11.0,61,97,32,14.0
1987-06-18,0.0,13.1,25.9,19.4,1.98,10.8,54,83,32,13.8
1987-06-19,0.0,14.0,29.8,22.4,2.7,11.5,42,71,18,14.0
1987-06-20,0.0,17.9,29.7,23.4,2.69,12.1,48,68,29,14.0
1987-06-21,0.0,15.4,26.8,20.9,2.28,9.6,63,96,38,14.0
1987-06-22,0.0,14.6,26.6,20.4,1.96,9.9,62,88,41,13.7
1987-06-23,0.0,14.4,25.9,20.1,2.05,10.2,59,81,38,14.0
1987-06-24,0.7,14.9,25.5,20.3,1.94,11.7,57,83,35,13.9
1987-06-25,0.1,15.0,27.0,20.9,2.06,10.8,54,81,32,13.2
1987-06-26,0.0,15.0,29.3,22.5,1.87,7.0,56,89,31,14.0
1987-06-27,0.0,17.2,29.2,23.3,1.97,9.7,51,79,30,14.0
1987-06-28,0.0,16.5,30.2,23.1,1.94,10.1,50,70,31,14.0
1987-06-29,0.0,16.7,29.8,23.0,1.68,10.8,49,68,31,11.4
1987-06-30,0.0,17.5,28.5,22.6,1.79,9.7,54,69,39,13.7
1987-07-01,0.0,15.6,28.4,22.2,1.68,8.5,57,88,31,14.0
1987-07-02,0.0,14.8,28.8,22.3,2.39,10.1,55,81,34,14.0
1987-07-03,0.0,16.4,30.1,23.4,1.99,9.1,54,78,36,14.0
1987-07-04,0.0,18.6,30.3,24.4,1.69,8.9,51,73,34,14.0
1987-07-05,0.0,17.1,30.6,24.4,1.96,10.4,50,79,28,14.0
1987-07-06,0.0,18.2,29.1,23.5,1.79,9.9,53,80,34,13.2
1987-07-07,0.0,16.8,29.4,23.6,1.85,8.5,56,85,35,14.0
1987-07-08,0.0,16.9,30.6,24.0,1.71,8.1,62,92,35,14.0
1987-07-09,0.0,18.0,30.0,23.8,2.24,11.3,64,88,40,14.0
1987-07-10,0.0,17.3,29.4,23.5,2.06,9.5,62,92,37,14.0
1987-07-11,0.7,17.2,30.9,24.0,1.99,9.9,58,85,36,14.0
1987-07-12,1.5,18.8,27.8,23.0,1.85,9.3,60,82,35,14.0
1987-07-13,1.1,17.2,27.1,21.9,1.7,8.1,71,97,46,13.9
1987-07-14,0.5,16.7,29.4,23.1,1.54,7.9,61,89,36,13.6
1987-07-15,2.1,17.7,29.1,23.4,1.42,8.3,62,96,31,12.0
1987-07-16,0.0,16.7,31.4,24.3,1.78,8.9,48,74,21,14.0
1987-07-17,0.0,17.5,31.8,25.0,1.77,8.4,50,80,31,14.0
1987-07-18,0.0,17.2,32.4,25.2,1.57,8.4,49,79,26,14.0
1987-07-19,0.3,18.9,30.4,23.5,2.68,12.3,68,96,37,13.1
1987-07-20,0.2,19.9,30.6,24.1,2.36,11.1,70,91,38,12.9
1987-07-21,0.2,19.2,29.2,23.5,2.13,10.8,74,98,45,13.0
1987-07-22,0.0,17.8,30.2,23.4,1.93,9.3,72,98,42,12.5
1987-07-23,0.1,18.5,31.5,24.5,1.68,10.4,64,96,26,13.5
1987-07-24,0.3,17.6,30.3,23.7,1.86,9.9,62,88,34,13.8
1987-07-25,3.2,17.6,27.8,21.5,2.1,12.6,68,92,39,12.7
1987-07-26,0.0,14.9,28.4,21.1,2.01,9.0,67,97,32,13.5
1987-07-27,0.2,17.0,25.6,21.2,2.22,10.1,76,99,54,12.3
1987-07-28,0.0,16.8,29.4,22.7,2.19,10.2,71,100,42,12.6
1987-07-29,0.0,16.4,30.6,23.2,1.89,10.4,65,94,35,13.6
1987-07-30,2.0,17.6,27.8,22.8,1.04,8.5,63,87,37,12.8
1987-07-31,0.6,18.4,26.2,21.6,1.94,8.8,75,98,52,12.2
1987-08-01,0.0,15.1,26.7,21.2,2.0,9.4,62,95,39,13.6
1987-08-02,0.0,14.2,29.2,21.9,1.86,9.1,54,80,32,13.7
1987-08-03,0.0,14.1,31.8,23.1,1.71,8.1,52,86,23,11.6
1987-08-04,0.0,17.7,36.0,27.0,1.38,8.2,47,74,18,13.4
1987-08-05,0.0,19.4,34.7,27.2,2.2,10.3,49,71,27,13.5
1987-08-06,0.0,17.8,32.2,25.2,1.76,10.7,47,88,16,13.4
1987-08-07,0.0,16.1,30.9,24.0,1.81,8.2,41,72,23,13.4
1987-08-08,0.0,18.8,29.8,23.9,1.87,9.4,49,72,34,13.4
1987-08-09,0.0,16.9,29.5,23.5,1.51,7.6,64,95,35,11.8
1987-08-10,0.0,19.0,29.2,24.2,2.07,11.2,60,88,36,11.9
1987-08-11,0.0,18.1,33.1,25.6,1.78,9.3,54,82,32,13.1
1987-08-12,0.0,18.3,35.2,27.2,1.81,9.2,47,76,23,13.3
1987-08-13,0.0,19.9,35.7,27.7,1.87,9.4,41,62,22,13.3
1987-08-14,0.0,19.9,34.2,27.0,1.82,9.4,44,59,29,13.0
1987-08-15,0.0,19.3,35.8,27.7,1.79,9.1,51,77,27,13.1
1987-08-16,0.0,19.8,37.5,28.6,1.41,6.8,48,75,23,13.1
1987-08-17,0.0,20.4,34.2,27.5,1.94,7.6,41,64,21,13.1
1987-08-18,0.0,19.4,32.0,26.4,1.96,8.8,46,70,34,13.0
1987-08-19,0.0,17.7,32.5,25.3,1.84,9.2,54,85,29,12.9
1987-08-20,0.0,18.2,34.2,26.2,1.72,9.2,46,75,21,12.9
1987-08-21,0.0,18.7,33.5,26.3,1.96,9.5,43,62,27,12.5
1987-08-22,0.0,18.1,34.5,26.3,2.01,9.8,45,73,19,12.4
1987-08-23,1.4,18.1,33.4,25.8,1.23,8.8,51,86,23,12.8
1987-08-24,0.0,17.8,28.4,23.6,2.95,11.3,33,57,19,12.8
1987-08-25,0.0,18.0,26.7,21.7,2.28,10.3,47,81,34,12.4
1987-08-26,0.0,17.2,27.0,21.7,2.13,10.4,68,98,39,11.3
1987-08-27,0.0,16.5,30.1,22.9,2.12,11.0,62,87,34,12.2
1987-08-28,42.3,18.4,20.9,19.2,2.56,11.1,93,99,84,2.3
1987-08-29,4.6,17.7,23.2,20.0,3.09,13.7,83,96,66,8.4
1987-08-30,4.6,16.0,24.0,19.8,1.83,12.3,83,94,71,8.1
1987-08-31,0.1,16.1,26.7,21.4,1.16,6.3,80,98,58,12.0
1987-09-01,0.0,17.1,27.4,22.1,1.37,5.8,70,93,45,12.1
1987-09-02,0.0,18.9,26.8,22.1,1.71,8.1,73,92,50,12.1
1987-09-03,0.0,17.3,27.8,21.9,1.44,7.1,78,99,50,11.7
1987-09-04,0.0,15.7,26.8,21.3,1.46,7.9,79,94,57,12.0
1987-09-05,0.0,17.1,28.6,22.4,1.34,5.9,77,100,46,11.0
1987-09-06,0.0,17.0,28.3,22.6,1.88,7.1,68,90,41,12.0
1987-09-07,0.0,16.8,28.1,22.2,1.32,7.4,77,100,50,11.9
1987-09-08,0.0,15.4,29.4,22.4,1.42,6.6,65,96,34,12.0
1987-09-09,0.0,15.1,29.1,22.1,1.4,7.4,63,86,38,12.0
1987-09-10,0.0,16.5,27.5,21.8,1.44,7.4,72,92,49,10.0
1987-09-11,0.0,16.8,27.8,22.0,1.46,7.0,75,100,49,11.3
1987-09-12,0.0,15.5,30.6,22.9,1.25,6.0,63,94,30,12.0
1987-09-13,0.0,15.9,30.4,23.1,1.42,6.8,58,83,31,12.0
1987-09-14,0.0,14.0,30.1,22.1,1.51,7.6,54,85,25,12.0
1987-09-15,0.0,15.2,29.7,22.2,1.63,8.2,46,62,26,12.0
1987-09-16,0.0,15.2,27.8,21.5,1.53,7.3,52,74,28,12.0
1987-09-17,0.0,13.9,27.6,21.0,1.69,8.0,66,86,46,12.0
1987-09-18,0.0,14.6,28.4,21.6,1.6,8.0,60,92,28,12.0
1987-09-19,0.0,12.6,28.5,20.7,1.55,7.8,54,76,28,12.0
1987-09-20,0.0,15.1,26.9,21.3,0.97,5.5,64,84,43,11.7
1987-09-21,0.1,16.2,29.1,22.4,1.37,8.2,64,91,36,12.0
1987-09-22,0.0,14.3,28.2,21.4,1.26,4.8,56,80,33,12.0
1987-09-23,0.0,15.2,29.8,22.2,1.55,5.6,53,73,27,12.0
1987-09-24,0.6,15.9,28.3,21.6,1.66,5.9,55,71,33,10.9
1987-09-25,0.1,15.5,30.8,22.7,1.83,11.0,50,76,21,11.2
1987-09-26,0.0,17.9,26.5,21.9,1.51,10.4,56,78,40,9.2
1987-09-27,0.3,16.3,25.4,20.8,1.07,6.8,73,92,54,11.2
1987-09-28,0.0,16.6,25.2,20.8,1.61,7.1,70,87,53,8.9
1987-09-29,4.0,16.9,24.3,19.8,1.06,6.5,83,99,56,9.3
1987-09-30,1.0,14.8,25.9,19.6,1.2,8.1,77,98,43,11.3
1987-10-01,0.8,16.5,22.7,19.0,1.68,9.0,88,98,72,8.8
1987-10-02,0.4,16.9,23.4,19.2,1.63,9.1,85,98,62,10.1
1987-10-03,2.5,16.5,22.7,18.7,1.43,9.6,87,99,67,10.2
1987-10-04,6.2,15.7,19.1,17.1,1.3,7.9,93,99,82,0.4
1987-10-05,8.4,15.0,21.4,17.5,2.15,10.0,72,98,43,11.5
1987-10-06,0.0,12.1,20.1,15.8,2.66,10.0,64,84,43,11.1
1987-10-07,0.0,10.6,21.1,15.5,1.79,6.8,69,89,45,11.1
1987-10-08,0.0,13.4,22.4,17.2,2.18,8.3,68,82,47,10.6
1987-10-09,0.2,10.1,21.9,15.7,2.27,11.0,76,93,51,10.1
1987-10-10,4.3,8.7,16.0,13.9,3.91,15.3,75,98,49,9.9
1987-10-11,0.0,7.4,16.2,11.5,3.83,14.3,60,72,44,10.7
1987-10-12,0.0,10.0,20.6,14.8,1.63,6.5,65,87,42,11.0
1987-10-13,0.0,6.7,20.2,13.3,1.08,4.5,69,93,41,9.8
1987-10-14,0.0,7.4,21.0,13.7,1.13,5.6,67,91,36,8.5
1987-10-15,0.0,11.1,23.4,16.1,1.61,6.7,58,73,36,6.3
1987-10-16,0.0,13.3,22.4,17.0,2.09,11.3,58,70,46,9.9
1987-10-17,0.0,9.1,19.1,13.9,1.71,6.9,67,92,44,10.7
1987-10-18,0.0,7.5,19.4,13.6,1.25,7.6,75,91,57,9.6
1987-10-19,0.0,10.3,21.3,15.4,1.21,7.1,82,97,62,7.7
1987-10-20,0.0,13.1,20.5,16.1,1.46,8.5,79,100,57,6.2
1987-10-21,0.0,10.8,18.7,14.0,1.54,7.6,69,83,49,9.6
1987-10-22,2.1,12.1,13.9,12.9,1.51,6.8,89,96,82,0.0
1987-10-23,2.7,13.2,20.1,15.7,1.19,8.0,85,100,58,5.7
1987-10-24,1.8,13.0,20.6,16.1,1.0,12.9,87,99,68,5.5
1987-10-25,0.0,12.1,21.3,16.3,1.59,7.9,82,97,63,10.0
1987-10-26,0.0,12.0,22.6,16.6,1.46,8.2,75,94,56,9.0
1987-10-27,1.2,12.6,22.3,17.1,2.2,12.2,65,86,45,10.1
1987-10-28,0.0,10.7,19.5,14.6,1.88,8.3,72,92,45,10.1
1987-10-29,0.1,6.5,18.2,12.1,1.39,4.9,68,94,35,10.1
1987-10-30,0.0,5.6,19.7,12.2,1.12,6.2,70,88,45,10.0
1987-10-31,0.0,6.9,20.1,13.1,1.0,4.3,74,95,48,9.5
1987-11-01,0.0,10.0,19.2,14.0,1.15,6.9,72,86,51,8.3
1987-11-02,0.0,8.7,18.8,14.1,1.39,8.9,83,97,64,10.0
1987-11-03,23.1,13.2,16.4,14.3,1.66,9.3,95,99,83,4.3
1987-11-04,22.4,13.2,16.5,14.1,1.33,5.2,98,100,94,3.3
1987-11-05,28.3,11.8,13.7,12.9,2.54,10.5,98,100,94,0.8
1987-11-06,1.4,10.7,14.6,12.2,2.46,11.1,89,100,69,8.4
1987-11-07,10.5,11.2,14.8,12.9,2.58,8.8,97,100,94,0.0
1987-11-08,2.6,12.6,15.3,13.6,2.12,9.6,85,100,67,7.3
1987-11-09,0.0,10.8,16.7,13.5,2.45,10.1,72,85,56,8.3
1987-11-10,0.0,11.2,15.9,13.0,3.79,14.3,68,83,50,9.9
1987-11-11,0.0,8.0,18.1,12.6,1.94,7.6,71,90,51,9.9
1987-11-12,0.0,6.4,20.0,11.5,1.46,5.3,73,94,38,9.9
1987-11-13,0.0,6.6,19.5,12.0,2.23,6.8,64,83,41,9.9
1987-11-14,0.0,8.7,11.5,10.7,4.11,14.9,68,81,53,9.9
1987-11-15,0.0,5.5,14.2,9.1,3.16,11.7,62,82,43,9.9
1987-11-16,0.0,3.2,17.7,9.8,1.31,4.3,72,87,48,9.8
1987-11-17,0.0,6.1,15.5,10.1,1.25,5.3,75,89,53,9.8
1987-11-18,0.0,3.3,16.0,9.2,1.09,4.5,76,89,54,9.8
1987-11-19,0.0,4.1,16.8,9.6,1.11,4.1,70,84,42,9.8
1987-11-20,0.0,4.8,20.2,10.9,2.3,9.2,57,82,33,9.8
1987-11-21,0.0,3.5,13.3,8.4,2.28,10.9,70,92,44,9.8
1987-11-22,0.0,0.6,13.8,6.7,1.3,5.3,71,92,43,9.0
1987-11-23,0.0,3.0,10.6,6.1,3.32,14.3,76,83,62,9.7
1987-11-24,0.0,2.3,7.0,4.4,5.79,15.8,58,74,49,9.7
1987-11-25,0.0,0.8,8.8,4.4,2.48,10.5,67,87,47,9.7
1987-11-26,0.0,2.4,10.6,5.7,3.02,9.7,65,80,47,9.7
1987-11-27,0.0,2.1,9.2,5.0,3.44,11.7,68,88,44,9.6
1987-11-28,0.0,0.9,9.1,4.6,3.38,12.0,64,84,46,9.6
1987-11-29,0.0,-2.0,11.7,3.6,1.49,4.9,68,87,37,9.6
1987-11-30,0.0,-1.9,10.4,3.7,1.36,4.7,70,86,44,8.8
1987-12-01,0.0,-1.7,11.3,4.0,1.22,4.7,74,87,49,9.6
1987-12-02,2.3,1.5,7.5,4.8,1.04,5.9,94,98,86,1.6
1987-12-03,3.4,5.1,10.5,7.3,1.43,9.4,98,99,93,0.0
1987-12-04,4.1,5.6,12.5,8.9,1.32,6.7,98,100,93,0.0
1987-12-05,0.0,3.6,12.5,8.0,2.26,8.1,75,98,46,9.5
1987-12-06,0.0,3.5,13.4,7.8,1.25,4.7,78,92,58,9.4
1987-12-07,9.1,3.0,9.8,6.6,1.24,5.5,87,95,71,0.1
1987-12-08,0.7,5.8,12.5,8.7,1.46,5.8,92,100,72,5.5
1987-12-09,5.7,8.3,11.1,9.5,3.41,16.2,90,100,75,5.7
1987-12-10,0.1,5.6,12.6,9.1,1.37,6.7,85,92,74,0.9
1987-12-11,1.3,7.3,15.7,11.1,1.34,5.4,87,97,72,7.2
1987-12-12,4.5,9.5,16.2,12.1,1.29,7.4,84,98,60,7.7
1987-12-13,0.2,6.8,13.9,9.8,1.22,9.3,86,96,71,2.4
1987-12-14,0.0,9.1,13.4,10.5,2.94,11.3,71,83,56,9.2
1987-12-15,0.0,8.7,16.7,12.0,1.68,8.1,84,93,70,7.9
1987-12-16,0.0,8.0,18.1,12.7,1.53,5.9,83,95,55,8.5
1987-12-17,0.0,6.2,18.6,11.1,1.69,5.6,79,95,55,9.0
1987-12-18,0.0,5.2,19.9,11.1,1.36,4.1,75,94,43,9.4
1987-12-19,0.0,7.1,16.0,11.0,1.47,4.9,76,91,56,8.9
1987-12-20,0.0,5.9,13.4,9.7,0.98,4.8,88,96,75,4.8
1987-12-21,0.0,6.7,15.3,10.0,1.19,3.8,87,100,63,7.4
1987-12-22,0.5,3.8,15.9,8.9,1.11,4.4,85,98,60,8.8
1987-12-23,0.0,6.1,13.4,9.1,1.38,4.6,85,96,63,8.9
1987-12-24,0.0,4.9,12.2,8.0,1.04,4.0,87,98,68,8.8
1987-12-25,0.0,2.3,14.1,7.1,1.22,4.3,83,99,56,9.1
1987-12-26,0.0,1.9,11.5,6.2,1.87,5.8,83,96,58,8.2
1987-12-27,0.0,4.1,10.1,6.9,1.56,6.3,90,99,74,5.0
1987-12-28,0.0,4.6,11.4,8.0,0.87,4.5,87,98,66,9.0
1987-12-29,0.0,0.3,14.4,6.2,1.43,4.4,74,96,45,9.2
1987-12-30,0.0,0.0,14.7,5.9,1.44,4.1,67,87,39,9.4
1987-12-31,2.4,0.4,10.5,4.2,1.92,11.9,78,89,59,5.4
1988-01-01,0.5,3.5,9.4,5.6,3.94,13.5,76,89,57,9.2
1988-01-02,0.0,2.6,14.7,7.3,2.05,5.7,72,83,54,9.2
1988-01-03,0.0,8.2,13.3,10.0,4.48,17.7,73,85,55,9.0
1988-01-04,0.0,5.6,17.3,10.1,1.79,10.4,72,88,44,9.3
1988-01-05,0.0,3.6,15.8,8.6,1.31,6.1,70,85,50,7.8
1988-01-06,0.0,6.9,14.1,9.4,2.06,8.0,72,82,65,5.4
1988-01-07,0.0,3.8,9.4,6.2,3.81,14.8,67,82,46,9.4
1988-01-08,0.0,-0.3,12.7,5.1,2.35,7.1,62,75,39,9.4
1988-01-09,0.0,2.4,15.4,7.9,1.53,5.2,76,91,56,9.4
1988-01-10,0.0,2.8,16.2,8.4,1.14,4.2,82,96,55,9.2
1988-01-11,0.8,4.9,12.9,8.3,1.15,6.2,87,99,69,3.6
1988-01-12,2.7,5.3,11.8,8.3,1.26,5.5,81,100,47,8.8
1988-01-13,1.5,2.1,10.6,6.2,1.21,6.1,81,96,60,4.7
1988-01-14,1.0,4.2,11.7,7.2,1.32,5.2,82,97,45,6.8
1988-01-15,2.1,4.2,12.1,8.0,2.2,7.2,94,100,78,7.1
1988-01-16,1.8,5.0,11.4,7.5,1.83,10.7,92,100,73,6.5
1988-01-17,23.3,6.3,10.1,7.7,2.82,12.4,94,99,87,7.5
1988-01-18,1.9,5.5,11.8,8.0,1.41,4.8,88,100,62,9.0
1988-01-19,4.3,6.9,11.8,8.7,1.57,7.0,84,95,58,7.3
1988-01-20,1.5,6.0,11.8,8.1,3.47,12.5,76,92,53,9.2
1988-01-21,0.0,4.8,10.0,6.8,3.17,11.5,71,81,56,8.5
1988-01-22,0.0,4.6,14.8,8.7,3.13,10.6,70,80,57,9.0
1988-01-23,0.0,5.7,15.7,9.9,2.75,10.5,73,89,52,9.6
1988-01-24,0.0,5.0,12.9,8.3,2.43,9.4,80,91,62,9.4
1988-01-25,0.0,8.3,14.3,11.1,3.08,11.6,74,84,63,2.4
1988-01-26,0.0,9.8,16.3,12.3,1.53,6.1,78,90,61,7.5
1988-01-27,0.0,7.0,16.4,11.2,1.23,5.8,81,96,52,8.5
1988-01-28,4.1,4.9,15.8,9.7,1.56,7.0,81,94,56,9.3
1988-01-29,0.1,6.1,15.1,10.5,4.58,21.8,70,87,56,9.7
1988-01-30,0.0,9.3,14.4,11.4,7.17,22.0,60,71,47,9.8
1988-01-31,0.0,5.4,16.6,9.7,1.98,7.9,69,88,48,9.8
1988-02-01,0.0,3.8,18.5,9.9,1.71,6.8,70,90,42,9.8
1988-02-02,0.0,4.7,11.2,8.1,1.89,6.7,71,89,45,6.6
1988-02-03,0.0,2.7,12.8,7.1,1.08,4.9,68,88,40,9.7
1988-02-04,0.3,1.5,11.8,6.5,2.65,12.6,74,90,53,9.4
1988-02-05,0.0,7.9,14.4,10.6,3.35,10.0,70,79,55,10.1
1988-02-06,1.0,5.5,14.0,8.8,3.03,11.9,72,86,46,9.8
1988-02-07,0.0,3.6,9.4,5.9,5.19,16.5,58,73,35,10.0
1988-02-08,0.0,1.5,13.0,6.9,3.28,11.3,63,74,52,10.2
1988-02-09,0.0,6.9,17.1,11.1,3.01,10.0,71,86,52,10.3
1988-02-10,0.0,6.0,14.4,9.8,2.13,7.7,74,93,52,10.4
1988-02-11,0.0,1.2,16.7,8.2,1.59,8.0,73,97,38,10.5
1988-02-12,0.0,7.2,13.8,9.6,2.26,9.3,61,72,42,10.5
1988-02-13,0.0,-0.1,15.7,7.6,1.34,6.3,72,92,47,10.5
1988-02-14,0.0,1.4,12.4,7.0,1.26,7.2,75,93,51,10.6
1988-02-15,0.0,4.3,11.2,6.9,2.26,12.6,83,98,61,10.6
1988-02-16,8.1,5.3,9.8,6.8,3.6,13.3,94,98,89,0.7
1988-02-17,14.5,5.8,10.0,7.3,1.85,9.4,95,99,88,2.7
1988-02-18,0.0,4.9,14.1,8.9,1.19,4.9,78,99,50,10.7
1988-02-19,0.0,1.4,15.1,7.9,1.29,6.0,75,92,50,10.7
1988-02-20,0.0,0.7,15.0,7.5,1.63,8.0,70,92,38,10.8
1988-02-21,0.0,5.7,12.3,8.0,1.45,7.2,77,93,59,10.8
1988-02-22,0.0,4.0,11.3,7.5,1.23,5.4,85,99,66,5.9
1988-02-23,0.1,5.0,14.4,9.1,0.68,4.1,86,98,65,10.8
1988-02-24,0.0,5.4,14.2,9.2,3.06,11.2,75,93,51,10.8
1988-02-25,0.0,3.8,8.4,6.3,3.65,13.6,49,77,36,10.9
1988-02-26,0.0,-0.2,7.3,3.4,3.96,12.4,46,59,37,10.9
1988-02-27,0.0,-2.0,5.8,1.6,3.42,11.7,44,57,31,10.6
1988-02-28,0.0,-2.9,6.7,2.0,1.54,7.1,53,70,35,10.9
1988-02-29,0.0,-3.4,11.4,3.4,2.2,9.8,59,78,41,10.9
1988-03-01,0.0,-1.8,10.4,4.1,2.31,9.0,63,83,38,10.9
1988-03-02,0.6,-0.7,8.2,3.6,2.45,10.0,74,94,56,7.3
1988-03-03,2.5,2.3,5.3,3.7,1.85,8.4,83,96,65,1.2
1988-03-04,0.4,-0.2,11.8,5.5,1.17,5.2,75,90,52,10.7
1988-03-05,3.1,1.2,7.6,4.4,5.06,20.5,63,94,34,11.0
1988-03-06,0.0,3.0,11.0,6.2,4.53,15.2,52,67,37,11.1
1988-03-07,0.0,1.7,13.9,7.5,3.64,12.8,61,71,51,11.1
1988-03-08,0.0,2.6,15.8,9.2,2.26,7.8,65,86,44,11.2
1988-03-09,0.0,0.6,14.5,7.8,1.6,5.8,70,90,49,11.3
1988-03-10,0.0,3.1,16.3,9.1,1.3,6.5,74,98,39,11.1
1988-03-11,0.0,1.1,14.5,7.9,1.29,5.0,74,93,47,11.3
1988-03-12,0.0,2.7,18.4,10.0,1.62,5.8,59,93,28,11.5
1988-03-13,0.0,1.4,19.6,10.4,1.3,4.8,59,84,31,11.2
1988-03-14,1.8,9.0,15.3,11.8,2.51,11.8,68,83,57,10.6
1988-03-15,0.0,6.3,18.2,11.7,3.03,9.6,63,88,33,11.6
1988-03-16,0.0,7.0,19.3,12.6,3.72,14.2,54,74,31,11.7
1988-03-17,0.0,9.1,19.7,14.0,3.62,11.9,47,63,27,11.3
1988-03-18,0.0,6.5,21.4,13.6,2.64,8.0,57,78,35,11.7
1988-03-19,0.0,6.7,22.7,14.4,1.5,4.9,60,82,33,11.7
1988-03-20,0.0,8.0,24.1,15.4,1.62,5.3,63,89,32,11.8
1988-03-21,0.0,7.8,22.3,14.8,2.4,11.5,57,84,27,11.8
1988-03-22,0.0,8.9,16.6,12.5,4.78,14.2,53,74,32,11.8
1988-03-23,0.0,5.6,18.7,12.0,2.5,10.9,59,78,38,11.8
1988-03-24,0.0,5.3,21.8,13.4,2.26,7.7,56,85,26,11.9
1988-03-25,0.0,8.2,24.8,16.1,2.3,8.0,50,73,28,11.9
1988-03-26,0.0,10.0,26.0,17.7,2.31,9.3,48,73,22,11.9
1988-03-27,0.0,7.8,22.0,15.0,2.35,10.9,55,82,36,11.9
1988-03-28,0.0,6.8,20.6,12.9,1.65,8.1,68,90,38,12.0
1988-03-29,0.0,7.6,22.3,14.7,1.6,9.8,65,92,33,12.0
1988-03-30,0.0,7.9,15.3,12.2,5.45,18.0,42,66,26,12.0
1988-03-31,0.0,5.8,16.9,11.2,3.12,12.5,45,70,30,12.1
1988-04-01,0.0,2.9,18.9,10.6,1.99,12.9,62,89,31,12.1
1988-04-02,0.0,7.1,15.1,10.4,2.0,10.6,74,98,44,11.5
1988-04-03,3.7,6.2,9.8,8.2,2.64,14.5,76,99,43,10.1
1988-04-04,7.3,2.0,11.8,5.8,1.83,11.4,79,89,61,5.2
1988-04-05,1.5,2.1,14.2,7.9,2.3,9.3,72,92,48,10.8
1988-04-06,0.2,5.0,12.8,8.6,2.96,13.4,71,89,50,12.1
1988-04-07,0.2,4.1,16.6,10.6,2.03,8.6,70,95,42,12.0
1988-04-08,0.1,5.3,18.0,11.3,1.33,9.4,69,93,41,10.0
1988-04-09,1.9,5.9,17.8,12.2,1.58,9.0,75,95,52,12.1
1988-04-10,0.4,6.6,16.6,11.6,1.79,10.4,81,95,61,11.8
1988-04-11,0.0,8.2,17.2,12.5,1.81,9.3,81,100,58,9.1
1988-04-12,1.0,9.4,19.2,14.0,3.05,13.0,72,93,47,8.2
1988-04-13,0.0,9.8,21.5,15.5,2.89,11.2,65,84,45,12.1
1988-04-14,0.0,10.2,23.5,16.9,1.5,6.5,68,91,44,12.1
1988-04-15,0.0,11.6,22.2,17.2,1.99,10.6,67,89,48,12.3
1988-04-16,0.0,9.9,24.0,16.8,1.65,8.3,64,91,38,12.0
1988-04-17,0.3,11.2,19.3,15.2,0.92,6.8,76,88,63,9.1
1988-04-18,0.0,9.5,21.6,15.8,1.67,9.5,71,95,46,9.5
1988-04-19,0.2,11.4,19.9,15.8,2.04,11.6,67,92,41,12.0
1988-04-20,0.0,6.2,21.1,13.7,2.12,10.1,62,87,35,12.9
1988-04-21,0.3,8.5,19.2,13.5,1.91,9.7,66,85,48,11.9
1988-04-22,0.2,8.8,21.6,15.0,0.95,6.3,64,90,37,12.0
1988-04-23,0.0,10.0,18.9,14.4,3.75,12.3,51,75,28,13.2
1988-04-24,4.9,6.0,17.9,11.6,2.09,8.4,61,82,38,11.7
1988-04-25,6.1,5.8,17.8,11.5,2.04,10.7,71,90,40,10.9
1988-04-26,14.9,6.5,13.0,9.7,1.45,8.0,80,95,57,12.1
1988-04-27,1.1,6.8,15.9,10.8,3.38,12.6,70,90,52,11.9
1988-04-28,0.0,6.7,18.6,12.6,3.13,12.3,60,88,34,13.4
1988-04-29,0.0,9.4,19.9,14.7,3.24,12.8,54,77,38,13.0
1988-04-30,0.0,7.5,23.1,15.5,1.65,8.5,55,87,27,13.4
1988-05-01,0.6,8.1,24.8,16.2,1.66,10.0,55,79,28,13.4
1988-05-02,0.0,9.9,18.0,14.1,2.86,12.4,55,78,35,12.9
1988-05-03,0.0,8.9,20.5,14.1,1.99,8.8,61,88,35,9.4
1988-05-04,0.2,11.0,16.9,13.7,1.33,6.8,75,94,57,0.7
1988-05-05,2.3,11.1,20.6,15.2,2.52,15.1,71,98,41,12.3
1988-05-06,0.0,8.2,19.1,13.8,1.19,5.3,74,91,56,10.0
1988-05-07,1.7,9.4,21.0,15.7,1.06,5.7,71,92,51,13.8
1988-05-08,0.0,11.1,22.3,16.5,1.44,5.9,67,90,43,13.9
1988-05-09,0.1,10.7,21.7,16.5,2.12,8.8,70,92,47,13.8
1988-05-10,11.3,11.7,14.7,13.2,1.06,5.2,92,98,84,0.0
1988-05-11,6.5,11.0,16.9,13.1,1.25,7.7,90,99,73,8.2
1988-05-12,17.2,11.2,15.1,12.5,0.73,6.5,90,99,76,1.5
1988-05-13,3.4,8.8,17.4,12.5,2.96,11.3,73,95,48,11.8
1988-05-14,0.0,8.2,19.2,14.0,1.61,6.5,64,82,46,13.6
1988-05-15,0.0,9.6,21.4,15.4,1.43,6.6,65,87,37,14.0
1988-05-16,1.1,9.0,21.6,15.4,1.35,7.2,71,89,47,14.0
1988-05-17,1.4,10.4,21.5,15.9,1.58,7.2,70,90,45,14.0
1988-05-18,3.9,10.0,22.4,15.5,1.34,7.2,73,90,46,12.9
1988-05-19,0.0,9.0,22.9,16.5,1.51,6.2,62,89,34,14.0
1988-05-20,0.0,9.9,22.4,16.8,2.07,9.6,61,82,43,13.0
1988-05-21,0.0,10.9,22.0,16.4,1.94,10.2,69,95,47,12.6
1988-05-22,0.0,9.3,21.8,16.2,1.88,9.2,59,83,41,12.6
1988-05-23,6.6,12.1,20.0,15.6,0.74,7.9,77,89,66,13.5
1988-05-24,0.3,9.9,19.8,15.3,1.9,9.3,80,97,61,11.3
1988-05-25,0.7,9.5,21.6,15.9,0.94,5.6,78,98,55,14.0
1988-05-26,5.0,11.8,22.4,16.9,1.12,7.5,76,92,51,14.0
1988-05-27,0.0,11.8,22.6,17.1,2.04,7.4,62,89,38,13.8
1988-05-28,0.0,8.8,24.7,17.2,1.56,8.8,59,87,36,14.0
1988-05-29,0.0,10.5,24.3,18.0,1.77,7.0,60,87,41,14.0
1988-05-30,0.0,11.2,27.0,19.3,1.36,5.5,62,86,35,14.0
1988-05-31,0.0,13.1,24.5,19.8,2.11,9.3,63,88,46,14.0
1988-06-01,0.0,11.7,26.5,19.5,1.73,8.9,68,94,43,14.0
1988-06-02,0.0,14.3,24.7,19.5,2.0,10.0,63,84,46,14.0
1988-06-03,0.0,12.3,25.1,19.0,1.49,6.8,64,88,43,13.3
1988-06-04,3.4,14.9,26.7,20.7,1.16,9.0,69,88,50,13.4
1988-06-05,0.1,15.6,21.6,18.1,1.68,8.2,81,98,65,10.5
1988-06-06,0.2,9.5,25.0,17.8,1.26,10.1,64,93,31,14.0
1988-06-07,5.9,13.8,20.7,16.9,1.77,7.9,81,96,56,10.8
1988-06-08,13.8,13.3,17.6,15.2,2.26,10.9,93,98,85,2.3
1988-06-09,5.5,13.2,18.4,15.5,2.43,9.5,90,100,77,9.2
1988-06-10,4.9,12.7,21.9,17.2,1.5,9.7,83,100,60,13.3
1988-06-11,0.2,10.5,21.9,16.7,1.31,6.5,67,95,40,14.0
1988-06-12,0.0,9.9,22.4,17.0,1.39,6.7,65,92,39,12.1
1988-06-13,4.5,13.8,20.8,17.0,1.55,9.7,72,88,55,12.3
1988-06-14,0.0,11.0,21.7,16.9,1.67,6.3,64,90,40,14.0
1988-06-15,4.2,11.2,20.9,16.3,1.39,9.2,76,89,62,13.8
1988-06-16,7.4,11.0,23.1,17.1,1.07,4.9,69,98,38,13.3
1988-06-17,3.4,11.0,21.2,16.3,1.59,6.5,68,91,51,13.9
1988-06-18,2.6,9.9,24.0,17.4,1.57,5.6,70,97,43,14.0
1988-06-19,0.0,11.8,24.6,18.8,1.89,8.3,67,91,47,14.0
1988-06-20,0.5,14.4,24.7,19.5,1.86,8.7,61,81,38,13.8
1988-06-21,0.3,11.8,25.1,18.8,1.79,8.2,61,88,38,14.0
1988-06-22,0.6,15.7,24.5,19.6,3.07,14.0,53,65,38,12.7
1988-06-23,15.6,14.8,23.0,18.4,1.56,10.8,84,96,66,10.8
1988-06-24,2.6,12.8,23.7,18.8,0.98,5.0,78,97,57,14.0
1988-06-25,5.5,14.5,23.2,18.7,1.51,7.7,76,94,59,13.3
1988-06-26,6.8,13.7,21.4,17.5,1.56,9.7,86,98,69,10.2
1988-06-27,4.8,13.7,22.1,17.8,1.75,7.3,79,94,60,13.2
1988-06-28,4.7,14.1,22.1,17.6,1.29,6.7,78,90,57,13.7
1988-06-29,4.2,12.4,21.0,16.5,1.7,11.2,82,96,57,8.1
1988-06-30,7.1,13.0,22.4,17.8,1.27,9.1,81,98,65,9.6
1988-07-01,0.0,12.5,26.4,19.7,1.43,6.2,67,95,39,14.0
1988-07-02,0.0,12.7,27.4,20.3,1.71,7.0,63,87,41,14.0
1988-07-03,0.0,14.5,26.5,20.8,2.22,9.1,61,84,44,14.0
1988-07-04,0.0,12.6,26.7,19.9,2.07,9.2,65,87,43,14.0
1988-07-05,0.0,14.6,24.0,19.3,2.24,11.2,67,86,50,13.7
1988-07-06,0.0,10.0,26.4,18.6,1.89,8.2,65,90,41,14.0
1988-07-07,0.0,12.3,28.6,20.8,1.32,6.2,65,91,42,14.0
1988-07-08,0.0,13.5,30.2,22.5,1.35,6.8,64,91,39,14.0
1988-07-09,0.0,16.0,28.1,22.9,1.99,10.0,59,87,40,14.0
1988-07-10,0.0,16.2,28.3,22.1,1.98,8.9,60,82,42,14.0
1988-07-11,0.0,15.5,31.7,23.9,1.41,6.5,58,83,37,14.0
1988-07-12,0.0,17.1,31.8,24.7,1.68,7.8,60,88,36,13.9
1988-07-13,0.0,17.3,34.0,25.7,0.82,6.0,57,88,25,14.0
1988-07-14,0.0,17.4,30.0,23.9,2.28,8.9,57,76,43,14.0
1988-07-15,0.0,18.0,28.5,22.6,2.1,10.6,72,96,48,13.8
1988-07-16,0.0,16.5,27.7,21.9,2.04,9.2,74,97,53,13.9
1988-07-17,0.0,16.6,29.1,22.6,1.8,8.6,69,96,44,14.0
1988-07-18,0.0,15.8,29.8,23.2,1.96,10.1,63,93,38,13.9
1988-07-19,0.0,16.3,31.6,24.2,1.49,7.9,56,84,32,13.9
1988-07-20,0.0,17.9,28.5,23.2,3.66,13.1,44,58,34,13.9
1988-07-21,0.0,15.8,31.1,23.7,1.55,8.5,55,83,33,13.9
1988-07-22,0.0,16.8,30.7,24.0,1.63,8.7,55,82,31,13.9
1988-07-23,0.0,16.7,30.6,23.6,1.64,8.2,59,84,33,13.9
1988-07-24,0.0,17.4,30.2,23.8,1.89,9.6,64,86,41,13.6
1988-07-25,0.0,18.7,30.1,23.7,1.82,9.4,65,87,42,13.8
1988-07-26,0.0,16.7,33.3,24.9,1.52,7.6,56,90,28,13.8
1988-07-27,0.0,17.6,34.4,26.1,1.75,9.1,55,83,29,13.8
1988-07-28,0.0,18.0,34.7,26.1,1.74,8.2,54,83,27,13.8
1988-07-29,0.4,19.2,37.1,28.0,1.3,9.2,53,80,22,13.7
1988-07-30,0.2,19.7,29.0,24.0,2.29,9.6,66,88,46,11.9
1988-07-31,0.0,17.9,29.1,23.3,1.77,9.8,64,91,40,13.6
1988-08-01,0.0,17.5,33.0,25.4,1.33,7.1,53,85,27,13.6
1988-08-02,0.0,17.7,34.6,26.6,2.05,11.0,48,75,26,13.7
1988-08-03,0.0,19.8,34.1,27.0,2.93,14.0,39,65,16,13.7
1988-08-04,0.0,16.6,32.0,24.3,2.1,10.4,46,68,31,13.6
1988-08-05,0.0,16.7,29.7,23.3,1.87,8.6,62,90,41,13.5
1988-08-06,0.0,17.2,30.7,23.9,1.81,8.2,61,89,36,13.4
1988-08-07,0.0,17.8,33.3,25.4,0.76,6.0,62,96,23,13.1
1988-08-08,0.0,19.9,30.0,25.1,1.6,7.8,63,83,45,12.9
1988-08-09,0.0,17.1,31.8,24.7,2.12,9.3,59,94,30,13.4
1988-08-10,0.0,16.7,32.8,24.9,1.67,8.8,50,82,24,13.4
1988-08-11,0.0,17.2,31.5,24.5,1.73,8.6,56,79,30,13.3
1988-08-12,0.0,17.0,30.6,24.0,1.72,7.3,67,95,42,13.2
1988-08-13,0.0,17.4,29.9,23.9,1.92,9.2,61,95,34,13.2
1988-08-14,0.0,16.3,30.9,24.1,1.24,5.6,55,89,26,13.1
1988-08-15,0.0,17.5,31.3,24.6,1.61,8.8,64,94,33,13.1
1988-08-16,0.0,17.4,31.9,24.9,1.5,6.9,61,94,30,13.0
1988-08-17,0.0,17.9,30.6,24.2,1.45,9.1,64,92,35,13.0
1988-08-18,0.0,17.1,31.4,24.3,1.41,8.7,67,97,33,12.9
1988-08-19,0.0,17.6,33.8,25.9,1.39,8.5,60,94,24,12.8
1988-08-20,0.0,18.9,35.1,27.1,1.17,5.2,45,73,20,12.9
1988-08-21,0.7,20.1,30.4,24.1,1.77,10.6,69,95,40,12.2
1988-08-22,4.3,19.2,23.6,21.0,1.88,7.1,86,97,72,3.7
1988-08-23,0.3,16.8,26.6,21.1,1.63,7.6,73,94,45,12.0
1988-08-24,0.0,15.0,29.5,22.1,1.49,8.4,70,98,39,12.6
1988-08-25,0.0,16.1,32.0,23.9,1.64,9.3,60,90,30,12.2
1988-08-26,0.0,16.3,29.6,23.0,1.84,8.8,69,94,45,12.4
1988-08-27,0.0,19.3,32.6,25.0,1.54,8.2,71,98,41,12.4
1988-08-28,2.4,19.8,37.5,27.5,1.91,12.3,50,79,19,12.3
1988-08-29,0.0,20.5,32.1,25.7,2.18,10.1,47,77,22,11.5
1988-08-30,2.3,19.3,26.4,22.3,2.62,10.3,81,99,59,11.0
1988-08-31,0.5,19.8,28.0,23.4,1.55,7.1,76,98,50,12.0
1988-09-01,0.0,17.6,31.0,23.8,1.87,9.2,53,93,17,12.1
1988-09-02,0.0,18.1,27.9,22.7,2.21,8.5,46,70,33,12.1
1988-09-03,0.0,16.7,28.9,22.3,1.45,6.8,57,79,37,12.1
1988-09-04,0.0,14.8,29.9,22.6,1.48,7.4,60,92,29,12.0
1988-09-05,0.0,16.9,30.4,23.3,1.48,7.8,53,81,31,12.0
1988-09-06,0.0,17.0,32.5,24.2,1.45,6.7,46,75,21,12.0
1988-09-07,0.0,16.7,35.2,25.7,1.29,5.6,41,65,16,12.0
1988-09-08,0.0,18.5,33.5,25.7,1.14,6.1,42,65,24,12.0
1988-09-09,0.4,17.2,29.7,23.8,1.52,7.2,61,85,37,11.8
1988-09-10,1.5,16.9,27.1,22.1,2.04,9.7,73,99,46,12.0
1988-09-11,0.0,16.8,27.2,21.6,1.61,7.6,70,93,44,11.7
1988-09-12,0.0,15.0,28.3,21.6,1.52,7.1,69,96,39,12.0
1988-09-13,0.0,15.9,30.6,23.3,0.99,5.7,61,93,29,12.0
1988-09-14,15.5,15.7,21.8,18.8,1.76,9.1,67,89,36,8.1
1988-09-15,1.4,10.0,19.8,15.1,1.09,6.7,54,72,33,11.8
1988-09-16,0.0,10.4,19.3,14.5,3.5,13.4,44,62,29,11.4
1988-09-17,0.0,9.1,19.6,14.1,2.59,10.8,52,74,38,9.3
1988-09-18,0.0,8.1,21.2,14.8,1.33,6.0,63,91,36,12.0
1988-09-19,0.0,10.0,21.0,15.6,1.87,9.4,67,88,43,12.0
1988-09-20,0.0,9.4,22.6,16.3,1.2,5.6,70,98,42,12.0
1988-09-21,0.0,10.4,25.2,17.6,1.31,6.5,68,98,35,12.0
1988-09-22,0.0,11.0,26.7,18.8,1.36,7.0,63,91,31,12.0
1988-09-23,0.0,11.8,26.3,19.0,1.4,5.2,52,77,27,12.0
1988-09-24,0.0,14.4,24.8,19.1,1.44,7.8,62,87,45,11.9
1988-09-25,0.0,12.8,25.7,18.7,1.44,7.2,70,100,37,11.9
1988-09-26,0.0,10.8,27.6,19.1,1.44,7.0,59,91,24,11.8
1988-09-27,0.0,12.2,27.3,19.5,1.25,5.2,53,77,26,11.3
1988-09-28,0.0,12.6,27.1,19.6,1.39,6.9,55,77,31,11.8
1988-09-29,0.0,10.7,27.0,18.9,1.49,7.5,55,84,24,11.7
1988-09-30,7.6,14.1,18.8,16.4,1.98,8.1,77,98,66,0.0
1988-10-01,20.0,12.8,15.8,13.8,2.47,12.1,94,99,79,4.9
1988-10-02,1.6,13.0,22.2,16.7,1.7,8.4,84,98,59,10.1
1988-10-03,0.0,11.2,24.0,17.7,1.35,7.2,79,99,55,11.6
1988-10-04,0.0,12.3,25.4,18.8,1.23,6.4,76,96,51,11.4
1988-10-05,0.0,14.0,27.2,20.2,1.36,5.0,66,91,35,11.1
1988-10-06,0.1,15.1,24.6,19.4,1.39,7.6,72,91,54,11.1
1988-10-07,0.0,14.2,27.2,20.2,1.14,4.7,64,94,33,11.3
1988-10-08,0.0,11.9,25.4,18.6,2.02,8.2,61,85,40,11.1
1988-10-09,0.0,12.3,26.3,18.7,1.19,5.4,69,91,41,10.3
1988-10-10,0.2,13.7,25.9,19.1,1.48,8.3,64,84,38,10.9
1988-10-11,1.3,14.5,21.0,17.2,2.12,11.3,68,82,50,7.9
1988-10-12,0.0,11.8,19.7,15.2,1.4,6.0,64,91,36,10.7
1988-10-13,0.0,10.0,19.9,14.8,1.46,8.1,56,77,34,10.5
1988-10-14,0.0,8.4,20.0,13.6,2.08,12.9,75,92,47,9.0
1988-10-15,25.1,13.1,19.7,15.5,1.02,6.9,86,98,66,9.2
1988-10-16,8.8,12.8,18.9,15.1,1.93,12.1,91,98,81,5.3
1988-10-17,0.2,10.0,19.5,14.4,1.73,14.3,79,90,62,10.0
1988-10-18,1.2,9.1,19.8,13.9,1.31,7.2,77,94,46,9.4
1988-10-19,5.0,10.4,18.4,14.4,2.18,9.6,74,96,46,10.4
1988-10-20,0.0,6.6,18.2,12.0,1.4,6.7,74,93,48,10.5
1988-10-21,0.0,7.2,20.2,12.9,1.15,5.0,77,96,48,10.0
1988-10-22,0.0,7.1,20.8,13.4,1.36,6.2,77,93,52,10.4
1988-10-23,0.0,8.1,22.0,14.8,1.23,4.3,73,96,48,10.3
1988-10-24,0.0,8.7,21.3,14.7,1.38,5.3,77,93,54,10.3
1988-10-25,0.0,8.6,22.2,14.5,1.21,5.4,79,97,50,10.1
1988-10-26,0.0,9.1,23.1,15.1,1.16,5.5,71,90,42,10.2
1988-10-27,0.0,9.9,19.1,14.4,1.13,5.6,75,94,52,10.0
1988-10-28,0.0,9.5,19.1,13.9,1.32,7.3,87,99,65,9.1
1988-10-29,0.0,11.2,19.9,15.1,1.13,6.6,82,100,61,9.9
1988-10-30,0.0,9.0,21.4,14.4,1.15,4.2,78,96,51,8.9
1988-10-31,0.0,10.1,20.2,14.9,1.57,5.6,73,94,44,10.1
1988-11-01,0.0,8.6,18.5,14.1,1.56,7.9,74,96,57,9.8
1988-11-02,1.1,11.7,14.3,12.8,0.81,4.0,94,99,83,0.0
1988-11-03,0.3,10.1,18.4,13.4,1.42,9.1,86,99,63,7.0
1988-11-04,0.0,11.4,18.7,14.1,1.97,9.2,85,99,60,7.6
1988-11-05,3.0,11.1,15.4,13.1,2.43,9.6,94,99,84,6.1
1988-11-06,0.6,10.4,14.8,12.4,1.89,7.8,85,98,64,7.5
1988-11-07,0.0,7.8,16.2,11.9,1.41,6.8,88,99,71,2.4
1988-11-08,0.5,12.0,17.9,14.1,1.42,7.0,89,99,69,4.0
1988-11-09,0.0,9.1,19.2,13.7,1.18,4.5,85,100,60,8.3
1988-11-10,2.1,9.3,15.9,13.1,1.78,7.6,87,98,73,3.9
1988-11-11,15.8,13.1,15.9,14.4,2.56,11.0,97,99,92,0.3
1988-11-12,24.5,11.9,16.8,14.0,1.25,8.1,87,99,69,7.9
1988-11-13,0.0,8.5,15.7,12.0,1.33,5.8,87,95,74,9.8
1988-11-14,0.1,7.8,16.3,11.8,1.3,6.4,87,97,70,8.2
1988-11-15,0.0,7.9,18.0,12.1,1.64,5.0,83,99,58,9.8
1988-11-16,0.0,5.9,16.4,10.5,1.26,6.1,85,97,63,9.8
1988-11-17,0.3,8.2,14.9,11.5,1.11,5.9,85,99,63,8.8
1988-11-18,0.0,4.9,16.4,9.8,1.1,3.8,79,100,52,9.8
1988-11-19,0.0,3.5,15.0,8.8,1.57,7.0,74,91,47,9.8
1988-11-20,0.0,3.0,16.9,8.4,1.69,5.1,67,91,38,9.8
1988-11-21,4.3,6.2,14.3,9.5,1.87,6.9,79,94,65,4.1
1988-11-22,6.9,3.8,8.9,6.2,1.37,6.3,94,97,88,0.0
1988-11-23,3.3,3.4,4.6,3.9,1.34,5.6,88,97,78,0.0
1988-11-24,0.0,2.5,8.0,4.7,1.55,9.0,78,86,65,4.5
1988-11-25,0.7,0.4,9.4,5.2,1.8,10.5,85,94,70,3.7
1988-11-26,12.9,6.7,8.3,7.4,1.92,7.5,96,97,93,0.0
1988-11-27,2.5,6.7,10.6,8.3,1.94,7.7,90,98,75,9.2
1988-11-28,0.0,2.3,12.5,7.1,1.2,4.2,83,98,59,9.6
1988-11-29,0.0,1.0,14.8,6.4,1.4,5.0,75,95,39,9.6
1988-11-30,0.0,1.6,13.5,6.2,1.66,5.8,68,86,43,8.7
1988-12-01,1.6,7.4,11.5,9.8,3.86,13.7,74,88,63,8.7
1988-12-02,0.0,7.0,10.9,8.7,4.39,14.0,70,75,60,9.5
1988-12-03,0.0,7.6,12.9,9.8,2.73,9.6,70,80,54,9.5
1988-12-04,0.0,4.3,16.1,8.7,1.96,6.1,77,94,47,9.4
1988-12-05,0.0,3.6,19.4,9.7,1.49,4.9,68,90,40,9.5
1988-12-06,0.0,4.2,13.0,7.8,2.28,8.3,69,89,47,9.4
1988-12-07,0.0,1.6,8.6,4.7,3.43,14.1,65,85,43,9.5
1988-12-08,0.0,-2.4,8.9,3.0,1.91,7.6,58,77,33,9.4
1988-12-09,0.0,-1.9,10.0,3.0,1.21,4.3,69,86,48,9.4
1988-12-10,0.0,-0.1,12.2,4.8,1.36,4.5,72,86,48,9.4
1988-12-11,0.0,1.5,15.4,7.3,1.37,4.4,73,88,49,9.4
1988-12-12,0.0,1.3,15.9,7.4,1.5,5.6,77,94,45,9.4
1988-12-13,0.0,2.2,10.5,5.5,2.5,7.9,70,85,43,9.4
1988-12-14,0.0,-1.9,9.6,3.0,1.51,4.0,73,86,46,9.4
1988-12-15,0.0,-1.5,12.2,3.5,2.26,7.3,67,87,37,9.4
1988-12-16,0.0,-0.2,10.5,4.4,1.75,6.1,66,79,51,9.4
1988-12-17,0.0,1.6,9.2,5.5,1.07,4.5,83,93,68,7.5
1988-12-18,0.0,2.6,10.7,7.0,0.78,3.8,86,99,61,6.8
1988-12-19,0.0,-1.3,12.6,4.2,1.17,4.9,76,93,45,9.4
1988-12-20,0.0,3.1,11.9,7.9,4.8,17.2,56,78,40,6.3
1988-12-21,0.0,0.7,10.3,6.0,1.71,10.2,70,89,48,9.3
1988-12-22,0.0,-1.5,10.1,3.5,1.11,4.8,70,88,44,9.4
1988-12-23,0.0,-1.8,12.9,4.0,0.96,3.3,70,87,40,9.4
1988-12-24,0.0,-0.9,13.1,4.6,1.25,4.0,70,87,40,9.3
1988-12-25,0.0,-0.2,14.0,5.4,1.57,4.6,80,95,60,9.1
1988-12-26,0.0,0.6,12.1,5.7,1.34,4.4,83,97,61,8.1
1988-12-27,0.0,-0.3,9.9,5.0,0.96,5.3,85,95,71,8.4
1988-12-28,0.0,5.7,8.7,6.7,1.0,5.8,92,99,79,0.7
1988-12-29,0.1,6.2,9.4,7.2,1.34,7.5,91,97,75,2.8
1988-12-30,0.2,4.6,9.9,7.6,1.21,5.9,91,100,74,4.5
1988-12-31,0.0,1.6,13.5,6.2,1.0,3.5,74,100,39,9.1
1989-01-01,0.0,-1.0,13.2,5.5,1.16,3.7,62,81,41,9.4
1989-01-02,0.0,-1.6,11.8,4.1,1.02,4.3,69,83,42,9.4
1989-01-03,0.0,0.0,9.4,4.0,0.77,4.6,77,89,53,8.9
1989-01-04,0.0,-1.2,9.7,3.4,1.14,4.3,81,93,63,9.3
1989-01-05,0.0,-1.5,11.0,3.7,2.18,8.4,74,92,55,9.3
1989-01-06,0.6,1.1,13.6,6.1,2.13,6.5,71,89,41,6.7
1989-01-07,11.3,5.3,9.0,7.0,2.02,8.5,97,100,91,0.8
1989-01-08,0.0,4.2,12.3,8.5,1.06,5.9,89,100,67,8.5
1989-01-09,0.0,-0.3,13.6,6.1,0.97,4.3,77,94,52,9.5
1989-01-10,0.0,0.8,12.4,5.9,1.26,6.7,84,99,59,9.4
1989-01-11,0.0,5.5,12.2,8.2,1.24,6.4,87,100,65,8.7
1989-01-12,0.0,1.5,12.0,6.6,1.02,4.2,80,98,53,8.7
1989-01-13,0.0,1.1,12.1,6.0,1.31,5.2,70,89,50,9.5
1989-01-14,0.0,0.5,11.1,5.4,1.6,6.5,79,91,67,9.4
1989-01-15,1.5,4.6,9.0,6.5,1.87,7.6,93,98,81,6.7
1989-01-16,2.5,5.7,9.5,7.2,1.83,7.6,92,99,79,7.0
1989-01-17,5.2,5.4,8.1,6.6,1.51,5.0,97,99,95,0.0
1989-01-18,0.9,6.1,9.7,7.4,1.28,5.9,89,98,72,8.3
1989-01-19,0.2,3.6,8.7,6.3,1.08,5.5,89,99,73,7.3
1989-01-20,0.4,2.7,9.8,5.3,1.11,5.0,89,99,69,9.1
1989-01-21,0.0,-0.2,12.3,4.9,1.72,5.9,78,96,48,9.6
1989-01-22,0.0,-0.6,13.4,5.4,2.27,8.8,71,89,41,9.6
1989-01-23,0.0,-0.6,10.0,4.6,1.71,6.9,76,90,58,9.6
1989-01-24,0.0,0.7,8.9,4.5,1.1,6.2,84,95,62,8.2
1989-01-25,0.0,1.2,9.7,5.2,1.33,6.4,88,99,65,7.5
1989-01-26,0.1,4.6,9.4,6.3,1.19,6.9,86,99,59,5.7
1989-01-27,0.0,2.1,8.9,4.9,2.12,8.3,87,99,66,9.3
1989-01-28,0.0,2.8,7.7,4.9,2.45,8.8,86,98,65,6.0
1989-01-29,0.4,3.0,8.6,5.4,2.21,8.4,88,99,69,9.2
1989-01-30,0.0,3.2,9.6,5.7,1.65,7.7,82,100,49,9.5
1989-01-31,3.7,3.3,7.7,5.3,1.89,8.3,92,98,77,2.6
1989-02-01,2.5,4.0,9.9,6.3,1.2,5.7,89,99,70,9.1
1989-02-02,0.0,2.5,11.5,6.3,1.36,7.1,85,99,56,9.4
1989-02-03,0.0,3.7,9.8,6.2,1.29,6.1,85,98,64,1.9
1989-02-04,0.3,3.0,10.6,6.4,0.79,4.3,82,99,56,9.3
1989-02-05,2.0,-0.4,7.4,3.7,2.31,9.8,85,95,71,9.8
1989-02-06,4.1,0.4,6.8,4.0,2.53,10.2,92,96,81,3.4
1989-02-07,13.0,4.1,8.9,5.8,2.82,14.4,96,99,88,4.5
1989-02-08,11.5,5.4,10.6,7.2,2.3,11.9,95,99,87,9.5
1989-02-09,0.0,4.1,11.1,7.0,1.23,4.7,83,100,54,7.9
1989-02-10,5.2,3.3,8.4,5.9,1.77,8.4,91,98,84,1.0
1989-02-11,6.3,5.7,10.1,7.0,3.36,13.1,95,99,87,8.4
1989-02-12,2.4,5.7,10.3,7.3,2.72,10.8,87,99,67,9.9
1989-02-13,0.0,1.8,13.9,7.2,1.02,4.4,76,100,44,10.6
1989-02-14,0.0,2.5,15.3,8.2,2.93,11.2,64,88,40,10.6
1989-02-15,0.0,-0.9,13.2,6.4,1.74,6.6,57,78,34,10.7
1989-02-16,0.0,0.4,16.9,7.5,1.47,4.4,65,85,35,10.7
1989-02-17,0.0,1.7,17.8,9.0,1.22,4.1,66,85,36,10.4
1989-02-18,0.0,2.5,18.9,10.2,1.5,4.6,63,84,34,10.7
1989-02-19,0.0,2.2,17.6,9.9,1.48,4.8,65,83,40,10.0
1989-02-20,0.0,3.5,17.9,10.3,0.99,4.4,68,89,37,7.8
1989-02-21,0.0,7.2,13.8,9.8,1.49,5.6,76,93,58,5.6
1989-02-22,0.0,4.7,14.7,9.0,1.4,4.7,81,97,57,10.7
1989-02-23,2.6,5.6,11.4,8.0,2.04,10.1,80,93,63,7.0
1989-02-24,1.6,3.3,9.1,6.1,3.48,12.4,71,84,58,4.1
1989-02-25,0.1,7.2,14.0,10.7,6.92,25.4,73,79,67,8.1
1989-02-26,0.0,8.7,13.2,11.9,8.69,27.3,66,74,59,10.9
1989-02-27,0.0,5.2,11.0,8.1,6.49,19.5,60,67,48,10.9
1989-02-28,0.0,9.9,15.4,12.5,4.3,15.4,65,71,54,10.9
1989-03-01,0.0,9.5,15.1,11.9,3.65,14.1,67,81,56,10.9
1989-03-02,0.0,5.1,20.4,11.7,1.34,4.9,71,92,39,10.4
1989-03-03,0.0,6.5,18.1,11.5,2.61,9.9,69,86,45,11.0
1989-03-04,0.0,4.2,17.0,10.2,1.9,8.7,75,91,50,11.0
1989-03-05,0.0,4.1,16.7,9.9,1.47,7.9,73,93,48,11.0
1989-03-06,0.0,2.5,18.4,10.3,1.11,5.6,72,93,46,11.1
1989-03-07,0.0,3.8,19.7,11.5,0.99,4.1,73,95,45,11.1
1989-03-08,0.9,7.4,16.9,12.0,1.29,8.0,76,91,52,10.4
1989-03-09,0.0,6.1,19.7,12.5,1.6,5.9,66,99,30,11.3
1989-03-10,0.0,5.9,18.3,11.5,1.36,7.3,76,95,49,11.1
1989-03-11,0.0,5.3,16.6,10.6,1.34,7.5,71,97,43,11.3
1989-03-12,0.0,3.2,19.6,11.0,1.29,5.9,58,86,30,11.5
1989-03-13,0.0,4.7,21.9,13.0,1.22,6.8,62,83,36,11.4
1989-03-14,0.6,7.6,12.9,10.0,1.9,8.2,80,94,62,4.0
1989-03-15,0.0,3.2,19.8,11.0,1.17,5.1,73,95,41,11.6
1989-03-16,0.0,6.4,20.3,12.7,1.63,7.3,67,91,38,11.6
1989-03-17,4.0,6.9,16.4,11.0,1.59,10.0,68,93,39,9.6
1989-03-18,43.4,3.2,8.8,5.6,2.67,12.4,96,99,88,0.0
1989-03-19,27.4,2.8,6.3,4.5,4.07,15.5,92,98,88,0.2
1989-03-20,0.0,4.9,15.0,9.3,4.06,11.8,64,87,33,11.7
1989-03-21,0.0,6.7,15.6,10.9,4.52,14.5,53,58,46,11.8
1989-03-22,0.0,5.2,18.0,11.7,2.55,10.7,62,84,40,11.8
1989-03-23,0.0,4.1,19.4,11.7,2.15,7.6,57,82,31,11.8
1989-03-24,0.0,4.9,19.5,12.0,1.66,6.0,60,85,38,11.8
1989-03-25,0.0,4.9,19.7,12.2,1.34,6.9,75,92,51,11.9
1989-03-26,0.0,5.1,20.0,12.5,1.76,9.1,69,94,40,11.9
1989-03-27,0.0,8.0,18.7,12.9,1.68,9.3,68,90,41,11.5
1989-03-28,4.5,5.2,14.7,9.5,2.24,14.8,85,97,68,6.0
1989-03-29,41.8,4.1,8.3,6.0,1.91,10.5,95,97,91,0.1
1989-03-30,21.2,4.8,9.5,7.1,1.51,8.9,94,100,83,3.1
1989-03-31,0.5,1.0,15.1,8.3,2.07,7.9,76,98,47,12.0
1989-04-01,0.0,4.0,19.3,11.3,1.28,5.7,71,93,41,12.0
1989-04-02,2.3,4.1,19.4,11.5,1.54,9.0,73,87,49,12.0
1989-04-03,5.3,5.8,12.7,8.9,2.71,14.4,70,89,46,11.1
1989-04-04,0.4,3.2,9.1,6.0,4.4,16.0,63,72,41,7.6
1989-04-05,0.0,4.2,9.4,6.7,4.62,16.2,62,81,47,12.2
1989-04-06,0.0,2.5,15.9,8.9,1.97,7.8,63,82,44,12.2
1989-04-07,0.0,3.5,16.9,10.0,1.82,10.1,75,93,49,9.0
1989-04-08,0.0,3.2,18.4,11.3,1.99,14.4,73,92,50,12.1
1989-04-09,4.9,6.0,14.7,10.6,1.58,8.2,84,94,71,9.0
1989-04-10,0.0,6.8,16.5,11.2,3.45,12.5,70,92,45,12.2
1989-04-11,0.0,7.5,18.9,13.0,3.89,13.8,61,79,43,12.4
1989-04-12,0.0,10.5,15.4,12.9,5.23,18.3,64,77,52,12.4
1989-04-13,0.0,7.5,14.6,11.1,5.07,18.1,63,71,61,12.4
1989-04-14,0.0,6.3,15.5,11.3,3.33,13.9,61,77,44,12.4
1989-04-15,0.0,7.1,19.8,13.2,1.58,6.6,69,95,42,12.6
1989-04-16,0.0,8.6,15.2,11.6,3.43,12.2,57,73,38,12.7
1989-04-17,0.0,2.5,15.1,8.9,2.58,10.4,52,72,34,12.8
1989-04-18,0.0,2.5,15.6,9.2,2.02,9.0,61,79,44,12.9
1989-04-19,0.0,1.7,18.1,10.1,1.56,8.0,64,91,37,12.8
1989-04-20,0.7,5.5,16.1,11.0,1.78,10.5,71,92,45,12.6
1989-04-21,0.0,5.8,18.4,12.6,1.71,6.1,70,92,46,12.5
1989-04-22,0.3,7.4,19.9,13.5,1.62,8.7,72,91,47,11.9
1989-04-23,1.9,7.8,17.5,12.6,2.04,10.1,76,97,52,12.6
1989-04-24,6.6,8.5,12.4,10.3,1.62,8.0,93,99,85,0.0
1989-04-25,11.2,9.4,14.7,11.7,1.31,8.1,91,99,78,7.9
1989-04-26,4.7,6.4,12.3,9.3,3.61,15.9,72,93,39,12.1
1989-04-27,0.0,3.7,15.4,9.4,4.67,13.8,43,54,36,13.5
1989-04-28,0.0,8.9,17.3,12.9,4.54,16.1,60,78,48,12.6
1989-04-29,0.0,6.1,19.4,13.2,3.84,14.8,51,63,37,13.5
1989-04-30,0.0,7.1,17.1,12.6,2.82,11.1,52,70,36,13.6
1989-05-01,0.0,4.3,17.9,11.3,2.03,8.3,60,83,36,13.6
1989-05-02,0.0,4.2,20.0,12.5,1.39,7.2,69,97,42,13.7
1989-05-03,0.0,5.8,19.7,13.2,1.81,9.1,66,92,42,13.7
1989-05-04,0.0,7.6,19.5,13.5,1.82,9.4,53,70,39,13.7
1989-05-05,0.0,7.9,19.9,14.0,1.99,10.8,53,73,36,13.8
1989-05-06,0.0,6.0,21.9,14.6,1.7,7.8,50,72,33,13.8
1989-05-07,0.0,6.7,24.8,16.0,1.62,6.8,49,71,26,13.8
1989-05-08,0.0,7.9,21.4,15.3,1.6,6.8,53,84,29,13.9
1989-05-09,0.0,7.1,23.1,15.6,1.67,7.9,61,89,39,13.9
1989-05-10,0.0,9.4,23.5,16.4,1.49,8.2,75,96,47,12.2
1989-05-11,0.1,10.5,22.8,16.6,1.2,5.9,78,96,55,9.6
1989-05-12,0.0,11.1,23.3,17.6,1.66,6.8,63,94,39,13.8
1989-05-13,5.5,10.5,20.6,16.0,1.7,7.3,70,92,48,13.9
1989-05-14,0.0,9.8,20.4,15.4,1.89,7.9,74,93,52,13.7
1989-05-15,0.0,8.4,23.6,16.2,1.64,8.7,71,97,39,14.0
1989-05-16,0.0,10.7,23.8,17.2,1.44,9.0,68,86,44,14.0
1989-05-17,0.0,9.7,23.7,17.1,1.91,9.2,68,95,43,14.0
1989-05-18,0.0,10.5,23.4,17.1,2.23,9.4,58,86,34,14.0
1989-05-19,0.0,9.7,23.4,16.9,1.88,10.0,55,81,37,14.0
1989-05-20,0.0,12.1,23.7,17.7,1.83,9.4,48,70,30,12.0
1989-05-21,1.6,12.9,22.6,17.5,1.28,10.3,59,72,50,11.5
1989-05-22,3.5,11.7,20.0,16.1,1.17,8.3,80,94,59,11.0
1989-05-23,0.7,11.4,19.4,15.5,1.76,7.6,80,98,59,8.0
1989-05-24,4.2,13.1,19.1,15.4,1.23,5.3,86,97,69,5.9
1989-05-25,0.5,10.4,20.9,16.0,1.32,6.3,74,98,47,13.7
1989-05-26,3.1,12.8,19.2,15.8,1.22,8.3,83,98,59,6.2
1989-05-27,1.7,13.4,18.1,15.5,2.44,10.3,89,99,78,7.9
1989-05-28,0.0,10.9,19.8,15.5,1.95,7.7,79,99,58,11.8
1989-05-29,5.2,12.4,17.0,14.9,0.99,5.1,88,99,71,2.9
1989-05-30,10.5,12.6,20.2,16.3,1.76,8.1,75,97,53,12.8
1989-05-31,0.0,13.5,21.1,17.3,2.69,10.2,63,80,45,14.0
1989-06-01,0.0,12.8,21.5,17.1,2.7,10.7,60,85,38,14.0
1989-06-02,0.0,10.6,21.0,16.2,2.19,8.7,57,82,39,13.7
1989-06-03,0.7,9.4,19.8,15.5,1.56,7.6,62,86,44,13.9
1989-06-04,6.4,11.6,19.1,15.2,1.29,8.6,79,92,61,11.9
1989-06-05,0.3,9.2,20.3,15.6,1.63,7.1,68,94,42,14.0
1989-06-06,6.6,10.0,21.7,16.2,1.26,7.0,75,94,53,14.0
1989-06-07,2.0,10.9,21.2,16.8,1.71,8.7,78,93,65,14.0
1989-06-08,0.4,11.4,21.8,17.0,1.73,8.4,80,96,60,13.2
1989-06-09,0.0,13.0,23.6,17.7,1.63,8.6,76,99,46,13.1
1989-06-10,0.0,11.2,26.8,19.3,1.18,7.2,67,98,35,14.0
1989-06-11,0.0,12.4,26.4,19.9,1.85,8.2,66,95,39,14.0
1989-06-12,0.0,11.9,27.5,20.3,1.55,7.6,61,90,37,14.0
1989-06-13,0.9,14.7,29.4,22.3,1.3,6.1,59,82,34,14.0
1989-06-14,0.0,17.3,26.0,21.7,1.92,8.9,58,78,43,13.4
1989-06-15,0.0,15.7,25.7,20.4,1.91,9.8,54,73,38,14.0
1989-06-16,0.0,13.0,26.7,20.4,1.64,7.8,50,78,33,14.0
1989-06-17,0.0,14.1,27.2,21.1,1.85,8.9,48,67,31,14.0
1989-06-18,0.0,13.1,26.7,20.7,1.88,8.7,55,83,33,13.5
1989-06-19,0.1,14.3,23.6,19.5,1.48,9.6,67,90,47,10.5
1989-06-20,0.7,14.9,23.1,18.7,1.73,8.7,74,96,51,12.2
1989-06-21,0.0,11.1,26.6,19.6,1.51,6.5,61,94,32,14.0
1989-06-22,0.0,12.3,27.7,20.7,1.64,6.6,55,87,26,14.0
1989-06-23,0.0,12.5,30.4,22.1,1.6,5.7,46,80,18,14.0
1989-06-24,0.0,14.4,32.0,23.9,1.45,7.3,46,77,23,14.0
1989-06-25,0.0,15.4,32.9,24.9,1.06,5.5,47,73,21,14.0
1989-06-26,0.0,17.0,33.0,25.4,1.12,6.1,46,68,21,14.0
1989-06-27,0.0,18.2,30.9,24.6,1.75,7.3,42,63,25,14.0
1989-06-28,0.1,15.4,27.2,21.7,1.96,8.5,59,77,44,14.0
1989-06-29,0.0,16.6,29.1,22.5,1.74,8.2,71,98,43,12.4
1989-06-30,0.0,16.2,31.0,23.9,1.97,9.7,57,92,27,14.0
1989-07-01,0.0,16.3,33.4,25.3,1.14,5.9,52,82,28,14.0
1989-07-02,0.0,19.7,33.2,26.8,2.74,9.6,41,66,21,14.0
1989-07-03,0.0,17.4,34.0,25.6,1.54,9.5,47,68,25,14.0
1989-07-04,0.3,18.3,28.0,23.5,1.91,9.2,69,93,50,14.0
1989-07-05,1.3,18.3,27.9,22.7,2.36,10.1,71,98,47,12.2
1989-07-06,0.0,17.8,30.9,24.0,1.76,8.3,70,97,43,14.0
1989-07-07,0.0,18.0,32.3,25.5,1.15,7.1,60,93,32,14.0
1989-07-08,0.0,17.7,31.3,25.0,2.02,9.2,53,76,31,14.0
1989-07-09,0.0,17.7,28.4,23.1,2.08,9.3,68,91,46,14.0
1989-07-10,0.0,17.3,29.6,23.6,1.74,8.2,67,94,45,14.0
1989-07-11,0.4,17.6,28.6,23.4,2.1,9.8,66,92,44,12.3
1989-07-12,4.6,17.3,25.7,21.4,1.95,7.8,69,88,51,13.3
1989-07-13,0.0,14.8,28.8,22.2,1.5,8.6,64,95,36,14.0
1989-07-14,0.0,15.9,32.0,24.2,1.64,8.6,60,89,32,14.0
1989-07-15,0.0,16.9,31.8,24.4,1.75,10.5,62,87,36,14.0
1989-07-16,0.0,16.7,31.0,23.7,1.89,9.7,63,92,37,14.0
1989-07-17,0.0,16.7,31.2,24.0,1.73,8.9,62,91,39,14.0
1989-07-18,0.0,16.6,32.4,24.8,1.65,8.4,56,90,29,13.9
1989-07-19,0.0,18.2,33.9,25.8,1.56,7.5,45,73,22,13.9
1989-07-20,0.0,17.9,34.1,26.2,1.36,7.0,46,74,24,13.9
1989-07-21,0.0,18.5,31.2,25.4,1.54,7.9,49,78,26,10.4
1989-07-22,0.0,17.7,33.0,25.5,1.28,6.1,41,65,21,13.0
1989-07-23,0.0,18.0,32.9,25.9,1.65,8.5,55,85,34,13.8
1989-07-24,0.0,18.7,32.4,25.5,1.8,11.4,54,75,29,13.9
1989-07-25,0.0,18.7,29.1,24.2,1.88,8.2,70,98,47,13.6
1989-07-26,0.0,17.4,30.5,24.2,1.76,8.6,64,95,38,13.8
1989-07-27,0.0,17.4,30.8,24.2,1.93,9.6,59,91,35,13.8
1989-07-28,0.0,17.3,30.4,24.0,1.92,8.9,54,80,33,13.8
1989-07-29,0.0,17.3,31.6,24.5,1.86,8.2,58,88,32,13.7
1989-07-30,0.0,17.9,33.1,26.0,1.51,7.4,53,83,29,13.7
1989-07-31,0.1,18.5,35.3,27.1,1.2,7.1,51,80,22,13.6
1989-08-01,1.6,20.4,36.5,28.6,1.61,7.8,41,60,18,13.4
1989-08-02,0.3,19.2,33.3,26.6,1.61,7.9,51,68,28,13.4
1989-08-03,1.2,18.8,30.4,24.9,1.32,8.1,68,95,42,13.2
1989-08-04,0.0,17.4,30.1,23.8,1.77,10.6,54,75,31,13.4
1989-08-05,0.2,18.5,29.0,23.3,1.91,9.6,64,94,34,12.5
1989-08-06,0.0,15.7,30.5,23.3,1.63,8.8,56,82,33,13.4
1989-08-07,0.0,16.6,31.9,24.4,1.52,7.8,66,94,39,13.3
1989-08-08,0.1,18.4,33.9,26.3,0.93,7.2,57,87,27,12.9
1989-08-09,0.0,20.8,32.8,26.5,1.31,8.1,51,74,31,10.2
1989-08-10,0.2,22.2,33.6,27.3,2.16,11.8,48,67,26,12.0
1989-08-11,0.0,19.6,34.2,26.7,1.66,9.9,49,73,27,13.2
1989-08-12,0.9,18.0,34.0,26.1,1.41,9.3,53,79,22,13.3
1989-08-13,0.0,18.4,33.1,26.1,1.36,7.9,56,81,31,13.1
1989-08-14,0.0,19.3,34.4,26.8,1.37,8.3,50,77,24,13.1
1989-08-15,0.0,18.8,32.9,26.2,1.59,8.6,55,82,33,13.1
1989-08-16,1.3,19.1,33.7,26.4,1.13,6.1,58,91,24,12.9
1989-08-17,0.0,19.2,30.6,25.1,2.02,8.6,53,71,37,13.0
1989-08-18,0.0,19.7,29.6,24.1,1.94,8.4,71,95,42,12.7
1989-08-19,0.5,19.6,30.5,24.7,1.52,7.8,69,98,38,12.4
1989-08-20,0.0,17.9,32.0,25.0,1.86,8.7,65,97,32,12.1
1989-08-21,0.2,18.6,32.1,25.1,1.63,7.9,64,94,34,12.6
1989-08-22,0.0,18.4,32.4,25.4,1.64,8.9,63,92,34,12.7
1989-08-23,0.0,18.9,30.9,24.7,1.8,8.9,64,94,37,12.5
1989-08-24,0.5,18.6,30.7,24.1,2.0,9.8,65,95,35,10.1
1989-08-25,1.6,18.6,31.7,25.1,1.2,7.7,61,89,35,11.3
1989-08-26,2.6,17.9,30.7,24.5,1.18,8.0,64,90,39,12.3
1989-08-27,0.0,19.4,33.8,26.4,1.59,9.2,49,76,20,12.5
1989-08-28,0.0,20.9,30.9,25.5,1.63,6.2,42,57,25,8.9
1989-08-29,0.0,19.7,29.7,24.6,1.22,6.5,61,86,41,9.9
1989-08-30,14.3,20.7,25.5,22.5,1.1,8.7,78,94,58,10.5
1989-08-31,9.6,15.6,23.6,19.4,1.98,9.1,72,86,48,10.0
1989-09-01,0.0,14.8,26.1,20.3,1.97,8.1,68,92,42,12.1
1989-09-02,0.0,15.7,24.6,20.0,1.87,8.3,77,99,52,12.0
1989-09-03,0.1,17.0,25.0,20.4,1.84,8.5,78,98,53,11.4
1989-09-04,2.7,17.3,23.2,19.6,1.94,8.4,84,98,62,7.8
1989-09-05,50.9,14.1,17.2,15.7,2.82,13.8,92,98,76,6.0
1989-09-06,0.1,13.5,20.7,16.4,2.8,10.3,78,90,65,12.0
1989-09-07,42.2,15.9,17.7,16.9,2.09,13.3,96,99,92,0.2
1989-09-08,0.2,14.7,23.9,18.7,1.3,7.0,76,97,48,12.0
1989-09-09,0.6,14.8,23.7,19.3,1.68,7.7,73,93,50,12.0
1989-09-10,1.1,14.1,21.9,18.1,1.33,6.4,74,95,47,12.0
1989-09-11,0.0,12.9,23.7,17.6,1.72,7.6,67,89,45,11.5
1989-09-12,0.0,13.7,23.1,18.1,1.39,6.9,77,96,55,11.7
1989-09-13,0.0,12.9,25.3,18.6,1.3,6.3,77,99,48,12.0
1989-09-14,0.0,13.5,23.6,18.6,1.48,7.6,80,97,58,12.0
1989-09-15,0.0,14.1,26.1,19.4,1.59,6.2,68,100,35,11.4
1989-09-16,0.0,12.6,27.0,19.6,1.4,6.4,63,84,34,11.6
1989-09-17,1.3,14.6,27.3,20.6,1.05,7.1,74,92,47,12.0
1989-09-18,2.7,17.1,22.5,19.1,1.5,8.7,86,94,70,10.2
1989-09-19,0.1,13.4,24.1,18.7,1.19,5.5,81,97,57,12.0
1989-09-20,3.2,15.5,22.1,18.1,1.67,7.7,88,97,76,11.7
1989-09-21,0.0,15.1,24.3,18.9,1.47,5.8,82,98,54,12.0
1989-09-22,0.0,14.9,25.0,19.5,1.59,6.5,79,98,52,12.0
1989-09-23,0.5,14.9,21.6,18.1,1.68,9.6,87,97,71,9.7
1989-09-24,0.0,16.4,23.1,19.2,1.55,7.5,83,98,62,10.3
1989-09-25,0.0,17.1,25.8,20.6,0.87,5.7,82,98,60,10.2
1989-09-26,0.0,14.7,28.3,21.4,1.23,6.4,70,96,35,11.9
1989-09-27,0.1,15.8,24.7,20.0,1.12,6.8,72,97,56,9.4
1989-09-28,0.0,17.1,27.4,21.4,1.15,6.8,67,99,33,11.6
1989-09-29,1.0,16.1,24.0,19.6,1.13,7.2,63,90,45,11.4
1989-09-30,11.9,13.6,15.7,14.9,1.54,7.0,95,98,93,0.0
1989-10-01,0.9,13.0,18.3,15.6,1.45,7.7,85,99,67,6.5
1989-10-02,0.0,10.5,22.1,15.7,1.08,4.3,76,100,50,11.6
1989-10-03,0.0,9.7,24.8,16.7,1.33,4.3,67,92,33,11.6
1989-10-04,0.0,10.4,23.3,16.7,1.78,8.9,74,97,48,11.3
1989-10-05,0.0,14.9,21.5,17.5,1.33,7.4,81,98,58,10.1
1989-10-06,0.0,12.0,20.8,16.3,1.35,6.2,81,99,58,10.3
1989-10-07,0.0,10.8,26.1,18.0,2.06,9.1,66,96,36,11.3
1989-10-08,0.0,15.0,23.6,18.8,4.23,14.6,39,48,28,11.3
1989-10-09,0.0,11.1,19.3,15.1,2.78,9.9,51,68,36,11.2
1989-10-10,0.0,6.8,19.8,13.4,1.29,5.5,60,80,42,11.0
1989-10-11,0.0,8.5,18.7,13.4,1.48,8.0,77,93,56,9.5
1989-10-12,2.3,11.7,16.8,13.8,1.78,8.0,89,98,73,7.5
1989-10-13,0.0,11.6,16.5,13.9,1.73,8.2,87,99,72,3.0
1989-10-14,7.4,11.6,15.2,13.3,1.79,9.8,91,99,81,0.2
1989-10-15,6.9,12.0,16.7,14.0,2.68,11.7,89,98,70,7.2
1989-10-16,3.7,12.1,15.5,13.6,2.23,9.1,90,96,82,0.0
1989-10-17,0.0,10.8,20.2,15.0,1.26,5.1,85,99,63,10.2
1989-10-18,0.0,12.8,21.0,16.3,1.11,5.6,81,98,53,9.9
1989-10-19,0.0,11.7,21.9,15.8,1.31,5.3,75,95,43,10.5
1989-10-20,0.0,8.0,22.6,14.7,1.22,4.3,73,93,44,10.5
1989-10-21,0.0,8.0,23.7,15.2,1.12,5.6,72,90,41,10.5
1989-10-22,0.0,9.8,22.2,15.5,1.33,7.3,76,91,54,10.4
1989-10-23,0.0,12.2,19.2,15.1,1.63,8.3,79,91,64,10.1
1989-10-24,0.2,12.1,18.9,15.1,2.2,8.9,85,97,66,8.5
1989-10-25,0.0,9.4,18.1,13.4,1.21,6.5,85,100,63,7.5
1989-10-26,0.5,10.9,17.7,13.8,1.52,9.0,87,99,68,6.2
1989-10-27,0.7,11.2,18.8,14.5,1.1,6.0,91,100,72,4.8
1989-10-28,0.0,11.4,19.4,14.9,1.14,4.8,79,97,52,10.0
1989-10-29,0.0,8.5,20.5,14.1,1.61,6.0,73,95,48,10.0
1989-10-30,0.0,8.5,21.5,14.4,1.34,4.1,75,92,50,10.1
1989-10-31,0.0,8.0,22.3,14.4,1.34,4.4,73,95,40,10.1
1989-11-01,0.0,7.4,22.6,14.2,1.09,4.3,73,92,41,10.1
1989-11-02,0.0,9.0,22.6,14.8,1.12,4.4,74,91,44,10.0
1989-11-03,0.0,8.3,16.2,12.6,2.91,12.2,67,91,46,10.0
1989-11-04,0.0,2.7,15.2,8.6,1.79,7.2,56,77,34,10.0
1989-11-05,0.0,5.0,14.1,9.4,3.42,13.0,61,73,52,10.0
1989-11-06,0.0,7.2,14.7,10.9,3.25,12.2,60,79,45,9.5
1989-11-07,0.0,10.4,18.5,14.0,1.9,9.0,68,87,51,10.0
1989-11-08,0.0,6.4,20.0,12.6,1.1,3.9,75,94,47,9.9
1989-11-09,0.0,6.8,17.0,11.8,1.64,6.2,80,94,59,7.7
1989-11-10,0.5,11.8,16.0,13.2,1.27,6.5,89,99,70,3.2
1989-11-11,2.3,12.1,16.6,13.6,2.02,8.0,89,100,69,3.7
1989-11-12,0.5,11.9,17.0,13.5,2.09,9.8,89,100,65,8.2
1989-11-13,3.8,11.6,15.2,12.8,3.64,13.1,92,99,79,6.8
1989-11-14,27.2,11.0,12.7,11.7,5.2,16.0,96,98,92,0.0
1989-11-15,13.0,11.2,14.9,12.6,4.19,14.6,93,99,80,5.3
1989-11-16,5.6,9.7,14.9,11.4,1.59,8.1,91,99,76,7.3
1989-11-17,0.0,6.6,15.2,10.7,1.77,7.1,84,99,57,8.0
1989-11-18,0.0,6.6,13.4,10.3,1.85,8.7,78,99,50,9.0
1989-11-19,0.0,5.5,15.5,9.6,2.01,11.1,78,93,59,9.8
1989-11-20,3.1,9.2,16.2,11.5,1.41,11.0,88,96,66,5.0
1989-11-21,5.0,7.5,12.5,10.4,1.6,8.5,94,97,84,0.2
1989-11-22,6.4,7.0,12.0,9.6,1.66,8.4,84,97,72,0.0
1989-11-23,0.3,8.5,13.4,10.6,1.14,5.1,89,98,73,0.7
1989-11-24,1.1,7.3,15.0,10.3,2.0,9.0,80,97,54,9.7
1989-11-25,0.0,5.0,16.1,9.8,1.36,4.8,80,97,53,9.7
1989-11-26,4.7,8.6,12.1,10.5,0.75,6.8,82,98,72,2.9
1989-11-27,9.8,8.6,12.3,10.4,0.89,4.3,98,99,97,0.1
1989-11-28,0.4,9.8,15.0,11.7,0.99,4.8,91,100,69,5.1
1989-11-29,1.1,8.2,14.2,10.9,0.86,5.4,92,99,77,3.7
1989-11-30,26.9,10.7,12.2,11.4,1.77,8.6,99,100,95,0.0
1989-12-01,12.6,9.6,12.9,11.1,0.86,4.6,96,99,90,7.9
1989-12-02,14.3,7.8,11.2,9.8,2.65,10.2,95,100,87,7.0
1989-12-03,4.5,6.6,8.3,7.4,2.89,10.4,96,98,93,0.0
1989-12-04,5.3,7.7,9.5,8.4,1.7,8.5,92,97,82,0.1
1989-12-05,2.2,7.4,10.0,8.6,0.74,3.4,94,98,89,0.0
1989-12-06,13.3,8.9,11.2,9.9,2.33,11.3,98,99,95,0.0
1989-12-07,7.5,10.6,13.9,11.8,1.62,12.9,91,99,75,6.4
1989-12-08,0.1,6.4,15.3,10.8,1.42,7.2,87,99,65,8.6
1989-12-09,0.0,7.2,15.2,10.7,2.22,10.0,80,95,59,9.0
1989-12-10,0.0,9.9,14.5,11.6,2.87,10.9,75,84,62,8.7
1989-12-11,0.0,5.2,14.0,9.0,1.28,6.0,87,99,63,7.5
1989-12-12,0.0,6.1,15.7,10.6,1.18,5.0,84,98,65,7.4
1989-12-13,0.0,10.1,18.1,14.2,2.08,7.1,79,91,63,6.6
1989-12-14,0.0,7.7,17.9,11.8,1.63,5.5,82,94,58,9.0
1989-12-15,0.0,9.0,18.8,12.9,1.82,8.4,81,91,60,9.4
1989-12-16,0.0,8.0,20.0,13.2,2.3,9.7,72,92,54,9.1
1989-12-17,1.0,11.1,18.2,13.9,2.26,14.4,74,92,52,9.2
1989-12-18,0.5,10.9,15.2,12.8,3.06,13.1,72,93,54,7.7
1989-12-19,0.0,7.0,14.1,10.4,2.82,14.5,67,85,51,9.2
1989-12-20,0.0,5.3,17.8,9.5,1.38,4.7,75,86,51,7.9
1989-12-21,0.0,5.0,19.1,10.2,1.62,5.6,60,75,42,9.3
1989-12-22,0.0,7.5,12.9,9.8,2.79,10.2,66,79,53,9.1
1989-12-23,0.0,4.1,11.5,7.4,2.28,7.9,73,90,53,9.3
1989-12-24,0.0,0.1,11.4,5.0,1.47,4.7,81,94,56,9.3
1989-12-25,0.5,-0.7,11.6,4.8,1.28,6.2,83,99,59,7.6
1989-12-26,9.0,6.5,10.6,8.1,2.55,10.2,97,100,90,0.3
1989-12-27,11.8,6.4,8.9,7.3,1.59,7.1,99,100,95,0.0
1989-12-28,4.8,7.0,9.5,7.9,2.12,9.1,96,99,88,5.3
1989-12-29,5.9,8.0,11.4,8.9,2.93,13.7,98,100,91,3.5
1989-12-30,2.2,7.3,10.0,8.4,1.54,5.7,94,99,85,3.2
1989-12-31,0.8,6.9,11.9,8.8,1.79,6.7,87,99,66,7.7
1990-01-01,2.0,5.4,13.6,8.6,1.4,4.9,82,95,50,9.1
1990-01-02,0.3,4.9,13.0,8.1,1.54,5.2,83,95,57,9.2
1990-01-03,14.3,6.3,10.5,8.0,0.94,6.8,95,99,85,0.3
1990-01-04,9.8,5.9,9.8,7.4,4.4,13.8,86,97,73,4.2
1990-01-05,0.3,5.4,10.3,7.4,1.29,5.0,89,99,70,7.0
1990-01-06,0.0,3.9,12.0,7.0,1.18,3.9,84,99,57,9.0
1990-01-07,0.9,1.9,13.0,6.7,1.46,5.0,84,94,61,8.4
1990-01-08,1.8,1.6,8.1,5.7,2.89,11.9,85,97,70,9.3
1990-01-09,0.0,2.9,8.4,5.4,2.18,8.3,85,96,68,8.9
1990-01-10,0.6,0.2,7.0,3.6,1.68,7.2,90,98,78,9.3
1990-01-11,8.2,2.4,6.6,4.3,2.17,8.0,95,98,88,2.5
1990-01-12,0.2,5.1,8.4,6.3,2.18,7.6,92,99,79,6.0
1990-01-13,4.3,5.7,8.0,6.7,2.09,7.4,96,99,89,5.4
1990-01-14,0.5,2.9,10.7,6.3,1.65,7.4,85,98,61,8.7
1990-01-15,0.0,-0.1,10.3,4.8,1.52,5.0,82,95,61,9.2
1990-01-16,0.0,0.9,10.1,5.2,1.24,5.6,84,99,58,9.2
1990-01-17,0.0,0.3,9.3,4.6,0.99,5.1,86,96,68,8.4
1990-01-18,0.0,-0.5,10.6,4.3,1.99,6.4,79,96,52,9.5
1990-01-19,0.0,1.9,9.0,5.2,1.54,6.0,79,92,62,8.3
1990-01-20,0.0,-1.3,9.1,3.8,1.63,6.0,79,94,57,9.3
1990-01-21,0.0,-1.3,11.8,4.3,1.81,6.9,73,91,42,9.6
1990-01-22,0.0,-1.6,12.9,4.8,1.76,5.0,60,81,34,9.6
1990-01-23,0.0,-2.0,13.5,4.4,1.35,4.5,66,85,35,9.6
1990-01-24,0.0,0.4,14.2,6.4,2.39,8.8,70,85,60,9.6
1990-01-25,0.0,5.7,16.3,9.6,2.09,6.5,78,93,52,9.6
1990-01-26,0.0,6.3,14.3,9.4,2.2,8.4,73,86,56,9.3
1990-01-27,0.0,5.5,15.7,9.4,1.96,8.7,82,96,56,9.7
1990-01-28,2.7,6.1,11.6,8.4,1.96,9.6,82,95,70,0.0
1990-01-29,0.0,4.1,11.7,7.0,2.93,9.9,65,82,41,9.8
1990-01-30,0.0,4.7,14.2,8.8,1.79,8.3,67,86,48,9.8
1990-01-31,0.6,0.7,14.0,6.8,1.25,8.8,75,90,52,9.1
1990-02-01,0.0,3.6,10.8,6.4,3.04,10.9,67,79,46,9.9
1990-02-02,0.0,1.2,16.2,7.6,1.45,5.3,78,91,57,10.0
1990-02-03,0.0,2.1,16.6,9.0,1.13,4.2,78,96,55,10.0
1990-02-04,0.0,4.7,13.2,8.5,1.35,6.8,83,96,68,10.0
1990-02-05,0.3,5.7,10.8,8.3,1.26,6.5,93,99,82,0.2
1990-02-06,0.0,6.4,17.1,10.7,0.92,5.9,79,99,50,9.8
1990-02-07,0.0,4.6,18.2,10.4,1.32,4.9,75,92,40,9.8
1990-02-08,0.0,4.9,18.8,11.3,1.77,6.7,71,87,46,10.2
1990-02-09,0.0,4.0,17.9,11.0,1.1,4.6,80,97,59,10.3
1990-02-10,0.0,6.4,18.5,11.5,1.16,5.8,79,100,51,9.7
1990-02-11,0.0,8.4,15.7,11.2,2.43,7.6,65,80,42,10.5
1990-02-12,0.0,7.9,14.3,10.3,4.63,17.5,58,67,50,10.5
1990-02-13,0.0,8.7,17.8,12.3,4.66,17.5,54,67,38,10.6
1990-02-14,0.0,5.9,20.7,12.0,2.73,8.0,51,64,29,10.6
1990-02-15,0.0,6.0,21.7,12.4,1.97,6.0,57,79,33,10.6
1990-02-16,0.0,3.9,20.7,11.6,1.42,4.5,63,85,33,10.7
1990-02-17,0.0,3.7,19.3,11.0,1.51,5.4,69,86,40,10.7
1990-02-18,0.0,3.5,18.6,10.6,1.0,4.6,76,93,50,10.7
1990-02-19,0.0,5.1,19.4,11.7,1.19,5.0,71,93,43,10.8
1990-02-20,0.0,6.5,16.6,11.6,1.34,7.5,77,95,63,10.8
1990-02-21,0.0,6.5,16.6,11.0,1.1,5.7,84,98,61,10.8
1990-02-22,0.0,8.5,15.1,10.9,1.19,6.0,85,98,63,9.5
1990-02-23,0.0,5.1,17.3,11.1,1.07,5.5,77,95,52,10.8
1990-02-24,0.0,3.0,19.1,10.6,1.27,5.4,66,92,34,10.8
1990-02-25,0.0,3.3,20.1,11.1,1.08,4.3,66,89,34,10.9
1990-02-26,0.0,4.6,20.5,11.9,1.63,5.4,64,89,31,10.9
1990-02-27,0.0,7.2,22.3,13.9,2.28,7.2,63,82,36,10.9
1990-02-28,0.0,7.6,23.7,14.5,1.73,5.6,62,81,31,10.9
1990-03-01,0.0,6.5,22.0,13.7,1.86,5.4,53,73,31,10.9
1990-03-02,0.8,5.8,13.8,10.4,2.15,10.4,72,92,57,7.0
1990-03-03,14.5,3.3,5.0,4.1,4.48,14.2,86,97,70,0.0
1990-03-04,13.1,3.6,5.9,4.7,4.08,13.7,94,96,87,0.2
1990-03-05,0.0,4.1,8.2,5.9,2.5,9.6,85,93,78,0.0
1990-03-06,0.3,5.4,9.8,7.2,1.87,7.7,88,97,78,1.2
1990-03-07,0.0,5.4,14.7,9.0,1.22,8.0,85,98,65,10.0
1990-03-08,1.7,4.4,14.6,9.7,0.96,4.7,87,99,65,3.4
1990-03-09,0.0,7.2,16.0,11.0,2.14,8.7,78,93,48,9.3
1990-03-10,0.0,7.2,13.6,10.3,1.59,10.1,83,99,67,8.2
1990-03-11,0.0,6.4,17.7,11.4,0.95,5.8,73,90,51,7.9
1990-03-12,1.7,7.5,17.8,12.2,1.17,6.2,81,93,64,8.6
1990-03-13,0.0,7.9,20.7,13.8,1.66,6.8,74,94,45,11.4
1990-03-14,0.0,6.9,17.3,12.1,1.83,6.8,79,95,57,11.4
1990-03-15,0.0,8.6,17.0,12.1,1.34,6.6,83,100,54,10.8
1990-03-16,0.0,6.2,15.5,10.5,1.56,7.4,80,100,51,11.0
1990-03-17,0.5,6.9,13.8,10.3,1.95,10.4,83,98,69,10.8
1990-03-18,0.4,8.2,15.1,10.8,1.76,8.0,83,99,60,10.6
1990-03-19,0.0,5.1,16.5,11.0,1.49,7.4,79,100,56,11.7
1990-03-20,0.0,3.9,17.2,10.8,1.21,6.2,75,98,49,11.4
1990-03-21,0.0,4.9,21.1,12.8,1.26,6.0,62,90,36,11.8
1990-03-22,0.0,5.9,22.8,14.1,1.8,8.1,59,81,30,11.8
1990-03-23,0.0,7.5,22.3,14.6,1.34,5.4,68,87,41,8.6
1990-03-24,9.5,7.4,14.2,11.0,1.03,8.0,86,97,71,10.4
1990-03-25,1.1,8.5,14.5,11.1,2.16,7.0,81,94,64,11.2
1990-03-26,0.0,5.2,14.2,9.7,2.27,9.2,67,99,36,11.9
1990-03-27,0.0,0.8,12.9,7.4,2.22,9.6,51,75,31,11.9
1990-03-28,0.0,0.2,14.7,7.3,1.56,6.8,56,77,36,12.0
1990-03-29,0.0,1.6,13.1,7.6,1.87,8.1,66,84,45,12.0
1990-03-30,7.7,2.2,8.5,5.6,3.5,13.6,86,97,75,4.6
1990-03-31,20.1,6.4,11.6,8.6,2.98,12.0,97,99,92,0.0
1990-04-01,10.8,8.6,13.0,10.4,1.38,6.7,95,99,90,2.4
1990-04-02,0.3,5.8,14.2,9.8,3.17,13.7,73,99,44,12.0
1990-04-03,0.0,6.3,16.7,11.2,2.05,9.0,63,74,48,12.0
1990-04-04,0.0,7.7,16.0,12.0,2.07,10.8,67,90,53,12.1
1990-04-05,0.0,6.2,16.7,11.2,1.65,8.5,83,100,60,11.5
1990-04-06,0.1,9.3,16.6,12.0,2.72,13.4,75,99,45,9.6
1990-04-07,0.0,5.2,17.0,11.1,1.76,7.3,68,91,41,12.2
1990-04-08,5.2,5.8,15.1,9.9,0.81,9.1,81,93,64,10.9
1990-04-09,14.3,6.0,13.4,9.5,3.45,12.0,75,96,51,10.1
1990-04-10,0.1,3.1,10.4,7.2,5.16,16.2,54,76,40,12.3
1990-04-11,0.0,2.2,15.1,8.8,3.15,10.7,56,68,45,12.4
1990-04-12,0.0,6.5,18.4,12.4,2.43,8.6,67,86,48,11.8
1990-04-13,7.3,7.1,19.0,12.7,0.89,7.1,77,93,53,11.7
1990-04-14,0.0,8.3,16.9,12.5,2.76,10.5,63,84,40,12.6
1990-04-15,0.0,5.9,21.0,13.3,2.5,10.8,58,77,39,12.6
1990-04-16,0.0,6.4,19.7,13.2,1.61,6.7,65,86,40,12.7
1990-04-17,0.5,5.0,19.8,12.8,0.97,5.3,66,94,37,12.6
1990-04-18,2.9,8.2,17.4,12.4,1.42,7.4,61,89,31,12.7
1990-04-19,0.0,4.7,17.8,11.7,3.18,11.6,55,79,42,12.8
1990-04-20,0.3,8.2,16.0,11.8,2.18,8.6,64,83,44,12.3
1990-04-21,5.3,6.5,12.9,9.2,1.74,9.0,70,93,46,10.4
1990-04-22,6.1,2.1,14.6,8.3,1.66,9.1,73,97,41,12.5
1990-04-23,0.2,2.3,15.1,8.7,1.58,6.6,70,97,40,12.8
1990-04-24,1.6,3.3,15.7,9.4,1.34,6.9,75,92,51,12.8
1990-04-25,8.7,4.3,14.6,9.3,1.95,9.6,83,95,61,12.0
1990-04-26,0.4,6.9,14.9,10.5,2.14,11.0,77,99,55,12.8
1990-04-27,0.7,4.4,14.6,9.8,2.2,12.0,67,87,47,8.9
1990-04-28,21.1,7.4,11.3,9.5,2.44,10.8,89,95,70,0.1
1990-04-29,24.1,8.5,10.6,9.6,2.03,9.0,89,94,85,0.0
1990-04-30,3.5,8.3,12.6,10.5,1.96,9.3,88,92,81,0.7
1990-05-01,16.4,9.0,12.8,10.5,3.0,11.1,93,98,81,1.7
1990-05-02,5.1,9.1,12.8,10.6,2.93,10.7,84,98,59,3.3
1990-05-03,0.9,7.5,13.5,10.5,2.95,11.8,81,98,65,6.7
1990-05-04,0.0,4.4,16.6,10.9,2.5,10.9,69,88,50,13.7
1990-05-05,0.0,5.7,17.7,12.6,1.96,8.7,64,85,47,13.8
1990-05-06,0.0,5.0,17.8,12.3,1.68,7.2,67,88,46,13.8
1990-05-07,0.0,4.1,19.1,12.8,1.6,7.8,66,96,41,13.8
1990-05-08,0.0,5.7,18.8,12.9,1.82,9.4,68,89,49,13.7
1990-05-09,0.9,7.2,15.5,11.8,2.0,9.5,75,89,63,8.8
1990-05-10,16.5,9.8,14.1,11.5,2.1,9.6,94,97,89,3.7
1990-05-11,0.5,10.1,18.4,13.9,1.91,6.5,83,98,62,11.7
1990-05-12,0.6,9.3,20.8,14.9,1.5,8.4,82,99,58,13.3
1990-05-13,0.0,10.4,22.2,16.0,1.0,5.1,71,94,43,13.9
1990-05-14,0.0,7.8,24.1,16.3,1.74,7.6,68,90,46,14.0
1990-05-15,0.0,9.3,23.3,16.9,1.28,5.9,73,94,50,13.6
1990-05-16,0.0,10.4,22.8,17.0,1.81,9.7,68,93,44,13.8
1990-05-17,0.0,9.2,23.7,17.1,1.53,7.2,61,85,40,14.0
1990-05-18,0.0,10.4,23.3,17.4,1.47,7.8,74,94,50,14.0
1990-05-19,0.0,11.5,23.2,17.8,1.69,8.0,76,93,58,13.9
1990-05-20,0.0,11.4,25.3,18.6,1.11,4.9,68,96,34,13.2
1990-05-21,0.0,12.1,23.9,17.9,1.73,7.5,69,91,48,14.0
1990-05-22,1.0,10.9,22.8,17.3,1.27,7.5,74,96,46,13.1
1990-05-23,10.6,10.9,21.5,16.2,0.86,7.0,72,97,46,14.0
1990-05-24,0.0,8.8,22.5,16.1,2.18,9.1,58,83,34,14.0
1990-05-25,0.0,9.4,24.7,17.5,1.45,5.5,60,87,37,12.0
1990-05-26,0.0,11.0,25.9,18.9,1.9,8.4,61,84,37,14.0
1990-05-27,1.3,14.7,22.0,17.9,1.62,9.4,75,89,59,12.1
1990-05-28,6.9,12.4,19.7,15.9,1.77,8.4,78,98,52,12.7
1990-05-29,0.0,8.8,23.0,16.0,1.97,9.9,69,96,42,14.0
1990-05-30,0.0,9.6,23.6,17.0,2.14,8.9,62,85,42,14.0
1990-05-31,0.0,12.7,21.9,16.7,1.81,9.7,59,76,45,13.3
1990-06-01,0.0,10.6,22.7,16.9,1.65,8.4,57,73,45,14.0
1990-06-02,0.0,10.3,25.4,18.3,1.46,6.9,59,83,37,14.0
1990-06-03,0.0,11.4,26.7,19.5,1.23,6.1,68,91,46,14.0
1990-06-04,0.0,14.4,27.2,20.6,1.32,6.2,70,94,43,12.5
1990-06-05,0.4,14.7,24.5,20.0,2.56,11.1,64,89,43,14.0
1990-06-06,0.0,13.3,24.7,19.3,2.2,8.4,57,84,37,14.0
1990-06-07,0.0,11.5,27.9,20.1,1.37,7.9,63,92,35,14.0
1990-06-08,0.0,15.1,30.8,23.1,1.3,5.0,55,77,28,14.0
1990-06-09,0.0,15.7,28.2,21.6,1.91,9.4,61,78,43,14.0
1990-06-10,0.2,14.0,25.4,19.4,2.29,9.2,76,92,55,14.0
1990-06-11,2.4,13.9,24.8,18.8,1.48,8.5,75,98,45,13.7
1990-06-12,0.2,14.4,24.9,19.1,1.92,9.9,77,96,49,13.5
1990-06-13,0.0,15.3,24.7,19.1,1.68,6.8,79,98,52,8.7
1990-06-14,1.1,15.6,26.0,20.2,0.92,5.4,69,99,34,13.0
1990-06-15,0.0,12.2,26.8,19.8,1.9,9.8,60,83,39,13.8
1990-06-16,0.0,13.2,26.8,20.4,1.44,8.7,69,94,40,14.0
1990-06-17,0.0,13.9,27.7,21.1,1.07,5.4,59,87,32,14.0
1990-06-18,0.0,13.4,27.0,20.4,1.89,10.1,61,84,40,14.0
1990-06-19,0.0,13.4,29.6,21.9,1.5,7.6,64,94,32,14.0
1990-06-20,0.0,15.1,27.0,21.5,1.49,7.6,57,79,36,14.0
1990-06-21,0.0,15.0,28.3,21.9,1.37,6.3,51,81,30,14.0
1990-06-22,0.0,14.2,29.4,22.1,1.62,6.4,47,67,34,14.0
1990-06-23,0.0,17.2,28.1,22.7,1.87,9.4,55,76,41,14.0
1990-06-24,0.0,15.4,28.2,22.0,2.44,11.9,56,88,36,14.0
1990-06-25,0.0,15.7,28.0,22.3,2.31,11.4,50,71,37,14.0
1990-06-26,0.0,14.5,31.5,23.3,1.21,7.6,57,88,29,14.0
1990-06-27,0.0,15.9,30.6,23.9,1.43,8.3,60,82,35,14.0
1990-06-28,0.0,16.6,28.9,23.2,1.84,9.7,65,87,43,14.0
1990-06-29,0.0,15.2,30.3,23.2,1.71,7.8,68,97,43,14.0
1990-06-30,0.0,16.7,33.0,25.1,1.43,7.5,59,90,31,14.0
1990-07-01,0.0,16.5,30.9,23.9,2.38,10.7,52,86,28,14.0
1990-07-02,0.0,17.9,30.5,23.9,1.76,8.7,72,99,43,12.7
1990-07-03,0.0,17.2,32.0,24.4,1.73,10.9,52,84,27,14.0
1990-07-04,0.0,18.2,28.5,22.8,2.31,10.4,70,91,43,13.9
1990-07-05,0.0,17.1,31.0,24.6,1.57,6.9,65,94,39,14.0
1990-07-06,0.4,18.5,24.2,21.9,2.69,10.7,73,85,66,12.6
1990-07-07,0.0,17.2,27.3,21.6,2.05,8.9,69,92,45,13.7
1990-07-08,0.0,16.0,27.8,22.1,1.77,9.0,61,93,35,14.0
1990-07-09,0.0,14.0,30.7,22.9,1.83,8.4,52,81,27,14.0
1990-07-10,0.0,17.1,30.5,23.7,2.05,9.4,52,75,31,14.0
1990-07-11,0.0,16.2,28.1,22.2,2.29,10.3,64,85,47,14.0
1990-07-12,0.0,16.2,28.1,21.9,2.06,9.2,69,90,50,14.0
1990-07-13,0.0,16.1,28.5,22.3,2.05,9.2,62,90,39,14.0
1990-07-14,0.0,14.8,31.0,23.1,1.67,9.3,61,92,32,14.0
1990-07-15,2.1,17.4,25.4,21.9,2.01,10.8,60,79,39,14.0
1990-07-16,0.2,15.0,26.7,21.6,2.51,10.6,64,92,40,14.0
1990-07-17,0.0,16.4,28.3,22.6,2.02,9.0,67,95,43,14.0
1990-07-18,0.0,16.8,30.4,24.0,1.92,9.0,53,83,29,14.0
1990-07-19,0.0,17.0,31.3,24.4,1.84,8.0,46,64,28,13.9
1990-07-20,0.0,16.8,32.7,25.0,1.72,9.3,51,77,29,13.9
1990-07-21,0.0,19.2,32.2,25.6,1.7,9.4,55,80,32,13.9
1990-07-22,0.0,17.8,31.2,24.9,1.57,8.4,50,78,29,13.5
1990-07-23,0.0,17.3,31.8,25.1,1.55,6.7,44,78,20,13.8
1990-07-24,0.0,17.2,34.1,26.1,1.49,5.8,41,69,22,13.9
1990-07-25,0.0,17.8,35.3,27.0,1.49,9.2,36,67,13,13.9
1990-07-26,0.0,19.0,30.8,25.5,2.19,9.2,32,54,18,13.8
1990-07-27,0.0,17.9,31.9,25.1,1.88,8.2,44,71,26,13.8
1990-07-28,3.1,17.4,25.4,21.7,1.15,9.8,63,78,48,13.7
1990-07-29,0.0,15.5,29.0,22.1,1.59,7.9,66,94,35,13.6
1990-07-30,0.0,15.6,29.4,23.0,1.77,8.1,63,97,35,13.7
1990-07-31,0.0,16.4,30.5,23.6,1.71,7.6,58,88,32,13.6
1990-08-01,0.0,16.3,30.6,23.9,1.69,8.5,53,84,28,13.7
1990-08-02,0.0,17.8,31.4,24.5,1.89,10.0,51,79,29,12.7
1990-08-03,0.4,18.6,29.7,23.9,1.54,8.0,59,77,39,13.1
1990-08-04,0.0,17.2,31.1,24.7,1.37,6.6,59,94,28,13.5
1990-08-05,1.5,18.1,33.2,25.7,1.5,8.8,48,71,24,12.9
1990-08-06,1.0,18.6,33.2,26.0,1.51,8.3,51,76,26,13.4
1990-08-07,0.0,19.9,29.2,24.1,2.14,9.8,63,82,42,12.9
1990-08-08,1.3,19.6,24.9,21.7,2.51,9.1,80,97,60,7.4
1990-08-09,0.0,17.5,26.9,21.8,1.87,8.5,70,95,46,12.6
1990-08-10,0.0,15.5,28.3,22.2,1.67,8.9,63,94,33,13.1
1990-08-11,0.0,16.0,31.0,23.6,1.7,8.4,56,89,26,13.3
1990-08-12,0.0,16.3,30.9,23.9,2.09,10.4,52,77,30,13.3
1990-08-13,0.0,15.4,31.9,23.9,1.51,7.4,53,82,27,13.3
1990-08-14,1.6,17.0,33.6,25.5,1.35,8.2,53,83,22,13.2
1990-08-15,0.0,17.4,31.1,24.2,1.97,10.3,49,83,28,13.2
1990-08-16,0.4,17.9,30.0,23.8,1.68,8.0,70,99,39,12.6
1990-08-17,0.0,18.0,30.1,23.7,1.8,9.1,66,91,39,12.4
1990-08-18,0.0,17.1,29.6,23.2,1.76,8.8,68,97,42,13.0
1990-08-19,0.0,16.3,29.8,23.2,1.83,10.1,66,95,40,12.9
1990-08-20,0.0,17.2,30.3,23.8,1.71,8.4,56,86,32,12.8
1990-08-21,1.3,16.4,29.7,23.2,1.77,9.5,59,89,33,12.8
1990-08-22,0.0,16.4,28.8,23.0,1.97,9.5,68,93,46,12.6
1990-08-23,0.2,19.6,28.7,23.3,2.23,9.2,74,99,44,11.7
1990-08-24,0.0,15.6,30.9,23.4,1.42,8.1,64,93,35,12.7
1990-08-25,0.0,17.0,32.2,24.5,1.59,7.8,52,87,21,12.7
1990-08-26,0.1,16.7,30.1,23.3,1.35,10.4,66,89,31,12.0
1990-08-27,0.0,19.0,29.3,23.5,1.47,7.3,71,96,39,12.1
1990-08-28,0.1,16.8,29.6,23.0,1.62,9.0,71,92,43,12.1
1990-08-29,0.0,16.7,30.8,23.6,1.88,8.6,65,96,30,12.3
1990-08-30,0.0,16.6,31.0,24.1,0.92,6.1,60,91,28,12.3
1990-08-31,0.8,19.1,25.2,21.3,2.25,8.6,74,97,52,8.8
1990-09-01,1.5,18.4,25.6,21.6,1.98,7.8,76,96,50,11.0
1990-09-02,2.0,18.3,25.1,21.0,1.4,9.0,82,99,63,8.7
1990-09-03,0.0,15.7,28.0,21.8,1.53,7.7,70,100,39,12.1
1990-09-04,0.0,15.4,29.3,22.6,1.5,6.4,61,93,30,12.0
1990-09-05,0.0,15.4,30.3,23.2,1.5,6.9,62,91,32,12.0
1990-09-06,0.5,16.7,31.0,24.1,1.62,7.3,59,86,32,12.0
1990-09-07,0.6,18.4,29.5,23.4,1.55,7.6,67,88,42,12.0
1990-09-08,1.6,18.0,23.9,20.9,2.77,11.2,83,98,65,11.4
1990-09-09,7.3,17.6,22.6,19.7,2.69,9.0,90,98,80,5.5
1990-09-10,0.0,15.7,27.6,21.5,1.65,7.7,76,97,50,12.0
1990-09-11,0.5,17.0,30.5,22.7,1.05,6.5,74,97,43,11.2
1990-09-12,1.1,17.6,31.5,23.9,1.49,8.5,63,85,31,11.5
1990-09-13,0.3,17.5,28.8,22.7,1.31,8.4,77,95,51,10.3
1990-09-14,0.0,17.9,27.9,22.9,1.04,6.0,70,97,36,9.3
1990-09-15,0.2,18.1,26.3,22.3,1.32,6.3,64,76,48,7.5
1990-09-16,1.1,17.7,25.7,21.1,1.66,9.5,74,93,51,5.9
1990-09-17,1.8,16.3,25.3,20.5,1.17,6.8,76,93,55,10.0
1990-09-18,0.5,17.5,25.4,21.0,2.17,9.3,80,99,59,9.5
1990-09-19,0.0,16.3,27.5,21.6,1.32,6.9,77,99,50,11.6
1990-09-20,0.0,15.6,29.6,22.4,0.87,5.3,69,95,41,12.0
1990-09-21,0.0,15.4,28.4,21.8,2.12,7.1,54,80,25,12.0
1990-09-22,0.0,14.7,29.1,21.4,2.04,7.2,45,67,22,12.0
1990-09-23,0.0,18.1,26.8,22.0,3.17,12.5,47,56,37,7.8
1990-09-24,0.0,16.7,24.3,19.9,1.23,6.1,62,76,44,10.1
1990-09-25,10.2,15.2,18.9,17.3,0.98,10.3,90,97,79,2.2
1990-09-26,0.0,13.5,24.4,18.1,1.46,6.3,79,99,51,11.8
1990-09-27,0.0,12.6,27.2,19.7,1.34,6.7,74,96,44,11.8
1990-09-28,0.0,15.5,28.9,21.7,1.15,6.2,70,91,42,10.6
1990-09-29,0.0,16.4,28.3,22.0,1.99,10.8,69,96,38,10.5
1990-09-30,0.0,17.4,25.9,20.8,1.0,10.4,73,89,51,6.8
1990-10-01,0.3,15.7,25.1,20.1,1.17,6.4,75,93,49,11.0
1990-10-02,16.1,16.0,20.4,18.1,1.04,7.8,92,99,76,2.9
1990-10-03,0.6,13.8,23.8,18.3,1.13,6.5,79,100,47,10.8
1990-10-04,0.1,13.2,22.3,17.6,2.19,7.6,66,89,44,11.3
1990-10-05,1.7,13.2,19.8,16.3,1.56,7.4,83,97,67,11.0
1990-10-06,0.0,14.3,20.8,16.8,1.3,6.5,79,97,54,9.3
1990-10-07,0.0,11.8,22.5,16.3,2.97,14.5,66,92,41,11.1
1990-10-08,4.0,8.5,13.1,10.8,5.41,16.5,72,85,60,4.5
1990-10-09,0.0,8.1,16.5,12.5,2.86,10.9,68,80,53,7.5
1990-10-10,12.4,11.8,16.0,13.3,2.91,9.9,84,93,74,4.3
1990-10-11,7.6,12.5,17.0,14.2,1.81,6.7,90,99,78,6.3
1990-10-12,0.0,8.3,21.0,14.6,1.31,6.1,81,97,56,10.8
1990-10-13,4.2,11.6,23.6,17.1,1.26,8.1,77,96,43,10.8
1990-10-14,0.0,12.3,21.9,16.8,1.34,5.3,77,93,51,10.6
1990-10-15,3.3,13.3,22.0,16.8,1.15,8.4,80,97,54,10.5
1990-10-16,0.0,10.0,21.1,15.0,1.76,7.4,78,96,50,10.6
1990-10-17,1.9,11.6,20.0,15.2,1.95,8.8,70,91,44,10.6
1990-10-18,0.5,7.3,18.9,13.0,1.74,7.2,75,94,53,10.2
1990-10-19,0.0,10.9,16.7,13.7,3.26,14.2,73,97,55,10.3
1990-10-20,0.0,6.9,19.9,13.0,1.5,6.2,75,92,49,10.5
1990-10-21,0.5,7.6,19.2,13.1,1.52,7.5,83,99,61,9.6
1990-10-22,3.5,12.1,16.6,14.1,2.3,10.5,77,100,47,5.3
1990-10-23,0.0,9.8,17.5,13.4,2.61,11.8,67,81,50,10.3
1990-10-24,1.0,9.4,19.7,14.0,1.14,7.4,79,93,56,9.5
1990-10-25,0.0,10.0,17.4,13.3,2.18,8.2,69,83,47,10.2
1990-10-26,1.3,7.5,15.8,11.9,1.66,5.7,78,88,61,4.9
1990-10-27,0.3,10.8,18.8,14.6,1.6,6.8,71,89,44,9.5
1990-10-28,0.2,8.1,14.9,11.8,3.12,12.3,72,86,57,0.0
1990-10-29,0.0,14.1,21.8,16.9,4.79,16.1,65,74,58,10.1
1990-10-30,0.0,12.7,21.0,16.7,2.76,9.5,71,89,54,10.1
1990-10-31,0.0,11.3,21.2,15.4,2.32,8.3,76,93,50,10.1
1990-11-01,0.0,10.7,17.0,14.0,2.06,9.3,64,85,42,10.1
1990-11-02,0.0,5.3,17.5,10.9,0.92,4.2,66,90,38,9.8
1990-11-03,0.0,2.9,17.0,9.5,1.1,4.7,67,90,38,10.0
1990-11-04,0.0,3.4,14.1,8.9,1.79,8.4,72,96,48,8.8
1990-11-05,0.2,8.2,11.3,9.6,1.42,5.7,88,98,76,0.0
1990-11-06,0.2,8.8,13.5,10.7,1.6,8.7,89,96,76,4.7
1990-11-07,2.6,10.0,13.7,11.8,2.05,9.0,95,100,86,0.0
1990-11-08,2.6,12.2,16.1,13.5,1.64,7.1,96,100,87,1.5
1990-11-09,3.1,10.9,18.5,14.3,0.94,7.2,84,98,59,9.9
1990-11-10,0.0,10.2,16.9,13.0,2.02,8.7,76,96,52,8.9
1990-11-11,0.0,6.8,14.7,11.1,2.65,8.8,76,91,63,8.3
1990-11-12,0.0,4.6,18.4,11.2,1.16,3.7,70,90,47,9.9
1990-11-13,0.0,5.9,18.7,12.8,1.01,4.7,68,89,50,9.9
1990-11-14,0.0,6.8,19.1,12.0,1.99,7.9,70,93,39,9.9
1990-11-15,0.0,5.5,20.0,12.1,2.77,9.9,57,86,27,9.8
1990-11-16,0.0,8.3,17.9,12.5,2.45,9.6,60,85,47,9.8
1990-11-17,0.0,6.8,20.6,12.4,1.31,4.4,75,90,46,9.8
1990-11-18,0.0,8.8,20.2,13.1,2.12,7.6,67,89,35,9.8
1990-11-19,0.0,5.5,20.7,11.9,1.28,3.9,68,88,41,9.8
1990-11-20,0.0,4.8,20.0,11.1,1.23,4.4,69,90,37,9.8
1990-11-21,0.0,5.7,15.3,9.8,1.9,8.6,73,86,51,8.8
1990-11-22,0.9,4.6,10.2,7.3,2.93,9.6,66,82,43,9.8
1990-11-23,0.0,0.2,10.2,4.8,2.39,8.8,65,86,41,9.7
1990-11-24,0.0,4.0,13.5,9.5,2.68,12.3,74,85,61,6.8
1990-11-25,0.7,4.7,12.7,9.0,3.53,14.9,70,83,58,8.6
1990-11-26,0.0,1.8,10.0,5.4,2.34,10.5,73,91,48,9.6
1990-11-27,0.0,3.2,8.8,5.5,2.92,11.4,67,80,48,9.6
1990-11-28,0.0,0.5,9.8,4.5,2.32,8.7,70,89,42,9.6
1990-11-29,0.0,2.1,9.1,4.5,2.9,10.5,67,84,43,9.6
1990-11-30,0.0,-1.1,10.5,3.9,2.6,8.8,67,83,42,9.6
1990-12-01,0.0,-1.3,12.5,4.8,1.89,6.8,65,87,36,9.6
1990-12-02,0.0,1.7,9.0,5.6,1.53,8.1,79,93,58,4.9
1990-12-03,0.0,3.5,12.5,6.9,1.16,5.1,82,95,57,9.1
1990-12-04,0.0,5.3,9.5,7.1,0.98,5.2,88,98,74,3.2
1990-12-05,0.0,6.6,12.1,8.8,0.75,4.2,88,97,71,0.3
1990-12-06,0.7,6.4,8.8,7.5,1.72,8.0,87,99,70,7.0
1990-12-07,0.0,5.9,11.4,7.7,0.92,5.3,82,97,56,6.9
1990-12-08,0.6,4.6,13.5,8.4,1.67,7.5,79,90,56,6.2
1990-12-09,0.4,1.7,8.7,4.9,4.2,21.7,70,92,52,9.4
1990-12-10,0.3,0.8,5.8,2.9,6.27,20.7,58,66,49,9.4
1990-12-11,0.0,2.9,8.7,5.3,6.57,19.7,61,66,53,7.9
1990-12-12,0.0,3.9,10.2,6.6,4.97,14.2,63,71,53,9.4
1990-12-13,0.0,6.2,11.8,8.5,5.45,16.9,61,69,44,9.4
1990-12-14,0.0,-0.4,8.9,4.1,2.89,10.7,62,79,42,9.4
1990-12-15,0.0,-3.3,11.5,2.7,1.18,4.4,65,86,30,9.3
1990-12-16,0.0,-2.8,8.0,2.2,1.62,6.0,64,89,36,8.9
1990-12-17,1.8,3.9,6.8,4.9,1.62,6.5,89,99,70,3.1
1990-12-18,0.6,4.0,8.0,5.6,1.08,6.0,92,98,80,2.9
1990-12-19,12.9,3.4,6.1,4.9,1.8,8.5,97,99,95,0.0
1990-12-20,9.5,3.6,5.0,4.2,3.76,10.3,96,98,91,0.0
1990-12-21,0.1,2.9,7.4,4.4,1.68,6.9,86,98,64,8.9
1990-12-22,0.0,-2.8,7.6,2.0,0.99,3.7,78,96,51,8.9
1990-12-23,0.0,-3.0,8.5,1.4,1.42,5.1,74,92,50,9.0
1990-12-24,0.0,-1.5,10.0,3.3,2.85,11.1,73,92,52,9.3
1990-12-25,0.0,0.4,10.0,4.7,2.54,8.3,75,90,51,9.3
1990-12-26,0.0,5.5,11.2,8.1,2.74,10.9,82,92,73,8.5
1990-12-27,0.4,5.7,14.9,9.3,2.36,6.8,80,90,66,8.4
1990-12-28,0.0,5.9,14.8,10.1,1.45,6.5,84,96,58,8.8
1990-12-29,0.0,4.1,17.1,9.2,1.27,3.6,79,95,52,9.2
1990-12-30,0.0,3.9,17.2,9.3,1.07,3.6,81,94,54,8.2
1990-12-31,0.0,6.3,17.5,10.2,1.05,4.3,78,91,52,8.4
1991-01-01,0.0,6.1,13.1,8.8,1.53,5.5,83,92,66,5.3
1991-01-02,0.0,1.1,14.3,6.6,1.22,3.9,79,98,48,9.3
1991-01-03,0.0,1.0,15.6,6.9,1.15,3.6,71,92,38,9.3
1991-01-04,0.0,2.7,12.5,5.8,3.07,13.0,71,90,53,6.9
1991-01-05,0.0,-0.1,11.2,4.7,2.19,10.8,61,81,36,9.4
1991-01-06,0.0,0.3,12.9,5.0,1.5,4.9,72,90,52,9.4
1991-01-07,0.0,1.1,12.8,5.8,1.94,6.1,77,91,52,9.1
1991-01-08,0.0,5.0,14.4,8.7,1.84,8.7,81,93,58,9.3
1991-01-09,0.0,7.6,15.5,10.5,1.56,6.8,79,92,57,9.1
1991-01-10,0.0,4.9,17.8,9.9,1.35,4.4,80,94,51,9.4
1991-01-11,0.0,3.3,16.8,8.4,1.41,5.0,72,93,38,9.5
1991-01-12,0.7,2.3,10.7,5.8,2.78,13.3,72,79,61,9.2
1991-01-13,0.0,0.8,7.7,4.1,4.61,13.4,55,69,37,9.5
1991-01-14,0.0,-0.6,7.4,3.0,2.89,10.6,52,65,37,9.5
1991-01-15,0.0,-2.0,6.7,2.2,0.84,5.1,75,91,55,9.4
1991-01-16,0.0,-2.8,9.0,2.6,0.81,3.7,78,93,53,8.0
1991-01-17,0.0,-0.5,12.4,5.4,1.36,4.7,78,93,52,9.5
1991-01-18,0.0,-0.4,12.4,5.6,1.19,5.7,82,94,61,9.4
1991-01-19,0.0,0.4,10.6,5.6,1.11,5.1,86,99,66,6.5
1991-01-20,0.0,3.0,11.0,7.1,1.11,4.7,87,100,63,5.8
1991-01-21,14.1,2.2,7.5,4.7,2.83,10.6,90,100,79,5.5
1991-01-22,0.0,-2.9,6.9,2.0,1.8,6.8,79,94,58,6.9
1991-01-23,11.1,2.5,6.0,3.8,2.94,11.3,96,99,92,4.7
1991-01-24,17.7,2.6,4.3,3.4,3.35,10.9,97,99,95,2.9
1991-01-25,19.8,2.7,5.0,3.7,2.72,8.3,98,99,97,0.0
1991-01-26,1.3,2.8,6.1,4.1,2.94,9.8,89,99,76,4.3
1991-01-27,0.4,1.1,9.8,5.0,1.96,7.0,82,96,59,9.6
1991-01-28,0.0,-0.7,11.5,4.4,1.23,4.1,73,92,44,9.0
1991-01-29,2.7,-2.0,10.6,3.8,1.4,6.4,76,94,55,9.7
1991-01-30,0.0,1.0,8.0,4.3,2.42,10.1,79,94,58,7.4
1991-01-31,0.0,-0.0,9.1,4.2,2.36,8.1,74,92,48,9.7
1991-02-01,1.8,-0.2,8.6,4.1,1.42,5.9,87,98,73,0.6
1991-02-02,0.1,0.8,7.8,4.9,2.08,9.2,79,99,50,9.4
1991-02-03,1.1,-2.4,7.9,2.7,2.06,8.2,81,93,73,8.2
1991-02-04,0.0,2.6,8.8,5.5,1.89,8.0,83,96,62,7.2
1991-02-05,0.0,0.4,12.1,5.3,2.11,9.9,77,95,52,10.1
1991-02-06,0.0,3.9,12.1,7.4,2.15,9.4,78,89,62,7.1
1991-02-07,0.0,5.7,12.0,8.1,3.05,13.2,72,88,48,10.1
1991-02-08,0.0,2.3,9.6,5.6,3.35,13.0,66,80,44,10.3
1991-02-09,0.0,0.8,11.5,5.6,1.56,6.8,74,90,50,8.6
1991-02-10,5.7,4.0,10.5,6.6,1.38,7.9,82,94,67,7.3
1991-02-11,0.1,-0.2,8.8,4.9,1.61,7.2,73,95,40,9.9
1991-02-12,5.0,-0.6,4.6,2.4,0.99,4.8,82,95,62,0.0
1991-02-13,1.6,1.5,6.5,3.3,1.46,6.2,84,98,58,5.3
1991-02-14,0.0,-2.7,6.8,1.5,2.83,12.8,66,94,35,10.6
1991-02-15,0.0,-4.3,9.3,1.6,1.6,6.2,52,70,29,10.6
1991-02-16,0.8,-1.2,9.5,3.1,1.93,7.9,65,91,49,7.6
1991-02-17,4.4,-0.6,8.9,3.7,1.62,7.6,83,95,58,10.5
1991-02-18,4.6,1.8,9.0,4.9,2.1,9.0,94,99,80,3.5
1991-02-19,34.0,5.7,6.8,6.4,3.47,14.1,97,99,94,0.0
1991-02-20,1.6,4.8,10.4,7.0,2.97,11.0,84,98,64,7.8
1991-02-21,0.0,1.1,13.1,6.5,2.42,8.3,75,91,52,10.8
1991-02-22,0.0,4.1,14.4,8.3,1.8,8.8,74,91,50,10.8
1991-02-23,0.0,0.2,15.7,7.4,1.37,5.4,78,93,54,10.8
1991-02-24,0.0,1.3,16.1,8.4,1.29,6.2,81,99,54,10.8
1991-02-25,0.0,1.8,14.4,8.2,1.24,6.5,76,97,44,10.9
1991-02-26,0.5,3.0,14.3,7.9,1.15,6.2,84,97,62,10.4
1991-02-27,0.0,6.6,13.9,9.7,2.83,12.8,72,93,48,10.9
1991-02-28,2.8,5.7,9.4,7.6,2.46,9.4,81,88,70,0.0
1991-03-01,0.3,3.0,10.6,7.4,2.85,11.9,76,93,58,10.9
1991-03-02,0.0,3.8,14.4,8.5,2.53,9.7,70,86,47,10.3
1991-03-03,0.0,3.8,15.4,9.8,1.58,8.7,77,97,56,11.0
1991-03-04,0.0,3.3,14.7,8.6,1.5,7.4,85,100,61,9.9
1991-03-05,0.3,5.2,16.0,10.1,1.48,9.7,84,100,57,8.3
1991-03-06,2.6,7.0,12.5,9.4,2.2,10.7,89,98,77,0.0
1991-03-07,4.2,6.3,13.1,9.6,3.35,17.9,80,100,44,1.7
1991-03-08,0.3,3.2,12.3,7.7,3.29,15.4,72,90,54,10.8
1991-03-09,0.0,7.3,13.3,10.2,2.56,11.1,74,84,59,6.9
1991-03-10,0.0,9.2,17.5,12.7,2.65,11.3,73,90,49,11.2
1991-03-11,0.0,6.1,19.2,11.7,1.45,5.1,73,98,41,11.2
1991-03-12,1.1,5.8,16.2,10.5,1.21,6.7,84,98,62,7.1
1991-03-13,26.6,8.1,10.1,9.0,1.62,8.1,94,99,85,0.0
1991-03-14,6.2,7.2,13.8,10.0,3.5,13.1,82,99,56,9.9
1991-03-15,0.0,1.7,16.6,9.5,1.28,4.3,72,90,48,11.6
1991-03-16,0.0,7.8,17.8,12.2,2.46,9.6,73,93,51,11.4
1991-03-17,0.0,7.8,13.7,10.7,3.77,12.6,64,75,47,11.0
1991-03-18,0.0,7.1,16.4,11.3,3.82,11.3,61,76,41,11.7
1991-03-19,0.0,6.6,19.4,12.6,2.19,8.5,71,88,51,11.6
1991-03-20,0.0,7.2,22.0,14.1,1.48,5.7,74,94,47,11.6
1991-03-21,0.0,6.5,21.6,14.0,1.69,8.0,70,95,41,11.8
1991-03-22,0.6,7.0,13.8,10.4,2.09,7.4,59,78,37,11.3
1991-03-23,12.8,5.6,8.0,6.4,3.16,12.9,87,92,81,0.1
1991-03-24,0.0,2.9,7.6,5.6,6.43,18.5,63,76,58,8.0
1991-03-25,0.0,5.5,12.0,8.3,4.32,12.8,66,76,50,10.8
1991-03-26,0.1,7.3,13.2,10.0,1.67,6.5,76,90,59,7.5
1991-03-27,2.8,7.1,13.3,9.8,1.11,6.3,84,97,64,6.6
1991-03-28,0.0,7.6,13.6,10.1,1.65,8.0,82,99,63,10.2
1991-03-29,0.0,4.7,14.4,9.7,2.41,12.0,70,82,56,12.0
1991-03-30,0.4,4.3,13.4,8.2,3.33,12.5,78,97,55,12.0
1991-03-31,0.0,0.9,12.9,7.3,2.29,9.0,69,86,48,10.4
1991-04-01,0.0,1.3,13.1,7.5,1.52,7.5,72,98,44,12.1
1991-04-02,0.0,0.0,17.0,8.8,1.15,4.6,65,90,36,12.1
1991-04-03,0.0,6.1,15.7,10.6,3.17,12.0,63,84,42,9.7
1991-04-04,0.0,6.6,16.2,10.9,3.59,13.5,62,82,39,12.1
1991-04-05,0.1,5.9,12.9,9.6,6.24,17.9,57,75,38,12.2
1991-04-06,0.0,4.0,16.6,10.5,2.93,12.5,54,79,36,12.2
1991-04-07,0.0,3.1,18.4,10.8,1.57,6.3,65,85,43,12.0
1991-04-08,0.0,6.3,17.0,11.6,1.69,8.0,63,87,47,9.5
1991-04-09,0.0,5.9,17.3,11.7,1.55,7.5,63,84,45,11.4
1991-04-10,0.0,3.9,18.2,11.3,1.48,7.0,62,88,38,12.4
1991-04-11,0.0,4.9,18.0,11.6,1.32,6.3,65,88,36,12.3
1991-04-12,0.0,2.4,18.9,11.1,1.69,8.7,67,91,39,12.4
1991-04-13,3.5,6.2,14.0,10.0,2.06,9.9,85,97,69,3.9
1991-04-14,1.2,8.1,15.9,11.2,2.15,9.7,80,99,55,12.3
1991-04-15,9.3,9.5,17.0,12.2,1.18,7.0,86,98,61,7.7
1991-04-16,8.3,8.6,17.4,12.1,1.5,8.2,81,97,57,12.2
1991-04-17,3.1,4.7,17.5,11.1,1.64,6.7,76,97,50,12.2
1991-04-18,5.9,8.0,14.1,11.2,1.83,8.3,72,83,63,12.5
1991-04-19,0.0,4.6,19.2,12.2,1.86,7.6,54,76,34,12.9
1991-04-20,0.0,7.0,12.5,10.0,1.86,6.6,75,89,64,6.4
1991-04-21,0.0,4.7,11.1,7.8,2.07,8.7,76,92,59,5.7
1991-04-22,0.0,5.9,12.3,8.7,1.84,7.2,75,94,55,8.4
1991-04-23,0.0,2.0,15.5,9.5,1.31,6.5,71,95,44,13.0
1991-04-24,1.5,4.6,17.5,11.1,1.74,8.1,70,91,45,13.2
1991-04-25,0.0,6.8,14.5,10.5,4.42,14.9,55,76,33,13.2
1991-04-26,0.0,6.6,13.9,9.7,3.89,13.6,49,72,29,13.1
1991-04-27,0.0,1.5,16.9,9.4,1.71,9.4,52,76,30,13.0
1991-04-28,0.1,4.2,17.1,11.3,1.48,6.9,65,83,45,13.0
1991-04-29,0.0,6.0,20.5,13.5,1.46,7.8,66,93,37,13.4
1991-04-30,0.0,6.0,24.0,15.3,1.11,4.8,64,92,36,13.6
1991-05-01,0.3,11.4,21.2,16.5,3.57,13.7,56,83,33,13.6
1991-05-02,0.6,5.3,10.0,8.2,6.28,20.8,61,73,46,10.1
1991-05-03,0.0,5.1,14.1,9.7,3.64,11.2,48,69,33,12.4
1991-05-04,0.0,3.3,16.6,10.3,2.51,10.2,50,78,35,13.7
1991-05-05,1.0,5.2,17.2,11.3,1.85,8.1,59,78,40,12.4
1991-05-06,0.0,5.4,16.2,10.8,2.85,10.5,55,84,29,13.8
1991-05-07,0.0,2.7,20.2,11.6,1.57,7.7,55,81,29,13.8
1991-05-08,0.0,6.2,17.8,11.2,3.15,14.7,59,76,38,13.9
1991-05-09,0.0,5.6,15.3,10.6,4.21,14.3,45,65,29,13.9
1991-05-10,1.9,4.8,16.3,10.6,2.2,9.8,60,90,45,13.2
1991-05-11,2.0,5.3,16.6,10.8,1.87,8.7,68,94,32,13.8
1991-05-12,0.0,4.1,17.8,11.2,2.07,8.5,61,87,31,13.9
1991-05-13,0.0,5.7,17.6,12.0,1.99,8.7,67,89,46,11.8
1991-05-14,0.0,6.2,22.8,14.7,1.43,6.9,66,95,33,14.0
1991-05-15,2.7,7.2,23.7,15.8,1.18,8.6,69,91,40,14.0
1991-05-16,0.6,9.1,23.9,16.7,1.48,8.3,64,88,37,14.0
1991-05-17,0.0,8.9,22.3,15.8,1.38,6.6,61,88,35,14.0
1991-05-18,0.0,8.4,21.0,14.8,2.25,10.5,60,88,33,14.0
1991-05-19,0.0,7.0,21.6,14.3,1.72,9.8,68,99,33,14.0
1991-05-20,0.0,8.2,19.4,13.9,2.03,9.7,63,89,40,14.0
1991-05-21,0.0,8.3,20.6,14.4,2.19,11.4,56,76,34,14.0
1991-05-22,0.0,8.9,20.5,14.6,2.02,9.6,52,71,29,14.0
1991-05-23,0.0,6.0,24.1,15.6,1.55,6.9,51,87,22,14.0
1991-05-24,0.0,8.4,25.6,17.3,2.18,10.0,44,70,24,14.0
1991-05-25,0.0,12.5,22.3,17.1,2.32,11.4,40,59,30,14.0
1991-05-26,0.0,9.7,22.6,16.2,2.09,10.1,50,68,35,14.0
1991-05-27,0.0,10.0,22.4,16.2,2.14,10.2,51,78,30,14.0
1991-05-28,0.0,12.0,22.7,16.8,2.19,11.0,42,63,28,14.0
1991-05-29,0.0,9.7,23.9,17.4,1.83,8.7,44,70,27,13.2
1991-05-30,0.0,10.2,23.8,17.6,1.81,9.5,60,87,33,13.7
1991-05-31,1.6,12.5,20.0,15.9,1.32,7.1,77,95,55,12.8
1991-06-01,13.8,11.8,17.4,14.4,1.16,7.4,87,100,72,10.6
1991-06-02,8.2,11.0,18.8,14.8,1.3,6.9,83,99,66,11.7
1991-06-03,0.0,8.2,22.0,15.8,1.13,5.8,72,99,45,13.6
1991-06-04,0.0,12.1,24.0,18.5,1.42,6.0,69,89,49,13.3
1991-06-05,0.0,12.6,26.4,19.6,1.62,6.2,60,90,32,13.1
1991-06-06,0.0,13.4,26.3,19.9,1.97,9.8,58,78,42,14.0
1991-06-07,0.0,14.6,26.9,20.6,3.65,15.9,61,82,40,14.0
1991-06-08,0.0,15.7,26.8,20.8,2.3,10.9,56,75,35,14.0
1991-06-09,0.0,12.6,28.1,20.8,1.82,9.6,63,89,40,14.0
1991-06-10,0.0,13.6,28.8,21.4,1.93,9.7,62,89,40,14.0
1991-06-11,4.0,14.5,23.8,19.0,2.06,8.9,64,90,50,13.9
1991-06-12,0.0,13.1,27.2,20.1,1.61,7.9,62,89,39,14.0
1991-06-13,0.0,14.3,28.9,22.1,1.81,8.9,57,85,33,14.0
1991-06-14,0.0,14.4,29.3,22.4,1.76,8.1,48,72,28,14.0
1991-06-15,0.0,15.7,30.2,22.9,1.58,8.0,51,70,33,13.8
1991-06-16,2.4,17.7,30.1,23.5,1.69,9.5,60,84,36,12.2
1991-06-17,0.0,15.8,27.3,20.5,2.72,14.3,62,84,38,13.9
1991-06-18,0.3,15.2,19.6,17.1,3.05,9.8,79,93,68,3.6
1991-06-19,0.0,12.7,23.5,17.3,2.11,11.2,71,92,47,13.4
1991-06-20,0.0,12.5,28.6,20.6,1.22,8.4,63,93,33,14.0
1991-06-21,0.0,14.7,28.0,21.8,2.06,10.5,62,89,39,14.0
1991-06-22,0.0,13.9,29.0,22.0,1.73,9.1,56,88,32,14.0
1991-06-23,0.0,14.2,29.0,22.2,1.58,7.8,57,87,33,14.0
1991-06-24,0.0,14.9,30.9,23.4,1.71,8.9,54,87,25,14.0
1991-06-25,0.0,14.7,31.2,23.5,1.81,8.9,47,75,24,14.0
1991-06-26,0.0,14.6,33.4,24.4,1.76,10.0,46,75,22,14.0
1991-06-27,0.0,18.0,34.3,25.7,2.18,11.3,46,64,25,14.0
1991-06-28,0.0,16.3,27.1,21.2,2.35,11.0,63,83,45,14.0
1991-06-29,0.0,14.9,25.3,19.5,2.36,10.5,66,90,47,14.0
1991-06-30,0.0,14.1,25.1,19.3,2.07,10.2,61,84,45,14.0
1991-07-01,0.0,12.5,26.5,19.5,1.85,8.7,57,80,37,14.0
1991-07-02,0.0,13.6,27.4,20.7,2.0,9.0,63,89,41,13.6
1991-07-03,0.0,14.6,24.9,19.5,2.37,10.5,62,94,39,14.0
1991-07-04,0.0,12.8,27.7,20.4,2.07,9.0,63,89,43,14.0
1991-07-05,0.0,15.1,29.9,22.4,1.55,9.4,59,95,24,14.0
1991-07-06,0.0,13.6,27.5,21.0,1.62,7.3,41,69,27,12.9
1991-07-07,0.0,14.1,28.6,21.9,1.24,6.3,42,69,26,14.0
1991-07-08,0.0,14.2,30.3,23.0,1.74,7.9,44,77,24,14.0
1991-07-09,0.0,15.4,30.1,23.2,1.99,9.8,44,74,27,13.9
1991-07-10,0.0,15.3,30.8,23.6,1.87,9.0,45,71,31,14.0
1991-07-11,0.0,15.5,32.2,24.3,1.94,9.4,48,78,25,14.0
1991-07-12,0.0,17.9,32.4,25.2,1.92,9.2,44,68,24,11.8
1991-07-13,0.5,17.6,35.4,26.7,1.61,8.9,45,73,22,13.7
1991-07-14,0.0,21.6,36.3,28.1,2.06,11.6,42,56,20,14.0
1991-07-15,0.0,18.1,31.6,25.0,2.18,9.7,54,76,36,14.0
1991-07-16,0.0,17.9,33.1,25.6,1.76,9.3,59,87,36,13.4
1991-07-17,0.1,18.4,37.6,28.1,1.4,8.2,46,78,15,13.8
1991-07-18,0.0,20.2,35.6,28.2,1.67,9.0,39,60,23,14.0
1991-07-19,0.0,20.0,34.1,27.0,1.33,8.3,51,73,28,13.9
1991-07-20,0.0,19.0,32.9,26.0,1.7,9.0,56,85,28,13.9
1991-07-21,0.0,17.6,31.5,25.1,1.48,9.2,58,89,35,13.9
1991-07-22,0.0,18.5,31.3,25.2,1.47,9.7,65,93,40,13.9
1991-07-23,0.0,18.8,33.8,26.7,1.33,6.2,50,83,23,13.9
1991-07-24,0.0,18.9,34.5,27.2,1.87,8.9,46,74,25,13.9
1991-07-25,0.0,18.8,32.5,25.4,2.06,10.6,57,76,37,13.9
1991-07-26,0.0,18.8,30.6,23.7,2.16,11.6,73,95,43,13.1
1991-07-27,0.0,17.7,31.0,23.7,2.06,9.4,72,98,44,13.6
1991-07-28,1.0,17.8,33.9,25.7,1.29,9.0,62,93,35,13.0
1991-07-29,0.0,20.3,30.7,25.2,1.97,11.7,47,64,27,13.8
1991-07-30,0.0,16.8,26.7,22.0,2.77,9.5,43,71,24,13.8
1991-07-31,0.0,15.5,27.7,21.5,1.86,8.8,38,57,27,13.2
1991-08-01,0.0,14.8,31.5,23.6,1.35,5.6,44,72,25,13.7
1991-08-02,0.0,16.5,32.6,25.0,1.46,6.4,44,74,24,13.8
1991-08-03,0.0,17.6,35.1,26.8,1.47,6.4,42,69,21,13.7
1991-08-04,0.0,18.3,34.3,26.6,2.03,9.5,43,69,23,13.6
1991-08-05,0.0,18.0,33.1,25.7,1.95,9.7,48,74,26,13.5
1991-08-06,0.0,17.1,35.0,26.3,1.76,9.5,46,74,20,13.5
1991-08-07,0.0,18.4,36.0,27.2,1.69,8.8,41,67,19,13.5
1991-08-08,0.0,20.3,32.9,25.9,2.56,12.8,46,75,23,13.4
1991-08-09,0.0,18.1,25.9,21.5,2.32,9.3,51,78,27,12.3
1991-08-10,0.0,14.8,25.9,20.7,2.35,9.9,58,80,37,13.3
1991-08-11,0.0,16.3,25.3,20.8,2.46,8.7,61,91,39,13.0
1991-08-12,0.0,14.4,29.9,22.5,1.67,8.0,53,81,29,13.2
1991-08-13,0.0,15.8,32.5,24.3,1.67,8.4,55,90,26,13.2
1991-08-14,0.0,17.2,34.3,26.0,1.65,8.3,49,78,26,11.6
1991-08-15,0.0,19.0,35.6,27.5,1.41,7.3,45,78,19,13.2
1991-08-16,0.0,19.6,35.5,27.6,1.88,9.1,38,58,18,13.2
1991-08-17,0.0,19.7,33.0,26.4,1.7,9.0,48,70,30,13.0
1991-08-18,0.0,18.2,32.3,25.2,1.81,9.0,52,81,27,13.0
1991-08-19,0.0,16.8,34.6,25.9,1.55,8.5,48,80,21,12.9
1991-08-20,0.0,18.7,37.0,28.0,1.29,7.7,41,64,18,12.7
1991-08-21,0.3,20.4,33.6,27.6,1.68,10.3,43,58,31,12.3
1991-08-22,0.0,19.6,33.3,26.6,1.92,8.9,46,76,18,12.8
1991-08-23,0.0,17.1,32.9,25.0,1.97,9.8,46,71,25,12.8
1991-08-24,0.0,18.4,32.2,25.3,1.73,9.7,57,82,37,12.5
1991-08-25,0.0,17.7,34.0,26.0,1.67,10.7,57,88,31,12.4
1991-08-26,0.0,18.8,35.1,26.8,1.57,8.4,57,88,25,11.2
1991-08-27,0.0,18.5,34.1,26.6,1.63,9.1,55,85,31,12.3
1991-08-28,0.0,19.1,33.8,25.9,1.52,8.4,63,92,31,11.4
1991-08-29,0.3,18.8,34.2,26.5,1.81,10.5,58,90,29,12.3
1991-08-30,0.0,18.4,33.9,26.0,1.4,8.8,57,87,28,12.3
1991-08-31,0.0,18.1,33.0,25.5,1.19,6.3,50,85,21,12.3
1991-09-01,0.1,17.0,31.8,24.5,1.89,9.5,47,79,24,12.1
1991-09-02,1.7,18.5,28.0,22.7,2.15,10.2,77,100,48,11.6
1991-09-03,0.1,18.5,27.0,22.1,2.36,9.8,76,99,47,10.8
1991-09-04,0.1,17.8,27.6,22.2,2.16,10.3,73,98,46,11.5
1991-09-05,0.0,17.9,28.2,22.6,1.82,7.5,70,92,45,9.2
1991-09-06,16.5,17.9,26.4,21.3,1.08,7.7,83,98,57,7.6
1991-09-07,0.0,15.9,27.2,21.8,1.8,8.6,66,94,39,12.0
1991-09-08,0.0,16.3,29.8,23.0,1.51,6.5,59,82,32,12.0
1991-09-09,0.0,16.6,28.4,22.4,1.86,9.5,69,88,45,12.0
1991-09-10,0.0,15.6,28.8,22.3,1.84,9.1,67,99,38,11.7
1991-09-11,1.3,15.1,29.0,21.8,1.14,6.7,63,86,36,12.0
1991-09-12,0.0,15.2,26.1,20.9,1.3,7.0,63,90,38,12.0
1991-09-13,0.0,14.9,26.6,20.8,1.63,6.9,60,84,36,12.0
1991-09-14,0.0,16.5,26.4,21.0,1.65,7.9,73,99,44,11.1
1991-09-15,0.0,15.1,27.8,21.2,1.47,6.1,72,99,40,11.9
1991-09-16,0.0,14.9,30.2,22.5,1.15,5.6,63,94,27,12.0
1991-09-17,0.0,16.8,29.4,23.0,1.34,7.1,63,82,39,12.0
1991-09-18,0.0,16.0,32.4,24.0,1.1,4.6,61,93,26,12.0
1991-09-19,0.0,16.7,29.9,23.3,1.47,7.8,62,85,38,12.0
1991-09-20,0.0,16.2,28.4,22.0,1.68,8.6,63,91,32,11.5
1991-09-21,0.0,15.8,28.0,21.8,1.48,7.3,65,92,39,11.9
1991-09-22,0.0,15.8,30.2,22.7,1.27,5.7,66,96,32,12.0
1991-09-23,0.0,15.9,32.0,23.6,1.6,6.8,47,71,19,12.0
1991-09-24,0.1,16.2,30.4,23.2,1.48,6.8,49,66,28,11.7
1991-09-25,4.3,17.3,23.7,20.5,1.51,8.1,68,91,54,10.0
1991-09-26,0.0,15.8,22.6,18.9,2.35,8.0,55,80,32,11.9
1991-09-27,0.0,10.1,22.3,16.3,1.37,6.3,49,73,30,11.8
1991-09-28,0.7,9.4,19.7,14.9,2.69,13.4,54,74,33,9.8
1991-09-29,11.0,11.7,17.6,14.7,2.08,10.7,66,92,39,7.6
1991-09-30,0.0,11.4,19.2,14.9,2.82,10.0,61,79,44,11.6
1991-10-01,0.0,10.7,19.3,15.6,2.27,7.6,61,81,47,11.0
1991-10-02,0.0,10.4,21.6,15.9,1.5,6.6,70,90,47,11.6
1991-10-03,0.9,10.4,18.8,15.0,1.6,8.9,85,99,72,10.1
1991-10-04,5.8,13.2,16.9,15.3,1.55,8.0,89,98,78,4.0
1991-10-05,0.0,13.4,22.9,17.4,1.74,7.1,76,96,49,10.8
1991-10-06,0.0,11.9,22.6,16.1,1.8,10.4,73,90,45,10.7
1991-10-07,0.0,9.2,23.6,16.1,1.31,7.8,75,96,43,10.8
1991-10-08,0.0,10.3,23.5,16.7,1.65,8.3,68,93,39,11.1
1991-10-09,0.0,10.8,21.5,15.6,2.39,12.1,66,91,44,10.4
1991-10-10,4.0,12.7,19.1,15.2,2.22,13.0,86,100,62,6.3
1991-10-11,6.2,9.7,17.8,13.7,1.7,12.6,73,93,48,9.4
1991-10-12,0.9,8.4,17.1,12.9,2.54,12.0,66,86,45,10.7
1991-10-13,0.1,10.5,17.5,13.4,2.36,9.7,71,94,43,10.6
1991-10-14,2.5,9.6,16.5,12.3,1.98,8.8,69,82,49,9.2
1991-10-15,0.0,7.7,16.0,11.6,1.66,6.0,72,91,46,10.4
1991-10-16,0.0,7.3,16.1,11.6,1.59,7.3,74,93,52,8.9
1991-10-17,0.0,5.5,18.3,12.3,1.54,5.8,66,88,45,10.5
1991-10-18,0.0,6.3,20.0,13.0,1.19,4.5,68,91,43,10.1
1991-10-19,1.4,8.6,20.3,13.7,2.37,10.0,68,91,43,10.2
1991-10-20,2.9,6.3,14.1,9.9,3.59,12.4,55,90,31,10.5
1991-10-21,0.0,2.2,14.2,8.2,1.42,6.8,60,81,41,9.9
1991-10-22,0.8,6.0,12.3,9.2,1.76,7.9,64,90,54,7.4
1991-10-23,10.4,7.0,10.8,8.5,2.38,11.9,95,98,90,2.0
1991-10-24,12.3,8.8,11.0,9.7,1.89,7.0,96,98,91,0.0
1991-10-25,5.2,9.8,14.8,11.8,1.34,6.5,94,98,85,1.4
1991-10-26,0.0,11.0,18.2,13.7,1.59,9.1,80,99,53,8.4
1991-10-27,0.0,8.2,17.2,12.3,1.89,6.1,69,91,44,10.0
1991-10-28,0.0,4.6,18.4,11.1,1.71,6.6,72,92,46,10.1
1991-10-29,0.0,9.0,18.4,13.1,1.34,4.9,72,87,49,9.8
1991-10-30,0.0,5.8,19.6,12.4,0.95,4.0,74,95,47,10.0
1991-10-31,0.0,7.0,20.8,13.3,1.07,3.9,73,93,44,10.0
1991-11-01,0.0,9.1,18.7,13.5,1.44,7.3,78,95,60,10.0
1991-11-02,0.0,8.0,20.7,13.3,1.06,4.0,79,100,47,10.0
1991-11-03,0.0,9.0,23.6,15.1,1.72,5.4,65,89,45,10.0
1991-11-04,0.0,13.2,19.0,16.2,3.04,13.5,60,69,49,9.8
1991-11-05,0.0,8.4,14.4,11.0,2.9,9.9,61,76,42,10.0
1991-11-06,0.0,3.2,13.9,8.1,2.61,10.3,61,78,39,10.0
1991-11-07,0.0,1.6,14.7,7.7,1.17,4.1,67,87,41,10.0
1991-11-08,0.0,2.3,16.9,9.1,0.93,3.6,68,92,39,10.0
1991-11-09,0.0,3.3,16.5,9.7,1.19,4.4,71,89,49,9.9
1991-11-10,0.0,3.3,15.1,8.9,1.65,8.3,79,97,53,7.9
1991-11-11,0.0,6.5,14.6,9.9,1.12,5.5,84,100,55,9.9
1991-11-12,0.0,4.3,16.7,9.9,1.15,4.2,75,96,45,9.9
1991-11-13,0.0,4.0,17.2,9.8,2.16,8.5,73,92,46,9.4
1991-11-14,0.0,7.3,13.0,10.7,2.12,10.7,69,81,52,7.6
1991-11-15,0.0,6.4,15.9,11.9,3.73,15.6,73,84,60,9.5
1991-11-16,0.0,10.2,15.1,12.8,3.08,12.2,69,78,57,9.5
1991-11-17,0.0,5.9,17.9,10.9,1.93,7.1,74,93,44,9.8
1991-11-18,0.0,6.1,19.5,11.7,1.99,6.8,70,89,44,9.8
1991-11-19,0.0,7.6,12.4,10.7,3.16,12.8,71,85,57,9.8
1991-11-20,0.0,5.2,9.5,7.0,4.96,15.3,66,75,52,9.8
1991-11-21,0.3,2.9,7.4,5.0,4.78,15.7,65,79,52,9.4
1991-11-22,0.0,-1.1,9.1,3.6,1.96,6.9,71,89,45,9.8
1991-11-23,0.0,-1.7,9.9,3.2,1.93,7.2,66,84,35,9.8
1991-11-24,0.0,-0.4,14.0,5.2,1.81,5.5,66,86,35,9.7
1991-11-25,0.0,2.5,17.6,8.3,1.42,5.0,63,78,35,9.7
1991-11-26,0.0,3.4,16.1,9.0,1.33,5.0,59,79,39,9.7
1991-11-27,0.0,5.9,13.6,9.4,1.23,7.1,76,94,65,9.1
1991-11-28,0.1,5.8,12.6,8.7,1.67,7.5,91,99,73,6.2
1991-11-29,11.3,7.2,12.8,10.2,2.13,10.7,98,99,94,3.9
1991-11-30,3.7,4.9,14.3,8.5,1.62,5.5,85,98,53,8.8
1991-12-01,3.4,4.8,12.9,8.5,1.58,8.4,81,97,55,9.4
1991-12-02,0.0,3.2,11.6,6.7,1.37,5.8,78,94,52,9.3
1991-12-03,0.1,2.3,9.4,5.8,1.23,5.8,85,93,75,9.1
1991-12-04,0.0,2.2,10.9,6.1,1.8,6.4,86,99,62,8.0
1991-12-05,0.0,6.2,11.5,8.3,1.08,5.3,89,99,69,7.1
1991-12-06,0.0,4.4,13.9,8.3,1.09,5.7,86,97,66,5.9
1991-12-07,0.2,6.7,9.5,7.8,2.0,9.1,89,100,76,0.3
1991-12-08,3.7,6.2,7.8,6.9,1.06,5.5,90,96,82,0.0
1991-12-09,2.8,5.8,7.8,6.5,1.29,5.2,92,98,83,0.5
1991-12-10,0.0,4.0,9.6,6.8,1.14,5.4,86,99,66,5.8
1991-12-11,0.0,5.5,9.7,7.2,1.24,6.2,89,99,72,5.1
1991-12-12,0.2,4.0,8.9,6.0,2.01,8.7,92,99,75,6.1
1991-12-13,1.1,5.2,9.3,6.6,2.51,12.0,91,99,71,8.5
1991-12-14,0.1,4.7,9.1,6.8,2.07,9.6,87,99,66,6.6
1991-12-15,0.9,4.5,9.8,6.9,0.85,4.8,88,97,72,4.1
1991-12-16,0.2,5.7,10.8,7.9,0.61,3.2,89,98,68,7.9
1991-12-17,0.0,2.7,11.4,6.3,1.18,4.2,86,99,61,8.0
1991-12-18,0.0,0.7,13.7,6.4,1.65,6.3,77,97,47,8.1
1991-12-19,0.0,3.3,17.2,8.5,1.78,5.0,70,89,35,8.8
1991-12-20,0.0,6.1,15.2,9.6,3.33,12.4,57,74,34,9.0
1991-12-21,0.0,3.8,15.0,8.1,2.88,8.1,53,72,32,9.0
1991-12-22,0.0,5.8,16.4,10.0,3.76,13.0,44,52,35,9.2
1991-12-23,0.0,3.9,17.7,9.5,2.12,6.2,52,69,31,9.1
1991-12-24,0.0,2.1,16.7,8.4,1.54,4.9,53,72,31,9.2
1991-12-25,0.0,4.2,10.6,8.0,1.32,6.5,70,95,56,7.3
1991-12-26,0.0,1.3,9.4,4.5,1.33,4.3,78,100,51,8.8
1991-12-27,0.0,-1.2,14.3,4.7,1.55,4.5,69,91,35,9.1
1991-12-28,0.0,-0.7,12.4,5.2,1.26,4.2,67,83,43,9.1
1991-12-29,0.1,4.8,8.9,6.6,1.06,5.6,87,96,67,1.4
1991-12-30,0.0,3.5,9.7,6.1,1.24,5.9,88,99,69,5.5
1991-12-31,0.0,0.3,10.4,4.5,1.08,4.2,79,97,51,8.9
1992-01-01,0.0,0.6,7.4,4.0,1.25,6.0,87,96,75,0.6
1992-01-02,0.0,4.3,8.9,6.0,1.96,8.6,91,98,73,4.6
1992-01-03,0.2,4.6,10.0,6.5,1.25,6.1,89,99,65,5.9
1992-01-04,0.0,-0.8,9.5,4.2,1.12,4.1,77,98,49,8.9
1992-01-05,0.0,-0.2,8.0,3.7,1.35,7.7,83,97,72,4.4
1992-01-06,0.0,3.5,9.1,5.9,1.15,7.2,89,99,71,5.4
1992-01-07,0.0,3.3,11.4,6.5,1.16,5.5,87,99,65,6.6
1992-01-08,0.0,4.8,14.8,8.4,1.23,7.6,81,92,59,2.0
1992-01-09,0.0,5.3,14.3,8.4,1.99,8.6,72,91,46,8.8
1992-01-10,0.0,0.5,9.9,4.4,1.87,5.9,75,90,48,9.2
1992-01-11,0.0,-0.6,7.9,3.1,1.06,5.0,77,92,53,8.6
1992-01-12,0.0,-1.7,8.8,3.1,0.81,5.2,72,90,44,7.1
1992-01-13,0.0,-0.6,8.0,3.7,1.34,5.9,78,96,64,7.8
1992-01-14,0.8,4.8,9.3,6.4,1.08,4.8,88,99,69,2.8
1992-01-15,0.0,1.3,9.0,5.4,1.26,5.7,84,99,64,5.6
1992-01-16,0.0,2.2,8.3,5.1,1.21,4.8,84,99,66,7.6
1992-01-17,0.0,-1.3,10.9,4.2,1.43,4.3,77,94,50,9.3
1992-01-18,0.0,2.1,10.5,5.3,0.94,5.2,81,95,59,9.0
1992-01-19,0.0,-1.2,13.1,4.9,1.06,3.9,73,93,43,9.4
1992-01-20,0.0,-1.9,12.4,4.0,1.75,7.0,71,91,38,9.4
1992-01-21,0.0,-1.6,8.8,3.2,2.02,8.5,71,86,45,8.3
1992-01-22,1.1,-0.2,7.3,3.4,1.12,4.2,78,89,59,6.4
1992-01-23,0.7,-2.4,3.5,1.0,2.07,9.6,68,92,41,9.2
1992-01-24,0.0,-0.4,8.2,3.4,3.99,12.0,61,71,48,9.3
1992-01-25,0.0,3.1,11.9,7.1,3.08,10.4,68,89,43,9.4
1992-01-26,0.0,-0.3,10.9,5.0,2.27,7.6,66,83,41,9.0
1992-01-27,0.0,-2.2,9.2,2.8,1.59,5.0,66,84,41,9.6
1992-01-28,16.7,-0.5,5.6,2.9,2.6,11.4,89,98,68,0.8
1992-01-29,9.9,3.5,5.9,4.6,2.87,9.0,95,98,90,0.0
1992-01-30,2.2,3.5,8.1,5.2,1.7,6.8,93,99,80,5.7
1992-01-31,0.0,0.9,8.3,4.4,1.54,5.6,87,96,69,5.1
1992-02-01,0.0,0.5,9.8,4.5,1.07,6.4,84,98,61,9.3
1992-02-02,0.0,-0.7,9.4,4.2,1.15,6.8,80,97,61,9.7
1992-02-03,0.0,-1.6,11.3,4.0,1.02,4.0,72,96,41,9.8
1992-02-04,0.0,-1.8,15.1,5.0,1.5,4.6,58,81,30,9.9
1992-02-05,0.0,0.1,16.0,6.7,1.69,4.8,60,77,34,9.9
1992-02-06,0.0,-0.3,16.5,7.3,1.15,3.7,66,87,34,10.0
1992-02-07,0.0,0.1,15.5,6.9,1.32,6.1,68,85,36,10.0
1992-02-08,0.0,4.2,12.9,7.6,1.25,6.0,75,93,55,9.8
1992-02-09,0.0,0.2,15.2,6.6,1.1,4.0,78,99,47,10.0
1992-02-10,0.0,0.6,15.1,7.0,1.43,4.5,74,92,46,10.2
1992-02-11,0.0,1.3,17.6,8.5,1.08,4.2,73,94,42,10.2
1992-02-12,0.0,3.5,18.5,9.7,1.64,6.1,63,90,31,10.2
1992-02-13,1.0,4.8,13.1,9.6,3.33,14.2,57,80,38,10.4
1992-02-14,0.0,-0.3,16.0,7.2,1.18,4.3,63,86,32,10.5
1992-02-15,0.0,1.5,17.9,8.7,1.37,5.1,62,82,35,10.0
1992-02-16,0.3,4.0,18.6,10.7,1.36,7.3,63,82,38,10.4
1992-02-17,0.1,5.1,14.7,9.6,1.45,6.6,76,91,58,8.0
1992-02-18,6.4,5.8,9.7,7.3,1.53,7.2,92,98,82,0.1
1992-02-19,26.0,3.5,6.3,4.5,2.97,12.1,95,99,81,0.5
1992-02-20,63.2,2.5,4.5,3.2,3.35,16.8,98,100,96,0.4
1992-02-21,2.3,1.4,5.4,2.9,2.76,8.9,81,95,65,8.3
1992-02-22,0.0,-8.7,5.2,0.9,1.66,7.2,83,98,70,8.0
1992-02-23,0.0,-3.4,7.6,3.1,1.69,9.5,85,97,72,10.4
1992-02-24,4.7,1.3,7.2,4.1,1.05,6.2,94,99,86,1.0
1992-02-25,0.7,1.3,9.0,4.6,1.98,9.3,86,96,70,10.8
1992-02-26,0.0,0.8,11.9,5.5,1.73,7.1,78,94,52,10.8
1992-02-27,0.0,0.2,12.9,6.2,1.41,6.5,77,96,50,10.6
1992-02-28,0.0,4.0,11.6,7.1,1.65,9.2,84,100,59,10.0
1992-02-29,0.1,5.6,9.9,7.2,1.99,9.5,88,98,74,2.7
1992-03-01,0.1,5.4,11.8,8.2,1.83,8.8,88,99,71,4.8
1992-03-02,4.2,6.7,10.8,8.1,2.9,11.8,91,99,71,2.0
1992-03-03,14.2,7.0,8.5,7.6,3.32,11.7,95,99,88,0.1
1992-03-04,9.4,6.5,10.2,7.8,2.05,6.7,97,99,95,0.2
1992-03-05,0.0,5.2,12.9,8.7,2.3,8.4,82,98,61,6.3
1992-03-06,2.1,5.7,12.1,9.0,1.8,7.9,85,95,74,9.9
1992-03-07,0.0,5.1,17.1,10.5,1.55,6.1,77,99,46,11.0
1992-03-08,0.0,3.5,18.0,10.3,1.57,7.3,76,94,47,9.8
1992-03-09,1.3,6.1,12.7,9.3,1.71,7.6,81,100,56,10.1
1992-03-10,0.0,3.0,13.3,7.7,1.62,5.4,78,98,50,11.0
1992-03-11,0.0,1.8,15.3,8.2,1.44,5.8,76,95,48,11.1
1992-03-12,0.0,4.1,13.9,8.7,1.43,6.0,82,99,60,11.0
1992-03-13,0.0,2.2,17.9,9.8,1.18,5.2,72,98,39,11.2
1992-03-14,0.0,4.8,18.4,11.2,2.57,8.5,64,87,39,11.4
1992-03-15,0.0,3.2,18.0,11.1,1.8,6.8,65,90,45,11.4
1992-03-16,0.0,4.0,18.9,11.3,1.43,5.0,70,88,45,11.5
1992-03-17,0.0,4.3,19.1,11.4,1.31,7.6,79,98,51,11.6
1992-03-18,0.7,6.6,17.2,11.5,1.26,7.6,86,100,67,11.0
1992-03-19,1.4,5.9,14.9,10.5,1.44,7.7,83,96,66,11.3
1992-03-20,0.0,3.1,19.2,10.8,1.27,4.4,71,97,41,11.8
1992-03-21,0.0,5.3,20.2,12.7,1.38,7.0,69,89,42,11.8
1992-03-22,0.0,6.3,21.0,13.3,1.47,4.9,65,88,37,11.8
1992-03-23,0.0,6.2,21.0,13.9,2.81,11.0,54,85,28,11.8
1992-03-24,2.0,5.5,14.3,9.4,4.05,15.6,49,84,30,8.0
1992-03-25,0.5,2.6,9.4,5.8,3.19,11.2,56,76,41,11.1
1992-03-26,0.2,0.9,11.5,5.7,4.86,17.2,60,78,41,9.8
1992-03-27,1.6,3.7,10.0,6.6,6.59,23.2,59,83,44,11.9
1992-03-28,0.0,1.9,12.4,6.7,4.92,14.9,46,63,34,12.0
1992-03-29,0.0,1.9,14.3,8.0,2.9,12.0,53,73,38,12.0
1992-03-30,0.0,5.4,13.7,9.1,4.2,17.6,60,78,43,12.0
1992-03-31,7.5,3.9,9.7,6.8,5.18,22.1,69,96,47,12.0
1992-04-01,0.0,5.1,11.8,8.1,5.59,16.2,61,69,50,12.0
1992-04-02,0.0,8.2,14.9,11.4,2.99,11.7,68,79,57,7.7
1992-04-03,3.0,5.3,13.7,9.6,1.44,6.6,79,89,65,5.1
1992-04-04,4.9,4.6,14.8,9.4,1.66,7.3,74,94,48,10.8
1992-04-05,0.0,6.5,12.5,9.1,3.54,14.5,68,84,50,6.2
1992-04-06,0.0,1.3,15.6,9.4,3.05,10.9,54,80,39,12.0
1992-04-07,1.8,7.0,16.8,11.5,4.27,16.7,67,88,45,11.0
1992-04-08,0.8,8.2,12.5,10.0,5.09,19.5,63,72,51,11.0
1992-04-09,0.2,5.1,13.9,9.4,3.85,12.2,60,74,44,12.0
1992-04-10,0.0,5.1,15.5,10.3,3.14,11.7,57,77,37,12.1
1992-04-11,0.0,4.1,19.3,11.6,2.54,7.9,55,75,34,12.3
1992-04-12,0.0,5.1,20.9,13.6,2.11,6.1,51,81,28,12.4
1992-04-13,0.1,5.6,18.1,12.1,1.66,7.8,66,87,46,12.1
1992-04-14,0.9,5.5,19.4,12.4,1.35,6.2,70,99,41,12.3
1992-04-15,0.0,8.3,20.2,13.9,2.93,11.7,61,85,34,12.0
1992-04-16,0.0,7.5,14.7,11.3,4.02,13.4,46,74,25,12.6
1992-04-17,0.0,3.6,14.9,9.5,4.27,13.5,42,56,32,12.6
1992-04-18,0.0,6.5,20.5,13.7,2.5,9.3,57,82,39,12.3
1992-04-19,0.0,5.9,19.9,13.4,2.13,9.2,63,84,48,12.6
1992-04-20,0.0,5.8,21.9,13.9,1.62,7.9,66,94,36,12.7
1992-04-21,0.0,7.0,23.5,15.4,1.53,8.4,60,89,29,12.4
1992-04-22,0.0,7.0,23.6,15.9,1.63,7.2,56,86,30,12.9
1992-04-23,0.0,8.0,24.2,16.5,1.49,6.6,60,87,34,12.8
1992-04-24,0.0,8.9,24.4,17.1,1.71,8.3,60,90,34,13.0
1992-04-25,0.0,9.5,25.4,17.9,1.5,6.0,58,84,32,13.0
1992-04-26,0.0,10.4,25.3,18.3,1.53,6.6,64,91,37,12.9
1992-04-27,0.0,11.4,26.5,19.1,1.61,8.1,59,89,33,13.2
1992-04-28,0.0,11.0,27.0,19.5,1.35,6.7,54,85,27,13.1
1992-04-29,0.0,10.3,20.1,15.6,2.45,10.1,47,81,23,13.3
1992-04-30,0.0,6.0,20.9,13.8,2.36,10.4,50,76,30,13.5
1992-05-01,0.0,8.5,24.1,16.3,2.25,9.3,53,80,32,13.0
1992-05-02,11.2,9.4,16.7,12.0,3.16,16.3,71,88,44,7.3
1992-05-03,22.2,3.6,9.0,6.3,5.93,19.3,80,95,44,1.0
1992-05-04,8.8,6.7,14.3,10.4,3.82,12.9,79,96,62,2.9
1992-05-05,0.0,6.0,18.8,13.0,1.74,6.6,70,91,47,13.1
1992-05-06,0.0,9.1,19.0,14.0,2.17,10.3,73,93,53,13.2
1992-05-07,0.0,7.2,19.1,13.3,1.64,7.9,71,92,48,13.8
1992-05-08,0.1,8.2,18.8,13.7,1.63,7.2,70,96,46,13.8
1992-05-09,0.0,6.5,23.1,15.1,1.34,7.1,65,91,37,13.9
1992-05-10,0.0,9.6,26.0,17.9,1.57,7.6,63,87,35,13.9
1992-05-11,0.1,12.1,26.0,18.6,1.85,9.3,61,84,33,13.9
1992-05-12,0.0,11.4,22.6,17.0,1.86,10.0,71,94,51,13.9
1992-05-13,0.0,11.3,21.4,16.1,2.07,11.0,58,84,40,14.0
1992-05-14,0.0,9.5,22.0,16.1,1.59,7.9,56,80,37,13.0
1992-05-15,0.0,11.0,23.7,17.5,1.74,9.2,55,76,39,14.0
1992-05-16,0.0,10.4,24.2,17.8,1.4,7.0,54,80,31,14.0
1992-05-17,0.0,11.1,25.4,18.4,1.5,6.4,54,77,28,14.0
1992-05-18,0.0,11.4,28.5,19.8,1.74,9.8,54,81,25,13.4
1992-05-19,0.0,13.3,26.7,20.1,1.7,10.9,57,81,31,11.0
1992-05-20,1.5,14.7,23.3,18.8,1.61,7.9,67,81,48,13.1
1992-05-21,0.2,12.2,24.0,17.9,1.67,8.7,75,97,50,10.1
1992-05-22,0.0,11.6,23.7,18.0,1.2,8.6,74,97,51,9.9
1992-05-23,0.0,11.4,22.2,17.0,2.18,10.3,60,87,36,13.2
1992-05-24,0.1,13.3,20.9,17.0,2.94,10.7,55,75,36,12.7
1992-05-25,0.0,9.3,24.6,17.0,2.21,11.4,51,81,32,13.6
1992-05-26,0.0,11.9,23.4,17.4,2.04,9.3,55,78,33,8.5
1992-05-27,0.6,10.0,24.6,17.6,1.54,8.9,65,89,41,14.0
1992-05-28,0.0,11.3,24.9,18.2,1.43,6.9,62,88,34,12.0
1992-05-29,0.0,14.1,25.8,19.5,1.63,7.1,60,81,37,10.1
1992-05-30,1.2,14.3,25.3,19.8,1.01,6.1,64,87,42,11.8
1992-05-31,4.7,13.9,22.2,18.0,1.56,8.0,78,95,62,14.0
1992-06-01,5.7,12.0,19.6,15.7,2.74,11.9,68,87,44,13.3
1992-06-02,0.1,9.5,20.2,15.8,1.78,7.9,61,87,42,14.0
1992-06-03,2.3,9.3,20.7,15.1,1.79,8.8,62,83,41,13.6
1992-06-04,0.0,8.7,21.0,15.4,2.59,10.3,54,80,33,14.0
1992-06-05,0.0,7.5,23.1,15.9,2.07,9.2,51,81,26,14.0
1992-06-06,3.3,8.4,18.6,13.5,1.11,7.2,67,83,43,10.2
1992-06-07,0.0,7.4,21.4,14.5,2.49,11.4,58,86,32,14.0
1992-06-08,0.0,8.4,22.8,16.2,1.59,6.9,54,86,30,14.0
1992-06-09,6.2,10.2,19.1,14.6,2.35,11.7,61,81,44,11.4
1992-06-10,0.0,10.4,19.1,14.7,3.46,12.8,42,58,30,13.9
1992-06-11,0.0,7.8,20.8,15.0,2.58,10.4,49,71,34,13.8
1992-06-12,0.4,11.4,20.1,15.5,1.79,7.6,63,79,52,9.4
1992-06-13,11.3,11.7,14.7,13.2,1.71,8.3,88,98,78,1.2
1992-06-14,21.3,12.0,19.8,14.9,3.76,17.7,88,100,68,7.8
1992-06-15,18.2,13.1,19.9,15.1,1.47,7.7,87,96,64,7.6
1992-06-16,0.0,11.3,20.9,16.4,2.49,10.0,68,86,51,14.0
1992-06-17,4.2,12.5,20.5,16.7,1.34,6.0,76,90,59,13.6
1992-06-18,0.2,12.4,23.9,18.2,1.91,6.0,71,95,46,14.0
1992-06-19,0.0,14.5,25.8,20.4,2.58,8.7,59,86,33,14.0
1992-06-20,0.3,11.1,20.7,16.5,2.27,9.8,65,77,57,13.0
1992-06-21,5.6,12.7,16.6,14.4,1.56,7.6,84,94,73,0.2
1992-06-22,17.8,12.6,20.4,15.8,1.2,10.7,83,97,63,9.4
1992-06-23,0.0,13.2,20.3,16.7,2.79,11.5,62,83,41,14.0
1992-06-24,0.0,10.5,23.2,17.3,1.64,7.4,62,87,41,14.0
1992-06-25,0.0,11.2,24.7,18.6,1.41,5.6,64,90,39,14.0
1992-06-26,0.0,12.3,25.1,19.5,1.37,7.5,69,92,44,14.0
1992-06-27,0.0,12.9,26.0,20.0,1.6,8.2,70,93,45,14.0
1992-06-28,0.0,12.8,26.6,20.4,1.67,7.9,66,92,43,13.8
1992-06-29,0.0,13.6,27.4,21.0,1.62,8.4,66,93,42,12.0
1992-06-30,0.1,15.6,26.7,21.3,0.97,6.6,68,93,42,11.9
1992-07-01,0.0,13.1,26.4,20.4,1.51,6.7,61,89,37,14.0
1992-07-02,0.0,14.6,25.3,20.1,1.81,9.8,68,93,46,14.0
1992-07-03,0.0,13.1,28.1,20.7,1.67,8.5,69,98,41,14.0
1992-07-04,0.0,14.4,31.8,23.5,1.12,6.5,59,90,31,14.0
1992-07-05,0.0,14.5,24.7,20.0,2.27,9.6,65,86,48,14.0
1992-07-06,0.0,14.5,23.3,18.7,1.68,10.3,67,88,45,13.7
1992-07-07,0.0,12.8,23.5,18.4,1.8,8.3,69,97,44,13.5
1992-07-08,0.0,12.7,24.6,19.1,1.5,9.1,67,97,42,14.0
1992-07-09,0.0,13.4,25.7,20.2,1.66,7.2,71,98,46,14.0
1992-07-10,0.7,15.6,27.7,22.0,1.31,5.2,62,88,35,12.9
1992-07-11,0.0,15.9,27.0,21.2,1.84,8.9,64,88,41,14.0
1992-07-12,0.0,14.2,30.6,22.8,1.42,8.7,63,92,33,14.0
1992-07-13,0.0,18.0,29.4,23.3,1.67,7.9,56,82,35,14.0
1992-07-14,0.0,15.5,29.3,22.3,1.78,9.1,57,81,35,14.0
1992-07-15,0.0,13.6,30.9,22.7,1.83,8.9,49,79,22,14.0
1992-07-16,0.0,14.2,30.5,22.7,1.5,7.4,44,76,17,13.9
1992-07-17,0.0,14.7,30.0,23.2,1.64,7.7,40,63,19,14.0
1992-07-18,0.0,16.6,29.3,23.2,1.83,8.4,44,61,31,13.9
1992-07-19,0.0,15.9,30.3,23.5,2.19,11.1,47,70,28,13.9
1992-07-20,0.0,16.2,32.2,24.5,1.78,8.3,50,72,27,13.9
1992-07-21,0.0,18.5,33.3,25.7,1.53,7.8,54,83,22,13.3
1992-07-22,0.0,18.5,29.7,24.1,1.72,8.9,59,77,42,13.9
1992-07-23,0.0,18.8,29.9,24.0,1.48,8.1,73,98,46,13.3
1992-07-24,0.0,17.7,29.9,24.0,1.66,8.1,68,95,41,13.0
1992-07-25,0.0,16.4,29.1,23.1,1.8,9.2,59,90,38,13.8
1992-07-26,0.0,15.2,30.5,23.3,1.73,8.5,58,87,32,13.8
1992-07-27,0.0,15.1,32.1,24.3,1.61,6.9,48,81,21,13.8
1992-07-28,0.0,16.8,32.6,25.1,1.6,7.8,43,68,24,13.7
1992-07-29,0.0,17.8,32.7,25.2,1.69,8.0,48,74,24,13.6
1992-07-30,0.0,18.7,29.3,24.0,1.88,9.9,57,79,38,13.6
1992-07-31,0.0,16.5,30.5,23.9,1.79,8.8,64,88,42,13.2
1992-08-01,0.1,17.7,32.4,25.5,1.5,7.8,59,92,28,12.5
1992-08-02,0.0,19.2,33.0,26.4,1.61,8.1,48,82,23,13.0
1992-08-03,0.0,18.0,33.7,26.1,1.05,4.5,45,69,24,9.8
1992-08-04,0.0,19.6,33.4,26.7,1.85,9.2,49,76,27,13.4
1992-08-05,0.0,17.8,32.8,25.8,1.77,9.2,47,74,27,13.4
1992-08-06,0.0,18.8,33.8,26.4,1.81,9.4,46,69,25,13.3
1992-08-07,0.0,17.9,32.9,25.7,2.02,10.2,52,79,30,13.4
1992-08-08,0.0,17.8,30.6,24.4,2.41,14.3,59,82,35,12.7
1992-08-09,0.0,16.8,26.0,21.7,2.61,10.7,40,81,26,13.4
1992-08-10,0.0,13.5,29.3,21.7,2.04,9.4,44,74,24,13.3
1992-08-11,0.0,14.2,29.9,22.2,2.1,10.3,49,79,26,13.2
1992-08-12,0.0,16.3,29.9,22.7,1.74,8.9,61,87,33,13.0
1992-08-13,0.0,15.9,31.4,23.6,1.79,10.2,65,94,33,13.1
1992-08-14,1.0,16.7,30.6,23.3,1.3,8.3,66,91,35,12.9
1992-08-15,0.0,18.2,29.0,23.3,1.57,8.1,70,95,40,13.0
1992-08-16,0.0,16.2,30.6,23.4,1.79,9.2,69,100,38,12.9
1992-08-17,0.0,16.2,33.1,24.7,1.72,9.1,57,92,24,13.0
1992-08-18,0.0,16.8,34.8,25.8,1.57,7.3,51,83,20,12.8
1992-08-19,0.3,18.3,31.0,24.8,1.52,9.4,54,77,35,12.8
1992-08-20,0.0,17.2,31.7,24.5,0.83,5.3,55,87,24,12.8
1992-08-21,0.0,17.2,31.8,24.6,1.71,6.8,43,68,23,12.8
1992-08-22,0.0,17.9,32.2,25.1,1.38,6.7,47,70,25,12.5
1992-08-23,0.0,18.2,33.5,26.1,1.48,6.1,43,64,26,12.6
1992-08-24,0.0,18.8,33.4,26.4,1.54,8.3,48,76,27,12.5
1992-08-25,0.0,18.6,34.3,26.5,1.46,7.8,48,77,23,12.1
1992-08-26,0.0,17.8,33.0,25.7,1.53,7.7,50,78,24,12.5
1992-08-27,0.0,19.5,33.5,26.4,2.11,9.4,42,65,22,12.3
1992-08-28,0.0,17.3,33.6,25.2,2.39,18.2,38,60,13,11.9
1992-08-29,0.0,15.7,23.5,20.2,3.99,16.0,45,66,28,12.3
1992-08-30,0.0,12.2,27.9,20.1,1.48,5.8,43,69,25,12.2
1992-08-31,0.0,14.5,28.3,21.4,2.94,12.9,49,67,28,12.0
1992-09-01,0.0,16.1,24.0,20.0,2.55,9.4,63,83,48,12.1
1992-09-02,0.0,13.3,29.0,20.7,1.55,8.6,64,90,35,12.0
1992-09-03,0.0,14.7,30.4,22.7,1.27,7.5,60,93,25,12.0
1992-09-04,0.0,15.4,29.9,22.7,1.35,8.3,64,93,34,12.0
1992-09-05,0.0,17.0,27.2,21.7,1.82,8.4,69,94,45,12.0
1992-09-06,0.0,17.4,28.2,22.0,1.68,8.5,71,98,40,12.0
1992-09-07,0.0,16.6,29.7,22.8,1.58,7.7,65,94,34,12.0
1992-09-08,0.0,17.9,26.9,21.8,1.52,7.8,75,99,45,9.7
1992-09-09,1.3,16.0,27.3,21.3,1.56,9.8,72,94,38,12.0
1992-09-10,0.3,17.8,27.0,21.4,2.01,9.9,76,97,48,10.8
1992-09-11,0.0,15.3,30.3,22.6,1.41,6.8,68,98,35,12.0
1992-09-12,0.0,17.6,28.0,22.1,1.73,7.7,75,100,46,11.5
1992-09-13,0.6,17.1,29.8,22.7,1.21,7.5,76,100,44,11.2
1992-09-14,0.3,17.4,29.3,23.2,1.18,8.1,69,93,45,11.5
1992-09-15,0.0,17.4,28.9,22.6,1.41,7.4,72,92,47,11.4
1992-09-16,0.0,17.2,28.3,22.1,1.38,7.3,75,100,45,11.0
1992-09-17,0.2,15.4,30.5,22.7,1.32,7.4,69,95,39,11.8
1992-09-18,0.2,15.3,29.2,21.5,1.4,9.5,72,90,42,9.0
1992-09-19,0.0,16.3,27.7,21.0,1.68,8.4,73,97,40,10.7
1992-09-20,0.2,17.7,26.8,21.1,1.35,7.6,76,94,47,11.2
1992-09-21,0.6,17.7,27.6,21.5,1.49,9.9,75,99,43,9.6
1992-09-22,0.0,13.2,22.8,18.2,2.23,8.9,57,83,32,11.6
1992-09-23,0.0,10.8,22.4,16.6,1.94,8.5,56,78,37,12.0
1992-09-24,0.0,11.4,23.3,17.2,1.89,8.8,74,95,43,11.9
1992-09-25,0.0,14.9,23.5,18.5,1.7,9.0,76,98,50,11.1
1992-09-26,3.6,15.1,23.3,18.9,2.59,15.2,76,97,46,9.7
1992-09-27,0.8,10.6,18.6,14.2,2.98,13.1,56,76,38,11.8
1992-09-28,0.0,7.2,22.7,14.6,1.29,4.6,60,87,33,11.8
1992-09-29,0.3,9.7,23.2,16.4,1.01,5.0,64,84,41,10.2
1992-09-30,0.0,11.3,24.9,18.0,1.42,5.5,64,89,36,11.7
1992-10-01,0.0,11.0,25.0,18.1,1.34,6.6,62,91,33,11.6
1992-10-02,0.0,11.0,26.2,18.6,0.9,3.9,61,88,32,11.3
1992-10-03,0.0,13.8,25.4,19.6,2.76,12.0,51,71,34,11.6
1992-10-04,0.0,13.3,18.9,15.7,5.78,20.7,50,78,31,11.4
1992-10-05,0.0,11.4,20.0,15.3,4.82,14.8,48,63,32,11.1
1992-10-06,0.0,9.7,19.5,14.8,2.02,8.5,51,75,34,11.1
1992-10-07,0.0,8.6,20.3,14.3,2.17,10.3,56,89,34,10.2
1992-10-08,27.5,12.3,16.2,13.3,1.98,8.2,94,98,85,2.5
1992-10-09,0.0,9.2,18.2,13.4,1.45,8.0,75,99,43,10.7
1992-10-10,0.1,9.4,17.4,12.9,1.95,6.8,68,88,43,11.0
1992-10-11,0.5,8.5,16.4,12.1,1.82,6.8,69,86,49,10.7
1992-10-12,0.0,8.0,15.3,11.2,1.64,6.1,67,90,40,10.5
1992-10-13,0.0,5.8,15.4,10.7,2.88,11.4,69,88,49,9.4
1992-10-14,0.0,6.0,18.5,12.4,2.07,8.3,64,89,40,10.7
1992-10-15,0.0,5.5,19.1,12.1,1.2,6.0,70,90,44,7.7
1992-10-16,0.2,10.7,18.8,14.1,1.43,7.4,77,86,60,2.5
1992-10-17,0.0,10.5,16.0,13.6,3.63,12.8,63,83,44,10.4
1992-10-18,1.4,5.4,15.8,10.4,1.64,7.3,70,88,49,8.2
1992-10-19,0.0,7.8,20.9,13.6,1.64,9.7,76,92,52,9.7
1992-10-20,0.0,11.2,19.4,14.7,1.34,7.1,76,93,52,10.2
1992-10-21,0.0,8.6,15.7,12.2,2.3,8.3,66,92,41,10.2
1992-10-22,0.0,3.9,14.3,9.5,2.48,10.3,59,85,34,10.3
1992-10-23,0.0,9.0,17.9,12.7,2.96,10.6,60,76,43,10.2
1992-10-24,0.0,8.7,20.3,14.0,2.05,7.2,67,86,46,10.2
1992-10-25,0.0,6.6,22.0,13.6,1.23,4.2,71,93,40,10.2
1992-10-26,0.0,6.8,21.6,13.6,1.08,4.5,68,89,39,10.1
1992-10-27,0.0,8.0,22.3,14.7,1.36,5.6,62,79,38,9.1
1992-10-28,1.1,13.7,20.4,16.0,2.6,11.2,72,84,52,9.6
1992-10-29,0.0,13.6,20.8,16.6,2.46,8.8,71,86,50,9.2
1992-10-30,0.4,13.4,18.9,15.8,2.71,12.7,70,87,49,10.0
1992-10-31,0.4,7.4,12.4,9.4,3.81,12.2,64,73,51,10.0
1992-11-01,0.0,4.6,11.6,7.8,4.37,13.8,52,60,42,9.8
1992-11-02,0.0,6.0,14.5,9.5,3.98,14.2,51,62,37,10.0
1992-11-03,0.0,8.5,18.2,12.5,2.57,9.0,64,80,46,10.0
1992-11-04,0.0,5.6,19.0,12.2,1.82,6.6,66,90,40,10.0
1992-11-05,0.0,9.7,17.5,13.4,1.4,7.9,68,82,55,10.0
1992-11-06,0.0,6.2,17.7,12.2,1.26,6.6,78,94,58,10.0
1992-11-07,0.5,6.2,16.8,11.4,2.1,9.6,78,96,59,10.0
1992-11-08,2.0,9.1,15.2,11.8,1.49,6.7,79,93,59,9.4
1992-11-09,1.2,8.8,15.1,11.3,1.34,5.1,88,97,71,8.8
1992-11-10,0.0,7.7,18.6,13.0,1.09,4.7,76,100,46,9.9
1992-11-11,0.0,6.4,20.4,12.6,1.74,5.8,71,93,41,9.8
1992-11-12,0.0,10.4,17.6,13.3,2.25,9.9,74,91,54,9.9
1992-11-13,0.0,7.5,20.8,13.2,2.46,10.2,72,93,46,9.9
1992-11-14,0.0,8.3,21.5,14.2,1.57,6.4,68,89,39,9.9
1992-11-15,0.1,8.7,20.3,13.4,2.28,8.7,67,85,39,9.2
1992-11-16,3.5,7.1,12.9,9.7,3.78,13.7,66,87,44,9.8
1992-11-17,0.0,6.2,13.7,9.6,3.11,11.4,65,75,52,9.8
1992-11-18,0.0,10.2,16.6,12.5,3.44,12.4,66,80,51,9.8
1992-11-19,0.0,6.8,18.5,11.5,2.29,6.9,74,94,42,9.8
1992-11-20,0.0,5.8,19.9,11.8,1.73,6.0,69,89,41,9.8
1992-11-21,0.0,5.0,20.6,11.6,1.14,4.1,66,91,32,9.8
1992-11-22,0.0,4.6,21.4,11.6,1.29,4.3,57,83,25,9.8
1992-11-23,0.0,3.6,20.7,11.0,1.18,4.5,54,71,24,9.7
1992-11-24,0.0,4.4,20.4,10.9,1.27,4.2,62,82,30,9.7
1992-11-25,0.0,6.0,20.5,11.6,1.53,5.2,51,78,31,9.7
1992-11-26,0.0,5.9,21.2,12.3,1.27,3.9,66,86,37,9.7
1992-11-27,0.0,6.3,19.4,11.7,1.33,5.2,70,88,43,9.6
1992-11-28,0.0,4.4,18.5,10.5,1.07,3.6,67,89,36,9.2
1992-11-29,0.0,5.4,18.4,10.7,1.1,4.0,64,79,38,8.4
1992-11-30,0.0,5.3,18.3,10.6,1.47,4.7,63,85,33,9.6
1992-12-01,0.0,5.2,16.4,9.6,1.33,4.3,58,73,38,9.6
1992-12-02,0.0,4.0,16.8,9.5,1.64,4.9,71,87,49,7.7
1992-12-03,0.0,8.5,16.1,11.4,2.63,13.4,74,88,49,8.8
1992-12-04,0.0,8.7,14.4,11.2,2.86,10.2,72,83,57,2.4
1992-12-05,0.0,8.6,14.6,12.2,5.34,18.6,62,74,46,8.9
1992-12-06,0.0,6.4,15.4,10.4,2.11,9.2,73,86,58,9.0
1992-12-07,0.0,7.5,14.1,11.0,4.87,18.9,69,79,57,9.2
1992-12-08,0.0,5.1,10.0,7.0,7.01,17.6,58,68,45,9.4
1992-12-09,0.0,5.3,11.2,7.6,5.78,16.1,59,67,48,9.4
1992-12-10,0.0,5.1,11.5,8.2,2.31,7.7,72,88,54,7.9
1992-12-11,0.1,3.0,9.1,6.4,1.72,7.5,87,98,70,5.0
1992-12-12,0.1,3.7,10.1,7.4,0.97,4.9,83,98,60,5.6
1992-12-13,0.0,-0.6,12.8,5.6,1.17,4.2,69,94,40,9.4
1992-12-14,0.0,0.9,11.8,5.6,1.2,4.8,68,86,45,9.3
1992-12-15,0.0,-0.1,13.1,5.5,1.32,6.0,79,94,52,8.4
1992-12-16,0.8,5.9,11.7,8.0,1.9,9.4,82,96,55,6.7
1992-12-17,0.7,3.4,11.5,7.6,3.16,11.1,72,87,50,9.0
1992-12-18,0.0,-0.2,12.2,5.1,1.67,8.5,80,96,54,9.1
1992-12-19,0.0,3.8,10.8,7.4,0.98,5.3,90,99,76,2.7
1992-12-20,0.0,3.9,13.3,8.0,1.48,4.9,88,100,65,8.9
1992-12-21,0.0,5.1,13.3,8.7,0.96,4.7,86,100,61,6.6
1992-12-22,0.0,6.9,13.2,9.1,1.09,5.2,85,96,63,7.9
1992-12-23,0.1,7.0,11.1,8.5,1.47,6.3,90,99,72,4.7
1992-12-24,0.0,5.1,10.9,7.9,1.62,6.2,89,100,70,4.4
1992-12-25,0.1,5.9,11.5,8.4,1.81,7.6,87,98,67,5.7
1992-12-26,7.2,7.3,8.6,8.0,2.24,6.2,97,99,95,0.6
1992-12-27,14.7,5.3,8.2,7.0,2.14,8.3,98,99,95,1.1
1992-12-28,0.0,-1.0,8.3,4.1,1.91,6.8,75,96,45,9.2
1992-12-29,1.1,1.6,5.4,3.5,2.02,7.8,85,98,72,8.8
1992-12-30,0.0,-2.1,7.4,2.3,1.25,4.2,80,91,59,6.6
1992-12-31,0.0,-1.8,9.5,2.9,1.57,4.7,75,95,46,9.1
1993-01-01,0.0,-2.6,10.0,2.8,1.18,3.9,70,88,41,9.2
1993-01-02,0.0,-2.1,9.0,2.8,1.01,3.9,75,88,53,9.1
1993-01-03,0.0,-2.2,8.8,1.9,2.15,9.3,73,91,43,9.2
1993-01-04,0.0,-2.7,9.9,2.4,1.48,5.1,69,86,41,9.2
1993-01-05,0.0,-1.3,8.8,3.1,1.34,5.5,73,90,55,9.3
1993-01-06,0.0,-1.9,10.5,3.4,0.99,4.4,73,93,41,9.2
1993-01-07,0.0,-2.1,12.9,4.0,0.94,3.9,64,85,35,9.3
1993-01-08,0.0,-0.1,15.2,5.8,1.53,4.5,69,86,40,9.2
1993-01-09,0.0,0.2,15.2,6.2,1.18,3.8,74,88,45,9.3
1993-01-10,0.0,-0.4,15.2,5.7,1.26,4.0,67,89,36,9.3
1993-01-11,0.0,-1.3,14.3,4.7,1.29,4.4,63,84,38,9.4
1993-01-12,0.0,-0.1,14.4,5.4,1.98,6.7,74,93,47,9.3
1993-01-13,0.0,2.1,15.7,7.8,1.38,4.9,83,96,61,9.3
1993-01-14,0.0,2.1,14.4,7.5,1.42,4.7,80,98,53,9.4
1993-01-15,0.0,1.3,12.5,6.1,1.02,5.1,73,93,44,9.1
1993-01-16,0.0,1.6,9.8,5.7,0.9,5.1,79,97,67,7.0
1993-01-17,0.0,4.8,11.8,7.3,0.85,4.5,85,99,61,8.4
1993-01-18,0.0,-0.4,11.9,5.1,1.09,5.2,80,95,53,9.4
1993-01-19,0.0,0.3,12.4,5.8,1.15,5.8,82,96,56,9.4
1993-01-20,0.0,1.5,12.1,6.0,1.23,4.5,82,99,55,9.3
1993-01-21,0.0,-0.7,12.0,5.1,1.29,4.8,78,97,51,9.5
1993-01-22,0.0,-1.3,12.5,5.0,1.17,4.1,69,91,40,9.6
1993-01-23,0.0,-1.5,14.1,5.7,1.37,4.4,58,79,30,9.6
1993-01-24,0.0,-1.6,14.9,5.5,1.2,4.2,58,83,29,9.6
1993-01-25,0.0,-0.7,15.4,5.7,1.77,6.0,65,83,36,9.6
1993-01-26,0.0,0.8,12.5,5.8,1.98,7.4,73,92,52,9.6
1993-01-27,0.0,-0.4,15.8,6.1,1.37,6.3,72,95,33,9.7
1993-01-28,0.0,-1.0,15.3,6.0,1.2,4.3,67,87,36,9.7
1993-01-29,0.0,1.2,12.5,6.0,1.59,6.2,71,89,47,8.1
1993-01-30,1.3,4.0,9.9,7.0,2.02,10.8,89,98,69,2.3
1993-01-31,3.4,3.7,11.3,7.5,2.87,12.7,93,99,78,8.6
1993-02-01,21.4,7.3,10.3,8.1,3.98,11.3,96,99,92,2.7
1993-02-02,21.3,6.4,9.5,7.5,3.54,13.7,97,99,91,1.4
1993-02-03,17.4,5.1,6.6,5.8,3.86,11.6,96,99,92,0.0
1993-02-04,11.4,4.7,7.4,5.7,2.13,7.9,98,99,96,0.1
1993-02-05,1.9,4.8,10.0,6.6,1.12,4.5,89,99,66,8.2
1993-02-06,0.9,2.3,10.5,6.0,1.7,10.0,91,99,75,9.4
1993-02-07,0.9,3.6,9.5,6.2,2.01,8.7,89,100,71,9.9
1993-02-08,0.0,4.8,9.9,6.7,1.62,5.5,85,98,64,7.5
1993-02-09,0.0,-0.2,13.7,6.0,1.31,6.5,77,95,45,10.3
1993-02-10,0.1,2.2,12.3,6.6,1.47,7.3,83,98,57,6.9
1993-02-11,0.0,5.5,10.5,7.2,1.41,6.5,90,100,70,2.1
1993-02-12,0.0,5.9,9.5,7.2,1.67,6.5,86,99,68,4.0
1993-02-13,0.0,3.9,9.7,6.4,2.05,7.3,88,99,70,7.6
1993-02-14,0.9,5.0,9.3,6.8,1.86,7.6,89,99,73,5.9
1993-02-15,0.0,1.8,11.5,6.4,1.37,5.3,80,100,52,10.6
1993-02-16,0.0,-0.7,11.6,5.1,1.49,6.4,74,92,50,10.7
1993-02-17,0.0,-1.4,11.9,4.6,1.7,6.5,72,92,43,10.7
1993-02-18,0.0,-0.6,14.1,6.1,1.57,6.3,71,91,43,10.7
1993-02-19,0.0,4.0,14.3,8.6,0.74,4.0,72,98,46,10.8
1993-02-20,0.0,1.6,12.4,6.8,1.78,7.2,78,96,61,9.2
1993-02-21,0.0,2.5,17.4,9.3,2.04,9.3,68,99,37,10.8
1993-02-22,0.0,4.0,10.2,7.3,3.07,12.3,58,79,43,10.8
1993-02-23,7.6,3.1,5.1,4.2,1.89,8.0,92,98,87,0.6
1993-02-24,4.3,2.9,7.9,4.6,1.02,8.3,89,98,69,7.3
1993-02-25,0.6,0.5,11.5,5.1,1.4,6.8,75,99,40,9.5
1993-02-26,0.0,-0.9,9.4,4.2,2.37,11.1,58,77,33,10.0
1993-02-27,6.3,0.9,7.5,3.4,3.33,15.5,78,91,65,7.0
1993-02-28,3.7,0.6,3.8,2.1,3.63,13.4,67,80,52,0.5
1993-03-01,0.0,-3.8,5.0,0.4,2.77,9.1,52,72,32,10.9
1993-03-02,0.0,-2.6,6.0,1.2,3.78,14.2,52,65,44,11.0
1993-03-03,0.0,-1.0,10.7,4.4,2.01,7.9,61,78,37,11.0
1993-03-04,0.0,-1.8,12.8,5.2,1.28,6.2,64,81,44,11.0
1993-03-05,0.0,-0.2,12.8,6.4,1.77,9.1,72,96,49,9.1
1993-03-06,0.0,3.4,12.2,7.1,1.52,6.5,83,100,56,6.1
1993-03-07,0.0,0.9,15.5,8.1,1.18,4.9,73,96,42,11.0
1993-03-08,0.0,3.4,15.8,9.1,2.2,8.2,67,87,39,11.1
1993-03-09,0.9,2.0,13.7,8.2,1.74,6.9,79,98,57,10.6
1993-03-10,4.9,6.0,10.1,8.0,2.43,9.7,91,100,76,8.1
1993-03-11,0.0,2.4,10.7,6.5,1.57,5.9,81,100,57,7.7
1993-03-12,0.0,1.7,12.1,7.2,1.7,7.9,78,99,56,10.8
1993-03-13,1.1,4.2,10.9,7.3,2.24,9.4,88,99,72,0.7
1993-03-14,9.4,6.2,12.4,8.7,1.25,5.6,87,98,63,6.3
1993-03-15,2.7,3.9,13.7,8.3,1.67,9.1,84,98,60,10.1
1993-03-16,0.0,4.8,14.3,9.5,1.98,9.5,86,100,67,10.9
1993-03-17,0.0,3.7,16.7,10.4,1.65,7.6,77,96,54,11.5
1993-03-18,0.0,2.0,17.7,9.4,1.61,8.3,67,97,38,11.7
1993-03-19,0.3,4.1,18.9,11.4,1.0,4.0,66,84,42,9.7
1993-03-20,0.0,6.3,21.6,13.4,1.79,7.6,71,93,42,11.7
1993-03-21,0.0,6.0,20.7,13.2,1.02,6.9,69,92,39,9.9
1993-03-22,0.0,7.4,20.5,13.5,1.96,6.9,64,83,41,11.8
1993-03-23,0.0,7.0,18.7,13.0,1.95,9.2,74,93,52,11.8
1993-03-24,0.0,6.6,19.8,12.7,1.44,7.9,76,97,50,11.2
1993-03-25,18.4,5.9,9.7,8.2,1.78,9.4,92,99,71,0.0
1993-03-26,0.0,-0.2,14.1,7.1,2.43,9.2,48,73,29,11.9
1993-03-27,0.0,0.8,18.2,9.6,1.92,7.2,48,74,28,11.9
1993-03-28,0.0,2.8,19.3,10.9,1.01,4.9,57,84,28,12.0
1993-03-29,0.0,3.7,17.2,10.3,1.86,7.8,61,88,42,12.0
1993-03-30,0.0,2.6,17.2,10.4,1.4,7.2,71,98,41,12.0
1993-03-31,0.0,2.3,18.9,10.8,1.57,7.3,65,93,34,12.0
1993-04-01,0.0,6.0,18.3,11.8,2.68,12.5,61,86,38,12.0
1993-04-02,0.0,2.3,15.4,9.2,3.06,10.5,45,69,28,12.1
1993-04-03,0.0,4.0,19.1,11.1,1.58,5.6,52,73,34,12.0
1993-04-04,0.0,5.6,20.7,13.1,1.7,7.4,65,90,41,12.0
1993-04-05,0.0,6.0,22.7,14.3,0.87,4.9,63,91,30,12.1
1993-04-06,0.0,5.9,22.6,14.7,1.45,5.5,53,83,32,12.2
1993-04-07,0.0,7.3,23.0,15.2,1.57,7.9,57,82,33,12.2
1993-04-08,0.0,6.8,25.3,16.1,1.15,4.3,58,85,27,12.0
1993-04-09,0.0,10.1,25.2,17.4,1.88,5.6,47,67,27,12.3
1993-04-10,0.0,10.3,21.2,15.7,2.89,12.1,56,84,32,12.4
1993-04-11,0.0,6.1,17.3,12.3,2.69,11.1,50,75,33,10.1
1993-04-12,0.0,9.3,14.5,11.8,3.78,14.0,54,72,41,11.4
1993-04-13,0.0,6.1,15.2,10.4,2.94,10.2,53,73,30,12.0
1993-04-14,0.7,4.2,14.9,9.6,1.58,8.1,60,87,35,11.4
1993-04-15,3.8,4.7,14.3,9.1,3.06,12.5,71,95,40,9.3
1993-04-16,0.1,5.0,14.8,9.8,3.37,13.4,48,65,33,12.5
1993-04-17,0.0,1.8,16.9,9.6,1.76,9.6,57,78,34,12.8
1993-04-18,0.0,2.6,16.7,10.1,1.89,8.9,60,92,31,12.6
1993-04-19,0.0,1.1,18.8,10.6,1.57,7.7,56,89,28,12.9
1993-04-20,0.0,3.8,20.7,12.8,1.9,10.2,58,82,35,12.4
1993-04-21,0.6,5.6,21.9,13.6,1.75,13.7,63,91,29,7.2
1993-04-22,0.0,8.2,19.1,13.5,2.26,10.4,57,81,30,12.9
1993-04-23,0.0,8.0,19.7,13.7,2.59,12.7,55,82,37,13.1
1993-04-24,2.4,7.3,15.4,11.2,3.15,12.5,57,86,29,12.6
1993-04-25,3.3,5.1,12.7,8.6,3.21,12.7,62,83,44,12.4
1993-04-26,4.4,4.1,14.2,8.5,1.53,9.6,75,94,47,12.0
1993-04-27,0.0,3.9,15.8,9.7,1.76,7.9,66,96,39,13.1
1993-04-28,7.7,4.9,13.2,9.2,1.58,9.4,74,90,54,8.0
1993-04-29,5.6,5.4,15.5,10.3,1.42,7.9,75,96,47,12.4
1993-04-30,1.0,5.3,16.2,10.6,1.9,6.7,70,92,43,12.8
1993-05-01,1.9,7.4,16.9,11.8,1.39,7.5,75,94,50,12.5
1993-05-02,0.0,6.6,17.9,12.3,2.11,7.7,71,95,44,13.1
1993-05-03,0.0,7.8,17.4,12.6,2.25,12.0,70,91,50,13.6
1993-05-04,2.2,7.7,15.9,11.5,3.37,16.3,71,86,53,12.0
1993-05-05,40.5,8.9,11.5,10.1,2.75,11.8,92,97,84,0.0
1993-05-06,0.0,3.7,19.4,12.2,1.91,6.7,66,92,38,13.8
1993-05-07,0.0,7.1,20.6,14.5,1.7,7.3,71,94,47,13.6
1993-05-08,0.0,8.3,21.8,15.2,1.65,8.3,68,93,41,13.9
1993-05-09,1.0,7.0,19.9,14.1,1.5,9.8,70,95,51,12.1
1993-05-10,2.1,10.2,20.4,15.2,1.3,7.1,65,94,43,13.4
1993-05-11,0.0,7.5,20.4,13.9,1.65,9.0,72,92,50,13.5
1993-05-12,3.4,7.7,18.1,13.3,1.41,9.0,76,96,59,13.8
1993-05-13,0.0,9.7,16.2,13.0,3.67,13.9,65,81,50,13.9
1993-05-14,0.0,10.7,18.9,14.6,2.69,10.9,59,81,41,13.6
1993-05-15,0.0,10.7,19.2,14.9,1.54,7.1,63,84,44,13.0
1993-05-16,0.0,7.0,21.8,15.0,2.02,8.3,65,91,44,14.0
1993-05-17,0.0,8.0,23.2,15.9,1.77,12.2,64,87,40,13.2
1993-05-18,4.9,9.6,21.3,15.6,1.15,7.9,73,92,48,13.9
1993-05-19,0.0,11.4,19.8,15.0,2.21,7.9,60,83,36,13.6
1993-05-20,0.0,6.1,20.9,14.0,1.77,7.0,54,82,34,14.0
1993-05-21,0.0,10.9,18.7,14.6,2.2,10.8,51,63,45,14.0
1993-05-22,0.0,6.0,21.7,14.4,1.68,8.0,65,90,41,14.0
1993-05-23,1.8,10.5,19.7,15.4,1.13,10.4,83,100,68,6.1
1993-05-24,2.8,11.7,24.2,17.9,2.14,11.9,77,99,52,14.0
1993-05-25,0.7,13.2,24.2,18.2,1.95,13.4,74,92,51,12.7
1993-05-26,1.3,14.1,22.0,17.9,1.71,9.8,69,94,46,12.0
1993-05-27,0.0,10.4,21.6,16.6,2.31,10.9,63,86,40,14.0
1993-05-28,0.0,8.6,23.3,16.3,2.07,8.7,62,89,39,14.0
1993-05-29,0.0,9.3,25.0,17.3,1.76,8.0,63,91,39,13.0
1993-05-30,0.0,13.6,26.3,19.6,0.99,4.6,61,86,34,10.0
1993-05-31,0.0,12.7,24.6,19.0,2.4,10.6,58,78,43,14.0
1993-06-01,0.2,12.8,26.6,20.0,1.65,7.4,61,94,34,13.9
1993-06-02,0.0,11.7,27.7,20.0,1.75,8.4,57,84,32,14.0
1993-06-03,0.0,12.9,26.8,20.3,1.77,8.0,58,84,38,12.6
1993-06-04,0.0,12.2,28.0,20.6,1.86,8.5,62,88,40,14.0
1993-06-05,1.1,14.2,22.7,18.4,2.41,12.8,72,99,43,11.2
1993-06-06,10.5,11.4,19.9,16.0,1.9,9.0,79,94,61,11.0
1993-06-07,31.9,13.3,19.6,15.9,1.43,7.9,90,99,73,12.5
1993-06-08,3.7,11.9,21.2,16.4,1.43,6.8,83,99,63,12.4
1993-06-09,0.3,11.1,24.3,18.2,1.43,9.1,73,96,45,14.0
1993-06-10,0.0,14.0,24.8,19.2,1.96,9.3,65,91,39,14.0
1993-06-11,0.0,10.3,23.2,17.1,1.87,7.7,55,81,35,14.0
1993-06-12,0.0,10.7,23.3,17.3,1.87,8.3,55,84,41,14.0
1993-06-13,0.0,11.0,24.0,17.6,1.55,7.4,72,100,44,13.4
1993-06-14,0.0,10.8,24.7,18.3,1.6,6.7,68,95,47,14.0
1993-06-15,0.0,11.4,27.1,19.7,1.59,7.4,65,92,40,14.0
1993-06-16,0.0,12.7,26.2,19.7,1.83,8.4,64,88,45,14.0
1993-06-17,0.0,13.0,28.2,20.8,1.78,8.1,66,94,40,14.0
1993-06-18,0.0,14.0,27.5,20.8,1.71,8.5,58,84,34,14.0
1993-06-19,0.0,12.8,27.8,20.9,1.6,7.3,59,87,33,14.0
1993-06-20,0.0,13.8,28.1,21.5,2.13,10.4,61,92,36,14.0
1993-06-21,0.5,14.0,26.4,20.5,1.31,8.9,72,94,50,14.0
1993-06-22,0.0,13.6,24.7,19.3,2.45,11.2,56,86,34,13.7
1993-06-23,0.0,12.9,26.5,20.0,1.89,7.2,50,78,29,14.0
1993-06-24,0.0,15.3,26.1,20.6,2.32,10.6,51,66,37,14.0
1993-06-25,0.4,15.0,25.9,20.7,2.58,13.2,54,80,39,13.2
1993-06-26,0.0,13.4,27.8,21.0,2.04,7.6,56,86,34,14.0
1993-06-27,0.0,13.2,30.4,22.3,1.79,8.6,51,82,30,14.0
1993-06-28,0.0,14.9,31.1,23.0,1.22,10.5,57,88,27,14.0
1993-06-29,0.0,15.6,28.1,22.2,2.24,10.5,44,71,31,14.0
1993-06-30,0.0,14.4,29.6,22.2,2.13,10.2,51,82,27,14.0
1993-07-01,3.2,15.0,25.8,20.7,1.69,8.3,63,87,41,13.9
1993-07-02,5.9,15.7,22.0,18.4,2.13,8.6,84,97,64,9.8
1993-07-03,3.9,13.9,21.2,18.2,2.87,10.9,76,96,60,13.7
1993-07-04,0.0,13.5,27.7,20.5,2.13,8.6,68,87,52,14.0
1993-07-05,0.0,15.5,32.8,24.7,0.94,5.7,62,94,29,14.0
1993-07-06,0.0,18.3,29.9,23.7,1.96,8.7,57,73,42,14.0
1993-07-07,0.0,16.2,27.9,22.2,2.29,9.8,65,90,49,14.0
1993-07-08,0.0,14.8,28.6,21.9,2.03,8.8,62,91,40,14.0
1993-07-09,0.0,14.5,31.5,23.4,1.64,8.8,55,88,28,13.9
1993-07-10,0.0,18.1,27.7,23.1,3.01,12.6,47,77,23,14.0
1993-07-11,0.0,14.2,26.3,20.1,2.45,11.1,55,78,36,14.0
1993-07-12,0.0,16.0,25.9,20.2,2.21,10.3,68,96,42,12.4
1993-07-13,0.0,14.1,26.5,20.3,1.82,8.6,59,84,41,14.0
1993-07-14,0.0,14.0,28.6,21.3,1.67,8.5,60,90,36,14.0
1993-07-15,0.0,14.2,30.7,23.0,1.72,8.4,52,88,24,14.0
1993-07-16,0.0,15.2,32.2,24.2,1.79,7.7,49,77,27,14.0
1993-07-17,0.0,16.3,33.2,25.2,1.78,8.2,53,81,28,14.0
1993-07-18,0.0,17.6,33.8,26.0,1.5,8.5,55,84,27,13.9
1993-07-19,0.0,17.4,32.4,25.0,1.8,10.2,59,79,33,13.9
1993-07-20,0.1,17.7,30.3,23.0,2.34,12.5,72,93,39,13.9
1993-07-21,0.1,18.0,25.3,20.8,2.18,9.0,74,94,51,11.5
1993-07-22,0.0,15.5,27.0,21.1,1.8,8.0,67,97,43,13.9
1993-07-23,0.0,14.6,27.5,21.4,1.93,9.0,62,91,39,13.9
1993-07-24,0.0,14.3,31.5,22.8,1.91,8.4,57,91,27,13.9
1993-07-25,0.0,17.4,36.7,26.7,1.6,8.4,45,73,16,13.9
1993-07-26,0.0,17.7,30.9,23.8,1.93,11.0,62,85,41,13.5
1993-07-27,0.0,17.4,29.3,23.0,1.88,9.0,70,98,43,13.3
1993-07-28,0.0,16.5,32.3,24.5,1.53,7.7,58,92,30,13.7
1993-07-29,0.0,18.0,32.6,25.1,1.91,9.5,49,76,25,13.8
1993-07-30,0.0,16.9,34.8,26.0,1.4,6.6,46,77,18,13.7
1993-07-31,0.0,19.5,28.6,23.4,2.36,10.7,60,82,43,13.6
1993-08-01,0.0,17.2,28.3,22.4,1.99,8.9,64,91,39,13.5
1993-08-02,0.0,16.3,31.4,24.2,1.59,7.7,62,92,38,13.4
1993-08-03,0.0,18.2,32.8,25.7,1.42,7.6,61,91,36,13.0
1993-08-04,0.0,19.1,34.0,26.8,1.55,8.7,56,85,32,12.6
1993-08-05,0.0,18.8,35.4,27.3,1.36,8.2,52,84,23,12.9
1993-08-06,0.2,20.6,36.6,28.3,1.63,10.0,44,65,17,11.0
1993-08-07,1.0,19.9,35.8,27.6,1.96,12.1,42,66,20,12.2
1993-08-08,0.0,19.6,33.6,26.6,1.98,7.8,37,55,16,13.4
1993-08-09,0.0,17.3,29.3,23.5,2.07,9.0,68,95,42,13.3
1993-08-10,0.0,17.4,30.6,24.0,1.64,8.2,63,99,32,13.2
1993-08-11,0.0,17.0,30.7,23.9,1.9,8.8,60,91,29,13.3
1993-08-12,0.0,17.7,32.3,25.1,1.45,7.5,61,91,31,13.0
1993-08-13,0.0,19.7,29.2,24.1,1.96,9.7,69,98,42,13.1
1993-08-14,0.7,18.8,28.6,22.9,1.92,9.4,77,97,49,12.3
1993-08-15,0.0,15.7,29.2,22.6,1.83,9.3,63,92,32,12.9
1993-08-16,0.0,19.0,28.4,23.0,1.87,9.2,72,98,44,12.6
1993-08-17,0.0,17.5,28.4,22.9,1.89,8.8,67,93,43,13.0
1993-08-18,0.0,17.0,29.7,23.3,1.92,9.9,62,91,35,12.7
1993-08-19,0.0,17.8,31.1,24.3,1.63,8.1,49,76,28,12.9
1993-08-20,0.0,17.2,32.9,25.1,1.81,9.1,40,67,20,12.9
1993-08-21,0.0,16.8,32.5,24.7,1.88,10.1,42,61,26,12.8
1993-08-22,0.0,16.4,32.3,24.5,1.08,5.7,54,83,32,12.0
1993-08-23,0.5,18.3,32.9,25.4,1.55,8.2,56,80,26,12.5
1993-08-24,0.7,20.2,28.9,24.1,1.73,10.2,61,79,41,11.0
1993-08-25,0.2,16.4,28.6,22.7,1.19,6.6,56,83,30,12.5
1993-08-26,0.0,14.9,25.5,20.4,2.08,9.9,42,66,25,12.5
1993-08-27,0.0,13.2,25.2,19.2,1.77,8.5,45,69,29,12.5
1993-08-28,0.0,13.0,24.3,18.7,1.81,9.1,53,84,33,11.7
1993-08-29,0.0,14.1,23.7,18.4,2.09,10.9,72,98,40,12.2
1993-08-30,1.2,15.0,22.9,18.1,2.88,11.0,73,97,44,11.4
1993-08-31,0.0,14.1,25.8,19.5,1.9,8.4,66,88,44,12.0
1993-09-01,0.0,13.7,28.3,21.0,1.41,6.7,56,84,32,11.8
1993-09-02,0.0,15.0,27.7,21.6,1.47,7.8,58,84,33,11.7
1993-09-03,0.0,15.0,30.6,22.8,1.56,8.0,60,90,31,12.0
1993-09-04,0.0,18.0,28.3,23.3,2.53,10.4,56,79,36,12.0
1993-09-05,0.0,17.2,28.2,22.8,1.72,8.8,58,82,35,12.0
1993-09-06,0.0,16.2,29.9,22.7,1.05,6.8,54,84,26,10.4
1993-09-07,0.0,16.6,29.4,22.8,1.8,7.7,43,68,20,12.0
1993-09-08,0.0,14.6,28.7,21.7,1.63,7.3,44,68,23,11.6
1993-09-09,0.0,16.2,25.9,20.8,2.03,7.9,54,87,28,12.0
1993-09-10,0.0,12.0,26.7,19.5,1.63,6.7,48,74,26,11.8
1993-09-11,0.0,13.0,27.1,20.1,1.23,5.9,46,71,25,12.0
1993-09-12,0.0,12.4,28.8,20.6,2.11,10.6,47,75,23,12.0
1993-09-13,0.0,15.6,20.7,18.2,3.71,12.5,46,68,28,12.0
1993-09-14,0.0,8.7,22.5,15.8,2.32,7.9,39,64,22,12.0
1993-09-15,0.0,13.1,26.5,19.2,2.07,10.6,50,67,40,12.0
1993-09-16,0.0,13.1,28.4,20.4,1.71,7.5,62,91,30,12.0
1993-09-17,0.0,13.4,27.1,20.1,1.41,8.1,65,87,40,11.2
1993-09-18,7.1,15.3,21.5,18.1,0.93,6.6,78,93,56,8.4
1993-09-19,0.0,13.1,23.6,18.5,1.9,7.2,71,90,48,12.0
1993-09-20,0.0,13.3,23.9,18.8,1.28,6.4,75,96,51,12.0
1993-09-21,0.0,13.7,24.8,18.9,1.52,7.2,75,100,46,11.3
1993-09-22,1.6,12.6,22.3,17.5,1.15,8.6,73,96,54,10.6
1993-09-23,1.4,11.1,16.3,14.1,4.59,20.2,51,68,38,12.0
1993-09-24,0.0,11.1,20.2,15.1,4.29,14.0,41,56,26,11.9
1993-09-25,0.0,8.2,22.5,15.3,1.43,5.8,50,75,30,11.9
1993-09-26,0.0,11.2,22.0,16.1,2.01,10.9,54,80,35,11.9
1993-09-27,4.4,11.6,20.7,15.3,1.22,7.9,72,98,38,11.6
1993-09-28,7.4,11.8,18.0,14.0,1.43,9.4,91,99,73,8.7
1993-09-29,0.0,9.8,22.5,15.6,1.13,5.7,69,97,32,11.4
1993-09-30,0.0,9.7,23.5,16.3,1.19,6.9,62,86,37,11.7
1993-10-01,0.0,10.7,20.2,15.4,3.31,13.2,61,73,51,11.6
1993-10-02,0.0,13.1,16.3,14.8,5.18,19.7,59,69,48,11.6
1993-10-03,0.0,11.1,19.2,14.5,4.13,13.2,58,70,45,11.6
1993-10-04,0.0,9.6,25.4,16.7,1.67,6.2,61,86,31,11.5
1993-10-05,0.0,13.0,20.2,16.2,2.58,14.6,65,78,52,8.6
1993-10-06,0.0,11.5,19.4,15.3,2.65,11.1,59,82,34,11.2
1993-10-07,0.7,10.3,16.5,12.7,1.53,6.4,71,87,48,0.7
1993-10-08,0.0,8.6,17.3,12.3,2.46,10.1,63,86,37,11.1
1993-10-09,0.5,6.6,22.7,13.9,1.38,7.9,68,86,45,10.9
1993-10-10,0.9,14.9,23.8,18.5,1.84,9.8,72,85,54,9.6
1993-10-11,0.0,12.8,23.4,18.3,1.95,11.7,72,95,53,10.9
1993-10-12,0.0,12.6,19.9,16.1,2.24,12.2,59,76,37,10.4
1993-10-13,2.0,9.8,16.9,13.5,2.75,17.8,69,87,49,4.9
1993-10-14,0.0,9.1,16.8,13.0,2.35,10.1,59,80,37,10.4
1993-10-15,0.0,7.3,18.3,12.4,1.97,8.4,68,90,40,7.7
1993-10-16,0.6,8.3,18.6,13.1,1.48,7.2,78,97,53,9.3
1993-10-17,0.0,8.9,19.6,13.8,1.56,6.8,64,88,35,10.0
1993-10-18,0.0,7.0,18.7,12.5,1.63,6.7,69,94,41,10.5
1993-10-19,12.6,7.5,14.0,11.2,1.96,8.5,86,96,71,3.7
1993-10-20,2.2,10.9,16.5,13.2,2.01,8.4,86,98,67,5.4
1993-10-21,0.0,8.3,17.7,12.7,2.41,9.8,66,95,34,10.4
1993-10-22,0.0,3.8,14.1,9.0,3.36,12.1,53,82,28,10.5
1993-10-23,0.0,4.5,13.2,8.5,3.46,12.8,47,61,35,10.4
1993-10-24,0.0,2.2,12.9,7.7,1.65,6.5,61,79,44,10.3
1993-10-25,0.0,4.7,12.9,8.7,1.49,7.2,69,87,50,10.1
1993-10-26,4.3,4.5,9.8,7.8,2.42,8.9,92,97,86,3.8
1993-10-27,4.6,7.9,14.7,10.4,1.58,8.8,89,99,69,6.5
1993-10-28,0.0,5.0,15.9,10.1,1.4,5.3,74,97,42,10.0
1993-10-29,0.0,4.5,15.6,10.4,1.51,6.9,69,86,50,10.1
1993-10-30,5.3,8.0,10.5,9.7,1.11,4.5,93,97,84,0.9
1993-10-31,4.3,9.0,16.6,11.8,1.27,4.6,90,98,65,4.8
1993-11-01,2.2,8.9,15.5,11.8,1.19,6.6,93,99,78,1.2
1993-11-02,0.0,11.2,18.5,14.0,1.61,7.9,78,100,49,9.1
1993-11-03,2.5,7.2,15.6,11.6,2.12,11.0,86,98,67,5.3
1993-11-04,3.8,8.2,13.4,10.8,3.29,10.7,74,99,52,8.3
1993-11-05,0.0,10.1,15.2,12.0,2.93,10.9,69,83,56,9.4
1993-11-06,0.0,7.0,12.2,9.5,2.62,9.4,64,81,44,10.0
1993-11-07,0.0,4.6,13.9,8.9,1.43,6.2,74,92,49,6.3
1993-11-08,0.0,4.6,12.8,8.8,1.47,6.0,80,94,61,9.9
1993-11-09,1.1,7.3,12.3,9.5,1.39,5.8,90,98,76,4.8
1993-11-10,0.0,5.9,15.7,10.2,1.12,5.8,84,100,60,9.4
1993-11-11,0.2,3.9,16.6,9.9,1.2,5.6,75,96,47,9.0
1993-11-12,1.5,8.4,12.2,10.2,1.55,6.7,87,96,75,2.9
1993-11-13,0.0,8.2,14.3,11.1,1.17,4.2,89,98,73,5.5
1993-11-14,0.0,5.3,19.0,11.3,1.15,4.3,81,99,55,9.9
1993-11-15,0.1,8.6,13.9,11.4,1.23,6.0,86,99,71,8.2
1993-11-16,0.0,7.1,11.3,9.0,1.24,5.6,81,95,62,9.2
1993-11-17,0.0,1.3,12.8,6.7,1.05,4.9,79,99,51,9.8
1993-11-18,0.0,0.9,11.9,6.2,1.27,6.1,83,95,64,6.5
1993-11-19,0.0,3.4,13.5,7.6,1.2,4.5,78,99,48,9.7
1993-11-20,0.0,4.2,11.7,7.5,1.68,6.7,75,94,53,9.5
1993-11-21,0.0,-0.5,12.2,5.7,1.53,5.4,69,88,38,9.8
1993-11-22,0.5,2.3,11.0,6.4,1.34,7.5,86,96,67,6.0
1993-11-23,2.5,6.2,11.6,8.4,1.23,4.7,91,99,74,2.4
1993-11-24,1.0,5.2,11.0,8.1,1.59,5.8,91,99,75,5.7
1993-11-25,2.5,7.1,10.2,8.2,2.17,7.9,92,97,80,2.9
1993-11-26,0.7,6.3,11.9,8.8,2.04,6.9,79,96,55,8.7
1993-11-27,0.0,2.7,14.0,7.5,1.37,5.0,78,95,48,9.5
1993-11-28,0.3,2.1,11.5,6.6,1.55,4.9,80,91,61,1.4
1993-11-29,0.0,5.9,15.3,10.7,2.8,11.9,81,90,68,8.9
1993-11-30,0.0,7.9,14.6,10.7,2.27,10.7,76,89,58,2.4
1993-12-01,0.0,6.5,10.4,8.0,4.7,16.6,66,74,53,9.4
1993-12-02,0.0,5.0,12.8,8.3,3.13,11.1,67,89,53,9.5
1993-12-03,0.0,2.1,15.7,7.7,1.34,3.9,75,91,46,9.5
1993-12-04,0.0,2.5,16.9,8.3,1.18,4.0,74,91,44,9.5
1993-12-05,0.0,2.8,17.0,8.5,1.34,4.1,72,90,41,9.5
1993-12-06,0.0,2.6,15.6,8.0,1.47,4.5,76,91,56,9.4
1993-12-07,0.0,3.8,13.4,8.1,2.01,7.0,78,95,46,9.5
1993-12-08,0.0,1.8,16.8,7.8,1.38,4.7,68,90,36,9.4
1993-12-09,0.0,1.5,17.2,8.1,1.32,4.3,66,86,38,9.4
1993-12-10,0.0,1.0,15.8,7.6,1.3,3.9,67,86,39,9.4
1993-12-11,0.0,2.4,16.2,8.0,1.53,5.1,73,90,43,9.4
1993-12-12,0.0,1.6,15.0,7.3,1.46,5.3,79,93,54,9.4
1993-12-13,0.0,1.9,17.1,7.9,1.2,4.2,72,95,39,8.8
1993-12-14,14.5,6.0,10.7,7.8,1.52,8.1,86,95,76,4.2
1993-12-15,9.6,4.1,10.5,6.7,2.1,7.9,76,94,49,9.2
1993-12-16,0.0,2.9,12.0,6.4,2.02,6.7,71,83,53,9.2
1993-12-17,0.0,2.1,12.8,6.7,1.25,4.8,78,96,51,9.4
1993-12-18,0.0,0.3,13.7,5.6,1.02,3.7,77,94,48,9.0
1993-12-19,0.0,1.9,15.8,7.4,1.7,6.3,76,93,58,9.3
1993-12-20,0.0,4.0,17.8,9.3,1.34,4.3,83,96,57,9.2
1993-12-21,0.0,5.3,14.7,8.8,2.48,8.3,81,95,62,9.3
1993-12-22,0.2,2.8,8.5,6.7,1.35,7.8,69,84,54,0.7
1993-12-23,0.0,-1.2,12.4,4.4,1.08,4.3,74,93,42,9.4
1993-12-24,0.0,-0.3,10.6,4.5,2.84,12.1,68,87,49,9.4
1993-12-25,0.0,4.9,10.0,7.2,3.88,16.2,72,86,55,8.2
1993-12-26,0.0,7.2,11.8,9.3,6.0,17.8,73,78,69,7.9
1993-12-27,0.0,6.6,9.9,8.1,4.08,16.4,75,88,60,9.1
1993-12-28,0.0,3.4,11.4,7.0,2.57,9.8,73,86,56,6.7
1993-12-29,0.0,4.9,14.0,8.6,1.86,7.4,78,93,54,6.7
1993-12-30,0.0,5.6,16.5,10.2,1.55,5.4,81,94,60,9.1
1993-12-31,0.0,4.6,17.7,10.1,1.49,7.3,79,97,53,9.0
1994-01-01,0.0,5.8,15.2,11.1,2.48,9.3,68,85,45,9.0
1994-01-02,0.0,4.7,16.9,9.2,2.09,6.4,71,87,42,9.2
1994-01-03,0.0,4.6,16.7,9.5,2.18,6.2,72,88,47,9.2
1994-01-04,0.0,5.9,10.9,8.7,2.49,10.9,72,86,48,6.1
1994-01-05,0.0,0.8,12.3,5.8,1.99,7.2,64,86,38,9.3
1994-01-06,3.1,3.8,10.1,7.1,2.92,15.2,71,88,59,2.2
1994-01-07,0.0,3.2,8.1,4.8,3.81,15.9,60,75,40,9.4
1994-01-08,0.0,2.2,9.6,5.5,2.9,9.1,67,81,50,9.4
1994-01-09,0.0,6.9,14.1,9.7,2.88,9.9,74,84,57,9.3
1994-01-10,2.0,5.7,9.1,7.9,4.57,17.3,74,89,58,9.0
1994-01-11,0.0,4.2,9.8,6.8,4.89,15.5,68,81,59,8.7
1994-01-12,0.0,6.8,15.9,11.2,2.8,10.0,79,94,61,9.3
1994-01-13,0.0,4.3,17.6,9.4,1.28,4.2,66,97,37,9.5
1994-01-14,0.0,3.4,17.2,8.6,1.54,5.1,71,90,46,9.3
1994-01-15,0.0,4.3,12.2,7.5,2.86,12.8,75,95,43,9.0
1994-01-16,0.0,3.6,8.2,5.5,3.13,10.7,63,73,45,7.5
1994-01-17,0.0,1.6,7.2,3.8,4.0,12.7,56,72,34,9.5
1994-01-18,3.2,-1.6,3.9,0.9,3.9,15.1,63,80,37,0.5
1994-01-19,1.6,0.4,5.3,2.5,3.38,11.4,80,88,72,5.7
1994-01-20,0.0,-0.7,4.9,2.3,2.78,9.5,69,86,48,9.4
1994-01-21,0.0,-2.4,7.2,1.9,1.5,5.6,65,80,44,9.3
1994-01-22,0.1,-0.0,7.6,3.3,1.27,6.5,74,94,50,9.4
1994-01-23,0.0,-2.8,9.4,2.1,1.53,5.0,68,86,40,9.6
1994-01-24,0.0,-1.3,13.5,4.5,1.9,5.3,65,84,42,9.6
1994-01-25,0.0,1.7,15.6,7.2,2.08,5.6,68,85,38,9.6
1994-01-26,0.0,2.5,13.6,6.8,2.68,9.9,68,86,43,9.7
1994-01-27,0.0,-0.9,15.7,6.1,1.15,3.9,67,88,33,9.7
1994-01-28,0.0,1.1,16.3,7.4,2.45,7.7,62,85,37,9.7
1994-01-29,0.0,0.1,13.5,6.8,1.5,6.4,76,91,55,9.8
1994-01-30,0.0,3.7,12.9,7.5,1.03,6.2,80,98,54,8.6
1994-01-31,0.0,-0.9,14.8,6.2,1.23,4.6,67,94,35,9.9
1994-02-01,0.0,-0.1,15.4,6.8,1.17,4.6,67,87,40,9.9
1994-02-02,0.0,-0.3,16.6,7.0,1.34,4.5,64,88,31,9.9
1994-02-03,2.1,5.6,14.1,8.8,2.18,9.1,60,87,35,6.0
1994-02-04,0.3,1.3,5.0,3.6,4.37,16.8,62,80,45,9.9
1994-02-05,0.0,0.2,6.9,2.8,5.22,17.4,55,67,39,9.9
1994-02-06,0.0,-1.6,10.2,3.6,2.6,8.6,53,74,28,10.2
1994-02-07,0.0,1.1,10.7,5.4,2.54,9.8,69,83,56,4.1
1994-02-08,0.0,3.2,9.0,5.5,5.4,16.1,59,75,39,10.3
1994-02-09,0.0,1.4,12.3,6.0,2.97,10.8,51,67,35,10.4
1994-02-10,0.0,0.6,15.8,7.3,2.47,9.1,57,75,32,10.4
1994-02-11,0.0,3.6,17.1,9.6,2.47,8.1,58,73,35,10.5
1994-02-12,0.0,3.7,17.0,9.3,2.8,9.5,60,80,31,10.5
1994-02-13,0.0,3.5,15.2,8.6,2.86,11.0,57,76,34,10.6
1994-02-14,0.0,2.9,11.6,7.0,2.65,12.9,57,71,40,10.6
1994-02-15,0.0,1.6,12.0,6.6,2.08,8.1,68,94,38,10.0
1994-02-16,14.0,4.4,7.0,5.7,2.41,12.2,97,99,94,0.0
1994-02-17,0.8,4.4,12.3,7.3,2.52,9.4,79,96,52,6.4
1994-02-18,0.0,3.3,12.5,7.9,3.36,15.2,70,88,47,10.6
1994-02-19,0.0,1.6,16.1,7.6,1.82,6.0,69,95,35,10.8
1994-02-20,0.0,5.6,14.6,9.5,2.88,13.4,68,84,40,10.8
1994-02-21,0.0,2.5,17.4,8.9,1.66,8.6,65,89,37,10.8
1994-02-22,0.0,4.0,17.8,9.8,1.86,7.4,72,92,41,10.5
1994-02-23,0.0,3.8,15.8,9.9,2.56,12.0,63,78,48,10.8
1994-02-24,0.0,6.1,17.8,10.9,1.5,6.0,69,91,40,10.8
1994-02-25,0.0,2.6,19.3,10.3,1.4,6.3,71,91,41,10.9
1994-02-26,0.0,3.6,18.5,10.5,1.83,10.4,72,92,42,10.3
1994-02-27,0.1,6.1,14.4,10.0,1.93,9.5,71,95,42,9.9
1994-02-28,8.9,2.9,13.1,7.2,1.11,7.9,83,94,56,6.5
1994-03-01,0.3,4.6,12.1,8.0,2.99,12.8,77,94,56,8.9
1994-03-02,0.0,3.9,15.4,9.4,1.95,7.7,72,95,45,10.9
1994-03-03,0.0,2.3,18.9,10.3,1.78,6.9,68,90,45,11.0
1994-03-04,0.0,6.5,17.3,11.9,1.66,8.7,67,84,51,11.0
1994-03-05,0.0,3.3,17.2,10.0,1.72,8.9,71,92,44,11.1
1994-03-06,0.2,6.3,14.4,9.6,2.41,11.3,77,97,53,10.2
1994-03-07,0.0,2.3,15.9,9.1,1.75,7.5,62,83,37,11.1
1994-03-08,0.0,2.0,16.9,9.7,1.48,7.6,71,91,47,11.1
1994-03-09,0.0,2.5,18.2,10.3,1.42,6.5,63,90,33,11.2
1994-03-10,0.0,4.0,16.6,10.2,1.67,8.7,61,80,39,11.2
1994-03-11,0.0,2.7,15.9,9.4,1.32,7.0,74,97,47,11.2
1994-03-12,0.0,2.8,17.4,10.2,1.34,5.6,69,96,38,11.3
1994-03-13,0.2,4.2,15.6,10.5,1.24,5.6,71,93,44,10.6
1994-03-14,0.0,4.8,16.8,10.4,1.5,6.7,71,94,44,11.2
1994-03-15,0.0,4.9,17.9,11.2,1.53,6.9,61,83,34,11.6
1994-03-16,0.0,3.6,18.9,11.3,1.71,7.9,55,76,33,11.6
1994-03-17,0.0,3.9,20.9,12.2,1.19,5.8,62,89,29,11.7
1994-03-18,0.0,4.0,21.2,12.6,1.34,8.5,61,82,36,11.7
1994-03-19,0.0,5.5,23.9,14.3,1.0,5.4,58,91,22,11.7
1994-03-20,0.8,7.4,22.4,14.3,1.93,9.6,55,77,28,11.6
1994-03-21,0.0,6.7,19.7,13.3,0.87,5.5,64,91,38,11.8
1994-03-22,9.3,6.6,11.7,9.6,2.05,11.7,73,89,62,7.5
1994-03-23,0.2,5.4,17.0,11.1,1.98,8.9,73,98,45,11.8
1994-03-24,0.0,5.1,20.8,13.2,1.77,8.9,55,84,31,11.8
1994-03-25,0.0,6.7,22.1,14.6,1.68,7.6,41,58,23,11.9
1994-03-26,0.3,8.4,22.3,14.9,2.43,8.8,49,70,27,11.9
1994-03-27,0.2,6.1,19.9,13.1,1.31,8.7,67,95,34,11.9
1994-03-28,0.0,7.1,19.9,13.2,1.65,8.8,67,93,34,11.6
1994-03-29,0.0,6.4,18.2,12.4,2.09,11.0,65,95,36,11.8
1994-03-30,0.0,5.3,22.9,13.9,1.37,6.7,57,80,33,12.0
1994-03-31,0.0,7.6,23.0,15.3,1.83,7.2,57,89,26,12.0
1994-04-01,0.0,11.5,21.4,16.1,3.54,15.2,50,60,36,12.0
1994-04-02,0.0,8.3,17.2,12.8,4.54,15.2,40,63,21,12.0
1994-04-03,0.0,6.2,15.8,10.9,4.91,14.8,37,50,26,12.0
1994-04-04,0.0,6.2,22.1,14.3,1.59,6.6,45,71,30,12.1
1994-04-05,0.2,6.9,20.5,14.6,2.92,11.9,48,86,22,12.2
1994-04-06,0.0,5.9,19.9,13.3,3.05,11.7,34,63,19,12.2
1994-04-07,0.0,10.8,21.2,15.5,3.33,12.5,34,46,25,12.3
1994-04-08,0.0,6.9,21.6,14.1,2.37,8.7,42,75,13,12.3
1994-04-09,0.0,5.0,23.2,14.3,2.72,13.8,36,73,13,12.1
1994-04-10,0.0,10.0,18.2,14.4,4.32,15.1,44,60,28,12.2
1994-04-11,0.0,6.0,15.0,11.2,4.93,16.9,32,60,12,12.5
1994-04-12,0.0,3.5,19.1,11.5,2.5,8.7,28,51,15,12.5
1994-04-13,0.0,5.2,17.8,11.9,1.97,9.9,40,58,26,12.0
1994-04-14,0.0,7.1,16.0,11.2,1.83,8.1,54,71,37,11.1
1994-04-15,16.8,5.7,9.8,8.0,1.74,8.5,80,99,63,0.8
1994-04-16,12.3,4.2,9.6,6.3,3.04,16.9,76,99,49,11.3
1994-04-17,0.0,1.5,14.4,7.8,2.74,12.1,46,62,29,12.8
1994-04-18,0.0,0.8,17.0,9.1,1.8,10.1,51,77,29,11.2
1994-04-19,5.6,3.9,13.1,8.4,1.71,11.5,74,91,56,11.8
1994-04-20,4.0,3.1,14.2,8.6,1.62,9.1,76,93,50,12.4
1994-04-21,0.5,4.4,16.4,10.5,1.65,6.6,67,91,41,12.8
1994-04-22,0.0,3.8,20.0,12.2,1.65,9.8,60,89,29,12.9
1994-04-23,6.2,7.7,18.0,12.8,1.89,8.9,70,90,42,11.7
1994-04-24,1.3,7.1,14.7,11.1,3.53,17.7,68,92,48,13.2
1994-04-25,0.0,5.4,17.6,11.4,3.12,12.2,49,71,28,10.9
1994-04-26,0.0,4.8,20.8,13.0,1.7,6.6,51,78,34,13.3
1994-04-27,0.0,7.4,22.5,15.2,1.57,8.4,56,81,33,13.3
1994-04-28,0.0,9.0,22.7,15.8,1.76,9.1,52,75,33,13.4
1994-04-29,0.0,8.6,22.3,15.7,1.87,8.2,53,77,31,13.5
1994-04-30,0.0,8.2,22.9,16.1,1.87,8.2,52,84,28,13.6
1994-05-01,0.0,7.8,23.7,16.1,1.52,7.4,47,77,23,13.6
1994-05-02,0.0,9.0,27.6,18.8,1.52,6.3,46,72,23,13.7
1994-05-03,0.0,12.5,28.3,20.1,1.74,9.1,45,66,24,13.2
1994-05-04,0.0,11.2,26.3,19.3,1.28,6.4,50,82,23,11.6
1994-05-05,0.0,13.2,24.2,18.4,1.89,9.7,52,70,35,13.7
1994-05-06,0.0,10.9,24.7,17.5,1.88,10.4,63,91,37,13.8
1994-05-07,0.0,12.0,24.0,17.6,1.73,9.3,55,81,30,13.3
1994-05-08,0.0,11.1,22.3,16.9,1.51,7.5,56,89,27,12.1
1994-05-09,0.0,10.5,21.5,16.0,2.9,11.0,45,61,30,13.9
1994-05-10,0.0,7.9,24.8,16.7,2.2,11.6,50,83,28,13.9
1994-05-11,0.0,9.5,20.6,15.5,2.91,14.1,52,83,29,13.9
1994-05-12,0.0,6.5,21.4,14.3,2.22,10.1,44,74,26,13.9
1994-05-13,3.7,8.5,19.1,12.9,2.2,13.7,61,77,44,13.2
1994-05-14,0.0,5.8,21.0,13.6,2.02,11.2,60,92,27,14.0
1994-05-15,0.2,6.7,21.6,15.0,1.47,8.8,59,90,37,14.0
1994-05-16,0.1,9.9,20.9,15.8,1.8,9.1,57,87,34,14.0
1994-05-17,3.6,10.0,18.8,14.2,2.18,10.3,57,81,39,13.0
1994-05-18,0.0,9.8,18.5,13.7,4.93,14.7,53,72,32,14.0
1994-05-19,0.0,7.9,24.6,16.3,2.18,8.8,49,81,24,14.0
1994-05-20,0.0,12.5,22.8,17.7,2.65,10.0,49,79,25,13.8
1994-05-21,0.0,10.7,29.0,19.9,1.43,7.1,44,70,21,14.0
1994-05-22,0.2,12.6,29.1,21.0,1.49,8.4,54,87,24,10.9
1994-05-23,0.0,14.4,27.0,20.5,1.47,8.1,56,84,31,7.4
1994-05-24,0.1,15.9,25.2,20.0,1.92,8.0,55,78,35,10.0
1994-05-25,0.0,12.0,28.0,20.2,1.37,9.8,59,91,28,14.0
1994-05-26,0.0,12.6,29.1,21.2,1.47,6.7,50,83,22,14.0
1994-05-27,0.0,15.8,28.6,21.8,1.61,10.0,49,70,31,13.0
1994-05-28,0.0,12.6,29.6,21.7,1.84,10.0,55,88,28,14.0
1994-05-29,0.0,14.2,30.2,22.5,2.19,11.1,56,85,31,13.0
1994-05-30,0.0,16.7,31.9,23.6,2.02,18.6,52,76,28,12.9
1994-05-31,0.0,17.7,33.5,25.4,1.67,9.8,50,78,26,12.2
1994-06-01,0.0,19.1,30.9,25.3,2.13,11.7,48,72,28,12.8
1994-06-02,0.0,17.4,28.2,22.9,2.17,10.9,45,66,24,13.5
1994-06-03,0.0,13.4,29.9,22.0,1.59,8.8,42,70,23,14.0
1994-06-04,0.0,14.7,31.6,23.7,1.7,9.1,40,70,22,14.0
1994-06-05,0.0,15.8,31.9,23.8,2.27,11.7,41,60,21,14.0
1994-06-06,0.0,15.8,27.4,21.3,2.23,10.2,56,76,38,14.0
1994-06-07,0.0,14.0,27.7,20.8,2.29,10.5,52,86,28,14.0
1994-06-08,0.0,13.9,29.8,22.0,1.48,9.5,47,73,26,14.0
1994-06-09,0.0,16.2,24.1,20.2,2.61,11.7,59,77,45,13.5
1994-06-10,0.0,13.1,24.2,18.2,2.32,10.5,62,90,37,14.0
1994-06-11,0.0,11.6,26.9,19.2,1.75,9.8,54,87,26,13.9
1994-06-12,0.0,12.0,22.8,16.2,2.46,15.7,60,90,28,14.0
1994-06-13,0.0,9.2,23.1,16.5,2.05,9.4,56,93,26,14.0
1994-06-14,0.0,9.1,26.8,18.8,1.89,9.1,45,82,19,14.0
1994-06-15,0.0,12.1,30.1,21.8,2.09,11.1,35,66,18,14.0
1994-06-16,0.0,13.8,27.3,21.5,1.7,8.3,36,63,22,13.0
1994-06-17,0.0,15.0,29.0,22.7,2.07,11.0,39,60,22,13.6
1994-06-18,0.4,14.4,31.4,23.6,1.22,7.7,48,82,24,14.0
1994-06-19,0.0,15.0,32.0,24.0,1.88,7.9,34,62,17,14.0
1994-06-20,0.0,15.0,30.4,23.2,2.0,11.7,42,61,27,14.0
1994-06-21,0.0,15.8,27.9,21.7,2.09,9.6,59,82,35,14.0
1994-06-22,0.0,16.2,26.9,21.3,2.33,11.2,56,86,32,14.0
1994-06-23,0.0,15.6,28.6,21.9,2.32,10.8,47,68,28,14.0
1994-06-24,0.0,13.8,31.6,23.3,1.97,9.0,45,69,23,14.0
1994-06-25,0.0,16.9,28.2,22.9,3.18,13.9,43,79,12,14.0
1994-06-26,0.0,14.9,27.7,20.8,2.9,10.0,30,58,19,14.0
1994-06-27,0.0,12.9,27.6,20.8,2.15,9.8,49,85,24,14.0
1994-06-28,0.0,12.7,30.7,22.2,1.77,9.2,47,82,22,14.0
1994-06-29,0.0,14.4,32.8,24.2,2.01,10.7,42,75,18,14.0
1994-06-30,0.0,16.2,35.3,26.4,2.33,11.6,32,56,13,14.0
1994-07-01,0.0,17.4,36.4,27.7,2.36,11.4,24,47,11,14.0
1994-07-02,0.0,18.7,37.6,28.6,1.79,9.2,24,44,12,13.0
1994-07-03,2.5,19.4,38.9,29.2,1.24,7.2,34,58,14,13.0
1994-07-04,0.0,20.7,40.0,30.9,1.71,6.7,27,48,9,14.0
1994-07-05,0.0,21.0,38.1,30.4,2.9,13.0,23,42,9,14.0
1994-07-06,0.0,22.2,36.3,29.6,3.48,14.9,21,36,9,14.0
1994-07-07,0.0,18.4,34.4,25.7,2.39,12.9,35,70,17,14.0
1994-07-08,0.0,17.3,33.8,25.3,1.78,11.4,54,82,20,14.0
1994-07-09,0.0,18.3,31.7,25.0,1.75,9.8,57,87,32,14.0
1994-07-10,0.0,16.9,34.7,26.2,1.48,10.2,50,87,19,14.0
1994-07-11,0.0,17.5,35.4,26.4,1.66,11.0,46,70,20,13.9
1994-07-12,0.0,19.3,32.0,25.0,1.96,10.4,54,75,31,14.0
1994-07-13,0.0,17.8,31.1,24.4,2.02,10.2,57,92,31,14.0
1994-07-14,0.0,17.3,32.0,24.8,1.99,10.7,45,80,22,14.0
1994-07-15,0.0,19.6,32.7,25.8,2.24,11.8,36,56,19,12.1
1994-07-16,0.0,20.0,34.2,26.6,2.0,12.7,35,52,18,11.5
1994-07-17,0.3,18.0,35.8,26.9,1.35,9.6,52,82,26,13.7
1994-07-18,0.0,19.4,37.2,28.0,1.59,11.1,39,65,14,13.9
1994-07-19,0.0,17.9,37.6,28.1,1.16,8.7,41,70,13,13.9
1994-07-20,0.2,19.4,35.0,27.0,2.22,11.6,45,74,27,13.9
1994-07-21,0.1,20.1,35.4,26.6,1.58,9.7,54,91,13,13.0
1994-07-22,0.0,18.4,33.6,25.5,1.81,10.8,55,80,23,13.0
1994-07-23,0.0,17.2,35.0,26.2,1.3,8.5,50,88,12,13.9
1994-07-24,0.0,18.0,32.5,25.2,1.86,10.5,55,72,31,13.9
1994-07-25,0.0,17.2,32.6,25.0,1.41,9.7,56,86,21,13.5
1994-07-26,0.0,19.2,30.8,24.7,1.97,9.5,62,93,32,13.7
1994-07-27,0.0,17.2,32.2,25.0,1.78,8.3,55,95,23,13.8
1994-07-28,0.0,16.9,31.7,24.8,2.11,10.7,45,74,22,13.8
1994-07-29,0.0,18.0,31.8,24.9,1.98,9.8,43,62,25,13.8
1994-07-30,0.1,16.1,32.8,24.9,1.81,9.6,49,85,23,13.5
1994-07-31,0.0,19.1,31.1,25.3,1.79,8.9,46,75,20,13.4
1994-08-01,0.0,18.2,31.4,24.8,2.15,9.4,41,63,26,13.7
1994-08-02,0.0,17.5,31.1,24.6,1.87,9.3,50,73,32,13.7
1994-08-03,0.0,18.0,31.0,24.7,2.33,10.9,61,96,32,13.6
1994-08-04,0.0,17.6,31.7,24.7,1.85,9.8,60,86,38,13.2
1994-08-05,0.0,18.0,33.9,26.0,1.51,8.6,65,93,37,13.2
1994-08-06,0.5,20.6,31.4,26.4,1.44,7.6,68,93,44,9.3
1994-08-07,0.0,20.2,36.8,28.8,1.64,8.7,47,76,19,13.4
1994-08-08,0.0,20.1,36.7,28.6,1.57,7.8,40,64,17,13.4
1994-08-09,0.0,19.9,35.7,27.7,2.21,10.9,32,50,14,13.4
1994-08-10,0.0,18.0,29.7,24.1,2.57,9.9,37,59,23,13.4
1994-08-11,0.0,16.3,34.1,25.2,1.59,9.1,41,72,19,13.4
1994-08-12,0.0,18.9,33.6,26.6,1.83,9.6,43,69,25,13.1
1994-08-13,0.0,20.3,31.3,26.0,1.69,7.8,54,76,32,3.9
1994-08-14,0.0,19.7,27.8,24.1,1.87,9.5,71,97,49,7.1
1994-08-15,0.0,18.9,31.3,25.0,1.95,8.5,63,93,36,12.8
1994-08-16,0.0,17.9,34.7,26.5,1.48,8.0,54,82,29,12.9
1994-08-17,0.8,19.9,37.6,28.6,1.17,10.3,48,80,16,13.1
1994-08-18,0.0,19.0,36.1,27.5,1.95,10.8,39,62,14,13.0
1994-08-19,0.0,20.2,35.3,27.3,1.48,9.2,52,81,20,12.8
1994-08-20,1.2,20.3,36.2,27.8,1.38,9.6,46,68,19,12.6
1994-08-21,0.0,19.2,37.2,28.3,1.86,9.0,46,82,16,12.9
1994-08-22,0.1,21.1,37.0,28.5,1.37,8.0,45,63,25,10.7
1994-08-23,0.0,20.5,37.1,28.5,1.26,6.9,42,71,13,12.8
1994-08-24,0.0,19.8,33.5,26.8,1.61,7.7,30,46,20,12.8
1994-08-25,0.0,16.6,31.8,24.7,1.49,6.4,33,50,22,12.8
1994-08-26,0.0,19.0,32.1,25.6,1.78,8.0,44,58,30,12.6
1994-08-27,0.0,18.2,33.1,25.7,1.84,8.9,49,76,25,12.6
1994-08-28,0.3,17.8,36.2,26.8,1.52,9.1,48,76,19,11.5
1994-08-29,0.0,19.1,34.2,26.5,2.08,10.2,44,62,25,12.3
1994-08-30,2.1,17.4,33.1,25.3,1.3,10.0,51,77,20,12.3
1994-08-31,0.0,17.7,32.9,25.2,1.34,7.6,41,69,17,12.3
1994-09-01,0.0,16.5,32.2,24.4,1.82,10.9,38,59,19,12.1
1994-09-02,0.1,19.9,29.5,23.6,1.95,11.7,60,81,34,12.1
1994-09-03,0.0,17.7,31.9,24.4,1.38,8.3,59,95,22,12.1
1994-09-04,0.0,18.4,30.0,23.9,3.03,11.6,40,58,22,12.0
1994-09-05,0.0,17.4,26.6,21.6,1.93,8.8,60,84,35,12.0
1994-09-06,0.0,14.2,28.1,21.3,1.57,7.7,59,91,30,12.0
1994-09-07,0.0,14.2,31.7,23.2,1.54,8.0,51,86,20,12.0
1994-09-08,0.0,18.1,30.8,24.1,2.36,9.1,36,61,12,12.0
1994-09-09,0.0,13.4,29.8,22.1,1.39,6.2,30,55,17,12.0
1994-09-10,0.0,14.1,31.4,22.9,1.38,6.2,36,55,20,12.0
1994-09-11,0.0,15.2,31.8,23.6,1.72,9.4,43,71,21,12.0
1994-09-12,0.0,15.9,32.4,24.2,1.14,5.9,40,61,17,12.0
1994-09-13,0.0,16.6,30.2,23.1,2.03,11.1,34,55,15,10.5
1994-09-14,0.0,16.0,22.3,19.0,4.12,13.2,35,57,24,12.0
1994-09-15,0.0,11.8,24.4,18.0,2.15,8.9,34,55,17,12.0
1994-09-16,0.0,10.2,27.9,19.4,1.52,9.4,40,58,27,12.0
1994-09-17,0.0,14.3,24.0,18.9,2.11,8.6,52,81,32,12.0
1994-09-18,0.0,13.2,23.0,17.3,1.52,8.6,59,83,32,12.0
1994-09-19,0.0,9.3,23.7,16.7,1.48,6.3,61,97,29,11.4
1994-09-20,0.0,10.4,28.7,19.5,1.01,5.6,49,89,18,12.0
1994-09-21,12.7,15.0,24.1,18.9,2.24,11.2,49,93,33,6.7
1994-09-22,9.0,11.6,17.9,14.0,1.9,10.1,81,97,54,10.1
1994-09-23,5.3,10.3,17.3,13.5,1.87,12.0,74,99,43,12.0
1994-09-24,0.0,7.2,21.3,14.2,1.77,8.2,62,88,33,11.9
1994-09-25,0.0,8.6,22.7,15.4,1.48,6.3,65,92,37,11.9
1994-09-26,0.0,8.9,23.5,16.4,1.24,7.1,61,88,31,11.9
1994-09-27,0.0,12.0,21.9,16.8,1.82,8.5,66,88,41,11.8
1994-09-28,6.7,12.3,18.9,15.4,1.91,8.7,84,98,64,5.5
1994-09-29,12.8,13.1,20.1,16.2,1.8,7.6,80,98,54,11.4
1994-09-30,2.2,11.0,20.4,15.3,1.43,7.5,81,98,53,10.8
1994-10-01,4.3,12.1,20.5,15.4,1.0,7.9,84,95,61,8.0
1994-10-02,1.7,9.5,21.0,15.1,0.97,6.4,83,98,58,11.1
1994-10-03,0.2,11.3,23.5,17.1,1.47,6.0,69,93,38,10.2
1994-10-04,0.0,11.5,23.2,17.4,1.81,6.1,65,85,39,10.9
1994-10-05,2.2,13.8,21.5,16.7,2.11,9.4,75,97,54,10.3
1994-10-06,10.0,12.8,17.4,14.7,3.2,11.6,83,100,60,10.0
1994-10-07,0.1,10.8,17.1,13.5,2.11,8.3,84,93,72,3.0
1994-10-08,0.0,11.0,19.6,14.7,1.78,9.0,82,99,60,11.0
1994-10-09,9.2,12.1,15.6,13.5,1.16,6.0,95,99,92,0.0
1994-10-10,10.2,14.5,19.5,16.6,1.26,10.8,94,100,81,5.9
1994-10-11,2.3,13.0,21.0,16.6,1.05,5.2,85,98,63,10.5
1994-10-12,0.4,12.0,22.3,16.9,0.96,5.6,82,96,57,10.7
1994-10-13,0.0,13.6,21.3,17.1,1.0,4.9,84,99,62,9.3
1994-10-14,0.6,14.6,20.0,16.8,1.23,5.7,86,99,66,6.9
1994-10-15,5.1,13.8,18.8,16.1,0.75,6.1,91,99,77,5.4
1994-10-16,6.7,11.5,19.7,14.9,1.11,6.0,85,98,64,10.3
1994-10-17,0.0,9.5,19.2,14.3,1.93,6.5,76,96,50,10.6
1994-10-18,1.2,11.4,17.1,14.1,1.2,6.6,84,95,76,9.5
1994-10-19,0.0,10.3,18.3,14.0,1.54,8.3,81,98,56,10.1
1994-10-20,1.6,11.0,16.6,13.5,3.27,14.2,70,93,47,10.5
1994-10-21,0.0,11.3,17.2,13.9,3.36,12.5,67,76,52,10.3
1994-10-22,0.0,12.6,21.1,16.4,2.54,8.1,71,88,54,10.3
1994-10-23,0.0,13.5,18.4,16.3,2.98,10.7,68,85,50,10.1
1994-10-24,0.0,8.9,19.4,13.6,1.54,6.4,70,92,44,10.2
1994-10-25,0.0,7.5,20.9,13.4,1.2,5.8,71,89,45,10.1
1994-10-26,0.0,9.2,20.6,14.1,1.48,6.5,75,89,49,10.0
1994-10-27,1.9,11.6,17.3,14.1,1.49,7.8,88,97,72,6.6
1994-10-28,5.4,11.0,18.1,13.5,1.06,6.3,89,98,66,6.0
1994-10-29,0.0,7.6,17.3,12.2,1.38,4.6,86,99,65,8.5
1994-10-30,0.0,7.2,18.4,12.3,1.3,5.5,84,100,61,9.8
1994-10-31,0.0,7.5,19.7,13.1,0.98,3.8,80,98,56,6.2
1994-11-01,0.0,8.7,19.7,13.8,1.42,5.0,79,94,56,10.0
1994-11-02,0.0,10.5,19.5,14.4,1.35,6.2,83,99,57,10.0
1994-11-03,0.0,12.0,20.0,14.8,1.65,9.3,81,97,52,9.0
1994-11-04,10.9,9.0,14.6,12.5,1.85,13.1,86,97,65,0.6
1994-11-05,0.0,5.4,13.3,9.1,2.75,11.1,68,88,45,10.0
1994-11-06,0.0,2.6,15.7,8.7,1.44,6.6,70,90,42,10.0
1994-11-07,0.0,6.7,17.1,11.2,1.95,10.0,73,86,52,8.8
1994-11-08,0.0,8.7,18.1,12.5,1.22,5.3,78,94,51,9.9
1994-11-09,0.7,10.1,19.3,14.0,2.0,10.5,79,90,62,6.4
1994-11-10,0.0,10.9,18.3,14.1,3.09,11.1,73,84,59,9.9
1994-11-11,0.0,11.8,19.9,15.8,2.73,10.2,70,86,48,9.9
1994-11-12,1.3,10.5,20.1,14.1,2.7,11.1,79,93,55,9.5
1994-11-13,0.0,8.8,15.3,11.8,3.29,11.8,68,74,59,9.8
1994-11-14,0.0,4.6,17.2,10.5,1.35,5.7,78,94,54,9.9
1994-11-15,0.0,4.9,20.0,11.5,0.99,3.6,74,95,42,9.8
1994-11-16,0.0,5.8,21.5,12.2,1.25,4.2,69,88,35,9.8
1994-11-17,0.0,7.4,18.5,11.8,2.25,6.4,70,84,45,8.5
1994-11-18,0.0,7.0,19.9,12.6,1.75,5.4,72,90,44,9.8
1994-11-19,0.0,7.9,20.8,13.6,1.51,4.4,71,90,43,9.8
1994-11-20,0.0,8.0,18.8,13.3,1.01,4.7,73,89,55,9.8
1994-11-21,0.0,5.9,18.7,11.6,1.09,5.0,78,95,51,9.8
1994-11-22,0.0,5.5,18.0,11.1,1.1,5.6,78,93,51,9.8
1994-11-23,0.0,8.2,15.9,11.4,0.86,4.5,83,96,64,9.4
1994-11-24,0.0,8.1,15.6,11.5,0.96,5.1,84,96,65,9.7
1994-11-25,0.0,7.5,15.6,11.0,0.75,4.4,87,99,64,9.4
1994-11-26,0.0,4.5,18.4,10.3,1.15,4.2,74,98,42,9.7
1994-11-27,0.0,3.8,18.1,10.5,1.23,3.9,72,91,44,9.6
1994-11-28,1.4,9.1,11.7,10.2,1.57,8.2,93,100,82,4.9
1994-11-29,0.2,8.9,13.6,10.7,1.38,6.5,90,99,70,4.0
1994-11-30,0.0,9.1,15.6,11.5,1.04,5.4,87,99,64,9.0
1994-12-01,0.2,9.3,13.9,10.9,1.69,8.6,89,100,67,7.6
1994-12-02,2.0,9.0,14.6,11.1,1.7,7.2,92,100,74,7.4
1994-12-03,0.0,7.7,16.7,11.6,1.04,3.9,83,99,56,9.5
1994-12-04,0.0,5.1,17.2,10.2,1.17,4.3,80,94,52,9.5
1994-12-05,0.0,6.1,18.1,10.7,1.4,4.6,76,94,47,9.2
1994-12-06,0.0,7.8,16.8,11.3,1.31,5.8,79,94,56,9.5
1994-12-07,0.0,6.4,17.2,10.8,1.3,6.3,82,96,56,8.8
1994-12-08,0.0,6.1,15.3,10.7,1.36,5.4,79,96,48,9.4
1994-12-09,0.0,3.3,17.1,8.8,1.69,5.8,73,90,46,9.4
1994-12-10,0.0,6.9,15.1,10.2,2.64,8.7,77,91,57,9.4
1994-12-11,0.0,3.9,16.0,9.3,1.33,5.4,74,92,48,9.4
1994-12-12,0.0,4.5,16.0,9.8,1.13,3.9,65,79,45,9.4
1994-12-13,0.0,5.2,16.6,10.3,1.14,3.7,65,85,47,9.4
1994-12-14,0.0,4.1,18.6,9.6,1.53,4.8,74,92,42,9.4
1994-12-15,0.0,5.6,17.3,10.2,1.61,5.0,76,89,50,9.4
1994-12-16,0.0,4.2,12.1,7.5,1.44,5.2,86,98,64,8.9
1994-12-17,3.1,5.0,9.8,8.3,0.67,5.1,97,100,93,2.1
1994-12-18,0.0,3.7,12.5,7.5,2.04,7.8,79,99,52,8.1
1994-12-19,0.0,4.1,11.6,7.1,2.32,10.3,74,88,51,8.9
1994-12-20,0.0,2.8,10.4,6.0,4.09,13.5,59,68,45,9.4
1994-12-21,0.0,2.0,12.6,6.7,2.41,8.2,63,79,42,9.4
1994-12-22,0.0,5.5,11.3,7.8,4.27,13.6,66,70,58,9.2
1994-12-23,0.0,-0.9,5.6,2.3,3.33,11.7,48,66,36,9.4
1994-12-24,0.0,-3.0,7.3,1.4,1.01,4.8,59,74,38,9.4
1994-12-25,0.0,-3.2,8.4,1.5,1.31,5.6,65,82,38,9.4
1994-12-26,0.0,-3.4,10.6,1.9,1.18,4.3,61,83,35,9.2
1994-12-27,0.0,-2.5,12.7,3.1,1.07,3.5,62,83,34,9.2
1994-12-28,0.0,-2.1,14.6,4.3,1.21,3.9,61,85,33,9.4
1994-12-29,0.0,-0.9,13.7,4.8,1.78,6.4,61,86,37,9.3
1994-12-30,0.0,6.9,17.5,11.9,2.47,9.0,79,91,63,8.8
1994-12-31,0.0,11.2,14.7,13.0,3.66,9.5,71,76,66,2.2
1995-01-01,0.9,7.5,15.7,12.4,3.29,13.9,70,77,56,8.9
1995-01-02,0.0,0.7,8.5,4.5,3.57,10.0,49,62,38,9.4
1995-01-03,0.0,-2.2,9.8,3.4,1.55,6.2,64,81,40,9.4
1995-01-04,0.0,-1.4,9.6,3.9,2.69,11.4,66,87,40,9.2
1995-01-05,0.0,1.6,11.4,6.4,3.23,11.6,76,89,61,9.2
1995-01-06,0.0,5.5,11.2,8.0,4.31,17.0,71,91,48,9.0
1995-01-07,0.0,2.8,8.0,5.0,4.83,15.9,51,61,38,9.4
1995-01-08,0.0,-1.7,8.2,3.1,2.47,8.6,54,78,36,9.5
1995-01-09,0.0,-0.5,11.3,5.1,3.69,13.2,66,83,50,9.3
1995-01-10,0.0,1.0,12.5,6.2,3.0,10.1,64,82,42,9.5
1995-01-11,0.0,4.4,14.4,8.5,4.71,13.6,56,67,44,9.5
1995-01-12,0.0,7.3,13.1,9.8,5.3,16.3,59,72,43,9.4
1995-01-13,0.0,0.7,7.6,3.7,3.98,12.9,39,60,30,9.5
1995-01-14,0.0,-2.4,11.1,3.2,0.97,4.5,55,74,30,9.5
1995-01-15,0.0,-0.4,14.9,6.1,1.88,6.3,55,76,28,9.5
1995-01-16,0.0,-1.8,12.5,4.7,1.25,5.5,68,90,47,9.6
1995-01-17,0.0,-0.3,13.6,5.6,1.27,6.2,76,94,43,8.3
1995-01-18,1.6,5.2,14.8,8.8,2.27,11.1,81,91,62,6.3
1995-01-19,0.0,-0.6,12.7,5.2,1.73,5.8,72,93,35,9.6
1995-01-20,0.0,-0.6,12.6,5.9,1.46,6.8,75,85,59,8.0
1995-01-21,0.0,2.5,13.9,7.8,1.45,6.2,68,98,32,9.5
1995-01-22,0.0,0.0,17.3,6.9,1.52,5.2,56,85,25,9.6
1995-01-23,0.0,3.4,16.5,8.8,2.53,9.0,47,61,29,9.6
1995-01-24,0.0,9.2,17.1,12.1,2.51,8.8,74,89,59,9.6
1995-01-25,0.0,7.9,18.5,11.9,1.34,5.1,77,96,45,9.6
1995-01-26,0.0,6.0,13.6,9.4,2.6,12.5,76,91,54,6.7
1995-01-27,0.0,5.8,16.3,10.6,1.44,6.4,71,94,41,9.7
1995-01-28,0.0,4.7,17.3,9.5,2.15,9.0,68,90,32,6.5
1995-01-29,0.0,4.0,16.4,9.7,2.22,9.6,74,96,39,9.7
1995-01-30,1.9,8.1,14.6,10.8,2.76,12.9,75,91,55,8.8
1995-01-31,0.0,5.3,19.2,11.7,1.75,5.5,63,95,24,9.8
1995-02-01,0.0,2.0,19.6,9.7,1.28,4.3,54,73,25,9.7
1995-02-02,0.0,4.0,16.0,9.3,2.66,10.9,65,79,48,9.9
1995-02-03,0.0,1.3,12.8,7.5,1.43,7.4,74,98,47,10.0
1995-02-04,0.0,0.7,17.1,8.1,1.14,4.3,63,94,29,10.1
1995-02-05,0.0,2.3,18.8,9.5,1.44,5.2,54,69,31,10.1
1995-02-06,0.0,3.0,21.5,10.9,1.18,4.5,59,85,24,10.1
1995-02-07,0.0,4.8,19.8,11.0,2.15,6.0,51,77,24,10.1
1995-02-08,0.2,4.9,16.2,10.0,2.75,10.6,66,86,45,10.0
1995-02-09,0.6,8.4,15.9,11.5,2.89,12.4,70,84,49,10.3
1995-02-10,0.0,4.9,14.6,9.4,1.5,6.0,77,95,53,7.7
1995-02-11,0.0,4.0,17.2,10.0,1.33,5.2,70,95,36,10.4
1995-02-12,0.0,4.9,18.0,10.4,1.22,5.2,70,92,41,10.1
1995-02-13,0.6,6.3,15.4,10.3,2.33,12.8,76,90,56,5.7
1995-02-14,0.0,9.7,16.4,12.3,3.85,16.9,68,77,53,10.5
1995-02-15,0.0,9.3,22.0,14.6,2.13,9.2,64,90,31,10.6
1995-02-16,0.0,7.8,20.9,13.4,2.03,7.1,67,92,37,10.7
1995-02-17,0.0,6.7,22.2,13.4,1.64,7.1,65,93,29,10.7
1995-02-18,0.0,10.1,15.7,12.5,2.43,8.3,67,87,45,9.7
1995-02-19,0.0,4.1,16.8,10.0,1.41,6.8,68,97,39,10.8
1995-02-20,0.0,2.6,17.8,9.7,1.33,7.1,62,85,36,10.8
1995-02-21,0.0,4.1,21.4,12.0,1.17,8.2,62,88,31,10.8
1995-02-22,7.3,8.1,12.9,9.9,1.57,8.6,75,95,45,5.8
1995-02-23,0.0,2.1,15.5,8.8,0.75,5.3,60,92,28,10.3
1995-02-24,0.0,4.2,19.2,10.8,2.99,11.7,61,82,39,10.8
1995-02-25,0.0,10.0,22.1,15.2,3.76,13.3,52,74,26,10.9
1995-02-26,0.0,5.3,13.6,9.1,5.9,18.8,56,65,42,10.9
1995-02-27,0.0,1.4,10.3,5.6,4.22,12.0,44,61,20,10.9
1995-02-28,12.9,1.5,5.9,3.7,4.64,23.3,80,97,57,4.8
1995-03-01,10.4,3.5,13.5,7.3,4.09,15.9,73,96,47,8.9
1995-03-02,0.0,3.5,15.7,9.3,2.75,11.2,58,74,38,10.9
1995-03-03,0.0,3.8,12.7,7.9,3.8,15.3,69,83,49,11.0
1995-03-04,0.0,3.7,11.5,7.5,4.23,14.0,54,72,35,11.0
1995-03-05,0.8,6.8,15.6,10.9,5.31,16.5,68,80,57,10.1
1995-03-06,7.6,9.9,14.1,12.1,2.85,15.0,74,90,61,3.8
1995-03-07,5.2,5.6,13.7,8.9,1.25,8.0,73,99,37,10.7
1995-03-08,0.0,1.4,15.0,7.8,1.99,9.5,66,92,34,11.2
1995-03-09,0.0,1.4,14.5,8.1,1.95,9.0,66,86,44,11.2
1995-03-10,0.0,3.7,15.4,9.1,1.89,9.8,79,93,60,11.0
1995-03-11,0.9,6.8,15.5,10.5,3.28,15.1,90,99,68,8.1
1995-03-12,14.3,7.5,10.1,8.4,5.93,19.1,89,96,72,1.7
1995-03-13,0.0,5.6,13.6,9.1,3.68,12.1,59,72,44,11.1
1995-03-14,1.0,2.2,16.8,9.4,1.31,6.1,65,87,39,11.4
1995-03-15,0.0,2.6,18.1,10.4,1.01,5.5,59,85,29,11.6
1995-03-16,0.9,5.1,14.2,9.6,1.77,6.4,65,88,51,11.3
1995-03-17,0.0,1.8,17.5,9.3,1.04,4.4,66,97,31,11.6
1995-03-18,0.0,3.6,19.9,11.4,1.51,4.5,61,84,33,11.7
1995-03-19,0.0,4.2,21.4,12.5,1.21,4.3,57,84,24,11.7
1995-03-20,0.0,4.9,19.9,12.0,2.53,11.6,58,87,31,11.7
1995-03-21,0.0,7.1,15.4,10.6,2.0,9.6,75,97,50,11.8
1995-03-22,0.0,5.6,12.1,8.4,2.16,10.6,76,91,56,10.8
1995-03-23,0.0,4.0,13.6,7.8,2.12,9.3,71,95,41,11.5
1995-03-24,0.0,-0.9,17.3,9.0,1.39,6.9,54,85,24,11.8
1995-03-25,0.0,1.1,18.4,10.0,1.37,6.4,51,83,21,10.9
1995-03-26,0.0,4.9,18.9,11.8,1.55,7.0,46,64,23,11.9
1995-03-27,0.0,3.3,22.2,12.8,1.56,7.9,50,82,22,11.9
1995-03-28,0.0,7.2,22.0,14.4,2.47,9.2,42,71,20,11.9
1995-03-29,0.0,6.4,23.6,14.9,2.85,10.5,42,69,22,12.0
1995-03-30,0.5,6.9,14.7,9.7,2.77,10.4,68,79,41,3.0
1995-03-31,0.0,3.8,11.8,7.4,2.61,10.8,64,88,40,11.8
1995-04-01,0.0,0.7,15.6,8.4,1.92,10.4,53,81,29,12.1
1995-04-02,0.0,5.7,17.3,10.9,1.81,8.9,46,72,31,12.1
1995-04-03,0.0,2.3,19.5,11.3,1.73,10.1,58,85,28,12.2
1995-04-04,0.0,3.4,20.4,12.3,1.73,9.5,58,90,27,12.0
1995-04-05,0.0,5.2,20.2,13.1,1.74,9.2,54,87,25,12.2
1995-04-06,0.0,5.4,20.5,13.3,1.56,6.9,50,75,26,12.2
1995-04-07,0.0,5.5,21.0,13.4,1.89,9.2,57,79,36,12.2
1995-04-08,0.0,5.5,23.0,14.4,1.36,8.4,64,94,29,12.3
1995-04-09,0.0,7.9,23.9,15.8,1.75,9.9,56,92,22,12.4
1995-04-10,0.0,10.4,22.0,15.5,1.78,9.7,41,61,23,12.5
1995-04-11,0.0,8.4,19.4,14.3,1.92,11.1,41,61,29,12.4
1995-04-12,0.0,5.1,21.9,14.2,1.6,9.2,49,77,25,12.5
1995-04-13,0.0,6.2,23.0,14.9,1.92,9.7,53,84,27,12.4
1995-04-14,0.5,8.6,15.0,12.0,2.62,11.4,65,93,46,7.9
1995-04-15,0.0,6.6,15.8,11.2,2.04,9.0,58,75,40,11.5
1995-04-16,0.0,3.9,20.8,12.8,2.48,11.7,51,91,19,12.7
1995-04-17,0.0,6.0,19.9,13.0,2.05,9.3,51,71,34,12.8
1995-04-18,0.0,5.5,23.4,14.9,1.63,8.6,59,93,28,12.7
1995-04-19,0.2,10.3,23.6,16.8,2.26,10.3,45,68,24,12.9
1995-04-20,1.2,7.9,20.4,14.1,2.68,13.0,50,90,25,12.6
1995-04-21,0.2,6.9,14.0,10.5,3.01,12.2,51,93,20,12.8
1995-04-22,0.5,2.3,14.7,8.7,2.03,10.1,39,70,19,13.0
1995-04-23,3.1,3.0,12.1,7.4,2.28,10.5,57,80,38,12.1
1995-04-24,0.1,4.3,12.6,8.3,4.33,17.7,53,72,36,12.9
1995-04-25,0.0,3.7,15.2,10.0,3.68,13.2,44,71,21,13.3
1995-04-26,0.0,3.3,14.0,9.0,2.77,13.1,46,73,31,12.0
1995-04-27,0.6,3.9,18.3,11.1,1.73,8.3,57,83,34,7.0
1995-04-28,0.8,6.5,17.4,12.6,1.85,8.1,70,94,48,13.3
1995-04-29,0.0,8.5,23.1,15.6,1.88,7.3,62,92,31,13.1
1995-04-30,0.0,9.6,22.0,16.1,1.99,10.1,62,89,38,12.9
1995-05-01,0.0,8.7,24.4,16.5,1.78,10.4,54,83,27,13.6
1995-05-02,0.0,9.7,22.2,16.1,2.0,9.5,53,80,30,13.7
1995-05-03,0.0,9.2,21.6,15.4,2.02,10.0,51,70,33,13.6
1995-05-04,0.0,8.4,22.1,15.3,2.21,10.9,52,81,29,13.7
1995-05-05,0.0,8.5,22.2,15.4,1.91,10.7,39,67,25,13.4
1995-05-06,0.7,10.5,21.7,15.5,1.73,9.0,45,66,28,12.2
1995-05-07,0.0,9.7,23.1,16.7,1.77,9.1,54,75,39,11.1
1995-05-08,0.0,11.4,25.2,18.3,1.69,8.8,61,90,34,11.5
1995-05-09,0.0,12.2,25.6,19.0,1.8,10.2,55,82,31,13.9
1995-05-10,0.0,12.4,23.3,17.9,1.49,7.3,61,91,34,13.9
1995-05-11,0.2,14.0,22.4,17.9,3.83,15.3,51,78,28,13.8
1995-05-12,0.0,10.4,18.9,14.5,6.55,21.0,51,69,34,13.9
1995-05-13,0.0,7.1,23.5,15.9,2.05,10.7,32,62,17,13.9
1995-05-14,0.0,9.3,24.0,16.5,2.3,11.7,42,57,30,13.8
1995-05-15,0.0,9.1,28.1,19.1,1.39,7.7,51,86,24,14.0
1995-05-16,0.3,15.3,27.3,21.2,2.5,13.0,45,63,28,14.0
1995-05-17,0.0,15.4,27.5,21.1,1.85,9.1,45,64,25,14.0
1995-05-18,0.0,13.0,28.8,21.4,2.56,12.2,42,68,22,14.0
1995-05-19,0.0,14.6,29.1,21.8,1.91,8.1,47,83,21,14.0
1995-05-20,0.0,13.7,23.9,18.4,1.97,10.4,64,95,39,14.0
1995-05-21,0.0,11.0,21.9,16.1,2.42,10.4,63,95,37,14.0
1995-05-22,0.0,10.6,20.3,14.9,2.11,10.0,56,78,30,12.9
1995-05-23,0.0,8.3,24.7,16.6,1.77,8.7,43,71,23,13.7
1995-05-24,0.0,10.5,27.1,19.1,1.97,9.7,52,80,31,14.0
1995-05-25,0.3,13.2,25.7,19.8,1.52,9.9,48,85,17,14.0
1995-05-26,0.0,11.5,26.2,19.0,2.14,11.2,38,67,22,14.0
1995-05-27,0.0,10.7,27.9,19.9,1.78,9.8,54,90,24,14.0
1995-05-28,0.0,11.8,28.9,20.8,2.0,10.0,48,86,19,14.0
1995-05-29,0.0,12.8,31.1,22.2,2.0,11.0,43,72,20,14.0
1995-05-30,0.0,13.9,27.6,19.9,1.95,13.8,57,92,23,14.0
1995-05-31,0.0,13.0,26.2,18.7,1.49,8.2,57,98,13,13.8
1995-06-01,0.0,10.6,25.5,17.9,1.55,8.7,45,79,14,14.0
1995-06-02,0.0,11.8,26.1,18.8,2.39,10.5,51,82,24,14.0
1995-06-03,0.0,10.9,24.5,18.3,2.25,10.4,45,76,28,14.0
1995-06-04,0.0,11.5,26.0,18.7,2.09,9.7,45,71,27,14.0
1995-06-05,0.0,13.1,25.6,19.1,2.42,11.6,43,64,29,13.5
1995-06-06,1.3,12.8,23.0,17.5,2.46,12.5,58,80,41,12.7
1995-06-07,0.0,11.2,24.8,18.4,2.25,10.3,54,85,32,14.0
1995-06-08,2.0,11.7,25.7,18.8,1.18,7.3,63,87,42,13.0
1995-06-09,9.6,14.0,23.8,18.0,1.55,7.2,78,92,48,11.3
1995-06-10,5.8,13.0,22.1,17.5,1.61,9.4,83,97,62,13.9
1995-06-11,0.0,13.2,23.8,18.5,1.11,6.6,72,99,40,13.1
1995-06-12,0.1,12.5,25.5,19.7,0.67,5.5,62,93,34,13.8
1995-06-13,0.0,13.5,25.3,19.9,1.82,8.7,62,87,41,14.0
1995-06-14,0.0,13.5,26.3,19.9,1.74,9.4,61,83,39,13.0
1995-06-15,0.0,14.6,25.1,19.2,2.01,10.9,70,90,44,13.8
1995-06-16,0.0,13.7,24.2,18.8,1.99,10.1,74,98,46,12.5
1995-06-17,1.0,14.0,24.8,19.5,1.29,7.5,72,96,46,12.6
1995-06-18,0.8,13.8,27.9,21.3,1.58,7.0,62,92,37,14.0
1995-06-19,0.0,13.6,29.1,22.0,2.12,10.1,51,81,27,14.0
1995-06-20,4.8,15.9,24.5,19.8,1.12,7.1,70,91,56,8.8
1995-06-21,0.0,13.9,26.8,20.9,1.7,7.6,68,94,43,14.0
1995-06-22,0.0,14.3,28.2,21.6,1.78,8.4,64,91,40,14.0
1995-06-23,0.0,14.8,30.3,22.6,1.82,9.4,59,91,31,14.0
1995-06-24,2.9,15.1,25.7,20.6,2.4,10.5,67,86,45,10.0
1995-06-25,11.3,14.2,18.8,16.8,2.82,11.6,75,97,50,8.5
1995-06-26,0.2,12.9,21.0,16.8,2.09,9.8,66,84,55,2.4
1995-06-27,3.1,14.8,24.4,19.8,2.09,7.8,67,95,47,12.1
1995-06-28,0.0,15.6,26.0,21.2,1.83,7.9,63,81,48,14.0
1995-06-29,0.2,15.5,26.3,21.4,1.79,8.3,67,92,48,13.6
1995-06-30,0.0,14.5,27.5,21.5,2.03,10.4,59,84,37,14.0
1995-07-01,0.0,14.1,29.1,22.0,1.54,7.5,61,88,39,14.0
1995-07-02,0.0,16.1,27.6,22.0,2.25,10.0,56,86,32,13.9
1995-07-03,0.0,15.7,25.6,20.8,2.89,11.2,50,74,34,14.0
1995-07-04,0.0,14.4,27.2,21.2,2.19,8.5,50,79,29,14.0
1995-07-05,0.0,15.4,26.7,20.4,1.99,11.6,65,97,33,13.6
1995-07-06,0.0,13.6,26.7,20.5,1.9,9.1,62,98,35,14.0
1995-07-07,0.0,15.6,27.2,21.3,1.97,10.0,45,68,30,14.0
1995-07-08,0.1,15.6,28.4,21.4,2.73,12.6,50,74,26,12.8
1995-07-09,0.0,14.9,29.4,22.0,2.13,8.5,56,79,37,14.0
1995-07-10,0.0,16.4,29.5,23.5,1.34,8.6,58,87,36,14.0
1995-07-11,0.0,16.8,29.7,23.5,1.91,8.2,50,75,28,14.0
1995-07-12,0.0,15.5,30.9,23.7,2.22,11.1,51,81,28,14.0
1995-07-13,0.0,16.0,31.4,24.4,1.34,6.5,50,85,27,14.0
1995-07-14,0.0,16.3,31.7,24.4,1.56,7.1,42,70,23,14.0
1995-07-15,0.0,16.0,32.4,24.6,2.06,9.2,38,65,21,14.0
1995-07-16,0.0,16.5,32.4,24.9,2.02,10.1,43,72,23,14.0
1995-07-17,0.0,16.3,31.8,24.7,1.9,9.1,44,74,25,14.0
1995-07-18,0.0,17.3,32.3,25.1,2.05,10.1,45,75,25,14.0
1995-07-19,0.0,16.6,34.0,25.8,2.02,9.7,44,75,22,13.9
1995-07-20,0.0,17.8,35.6,26.9,2.03,9.5,41,68,20,13.9
1995-07-21,0.0,17.7,35.5,26.8,1.94,9.8,44,77,21,13.9
1995-07-22,0.3,18.6,37.5,27.9,1.58,10.3,47,73,20,13.9
1995-07-23,0.0,21.3,34.1,26.9,1.83,9.2,51,73,27,13.9
1995-07-24,0.0,18.9,34.8,26.8,1.86,9.1,52,87,23,13.9
1995-07-25,0.0,18.3,34.6,26.7,2.2,10.9,51,79,23,13.9
1995-07-26,0.0,17.2,35.1,26.5,1.74,7.6,44,77,15,13.8
1995-07-27,0.0,18.3,34.4,26.3,2.05,10.1,43,67,19,13.8
1995-07-28,0.0,18.5,32.8,25.8,1.96,9.2,62,94,34,13.8
1995-07-29,0.0,18.7,35.8,27.5,1.39,8.8,56,93,22,13.8
1995-07-30,0.0,20.1,31.4,25.7,1.76,9.0,59,74,38,13.2
1995-07-31,0.0,17.4,31.0,24.5,1.69,9.1,61,96,32,13.6
1995-08-01,0.0,18.0,31.6,24.6,1.91,9.8,62,97,29,12.8
1995-08-02,0.0,18.7,32.8,25.0,1.72,10.1,67,96,30,13.1
1995-08-03,0.0,17.3,34.0,25.9,1.32,8.2,54,94,17,13.5
1995-08-04,0.0,17.2,33.5,25.6,1.38,7.9,32,57,11,13.7
1995-08-05,0.0,17.4,32.9,25.5,1.7,6.5,30,48,16,13.7
1995-08-06,0.0,18.0,34.0,26.1,1.63,8.4,34,55,19,13.6
1995-08-07,0.0,18.6,31.4,24.9,1.89,10.6,46,72,28,13.4
1995-08-08,0.1,19.5,28.7,23.5,2.14,9.8,67,87,42,12.5
1995-08-09,0.2,19.7,28.3,23.3,2.82,11.1,71,97,44,12.3
1995-08-10,0.0,19.0,31.1,24.0,1.65,8.2,66,86,41,12.9
1995-08-11,0.0,19.0,33.9,26.3,1.42,9.8,59,90,26,13.3
1995-08-12,0.5,20.4,32.7,26.4,1.91,9.0,57,83,33,13.2
1995-08-13,0.0,19.4,33.0,25.9,2.08,9.6,52,79,28,13.2
1995-08-14,0.1,19.1,29.9,24.3,2.11,10.2,56,78,38,13.0
1995-08-15,1.1,18.8,29.9,24.1,1.91,8.9,61,82,39,13.1
1995-08-16,0.0,18.5,31.3,24.8,1.7,8.7,61,91,33,12.9
1995-08-17,0.0,19.0,36.3,27.6,2.07,11.2,41,81,13,13.1
1995-08-18,0.0,19.6,33.8,26.4,2.4,12.4,37,76,16,13.0
1995-08-19,0.0,18.9,29.5,23.4,1.8,9.7,72,98,37,12.8
1995-08-20,0.8,19.1,29.2,23.3,1.71,9.5,72,97,44,11.1
1995-08-21,0.7,18.5,26.8,22.1,1.99,8.7,72,100,43,10.9
1995-08-22,1.2,17.3,26.5,21.1,1.8,9.3,74,98,45,12.4
1995-08-23,12.2,17.3,22.6,19.5,1.6,7.9,84,96,72,8.6
1995-08-24,0.0,15.0,25.9,20.7,1.52,7.3,68,95,40,12.5
1995-08-25,0.0,15.2,28.6,21.7,1.51,9.6,68,95,33,12.5
1995-08-26,0.0,14.8,29.8,22.4,1.43,7.0,63,97,28,12.6
1995-08-27,0.0,15.3,31.2,23.2,1.72,8.9,57,93,27,12.6
1995-08-28,0.0,15.3,34.0,24.6,1.12,6.1,47,75,19,12.5
1995-08-29,0.6,17.3,27.0,22.1,2.16,10.2,71,89,51,11.8
1995-08-30,0.2,16.8,29.6,22.6,1.67,8.2,72,96,40,11.3
1995-08-31,0.2,18.6,28.4,22.6,1.84,10.0,74,95,46,8.5
1995-09-01,0.0,17.6,28.2,22.0,1.7,8.8,76,97,48,10.7
1995-09-02,2.1,17.3,29.0,22.8,1.1,8.3,72,95,44,11.0
1995-09-03,0.0,16.6,29.7,23.2,2.39,9.7,49,78,23,12.1
1995-09-04,1.6,19.5,27.6,22.1,2.3,9.1,46,61,34,8.3
1995-09-05,0.0,15.8,22.8,19.3,3.0,12.3,54,75,36,11.8
1995-09-06,0.0,15.7,26.0,20.2,2.31,9.5,57,80,36,12.0
1995-09-07,0.0,16.4,26.2,21.0,3.79,14.1,58,77,40,12.0
1995-09-08,0.0,14.9,25.5,20.3,2.14,9.5,45,65,25,12.0
1995-09-09,0.0,12.7,26.7,20.1,1.83,8.5,43,66,29,12.0
1995-09-10,0.0,12.0,29.4,20.7,1.38,7.1,53,85,26,12.0
1995-09-11,0.0,13.2,28.1,20.8,1.91,8.3,58,90,32,12.0
1995-09-12,0.0,13.2,26.8,20.5,1.64,9.9,53,86,25,12.0
1995-09-13,0.0,14.5,24.2,19.1,3.21,11.3,35,51,17,12.0
1995-09-14,0.0,10.0,27.3,18.9,1.46,5.6,36,61,20,12.0
1995-09-15,0.0,13.2,28.5,20.6,1.27,5.7,39,57,22,12.0
1995-09-16,0.0,14.9,25.8,19.8,1.16,7.4,47,62,24,12.0
1995-09-17,0.0,13.6,26.4,19.5,1.62,10.0,53,74,26,12.0
1995-09-18,2.1,12.6,23.0,17.6,1.5,9.4,61,82,36,12.0
1995-09-19,0.0,11.7,21.6,16.6,2.9,10.6,49,69,29,12.0
1995-09-20,0.0,9.7,21.4,16.1,2.41,9.0,50,75,33,11.9
1995-09-21,0.0,9.6,23.1,16.5,1.67,10.3,55,81,29,12.0
1995-09-22,0.0,10.8,22.3,17.0,1.62,8.5,63,90,34,12.0
1995-09-23,0.7,11.3,20.0,15.7,1.37,7.4,76,98,50,11.6
1995-09-24,0.5,11.2,20.1,15.4,1.33,5.7,75,97,45,12.0
1995-09-25,0.0,9.3,23.2,16.4,1.95,9.1,57,94,27,11.4
1995-09-26,0.0,8.4,17.9,13.5,3.15,10.7,45,71,26,11.9
1995-09-27,0.0,7.2,22.8,15.2,1.3,4.9,42,62,28,11.8
1995-09-28,0.0,9.1,28.0,18.1,1.45,5.5,42,72,15,11.8
1995-09-29,0.0,11.5,28.3,19.4,1.72,10.0,45,69,22,11.8
1995-09-30,0.0,12.9,25.8,18.9,1.3,8.1,64,88,38,11.7
1995-10-01,0.0,12.0,26.7,19.1,1.55,8.5,61,92,30,11.7
1995-10-02,0.0,11.4,26.9,18.9,1.49,9.1,48,75,23,10.1
1995-10-03,0.9,14.4,24.1,18.5,1.15,5.7,62,83,48,8.0
1995-10-04,2.1,12.2,26.8,19.2,1.47,7.7,67,92,32,11.5
1995-10-05,7.3,12.9,21.8,16.7,0.94,7.7,79,95,58,10.0
1995-10-06,3.1,13.3,21.4,16.6,1.45,7.5,81,97,52,10.0
1995-10-07,0.0,11.9,21.5,16.6,1.68,8.3,81,100,58,10.8
1995-10-08,0.3,13.9,21.1,16.9,1.82,8.2,81,99,54,10.6
1995-10-09,0.3,13.2,22.0,17.0,1.41,6.4,76,99,48,10.6
1995-10-10,0.0,13.7,21.0,16.7,1.34,7.8,74,99,48,9.6
1995-10-11,3.1,13.1,18.8,15.2,1.6,8.7,90,99,77,7.1
1995-10-12,0.0,11.2,19.1,14.8,1.8,6.7,76,99,46,10.1
1995-10-13,0.0,10.0,19.2,14.8,1.45,5.8,76,97,53,7.3
1995-10-14,0.0,9.7,21.9,15.7,1.03,4.5,72,97,42,9.7
1995-10-15,0.0,10.3,22.8,16.3,1.51,6.1,65,91,34,10.8
1995-10-16,0.1,12.5,20.7,16.2,1.36,7.7,73,90,50,9.7
1995-10-17,0.0,11.0,20.9,15.7,1.48,7.2,73,99,44,10.5
1995-10-18,0.0,9.1,22.1,15.7,1.39,5.9,64,92,32,10.6
1995-10-19,0.0,9.6,21.1,15.2,1.64,8.4,56,74,32,10.5
1995-10-20,0.0,9.1,19.9,14.5,1.36,6.6,63,87,38,10.5
1995-10-21,0.0,9.0,18.6,13.7,1.62,7.0,69,92,44,10.3
1995-10-22,0.0,7.6,18.8,13.3,1.41,6.1,65,93,38,10.4
1995-10-23,0.0,7.1,19.5,13.3,1.75,8.6,75,97,46,10.3
1995-10-24,0.0,11.3,20.3,14.9,1.24,6.9,76,99,47,7.2
1995-10-25,0.0,10.6,23.1,16.2,1.11,6.7,75,95,45,10.1
1995-10-26,0.0,10.3,24.4,16.4,1.47,7.7,68,97,35,10.0
1995-10-27,0.0,11.4,26.1,18.0,1.26,7.0,58,84,30,10.2
1995-10-28,0.0,12.9,26.6,18.9,1.53,6.7,51,71,26,8.7
1995-10-29,0.0,13.0,25.3,18.5,2.44,11.2,49,73,25,10.1
1995-10-30,0.0,8.6,23.8,15.7,1.34,6.3,61,90,30,10.1
1995-10-31,0.0,12.7,19.6,15.9,1.51,9.1,66,91,53,7.2
1995-11-01,0.1,12.3,24.7,17.7,0.82,5.7,68,97,30,10.0
1995-11-02,0.0,13.0,20.7,16.4,3.92,14.8,62,72,48,6.4
1995-11-03,0.0,14.3,21.9,17.4,4.82,14.7,53,71,34,10.0
1995-11-04,0.0,13.6,21.9,17.1,3.62,12.7,48,65,33,10.0
1995-11-05,0.0,11.1,17.7,14.0,1.97,8.0,73,92,50,6.0
1995-11-06,0.7,11.1,15.9,13.0,1.77,8.0,84,97,63,5.1
1995-11-07,0.0,9.1,17.7,12.9,0.88,4.7,68,96,35,6.5
1995-11-08,0.0,5.1,21.3,12.6,1.49,5.4,42,66,17,10.0
1995-11-09,0.2,5.6,18.8,12.2,0.91,5.7,51,74,28,7.7
1995-11-10,1.2,8.1,18.7,12.2,1.38,7.8,77,94,51,9.5
1995-11-11,0.0,9.2,19.7,13.7,2.47,15.0,73,94,49,8.7
1995-11-12,1.5,8.9,15.6,11.7,2.37,10.8,69,91,41,6.8
1995-11-13,0.0,8.2,14.9,10.8,3.09,10.8,61,77,40,9.9
1995-11-14,0.0,4.8,16.7,10.2,2.19,8.8,67,88,41,9.9
1995-11-15,0.3,7.8,19.9,12.8,1.58,6.6,70,87,46,7.8
1995-11-16,1.0,9.6,21.1,14.7,1.58,10.5,64,82,46,9.8
1995-11-17,0.0,13.3,21.4,16.8,2.73,11.7,68,86,51,9.1
1995-11-18,0.0,13.4,22.4,17.5,2.43,9.4,67,86,45,9.0
1995-11-19,0.0,13.6,22.0,17.2,1.65,6.7,71,91,45,8.5
1995-11-20,0.0,10.1,23.2,15.7,0.95,3.8,69,92,40,8.6
1995-11-21,0.0,11.3,25.1,16.9,1.79,7.7,59,79,27,9.8
1995-11-22,0.0,10.7,14.6,12.4,3.68,13.4,65,78,49,9.2
1995-11-23,0.0,9.0,13.8,11.1,2.99,10.3,62,72,47,8.1
1995-11-24,0.0,3.1,15.5,9.2,1.18,5.5,69,91,40,9.7
1995-11-25,3.9,6.0,12.7,9.0,2.05,9.8,87,98,62,4.2
1995-11-26,0.4,5.3,11.2,7.8,2.74,11.2,70,96,43,9.7
1995-11-27,0.0,0.4,13.0,6.0,1.58,5.9,67,86,39,9.7
1995-11-28,0.0,0.3,12.7,6.0,1.59,7.2,74,92,44,9.6
1995-11-29,0.0,5.4,13.0,8.5,1.79,9.9,87,97,62,6.2
1995-11-30,0.0,5.0,13.8,8.9,1.05,4.3,85,100,57,6.6
1995-12-01,0.0,5.2,13.6,8.9,2.02,7.8,77,96,49,7.5
1995-12-02,0.0,2.4,12.9,7.6,1.72,6.6,78,95,57,8.2
1995-12-03,0.0,3.6,15.3,8.8,3.06,13.3,71,93,48,8.9
1995-12-04,0.0,5.3,14.3,8.6,3.01,11.9,73,89,50,9.5
1995-12-05,0.6,5.4,10.1,7.0,4.09,15.9,70,79,53,6.4
1995-12-06,0.0,1.3,11.4,6.0,1.57,7.2,75,92,48,8.3
1995-12-07,4.6,4.4,9.7,6.8,0.71,5.8,93,99,85,0.1
1995-12-08,0.0,2.0,10.5,6.1,1.01,4.8,86,98,62,8.2
1995-12-09,11.4,4.1,10.7,7.0,1.19,9.1,94,99,87,6.4
1995-12-10,18.8,6.7,10.9,8.4,1.95,9.1,97,99,93,2.6
1995-12-11,13.5,7.1,10.3,8.4,2.25,9.4,96,99,90,0.8
1995-12-12,0.7,3.9,11.4,8.1,1.48,5.9,85,99,59,8.8
1995-12-13,0.0,2.1,13.9,6.7,2.19,8.3,75,92,47,9.4
1995-12-14,1.4,0.8,6.5,3.6,1.33,4.9,83,95,66,3.8
1995-12-15,16.2,3.0,7.6,5.0,1.12,9.5,97,99,95,0.7
1995-12-16,0.4,5.5,13.0,8.3,1.26,9.0,84,99,57,8.8
1995-12-17,0.0,3.3,13.0,7.0,1.47,7.0,80,94,51,9.4
1995-12-18,0.0,0.5,13.4,6.1,1.11,4.1,78,91,52,9.0
1995-12-19,1.2,2.4,13.0,7.3,1.14,7.3,87,97,70,7.0
1995-12-20,0.1,5.1,15.4,9.9,1.71,7.4,88,97,69,8.8
1995-12-21,0.0,7.4,17.0,11.0,1.16,4.2,83,96,53,9.1
1995-12-22,0.0,6.8,18.1,11.5,1.83,7.1,70,90,51,6.5
1995-12-23,1.3,11.4,15.2,13.1,2.2,11.4,82,87,77,1.3
1995-12-24,0.0,12.8,17.0,14.4,3.09,11.6,78,87,65,9.0
1995-12-25,1.2,14.1,17.0,14.9,4.26,12.3,69,75,63,5.7
1995-12-26,0.0,12.3,15.4,13.7,4.62,19.9,68,77,57,9.0
1995-12-27,2.6,7.3,12.7,10.7,2.52,20.2,77,88,64,2.8
1995-12-28,0.0,8.4,13.9,10.6,2.79,11.6,70,80,53,9.2
1995-12-29,6.1,6.4,9.5,8.0,1.55,11.2,88,93,79,0.0
1995-12-30,0.3,9.9,17.4,13.3,2.33,8.7,79,91,62,4.9
1995-12-31,0.5,10.4,14.5,12.5,4.03,14.6,70,76,64,9.2
1996-01-01,0.0,10.4,16.2,13.1,4.39,18.7,69,84,50,9.1
1996-01-02,0.0,8.6,14.6,11.4,1.98,11.7,63,78,46,9.2
1996-01-03,1.2,6.4,15.1,9.8,1.73,9.6,80,92,63,8.9
1996-01-04,0.0,4.8,16.7,9.9,1.23,4.1,79,93,54,6.8
1996-01-05,5.1,8.5,13.3,10.4,1.81,12.5,85,91,72,6.2
1996-01-06,0.7,8.0,18.2,12.4,2.02,10.2,82,95,61,8.2
1996-01-07,0.3,7.2,13.5,11.3,3.89,16.6,68,85,53,9.4
1996-01-08,0.0,2.1,15.2,7.9,1.36,4.8,77,92,50,8.9
1996-01-09,9.0,5.3,9.9,7.4,1.34,6.9,93,97,88,2.2
1996-01-10,0.0,6.0,10.4,7.5,3.24,12.0,73,89,53,9.4
1996-01-11,0.2,3.3,13.7,8.4,1.39,6.5,78,89,63,7.0
1996-01-12,0.1,6.2,10.4,7.8,3.96,15.0,76,90,62,9.2
1996-01-13,0.0,2.7,11.1,6.8,3.67,12.2,66,83,45,9.5
1996-01-14,0.0,0.4,10.7,5.2,1.72,9.7,79,95,57,8.0
1996-01-15,2.0,5.3,12.2,8.7,1.66,8.0,90,99,72,7.0
1996-01-16,0.4,4.9,12.0,8.4,2.29,10.3,92,100,74,6.1
1996-01-17,6.5,7.4,9.5,8.5,3.78,11.8,95,99,87,1.1
1996-01-18,14.3,6.7,9.7,7.6,1.93,7.0,97,98,93,3.9
1996-01-19,3.2,6.4,10.4,7.7,1.31,4.8,93,99,78,8.4
1996-01-20,0.9,4.5,10.9,6.8,1.31,4.6,82,99,47,8.7
1996-01-21,0.6,2.5,11.1,7.2,3.35,13.9,86,99,68,0.6
1996-01-22,3.0,6.0,10.6,8.1,1.48,11.2,89,97,76,0.5
1996-01-23,1.3,5.1,12.7,8.6,2.24,11.3,80,97,56,7.8
1996-01-24,0.0,3.7,10.5,7.1,2.68,10.8,69,91,44,9.6
1996-01-25,0.0,1.5,10.3,5.2,2.41,10.2,75,89,51,9.1
1996-01-26,0.0,-0.2,11.8,5.1,1.77,6.7,78,92,49,9.2
1996-01-27,0.8,4.0,11.4,7.2,1.64,9.1,88,98,68,3.4
1996-01-28,3.2,3.7,13.3,7.8,1.75,7.2,85,99,58,8.6
1996-01-29,7.0,2.6,11.9,6.9,1.1,6.6,85,96,58,9.3
1996-01-30,0.0,3.9,12.4,7.5,2.29,8.8,74,92,50,9.7
1996-01-31,2.9,3.6,8.9,6.4,1.42,6.8,82,99,65,4.1
1996-02-01,6.2,6.5,9.5,7.7,2.37,10.0,91,100,75,2.7
1996-02-02,0.0,4.4,12.0,7.9,3.06,10.4,67,81,49,10.0
1996-02-03,0.3,0.0,11.9,5.9,1.33,5.1,76,92,55,9.8
1996-02-04,0.0,0.5,11.8,5.7,2.71,10.0,72,91,43,9.9
1996-02-05,0.0,4.0,9.5,6.3,3.69,12.8,69,81,52,10.1
1996-02-06,1.7,8.1,13.4,11.2,7.26,23.5,71,83,59,10.1
1996-02-07,0.0,6.3,12.2,9.4,6.09,23.8,66,72,59,10.1
1996-02-08,0.0,5.4,13.0,9.4,5.25,21.8,52,71,37,9.8
1996-02-09,0.0,2.0,12.6,6.8,1.21,6.0,75,86,58,6.3
1996-02-10,0.2,2.2,13.6,7.7,1.42,6.7,74,94,47,9.6
1996-02-11,1.3,3.3,11.1,6.7,2.89,11.6,67,91,41,10.5
1996-02-12,0.0,-1.0,13.1,5.8,2.25,8.8,63,82,39,10.5
1996-02-13,0.0,7.6,13.1,9.8,3.32,10.5,70,83,54,10.3
1996-02-14,15.5,1.7,11.3,7.4,2.0,8.9,85,100,72,4.5
1996-02-15,15.7,1.2,3.9,2.7,2.53,11.7,95,100,89,0.0
1996-02-16,0.0,-4.1,7.1,1.4,1.44,5.7,78,96,48,10.7
1996-02-17,0.0,-4.5,14.2,3.5,1.4,4.6,64,84,40,10.7
1996-02-18,0.0,-0.6,16.8,6.9,1.5,5.9,66,85,35,10.7
1996-02-19,0.0,5.8,10.5,7.9,3.83,14.4,67,78,55,10.7
1996-02-20,0.0,1.8,6.6,4.2,4.38,13.2,58,78,38,10.8
1996-02-21,0.1,-0.9,5.1,1.8,4.63,15.6,48,57,36,10.8
1996-02-22,0.0,-1.7,6.0,1.7,4.8,14.8,50,59,38,10.8
1996-02-23,0.0,-2.7,10.1,3.7,1.6,7.3,52,76,41,10.8
1996-02-24,0.0,-2.0,11.5,4.3,1.66,6.3,62,81,38,10.8
1996-02-25,0.0,-2.8,11.5,4.5,1.16,5.4,62,86,34,10.3
1996-02-26,3.2,-0.4,8.5,3.8,2.21,11.7,79,91,64,8.2
1996-02-27,2.8,2.1,6.1,3.7,5.63,17.7,67,81,60,6.9
1996-02-28,0.0,0.4,12.4,6.3,2.21,7.7,62,80,40,10.9
1996-02-29,0.3,0.6,11.5,5.8,1.46,7.9,71,88,48,10.6
1996-03-01,0.0,1.0,12.7,6.6,1.03,4.7,72,94,42,10.9
1996-03-02,0.2,0.2,11.9,6.1,2.51,9.9,67,85,46,10.3
1996-03-03,0.2,0.5,11.7,6.4,1.51,5.2,74,94,50,10.0
1996-03-04,1.4,4.3,10.0,6.7,1.5,6.5,84,99,62,9.8
1996-03-05,0.0,3.9,9.0,5.9,1.96,9.4,84,99,65,4.9
1996-03-06,0.4,4.5,9.0,6.2,2.36,9.3,80,95,63,6.6
1996-03-07,0.4,4.0,8.6,6.0,1.87,7.0,81,91,67,1.8
1996-03-08,3.4,5.1,8.6,6.5,2.37,9.1,93,98,83,0.2
1996-03-09,0.7,3.4,8.0,5.8,1.34,6.4,87,99,74,0.0
1996-03-10,2.3,4.4,10.3,7.0,1.69,8.7,88,98,69,5.2
1996-03-11,0.3,3.3,13.1,7.8,1.64,6.6,80,100,44,11.0
1996-03-12,0.0,3.3,11.5,7.0,1.61,6.4,78,100,48,11.1
1996-03-13,3.5,1.7,10.8,6.1,1.8,8.9,85,96,64,4.9
1996-03-14,2.8,1.0,10.8,5.6,2.41,10.6,74,95,47,11.5
1996-03-15,0.0,4.1,10.0,6.6,4.46,15.6,62,74,43,11.3
1996-03-16,0.0,3.3,10.4,6.4,4.18,14.6,55,73,34,11.7
1996-03-17,0.0,-1.4,13.3,6.3,1.53,6.3,51,75,33,11.7
1996-03-18,0.0,-1.5,15.0,6.8,1.5,6.6,63,86,35,11.7
1996-03-19,0.8,0.8,16.6,8.8,1.08,6.5,70,89,42,11.2
1996-03-20,0.0,6.3,17.3,11.2,1.66,7.5,70,94,41,11.8
1996-03-21,0.0,4.0,18.3,10.9,1.6,6.9,70,90,44,11.7
1996-03-22,0.0,3.7,18.0,11.2,1.85,9.8,66,89,42,11.8
1996-03-23,0.0,5.1,21.6,13.0,1.38,7.1,65,85,45,11.8
1996-03-24,0.0,7.6,20.4,13.9,1.52,7.4,69,87,50,9.4
1996-03-25,1.4,9.4,19.1,14.0,0.9,8.7,84,95,63,2.9
1996-03-26,0.8,10.9,17.0,13.5,2.8,11.4,72,97,43,11.9
1996-03-27,0.0,9.8,17.4,13.0,3.9,12.4,62,77,43,11.9
1996-03-28,0.0,7.5,19.5,13.5,2.96,10.5,61,87,39,12.0
1996-03-29,0.0,6.1,21.5,13.7,1.98,8.4,65,91,41,12.0
1996-03-30,0.0,8.6,16.3,12.9,4.04,17.6,67,82,51,12.0
1996-03-31,0.0,9.9,18.7,14.1,2.73,10.2,59,78,40,12.0
1996-04-01,0.8,9.9,16.7,12.4,4.86,17.8,64,80,48,11.7
1996-04-02,0.0,8.4,14.6,11.1,4.58,18.4,59,75,43,11.2
1996-04-03,0.0,6.4,16.0,11.0,2.96,11.6,48,78,22,12.2
1996-04-04,0.0,2.9,16.9,9.5,1.92,8.8,57,79,38,12.1
1996-04-05,1.9,4.4,10.6,7.7,1.28,6.7,80,97,51,0.0
1996-04-06,1.5,5.2,16.4,10.8,1.02,6.0,73,96,45,9.9
1996-04-07,4.0,8.9,16.9,12.4,2.01,9.3,70,92,49,10.0
1996-04-08,1.0,6.5,16.8,11.6,2.09,8.8,73,91,56,12.2
1996-04-09,0.0,4.9,20.2,12.4,1.15,4.9,69,98,34,12.0
1996-04-10,0.0,6.9,22.0,14.5,1.75,6.9,60,87,32,12.3
1996-04-11,0.0,6.9,22.6,15.2,1.58,7.1,61,91,33,12.3
1996-04-12,0.0,7.9,23.2,15.9,1.62,6.3,59,86,33,12.3
1996-04-13,0.0,8.1,23.3,16.3,1.38,6.3,57,90,28,12.6
1996-04-14,0.0,9.5,24.2,16.9,1.86,8.1,54,82,30,12.5
1996-04-15,0.0,11.9,20.9,15.8,1.87,10.0,62,79,45,12.6
1996-04-16,0.0,7.7,20.9,14.4,1.99,10.1,69,96,44,11.4
1996-04-17,0.0,11.7,19.5,15.1,3.76,14.2,52,82,29,12.8
1996-04-18,0.0,7.3,19.5,13.7,1.88,9.5,51,76,39,12.7
1996-04-19,0.0,7.6,17.9,12.1,2.13,10.9,68,90,41,12.6
1996-04-20,0.0,6.3,20.4,13.2,1.7,7.8,69,93,45,11.5
1996-04-21,0.0,8.2,22.2,15.0,1.54,9.1,71,97,40,12.3
1996-04-22,0.9,11.5,21.8,15.1,2.01,14.2,76,99,48,11.2
1996-04-23,0.0,7.3,19.0,13.0,1.65,7.5,56,86,29,12.6
1996-04-24,0.0,7.2,17.9,13.0,2.37,9.9,47,68,32,8.6
1996-04-25,0.0,6.5,19.2,12.9,2.25,11.2,56,83,28,13.0
1996-04-26,0.7,4.8,18.4,11.9,1.38,7.9,62,87,38,12.9
1996-04-27,2.0,5.1,18.5,11.7,1.77,9.5,74,94,45,13.1
1996-04-28,2.0,7.8,16.7,12.4,1.49,7.4,77,97,54,10.5
1996-04-29,1.4,8.0,18.4,12.9,2.75,9.9,72,93,49,10.9
1996-04-30,0.0,10.5,18.3,14.2,2.68,10.3,62,84,42,12.9
1996-05-01,0.3,9.6,17.0,13.0,3.19,13.5,56,76,40,10.8
1996-05-02,0.0,9.7,16.7,13.0,4.05,16.3,61,78,40,13.0
1996-05-03,8.0,10.2,14.7,12.1,1.21,9.2,83,97,71,0.0
1996-05-04,12.1,10.5,18.4,13.7,1.24,7.7,86,99,64,12.9
1996-05-05,1.2,9.4,18.1,13.7,1.76,8.3,82,99,63,12.4
1996-05-06,1.2,11.4,19.5,14.5,2.74,14.0,82,100,59,11.0
1996-05-07,2.4,6.9,17.3,12.0,1.3,10.2,76,93,58,12.5
1996-05-08,0.0,7.5,19.7,13.8,1.35,6.4,68,94,39,13.5
1996-05-09,3.0,8.2,18.2,13.7,1.54,6.9,68,88,43,13.4
1996-05-10,0.8,9.5,16.3,13.1,2.98,13.2,71,91,51,13.0
1996-05-11,0.3,9.2,15.2,11.8,3.76,12.7,57,74,37,13.8
1996-05-12,0.0,8.5,17.4,12.3,4.74,15.0,52,70,34,13.9
1996-05-13,0.0,5.3,21.1,13.7,1.77,6.4,51,78,35,14.0
1996-05-14,1.0,9.9,15.5,13.2,1.39,6.5,62,79,46,3.7
1996-05-15,0.0,6.8,22.3,14.7,1.68,9.8,66,94,38,14.0
1996-05-16,0.0,7.7,23.0,16.0,1.51,8.5,69,94,44,13.9
1996-05-17,0.1,9.6,24.1,17.3,2.35,10.9,62,95,33,14.0
1996-05-18,0.0,10.2,20.7,16.1,3.07,12.5,57,83,39,14.0
1996-05-19,0.2,9.9,16.0,13.3,3.08,12.9,56,83,32,14.0
1996-05-20,0.0,8.8,20.6,14.2,2.21,9.4,52,74,32,14.0
1996-05-21,0.0,7.8,22.1,15.1,1.71,8.8,54,81,31,14.0
1996-05-22,0.0,8.1,22.0,15.3,1.89,10.2,54,78,34,14.0
1996-05-23,0.0,7.7,23.0,15.9,1.99,9.8,55,87,27,14.0
1996-05-24,0.0,7.4,25.4,17.0,1.54,7.6,46,80,19,14.0
1996-05-25,0.0,9.4,29.3,19.9,1.47,6.8,48,80,21,14.0
1996-05-26,0.0,13.1,28.1,20.6,2.21,11.5,49,71,28,14.0
1996-05-27,0.0,12.7,30.3,22.3,1.07,5.1,48,80,23,14.0
1996-05-28,0.0,16.6,28.1,22.2,2.15,8.7,50,72,35,14.0
1996-05-29,0.0,14.4,27.4,20.9,1.94,10.4,51,76,33,14.0
1996-05-30,0.0,14.8,27.9,20.9,1.92,9.4,41,63,23,14.0
1996-05-31,0.0,11.3,28.3,20.5,1.98,9.7,45,78,20,14.0
1996-06-01,0.0,12.8,24.9,19.4,2.16,9.7,58,83,39,14.0
1996-06-02,0.8,14.3,25.4,19.5,0.83,8.3,59,92,31,12.9
1996-06-03,0.0,13.7,24.1,18.1,2.54,11.2,48,75,22,14.0
1996-06-04,0.0,9.7,23.8,17.4,2.3,10.8,58,97,29,14.0
1996-06-05,0.0,11.4,25.5,18.6,2.22,9.8,53,79,33,14.0
1996-06-06,0.0,11.9,27.1,19.8,2.06,9.8,54,80,32,14.0
1996-06-07,0.0,13.3,26.1,19.9,2.32,10.1,56,81,35,13.3
1996-06-08,0.0,12.6,27.5,20.6,1.9,9.2,60,92,32,14.0
1996-06-09,0.0,13.4,27.7,20.8,1.92,10.2,60,93,34,14.0
1996-06-10,0.0,14.0,27.6,21.3,1.89,9.8,57,91,29,14.0
1996-06-11,0.0,14.2,27.9,21.5,2.15,10.6,52,84,28,14.0
1996-06-12,0.0,14.9,27.8,21.9,2.36,10.8,44,66,25,14.0
1996-06-13,0.0,13.8,28.5,21.9,2.25,10.9,41,69,19,14.0
1996-06-14,0.0,14.1,29.1,22.5,2.06,10.8,42,67,29,14.0
1996-06-15,0.0,14.2,29.3,22.3,1.9,9.7,54,82,28,14.0
1996-06-16,1.0,15.2,28.7,22.5,1.73,9.1,60,88,37,14.0
1996-06-17,0.4,17.1,27.9,22.5,2.02,10.4,65,93,42,12.6
1996-06-18,0.0,15.1,29.5,22.5,1.85,10.1,56,88,29,14.0
1996-06-19,0.0,16.0,31.1,24.0,1.79,10.0,50,87,22,14.0
1996-06-20,0.1,15.4,33.0,24.7,1.63,8.8,41,75,17,14.0
1996-06-21,0.0,18.0,26.7,22.7,3.69,13.6,36,51,27,14.0
1996-06-22,0.0,13.6,27.5,21.1,2.26,8.7,36,64,23,14.0
1996-06-23,0.8,16.0,25.3,20.5,1.69,9.2,50,75,34,14.0
1996-06-24,0.4,13.8,22.6,17.8,2.25,10.6,66,96,36,14.0
1996-06-25,0.0,10.6,26.0,18.3,2.04,11.1,55,94,22,14.0
1996-06-26,0.0,11.0,26.3,18.7,1.91,11.0,54,85,28,14.0
1996-06-27,0.0,11.6,25.7,19.4,2.29,10.1,58,97,33,14.0
1996-06-28,0.0,11.3,29.1,20.8,1.79,8.1,47,79,24,14.0
1996-06-29,0.0,14.2,33.3,24.3,1.9,10.2,44,78,19,14.0
1996-06-30,0.0,16.2,32.7,24.6,2.07,10.8,38,64,20,14.0
1996-07-01,0.0,16.0,33.9,25.4,1.64,9.4,46,75,23,14.0
1996-07-02,0.2,17.4,31.6,24.7,1.86,11.1,51,79,25,14.0
1996-07-03,0.1,17.1,30.6,22.7,2.22,11.3,70,97,30,11.9
1996-07-04,0.0,15.9,33.0,24.9,1.75,9.2,60,94,28,14.0
1996-07-05,0.0,17.7,33.3,26.0,2.07,9.7,44,77,19,14.0
1996-07-06,0.0,17.5,32.8,25.8,1.9,9.6,40,74,21,14.0
1996-07-07,0.0,17.5,27.8,23.2,3.57,14.4,38,53,30,14.0
1996-07-08,0.0,15.7,27.2,21.0,2.59,11.5,36,53,16,14.0
1996-07-09,0.0,12.6,25.8,19.5,2.26,9.4,53,76,37,13.6
1996-07-10,0.0,15.2,26.8,20.8,2.13,10.2,54,81,32,14.0
1996-07-11,0.0,14.9,27.8,21.1,2.12,11.0,51,72,34,14.0
1996-07-12,0.0,14.6,27.6,21.1,1.88,9.5,62,95,34,14.0
1996-07-13,0.0,14.2,27.8,21.3,1.88,9.8,55,88,30,12.5
1996-07-14,0.9,15.7,25.0,20.1,2.3,10.3,58,75,42,10.4
1996-07-15,0.0,13.1,27.1,20.7,2.53,11.4,53,88,29,14.0
1996-07-16,0.0,14.6,28.1,21.5,2.16,9.9,44,65,23,14.0
1996-07-17,0.3,14.7,28.0,21.6,1.46,7.2,54,81,34,14.0
1996-07-18,0.0,15.3,32.2,24.2,1.95,8.7,49,82,20,13.9
1996-07-19,0.0,16.9,34.4,26.2,1.7,9.0,45,76,19,13.9
1996-07-20,0.0,20.0,34.6,27.4,1.84,9.4,39,53,21,13.9
1996-07-21,0.0,19.4,32.4,25.4,1.89,10.7,46,74,25,13.9
1996-07-22,0.0,17.5,33.4,25.2,1.81,9.0,47,77,22,13.9
1996-07-23,0.0,17.8,35.3,26.7,2.11,11.0,43,73,18,13.9
1996-07-24,0.0,18.9,37.4,28.3,1.46,7.7,38,64,16,13.1
1996-07-25,0.0,21.2,35.8,28.9,2.33,12.7,38,66,20,13.9
1996-07-26,0.0,18.1,30.7,25.1,1.55,9.9,44,78,20,13.8
1996-07-27,0.4,18.6,29.3,23.6,2.14,10.0,45,78,25,13.0
1996-07-28,0.0,17.8,29.0,22.8,1.97,10.3,67,95,39,13.5
1996-07-29,0.0,16.8,31.8,24.1,1.72,8.2,58,89,29,13.6
1996-07-30,0.0,17.3,34.7,25.7,1.75,11.3,57,85,24,13.7
1996-07-31,0.0,18.6,32.0,25.1,2.04,10.2,60,88,34,13.7
1996-08-01,0.0,18.6,31.8,24.7,2.04,9.8,61,89,32,13.0
1996-08-02,0.0,17.8,31.8,24.8,1.87,9.2,58,90,30,13.5
1996-08-03,0.0,18.3,30.3,24.0,2.03,9.7,60,88,35,13.5
1996-08-04,0.0,17.4,31.6,24.1,1.97,10.6,64,96,34,13.5
1996-08-05,0.0,17.0,33.5,25.4,1.22,7.1,44,78,16,13.5
1996-08-06,0.0,17.9,34.5,26.2,1.68,9.2,33,54,17,13.5
1996-08-07,0.1,17.9,32.3,25.8,1.74,9.9,44,71,25,13.4
1996-08-08,0.0,17.6,32.7,25.3,1.95,10.2,43,70,23,13.4
1996-08-09,0.0,18.2,33.3,25.4,2.31,11.2,47,74,22,13.4
1996-08-10,0.0,17.4,35.6,26.8,1.4,7.7,43,76,17,13.4
1996-08-11,0.0,18.1,34.0,26.5,1.96,7.5,30,54,16,13.4
1996-08-12,0.0,18.3,32.6,24.7,1.92,11.6,48,77,24,13.2
1996-08-13,0.0,18.9,29.8,23.7,2.11,9.7,71,98,40,12.3
1996-08-14,0.0,19.4,28.9,23.4,2.36,10.2,66,91,37,13.0
1996-08-15,0.0,18.5,27.6,22.7,2.4,10.9,64,88,40,12.9
1996-08-16,0.0,19.2,27.4,22.8,1.28,8.3,58,76,37,12.3
1996-08-17,0.3,17.0,30.3,23.9,1.56,7.6,62,93,34,13.0
1996-08-18,0.0,16.5,31.2,23.9,1.94,10.5,59,93,27,12.9
1996-08-19,0.0,17.1,31.5,24.2,1.48,9.3,58,87,30,12.8
1996-08-20,0.2,16.8,30.8,23.9,1.63,10.1,55,85,24,12.6
1996-08-21,0.0,16.1,30.8,23.8,1.2,7.4,41,73,13,12.8
1996-08-22,0.0,14.9,31.7,23.7,1.75,8.7,33,58,16,12.9
1996-08-23,0.0,16.7,32.7,24.8,1.53,5.7,34,49,22,12.8
1996-08-24,0.0,16.8,31.2,24.1,1.94,8.4,44,75,17,12.7
1996-08-25,0.0,17.7,28.2,22.4,2.46,10.3,66,94,35,12.0
1996-08-26,0.0,17.1,30.7,23.7,1.89,7.9,62,99,27,12.4
1996-08-27,0.0,17.6,32.3,24.4,1.79,9.3,56,87,22,12.4
1996-08-28,2.1,18.9,27.0,21.6,2.42,10.2,79,97,46,10.2
1996-08-29,8.4,17.0,24.2,20.1,2.01,9.5,85,99,58,11.0
1996-08-30,9.1,15.6,22.5,18.6,1.93,8.3,77,97,51,12.0
1996-08-31,0.4,14.0,21.0,17.7,2.47,9.8,74,97,51,11.8
1996-09-01,1.2,13.3,20.6,16.9,2.17,10.5,74,92,57,7.0
1996-09-02,0.4,14.5,24.2,18.3,1.74,7.5,73,97,44,12.1
1996-09-03,0.1,14.3,24.2,18.5,2.2,11.3,77,97,46,12.0
1996-09-04,0.0,15.8,23.0,18.8,2.03,8.0,78,95,54,9.5
1996-09-05,0.0,14.0,26.1,19.7,1.02,4.6,67,95,33,11.0
1996-09-06,0.0,14.1,27.6,20.6,1.6,6.3,57,82,31,11.9
1996-09-07,0.0,13.9,28.4,20.9,1.36,5.8,55,77,31,8.9
1996-09-08,9.4,14.3,25.6,19.1,1.41,5.7,67,96,40,11.4
1996-09-09,15.7,13.6,20.8,16.0,1.73,11.4,85,98,57,11.2
1996-09-10,2.7,12.9,17.8,14.9,2.77,10.4,84,96,64,2.8
1996-09-11,17.9,13.9,17.3,15.1,2.27,11.4,91,98,78,9.4
1996-09-12,33.2,13.6,19.4,15.8,2.86,11.8,76,95,50,7.4
1996-09-13,0.0,12.9,23.2,17.7,1.58,6.1,68,89,45,9.9
1996-09-14,0.7,12.4,22.7,17.5,1.65,6.3,72,90,49,11.6
1996-09-15,1.0,12.6,22.7,17.6,1.18,4.7,76,97,49,12.0
1996-09-16,0.0,12.5,24.1,18.1,1.51,8.3,76,97,46,11.6
1996-09-17,0.1,14.9,21.0,17.6,2.95,10.8,60,87,44,10.6
1996-09-18,2.1,12.2,21.0,16.9,3.28,12.0,63,72,55,11.4
1996-09-19,0.0,11.9,18.6,15.7,3.66,12.7,60,69,49,11.7
1996-09-20,8.5,10.0,22.6,16.0,2.0,10.4,78,92,57,8.1
1996-09-21,0.0,12.9,20.0,16.0,3.43,13.2,70,85,51,12.0
1996-09-22,0.0,12.0,19.6,15.5,3.69,13.2,59,76,41,12.0
1996-09-23,0.0,9.2,22.7,15.9,1.72,6.0,61,84,38,12.0
1996-09-24,0.0,10.0,24.5,16.9,1.54,5.6,68,92,40,11.9
1996-09-25,0.0,10.0,23.0,16.3,1.61,6.8,66,92,34,11.0
1996-09-26,0.0,9.9,23.4,16.8,1.47,5.5,59,81,35,11.8
1996-09-27,0.0,10.2,25.6,17.9,1.27,4.1,60,85,33,11.8
1996-09-28,0.0,12.4,25.8,18.9,1.61,7.9,62,80,40,11.8
1996-09-29,0.0,11.7,26.9,19.0,1.5,7.2,66,88,38,11.7
1996-09-30,0.0,11.9,26.9,19.2,1.7,8.9,67,89,37,11.7
1996-10-01,0.0,12.8,24.4,18.1,2.1,9.9,64,92,38,11.6
1996-10-02,0.0,11.9,22.0,17.2,2.57,9.3,39,70,24,11.6
1996-10-03,0.0,8.0,21.3,14.7,2.14,8.5,50,79,27,11.6
1996-10-04,0.0,7.5,23.4,15.1,1.33,6.0,63,93,30,11.5
1996-10-05,6.3,8.5,22.2,14.6,1.31,7.7,68,90,41,11.2
1996-10-06,1.3,8.1,15.2,11.7,4.41,15.9,49,87,21,10.9
1996-10-07,0.0,6.0,17.3,11.3,3.15,11.4,43,62,31,11.4
1996-10-08,0.0,4.7,19.4,12.3,2.72,10.0,51,79,31,11.3
1996-10-09,0.0,5.6,21.1,13.6,1.74,6.6,55,83,32,11.2
1996-10-10,0.0,7.0,20.8,13.7,1.36,7.0,70,95,41,11.0
1996-10-11,0.0,8.7,21.1,14.4,1.48,7.5,74,100,40,10.5
1996-10-12,0.0,9.2,18.9,13.5,1.83,8.9,77,100,47,8.1
1996-10-13,2.7,10.5,18.6,13.3,2.26,10.8,82,99,46,7.4
1996-10-14,9.0,10.9,14.9,12.7,2.46,12.6,86,98,65,1.2
1996-10-15,0.0,11.1,17.3,13.6,4.81,14.8,57,73,37,10.8
1996-10-16,0.0,9.4,15.6,12.4,2.19,6.1,63,74,54,1.6
1996-10-17,0.0,8.0,19.6,13.3,1.97,9.1,72,88,49,10.0
1996-10-18,0.0,14.5,23.1,17.8,1.71,6.6,71,88,48,10.2
1996-10-19,0.0,10.5,23.1,16.5,1.57,6.6,72,96,44,9.7
1996-10-20,0.0,11.8,23.0,16.8,1.27,6.1,68,85,44,10.4
1996-10-21,0.0,9.8,23.6,16.2,1.19,5.8,71,92,43,10.4
1996-10-22,0.0,9.5,25.5,16.8,1.05,3.9,69,92,38,10.4
1996-10-23,0.0,10.4,26.2,17.6,1.58,4.8,61,86,29,10.4
1996-10-24,0.0,10.9,23.0,16.9,1.16,6.7,67,88,48,10.3
1996-10-25,0.0,10.5,22.7,16.2,1.06,4.8,76,96,47,8.2
1996-10-26,0.0,13.2,21.7,16.7,1.12,6.3,76,91,53,10.0
1996-10-27,0.0,10.2,23.7,16.0,1.13,4.8,70,97,35,10.1
1996-10-28,0.0,8.5,24.3,15.6,1.22,5.3,65,87,33,10.2
1996-10-29,0.0,9.0,23.4,15.7,1.43,5.4,63,85,34,10.1
1996-10-30,0.5,11.9,16.9,14.7,1.69,7.0,72,86,58,7.1
1996-10-31,0.0,7.6,19.2,12.9,1.01,4.8,72,97,39,10.0
1996-11-01,0.0,5.5,21.2,12.9,1.42,4.8,58,90,24,10.1
1996-11-02,0.0,4.5,21.5,12.4,1.22,4.7,51,71,24,10.1
1996-11-03,0.0,5.5,21.8,13.2,1.13,5.5,54,75,27,10.0
1996-11-04,0.0,5.9,22.7,13.3,1.05,5.0,58,87,22,10.0
1996-11-05,0.3,10.8,17.2,13.9,2.51,12.9,58,70,46,10.0
1996-11-06,0.0,5.4,18.2,12.0,1.1,4.1,66,93,39,10.0
1996-11-07,0.0,4.5,20.9,12.0,0.93,4.0,62,88,29,10.0
1996-11-08,0.0,6.4,20.3,12.4,1.51,6.5,56,75,32,9.9
1996-11-09,0.0,9.6,17.2,12.5,1.19,5.7,69,89,50,9.9
1996-11-10,0.0,5.3,19.3,11.6,1.31,6.4,71,94,36,9.9
1996-11-11,1.2,9.1,16.8,12.5,3.15,18.0,74,89,61,8.5
1996-11-12,5.7,10.8,16.3,12.7,2.6,13.3,90,96,76,4.7
1996-11-13,4.9,5.7,13.2,9.7,0.88,5.0,93,99,84,3.9
1996-11-14,7.7,5.8,12.4,8.8,1.17,6.6,93,99,82,7.9
1996-11-15,5.4,4.3,14.0,8.3,1.17,7.4,86,98,52,8.2
1996-11-16,25.0,6.1,8.6,7.7,1.21,7.5,98,100,86,0.0
1996-11-17,0.3,2.6,7.4,5.0,5.04,17.6,63,81,54,9.8
1996-11-18,0.0,4.7,9.4,6.6,3.42,13.0,66,76,56,9.8
1996-11-19,0.0,0.8,12.7,6.3,2.71,11.4,67,86,41,9.8
1996-11-20,0.0,8.9,13.7,11.8,4.47,13.0,67,72,60,9.5
1996-11-21,0.0,9.6,15.0,11.8,4.01,13.9,68,79,54,9.8
1996-11-22,0.0,9.9,15.2,12.0,4.16,13.8,69,80,60,9.8
1996-11-23,0.0,8.9,16.5,11.7,2.32,8.4,72,85,49,9.7
1996-11-24,0.0,8.3,16.0,11.2,1.39,6.7,81,96,57,7.8
1996-11-25,0.0,5.2,17.6,10.6,2.02,7.8,76,97,49,8.9
1996-11-26,0.0,12.3,16.4,13.7,4.61,14.7,70,77,63,9.7
1996-11-27,0.0,10.8,20.7,14.7,2.57,8.6,68,87,44,9.6
1996-11-28,0.0,7.7,12.9,11.1,3.53,12.6,63,80,45,9.6
1996-11-29,0.0,4.0,12.1,7.6,3.01,10.9,59,83,46,9.6
1996-11-30,0.0,3.3,16.7,9.6,3.45,12.3,67,84,52,9.6
1996-12-01,0.0,9.0,15.6,12.3,4.02,12.9,67,82,55,9.5
1996-12-02,0.0,3.8,17.5,9.9,1.81,6.5,77,93,50,9.5
1996-12-03,0.0,4.0,16.3,9.2,1.3,5.2,83,96,57,9.5
1996-12-04,0.0,5.0,14.3,8.8,1.04,4.7,80,97,52,8.5
1996-12-05,5.2,4.3,9.7,7.9,1.81,9.9,78,98,47,4.1
1996-12-06,1.5,1.5,8.5,4.4,1.47,9.9,86,97,68,9.0
1996-12-07,2.5,3.1,8.1,4.8,0.95,6.4,95,99,87,7.5
1996-12-08,4.1,-0.3,7.5,3.6,1.64,6.5,90,98,69,1.7
1996-12-09,0.2,2.9,9.6,5.3,2.06,7.5,84,99,57,9.3
1996-12-10,0.0,2.1,10.4,5.3,2.08,6.5,74,87,57,9.3
1996-12-11,6.9,2.5,9.5,6.1,1.17,7.8,91,99,86,0.5
1996-12-12,0.1,6.8,16.8,10.9,1.53,6.8,85,99,63,9.0
1996-12-13,0.3,9.3,15.0,11.5,2.55,11.8,74,84,59,4.9
1996-12-14,0.0,9.4,12.7,10.9,4.96,17.1,70,75,63,9.3
1996-12-15,0.0,5.4,12.4,8.7,1.47,6.4,82,94,65,5.3
1996-12-16,2.4,4.9,13.7,8.4,1.01,6.5,88,99,65,6.6
1996-12-17,0.0,8.0,14.5,10.6,1.11,4.8,93,99,79,4.2
1996-12-18,2.8,9.8,13.2,11.1,1.25,6.4,97,100,89,0.0
1996-12-19,0.2,6.4,13.3,10.5,1.81,7.6,78,98,53,9.2
1996-12-20,0.8,4.5,14.9,8.8,1.9,10.5,82,96,57,8.6
1996-12-21,1.6,7.4,14.2,10.4,2.47,12.9,85,95,67,6.5
1996-12-22,2.7,6.1,13.0,9.5,1.67,6.9,88,98,68,5.9
1996-12-23,0.3,5.3,13.1,8.4,1.58,6.2,82,94,60,6.3
1996-12-24,1.4,6.3,9.7,7.8,4.11,17.3,75,90,60,9.4
1996-12-25,0.0,7.5,11.3,8.9,4.0,12.1,70,75,60,9.1
1996-12-26,0.0,2.1,11.4,6.4,3.74,12.0,56,75,34,9.3
1996-12-27,0.0,-2.2,10.3,3.0,1.53,7.1,71,93,46,9.4
1996-12-28,3.1,-1.1,11.9,4.3,1.16,4.0,74,93,46,3.8
1996-12-29,5.1,4.5,5.7,5.1,1.14,4.7,96,99,94,0.1
1996-12-30,0.9,5.3,10.6,7.2,1.65,9.1,85,99,63,8.4
1996-12-31,1.0,4.2,13.6,7.5,2.72,15.6,80,95,56,8.9
1997-01-01,9.1,4.0,9.8,6.7,1.4,5.1,85,99,68,1.3
1997-01-02,14.4,4.3,11.4,7.2,2.14,8.6,81,99,48,9.3
1997-01-03,4.3,3.0,7.0,5.2,5.59,17.5,68,90,48,9.4
1997-01-04,0.0,1.0,6.2,3.9,4.34,17.1,64,81,53,9.4
1997-01-05,1.7,-0.6,5.5,2.8,1.07,5.7,89,97,82,0.2
1997-01-06,0.0,1.0,5.2,3.0,3.93,13.0,67,95,48,9.5
1997-01-07,1.8,0.1,6.8,3.1,1.99,10.5,66,90,50,2.0
1997-01-08,5.8,3.3,11.3,6.7,2.47,12.9,81,95,60,7.0
1997-01-09,0.2,8.0,12.1,9.6,4.77,17.3,72,78,66,6.5
1997-01-10,0.0,5.7,12.8,8.9,3.9,12.4,73,82,56,9.0
1997-01-11,0.0,9.0,15.4,11.5,2.51,10.6,79,89,62,9.4
1997-01-12,0.0,5.8,12.8,9.3,1.34,5.9,86,98,72,9.2
1997-01-13,0.0,1.2,10.0,5.5,1.37,6.7,83,99,58,9.3
1997-01-14,1.8,2.7,8.5,5.8,1.54,7.5,94,98,88,1.2
1997-01-15,9.9,6.3,9.1,7.3,2.15,7.9,98,99,92,2.9
1997-01-16,0.0,4.0,12.4,7.6,1.59,5.6,91,100,68,8.9
1997-01-17,0.8,4.9,12.2,7.9,1.98,9.8,80,99,49,9.1
1997-01-18,1.9,1.7,10.8,5.7,1.52,8.1,80,93,60,6.9
1997-01-19,3.5,5.6,14.0,8.9,1.52,8.6,92,99,74,4.5
1997-01-20,5.2,6.6,13.2,9.0,1.79,13.4,88,98,71,8.1
1997-01-21,3.0,3.5,12.9,7.9,1.42,10.3,87,98,64,9.3
1997-01-22,3.4,2.0,13.5,7.2,1.96,9.5,87,98,69,7.9
1997-01-23,3.5,7.3,12.6,9.3,1.46,10.0,90,98,76,8.1
1997-01-24,5.0,6.4,8.6,7.4,1.63,5.5,94,99,87,0.0
1997-01-25,0.0,3.1,11.8,6.9,2.17,7.4,87,99,63,9.4
1997-01-26,0.0,5.6,11.5,8.1,1.57,5.4,85,98,65,6.5
1997-01-27,0.0,2.1,12.4,6.9,1.3,5.5,85,99,61,9.7
1997-01-28,0.5,4.7,10.6,7.3,1.1,5.7,89,98,70,7.7
1997-01-29,0.0,5.9,10.1,7.6,1.2,6.5,90,100,73,2.5
1997-01-30,0.0,4.4,14.8,8.3,0.98,5.5,86,99,60,9.2
1997-01-31,0.0,3.4,17.4,9.4,1.11,4.5,78,98,47,9.4
1997-02-01,0.0,3.9,16.1,9.6,1.71,6.1,79,93,56,9.7
1997-02-02,0.0,2.7,15.5,9.6,1.25,6.1,78,98,50,9.8
1997-02-03,4.7,5.4,13.0,8.6,1.13,7.5,87,96,71,8.8
1997-02-04,0.3,5.4,11.4,7.8,1.15,4.9,85,100,58,8.6
1997-02-05,0.0,0.3,14.3,6.9,1.28,4.7,74,96,46,10.1
1997-02-06,0.0,1.5,14.9,7.6,1.47,5.2,75,90,51,10.2
1997-02-07,0.0,0.1,11.8,6.2,1.29,7.5,80,94,61,10.0
1997-02-08,0.0,3.2,9.6,6.5,1.35,7.3,85,94,72,5.1
1997-02-09,0.0,4.9,12.4,8.0,0.99,5.7,84,98,61,7.4
1997-02-10,0.0,1.1,14.9,7.5,1.01,4.1,72,99,40,10.5
1997-02-11,0.0,1.5,17.0,8.3,1.85,5.9,72,90,40,10.5
1997-02-12,0.0,4.6,19.3,10.9,1.63,4.8,74,91,47,10.5
1997-02-13,0.0,6.9,16.5,11.0,2.6,10.3,68,87,43,10.3
1997-02-14,0.0,7.2,17.3,11.6,2.87,10.8,68,86,51,10.6
1997-02-15,0.0,9.0,15.2,11.5,3.98,13.7,57,65,43,10.7
1997-02-16,0.0,3.1,19.7,10.4,1.52,5.1,57,79,29,10.7
1997-02-17,0.0,2.6,15.6,8.9,1.75,7.6,70,89,46,10.7
1997-02-18,0.0,2.3,17.1,9.3,1.29,5.7,71,94,42,10.7
1997-02-19,0.0,3.1,18.5,10.2,1.49,6.8,70,89,44,10.8
1997-02-20,0.0,3.9,19.7,11.1,1.45,5.2,70,93,40,10.8
1997-02-21,0.0,4.7,18.6,11.1,1.45,6.8,75,96,50,10.5
1997-02-22,0.0,6.2,16.9,11.1,1.36,6.5,67,83,46,9.2
1997-02-23,0.4,4.7,18.6,11.5,1.22,7.2,75,96,49,10.8
1997-02-24,0.0,4.4,19.0,10.9,1.79,8.0,65,92,30,10.9
1997-02-25,0.0,5.2,20.2,11.7,1.38,4.8,67,90,41,10.9
1997-02-26,0.0,6.0,19.7,12.2,1.85,7.9,70,89,47,10.9
1997-02-27,0.0,5.2,17.3,11.2,1.91,10.4,70,91,44,10.9
1997-02-28,0.0,3.2,19.3,10.8,1.33,7.5,62,91,30,10.9
1997-03-01,0.0,2.1,21.3,11.4,1.36,5.5,53,77,25,10.9
1997-03-02,0.0,6.5,21.8,13.6,2.07,7.7,57,78,32,11.0
1997-03-03,0.0,6.5,19.1,13.1,1.41,7.2,60,84,37,11.0
1997-03-04,0.0,3.9,19.0,11.5,1.46,6.7,59,86,30,11.1
1997-03-05,0.0,3.4,20.5,11.9,1.24,4.4,53,81,24,11.1
1997-03-06,0.0,5.8,20.4,12.8,1.51,6.2,54,76,35,11.0
1997-03-07,0.0,5.8,19.8,12.2,1.97,10.0,60,81,32,11.1
1997-03-08,0.0,3.7,15.5,10.4,1.71,8.7,67,98,39,11.0
1997-03-09,0.0,4.4,15.0,9.7,2.08,10.5,59,79,42,11.3
1997-03-10,0.0,3.4,14.8,9.3,1.79,8.5,56,81,37,11.3
1997-03-11,0.0,1.1,18.8,10.0,1.29,6.2,59,94,24,11.4
1997-03-12,0.0,6.7,16.2,11.0,2.02,8.8,48,86,36,11.5
1997-03-13,0.0,1.5,19.7,10.5,1.34,5.6,63,96,30,11.4
1997-03-14,0.0,5.7,21.1,13.0,2.32,10.0,45,71,18,11.6
1997-03-15,0.0,3.9,18.7,11.3,1.76,8.1,52,76,30,11.6
1997-03-16,0.0,3.3,19.2,11.3,1.49,6.6,61,90,31,11.6
1997-03-17,0.0,3.5,21.3,12.3,1.34,6.3,53,80,23,11.7
1997-03-18,0.0,5.7,24.1,14.7,1.61,6.1,45,67,23,11.7
1997-03-19,0.0,7.7,23.9,15.6,2.24,7.7,44,69,22,11.7
1997-03-20,0.0,6.5,22.1,14.2,2.18,10.1,51,77,29,11.7
1997-03-21,0.0,5.3,22.7,14.1,1.3,7.3,57,86,26,11.8
1997-03-22,0.0,8.7,19.3,13.5,1.65,9.0,65,87,41,10.4
1997-03-23,0.0,7.6,17.9,12.4,1.68,8.6,57,82,31,11.8
1997-03-24,0.0,4.3,22.3,13.3,1.98,7.8,51,86,19,11.9
1997-03-25,19.6,4.1,11.1,7.3,3.16,13.4,79,98,40,1.6
1997-03-26,0.0,3.2,14.1,9.1,1.93,7.6,79,99,52,11.2
1997-03-27,0.0,5.3,14.4,9.7,1.96,9.8,71,95,47,11.9
1997-03-28,0.0,1.6,17.9,10.7,1.43,7.7,67,90,46,12.0
1997-03-29,0.0,4.8,17.3,10.9,2.2,10.1,73,92,48,12.0
1997-03-30,0.0,5.4,16.7,10.7,1.48,8.1,76,100,47,12.0
1997-03-31,0.0,5.2,17.2,10.7,2.07,9.4,73,91,49,12.0
1997-04-01,0.0,3.6,19.2,11.4,1.47,8.0,75,97,46,12.0
1997-04-02,1.1,5.1,20.5,12.6,1.43,7.9,74,97,39,12.0
1997-04-03,0.0,5.5,20.5,13.2,1.48,8.2,71,100,39,11.5
1997-04-04,0.0,6.6,22.6,14.6,1.43,6.0,58,88,28,12.2
1997-04-05,0.0,8.1,20.0,14.0,2.22,10.6,58,85,39,12.2
1997-04-06,0.0,7.3,19.7,13.0,1.74,11.5,60,90,33,11.3
1997-04-07,2.0,8.4,17.4,12.7,1.59,9.7,54,67,43,10.2
1997-04-08,5.2,6.6,15.0,10.5,3.18,13.7,82,96,60,6.6
1997-04-09,42.4,8.1,9.7,9.1,3.93,11.0,96,99,93,0.0
1997-04-10,2.1,8.0,11.2,9.3,2.57,10.5,88,97,74,2.5
1997-04-11,0.0,3.5,16.9,10.1,1.65,6.4,69,99,30,12.5
1997-04-12,0.0,3.8,21.2,12.2,1.85,6.4,52,79,29,12.6
1997-04-13,0.0,5.8,18.6,12.4,1.63,8.4,62,89,35,12.6
1997-04-14,0.0,2.9,19.4,11.7,1.86,8.6,60,86,35,12.7
1997-04-15,0.0,4.2,21.3,13.2,1.53,7.3,63,90,37,12.7
1997-04-16,0.0,6.8,24.1,15.7,1.83,7.4,58,88,31,11.8
1997-04-17,9.0,10.1,18.2,13.9,1.24,8.2,74,86,50,9.3
1997-04-18,0.6,10.2,16.9,12.6,2.24,9.9,78,93,60,11.6
1997-04-19,7.0,10.0,17.2,12.9,1.58,7.3,85,99,62,5.6
1997-04-20,14.8,11.3,15.9,13.0,1.56,7.8,90,100,77,6.8
1997-04-21,15.3,9.7,13.7,11.7,1.83,8.7,84,95,70,0.1
1997-04-22,9.1,8.9,16.9,12.4,1.29,6.3,83,95,62,10.4
1997-04-23,0.3,10.0,18.9,13.9,2.08,8.1,68,93,40,12.8
1997-04-24,0.3,7.7,19.8,13.8,1.78,9.0,71,93,44,12.6
1997-04-25,2.5,11.3,16.9,13.7,1.17,5.6,83,96,71,8.3
1997-04-26,0.0,6.4,21.1,14.1,1.07,4.3,73,98,42,12.3
1997-04-27,0.0,11.5,22.2,16.6,2.49,11.2,66,86,47,11.6
1997-04-28,0.0,11.2,24.0,17.6,2.06,8.8,64,85,41,13.4
1997-04-29,0.0,11.2,25.2,18.9,1.87,6.6,64,89,42,13.5
1997-04-30,0.0,13.3,22.5,17.8,2.05,10.2,66,83,53,13.6
1997-05-01,0.0,9.9,20.4,14.8,1.96,8.7,68,95,45,13.6
1997-05-02,0.0,8.2,20.6,14.4,2.17,9.7,64,92,43,11.8
1997-05-03,0.2,11.7,23.7,17.2,1.61,8.7,61,87,36,12.9
1997-05-04,0.0,11.0,26.0,18.6,1.05,4.5,63,90,37,13.7
1997-05-05,0.0,14.7,21.9,18.4,3.45,14.2,55,76,36,13.8
1997-05-06,0.0,12.7,19.3,15.1,3.84,13.6,47,71,26,13.8
1997-05-07,0.4,9.1,15.1,11.8,5.19,21.5,49,60,40,13.8
1997-05-08,0.0,5.6,19.1,12.4,2.37,12.4,46,70,28,13.9
1997-05-09,0.0,5.7,22.8,14.4,1.49,7.1,52,77,27,13.9
1997-05-10,0.0,8.2,22.5,15.6,1.76,9.3,61,79,38,13.9
1997-05-11,2.0,10.8,21.0,15.6,1.3,6.9,74,93,50,11.9
1997-05-12,0.5,11.1,20.3,15.5,1.9,9.4,77,95,57,13.1
1997-05-13,0.0,11.1,22.0,16.3,1.6,6.8,74,98,43,9.5
1997-05-14,6.7,12.9,17.1,14.5,1.18,5.7,83,92,70,2.8
1997-05-15,8.3,9.3,19.7,14.3,1.29,7.6,83,98,59,10.6
1997-05-16,3.1,10.2,20.2,14.9,1.77,10.9,76,98,42,11.4
1997-05-17,0.0,8.9,20.8,14.9,1.69,6.9,60,90,31,14.0
1997-05-18,0.0,7.1,23.0,15.3,1.78,10.7,63,85,38,14.0
1997-05-19,0.0,8.2,25.0,17.1,1.41,7.1,62,92,33,14.0
1997-05-20,0.0,11.8,23.8,18.2,1.48,6.4,58,87,35,13.7
1997-05-21,1.2,11.1,23.6,18.0,1.67,7.2,54,81,33,13.3
1997-05-22,0.0,9.7,25.1,17.6,2.07,11.1,58,85,34,14.0
1997-05-23,0.0,10.2,24.3,17.7,2.21,10.7,57,84,32,13.7
1997-05-24,22.0,12.5,18.4,15.6,1.37,7.8,86,92,78,3.5
1997-05-25,6.3,12.7,23.9,18.0,2.5,10.8,78,96,54,14.0
1997-05-26,0.6,12.9,24.3,18.7,1.81,7.7,76,97,52,14.0
1997-05-27,0.9,12.9,26.2,19.7,1.38,6.6,74,98,43,14.0
1997-05-28,0.0,12.8,26.4,20.1,1.4,4.7,64,86,42,13.2
1997-05-29,0.0,14.4,25.9,21.0,2.16,10.2,59,80,42,13.4
1997-05-30,0.0,12.5,24.3,18.6,2.31,10.2,70,91,49,13.0
1997-05-31,10.1,13.9,20.4,16.9,1.41,8.4,84,98,69,7.9
1997-06-01,0.0,11.6,20.8,16.4,3.06,11.6,64,87,42,14.0
1997-06-02,0.0,12.7,23.4,18.0,2.24,8.1,60,85,40,14.0
1997-06-03,0.0,9.9,24.7,17.7,2.19,9.0,65,92,43,13.4
1997-06-04,2.3,14.0,20.6,16.7,2.62,10.8,63,76,50,8.9
1997-06-05,0.9,11.0,19.4,15.3,2.73,10.5,66,74,54,6.3
1997-06-06,0.0,12.7,27.0,20.1,1.73,7.5,68,91,46,14.0
1997-06-07,0.7,14.5,27.3,21.1,1.08,7.7,69,94,43,12.3
1997-06-08,0.0,13.2,28.6,21.1,1.81,7.8,65,92,39,14.0
1997-06-09,0.0,14.8,28.3,21.9,1.99,10.1,59,87,41,14.0
1997-06-10,0.0,13.4,29.0,21.9,1.52,6.3,58,86,36,13.6
1997-06-11,0.0,15.8,29.7,22.9,1.64,8.2,66,91,41,13.3
1997-06-12,0.0,16.2,31.6,24.6,1.35,6.6,56,82,37,14.0
1997-06-13,0.0,17.0,32.7,25.5,1.1,5.7,51,88,26,14.0
1997-06-14,0.0,16.4,31.3,24.1,2.11,9.8,51,78,34,14.0
1997-06-15,0.0,17.2,28.0,22.5,1.84,9.0,64,78,47,13.5
1997-06-16,0.0,17.1,28.9,23.4,1.06,5.1,62,93,34,13.6
1997-06-17,0.2,15.6,28.3,21.6,2.29,12.4,55,81,32,14.0
1997-06-18,24.4,15.3,21.2,17.5,1.41,10.0,88,99,69,8.5
1997-06-19,0.0,11.7,27.2,19.3,1.56,6.4,68,97,35,14.0
1997-06-20,0.0,13.0,28.8,21.3,1.85,8.7,58,85,33,14.0
1997-06-21,0.0,14.0,28.8,22.1,1.78,7.9,55,86,31,14.0
1997-06-22,0.0,16.5,26.3,21.6,2.16,7.7,52,79,37,14.0
1997-06-23,0.0,14.1,25.8,20.3,2.17,10.6,60,81,39,14.0
1997-06-24,0.1,16.2,25.2,20.3,2.25,8.8,74,99,50,13.4
1997-06-25,0.0,13.7,28.7,21.5,2.06,8.7,62,92,33,14.0
1997-06-26,0.0,15.9,30.1,23.2,2.4,10.4,50,74,28,14.0
1997-06-27,5.6,16.0,25.1,20.9,2.69,11.0,56,88,39,13.2
1997-06-28,17.3,15.3,21.0,18.1,2.6,14.9,60,97,22,13.0
1997-06-29,0.0,12.1,20.2,15.8,3.36,11.6,44,65,32,14.0
1997-06-30,0.0,8.8,24.0,16.5,2.05,9.9,48,74,28,14.0
1997-07-01,0.0,11.3,25.6,18.5,2.16,10.4,51,75,31,14.0
1997-07-02,0.0,12.6,24.2,19.0,1.53,6.6,56,85,35,14.0
1997-07-03,0.0,12.0,24.5,18.8,2.33,10.7,56,84,36,14.0
1997-07-04,0.0,11.7,26.4,19.7,1.42,6.6,47,74,23,14.0
1997-07-05,0.0,14.7,25.7,19.6,2.13,10.4,49,60,34,14.0
1997-07-06,0.0,13.2,24.3,18.7,2.34,10.4,60,77,44,14.0
1997-07-07,0.0,12.8,25.5,19.3,1.92,8.7,61,91,35,14.0
1997-07-08,0.0,12.3,27.7,20.3,2.11,9.8,50,84,24,14.0
1997-07-09,0.0,13.1,29.3,21.7,1.55,8.2,48,76,27,14.0
1997-07-10,0.0,14.1,28.6,21.9,1.42,7.0,49,76,25,13.8
1997-07-11,0.0,13.9,29.5,21.9,1.63,11.9,54,86,26,14.0
1997-07-12,0.0,14.3,28.7,22.1,2.15,10.8,54,85,31,14.0
1997-07-13,0.0,14.6,30.2,22.7,1.96,9.1,50,81,27,14.0
1997-07-14,0.0,18.8,30.3,24.0,2.25,11.6,58,85,36,12.2
1997-07-15,0.0,17.6,27.7,22.8,2.77,11.6,67,85,51,14.0
1997-07-16,0.0,18.1,29.0,23.2,1.05,8.7,59,92,26,13.9
1997-07-17,0.0,16.6,30.9,23.7,1.9,8.4,46,79,24,14.0
1997-07-18,0.0,19.0,30.5,24.4,1.96,9.8,46,60,30,13.9
1997-07-19,0.0,16.3,28.7,22.9,2.24,9.4,58,86,40,13.9
1997-07-20,0.0,16.2,28.2,22.3,2.12,9.9,58,88,37,13.9
1997-07-21,0.0,16.1,28.7,22.7,2.03,10.5,50,81,31,13.9
1997-07-22,0.0,16.3,29.2,22.7,1.72,8.2,45,62,33,13.9
1997-07-23,4.1,17.0,26.1,21.2,1.53,8.2,74,92,48,13.4
1997-07-24,0.0,15.4,30.6,22.9,1.57,6.6,56,89,23,13.9
1997-07-25,0.0,16.3,32.1,24.6,1.82,8.5,47,78,25,13.9
1997-07-26,0.0,17.6,33.7,25.7,1.88,10.6,48,77,26,13.8
1997-07-27,0.0,17.1,33.1,25.4,2.1,10.6,47,81,24,13.8
1997-07-28,0.0,17.9,31.5,24.6,2.17,11.4,43,67,25,13.8
1997-07-29,0.0,16.2,31.6,24.1,1.95,10.8,49,76,27,13.8
1997-07-30,0.0,16.4,31.8,24.5,1.99,9.6,51,81,24,13.8
1997-07-31,0.0,18.0,30.9,24.8,2.13,9.7,48,73,30,13.8
1997-08-01,0.0,16.5,33.2,25.4,1.78,8.6,46,79,22,13.7
1997-08-02,0.0,17.6,34.1,26.2,2.15,10.5,38,67,20,13.7
1997-08-03,0.0,17.5,33.9,25.9,1.91,11.4,41,66,22,13.7
1997-08-04,2.1,18.4,29.8,24.1,2.14,11.0,52,69,34,13.2
1997-08-05,0.0,17.3,31.0,24.5,1.4,8.5,56,90,29,13.3
1997-08-06,0.7,17.1,30.0,23.5,1.58,10.4,57,81,32,13.4
1997-08-07,0.0,15.7,29.8,23.0,1.64,10.1,55,79,30,13.4
1997-08-08,0.8,16.7,28.5,22.7,2.16,9.2,66,94,43,13.0
1997-08-09,0.0,18.3,31.4,24.7,1.87,10.7,69,98,42,13.2
1997-08-10,9.3,18.5,27.5,22.3,2.29,11.8,76,95,54,13.1
1997-08-11,0.0,15.1,28.7,22.0,1.52,5.5,57,83,34,13.3
1997-08-12,0.0,16.1,28.9,22.6,2.0,8.7,55,79,34,13.3
1997-08-13,0.0,14.8,30.2,22.8,1.6,7.2,56,84,33,13.3
1997-08-14,0.0,17.2,29.3,23.2,1.67,8.2,58,80,36,13.2
1997-08-15,0.0,15.7,30.4,23.2,1.7,9.0,56,89,26,13.2
1997-08-16,0.0,15.1,30.7,23.2,1.49,8.2,53,84,26,13.1
1997-08-17,0.0,16.0,30.1,23.4,1.94,9.1,56,86,31,13.1
1997-08-18,0.0,15.5,30.7,23.4,1.5,9.0,55,85,28,13.0
1997-08-19,0.0,16.2,31.7,24.2,1.83,10.1,55,91,24,12.9
1997-08-20,0.0,16.1,32.6,24.3,2.02,11.2,50,75,23,12.9
1997-08-21,0.5,16.5,30.7,23.9,2.11,10.8,52,76,32,12.2
1997-08-22,0.0,19.3,27.9,23.4,1.29,8.2,60,77,41,10.5
1997-08-23,0.8,17.8,27.1,22.3,1.94,10.8,71,91,48,12.4
1997-08-24,1.5,16.9,24.4,20.6,1.92,8.2,71,88,49,10.9
1997-08-25,1.0,16.5,25.3,20.8,1.38,8.9,71,96,48,12.0
1997-08-26,0.2,15.8,26.6,21.6,1.39,6.8,64,91,40,12.4
1997-08-27,0.0,16.5,29.6,22.6,1.93,8.5,53,88,25,12.6
1997-08-28,0.0,18.1,25.0,20.8,3.56,12.5,42,71,18,12.6
1997-08-29,0.0,12.5,26.3,19.0,1.92,8.3,44,66,24,12.4
1997-08-30,0.0,12.2,28.0,20.4,1.88,9.6,54,90,23,12.4
1997-08-31,0.0,12.9,31.2,22.2,1.63,8.0,48,79,19,12.0
1997-09-01,1.7,16.5,29.1,22.4,1.3,8.1,62,88,31,7.5
1997-09-02,0.0,14.4,28.5,21.4,1.94,9.4,51,81,24,12.2
1997-09-03,0.0,15.5,29.3,21.7,1.78,9.4,67,97,31,12.1
1997-09-04,0.0,15.5,28.8,21.8,1.56,8.3,70,96,40,12.0
1997-09-05,0.0,15.4,28.8,21.7,1.79,9.1,67,96,33,12.0
1997-09-06,0.0,15.9,27.2,21.0,1.82,10.4,63,89,35,12.0
1997-09-07,0.0,16.0,26.6,21.0,2.15,10.1,68,98,36,12.0
1997-09-08,0.0,13.1,28.1,21.0,1.8,8.8,60,90,27,12.0
1997-09-09,0.0,14.1,29.5,22.0,1.6,8.1,58,96,24,12.0
1997-09-10,0.0,15.1,31.7,23.5,1.74,7.3,37,57,18,12.0
1997-09-11,0.0,15.9,31.8,24.1,2.38,11.7,31,56,17,12.0
1997-09-12,0.0,15.0,33.2,24.4,1.34,8.2,38,59,19,12.0
1997-09-13,0.0,19.1,29.6,24.1,1.96,7.6,46,69,29,12.0
1997-09-14,2.2,18.2,25.9,21.2,1.64,8.5,66,88,49,12.0
1997-09-15,3.5,17.3,24.3,19.9,1.19,8.5,82,98,61,9.9
1997-09-16,1.2,16.6,22.6,18.9,2.07,9.7,81,98,58,10.8
1997-09-17,0.5,16.2,22.5,18.7,2.38,9.5,80,95,59,9.0
1997-09-18,0.1,13.4,24.4,18.9,1.96,8.3,75,98,48,12.0
1997-09-19,0.4,13.5,24.9,19.2,1.28,7.5,75,97,46,12.0
1997-09-20,2.9,15.1,26.5,19.9,1.22,9.2,74,95,40,12.0
1997-09-21,4.0,14.2,25.0,18.8,1.22,6.7,78,91,51,11.7
1997-09-22,0.0,16.1,24.4,19.4,1.55,8.3,76,99,46,11.1
1997-09-23,0.0,13.8,25.0,19.1,1.54,8.5,74,98,45,11.6
1997-09-24,0.0,15.1,26.5,20.0,1.5,8.8,68,98,35,10.6
1997-09-25,0.7,15.2,24.8,19.2,1.71,9.4,73,89,47,10.8
1997-09-26,0.3,16.1,22.0,18.2,2.03,9.6,80,98,53,5.4
1997-09-27,3.1,14.9,19.6,17.0,2.64,10.6,88,99,71,3.5
1997-09-28,29.1,15.9,18.3,16.7,1.24,7.5,97,99,90,0.0
1997-09-29,34.8,15.7,20.2,17.5,2.65,12.4,94,98,86,9.5
1997-09-30,85.5,15.6,18.3,16.7,2.25,12.8,98,99,93,3.2
1997-10-01,0.5,15.6,22.6,18.4,1.43,5.3,84,100,59,10.2
1997-10-02,0.0,12.5,24.7,18.3,1.3,4.7,74,97,46,11.6
1997-10-03,0.1,12.5,25.0,18.7,1.24,6.0,75,93,49,11.6
1997-10-04,0.0,13.9,24.0,18.6,1.37,7.4,75,93,54,11.1
1997-10-05,1.9,13.8,21.4,17.5,1.96,10.4,77,93,61,9.4
1997-10-06,0.3,14.5,22.3,17.9,1.02,5.7,83,99,63,10.4
1997-10-07,0.2,12.9,22.7,17.4,1.11,5.2,80,96,59,10.8
1997-10-08,0.0,13.6,24.0,18.6,1.31,4.8,75,91,53,11.1
1997-10-09,0.0,13.0,25.7,19.1,1.55,6.3,68,91,38,11.1
1997-10-10,0.0,12.9,26.9,19.4,2.07,7.5,60,76,39,10.5
1997-10-11,0.0,16.3,27.2,21.3,2.57,8.9,61,80,43,11.0
1997-10-12,0.0,15.5,26.9,20.9,2.05,7.2,65,86,45,10.9
1997-10-13,2.6,12.7,19.8,16.3,2.57,11.9,51,84,33,9.1
1997-10-14,0.0,7.7,18.1,12.9,2.46,9.9,54,73,42,10.8
1997-10-15,0.0,7.1,19.4,13.1,1.36,5.5,71,88,51,10.7
1997-10-16,0.0,7.7,21.4,14.0,1.2,5.0,69,92,37,10.7
1997-10-17,0.0,8.7,20.3,14.1,1.56,7.8,77,94,52,10.5
1997-10-18,0.0,10.9,21.3,15.5,1.44,8.7,81,100,54,10.0
1997-10-19,0.0,9.7,23.3,16.1,1.49,7.3,76,96,48,9.2
1997-10-20,0.1,14.2,23.6,18.0,1.27,6.8,76,90,52,2.3
1997-10-21,2.4,15.4,24.0,19.2,1.75,9.3,77,92,55,10.2
1997-10-22,1.0,15.7,22.7,18.7,1.81,9.9,76,96,48,10.0
1997-10-23,0.0,14.0,20.6,17.1,2.05,9.0,70,90,49,10.0
1997-10-24,0.0,10.4,20.4,15.1,1.69,6.2,71,94,44,10.1
1997-10-25,0.1,10.4,19.9,14.8,1.42,8.1,73,92,54,10.3
1997-10-26,0.0,10.6,21.2,15.1,1.25,6.2,83,99,56,9.0
1997-10-27,0.3,12.4,21.5,16.4,0.96,7.6,78,95,51,10.0
1997-10-28,0.0,13.1,20.2,16.2,2.88,11.3,70,89,48,10.0
1997-10-29,0.2,9.2,15.1,12.6,3.49,11.3,71,82,63,9.1
1997-10-30,0.0,5.4,16.3,10.8,0.97,4.5,72,97,40,10.1
1997-10-31,0.0,3.5,16.4,9.8,1.58,7.9,71,89,48,9.5
1997-11-01,0.0,8.1,15.7,11.3,1.39,7.7,80,93,59,6.3
1997-11-02,3.9,7.7,15.2,11.1,1.4,9.1,89,98,72,1.8
1997-11-03,0.6,11.0,21.1,14.7,1.16,7.3,85,99,56,7.8
1997-11-04,0.6,12.1,19.4,15.2,2.23,8.2,75,91,56,10.0
1997-11-05,2.0,12.6,19.7,15.8,2.09,9.8,77,94,60,5.1
1997-11-06,0.4,10.0,15.4,13.1,5.1,19.3,63,77,46,10.0
1997-11-07,0.4,7.5,14.4,11.1,2.9,12.9,70,84,54,9.3
1997-11-08,0.0,10.5,16.4,13.2,2.74,9.9,65,78,47,9.9
1997-11-09,0.2,11.3,17.6,13.9,2.69,10.6,69,83,50,9.9
1997-11-10,0.0,8.6,15.3,11.3,2.7,13.1,70,89,49,9.9
1997-11-11,0.8,7.6,15.1,10.6,3.46,17.7,72,85,52,9.6
1997-11-12,0.0,6.6,10.5,8.3,4.88,14.7,64,78,51,9.9
1997-11-13,5.3,6.2,14.2,10.2,1.89,12.8,78,89,64,3.2
1997-11-14,1.2,10.3,16.7,13.4,2.0,8.6,78,95,54,9.9
1997-11-15,0.0,5.0,17.3,10.5,1.32,4.5,78,94,51,9.8
1997-11-16,0.0,4.6,18.1,10.8,1.01,4.2,78,100,49,9.8
1997-11-17,0.0,6.5,19.9,11.9,1.3,5.0,75,94,45,9.8
1997-11-18,1.7,7.5,18.2,11.7,1.61,8.2,78,89,53,8.0
1997-11-19,0.0,9.9,14.9,11.9,3.48,14.0,71,81,55,9.8
1997-11-20,0.0,8.3,16.4,11.9,2.85,10.8,67,80,44,9.2
1997-11-21,11.2,8.9,13.4,10.6,1.16,6.1,86,95,65,2.3
1997-11-22,4.2,6.9,10.4,8.4,4.27,21.4,74,96,57,9.8
1997-11-23,0.0,3.4,13.7,7.9,1.78,7.6,68,86,44,9.7
1997-11-24,0.4,2.5,12.5,7.1,1.3,10.7,78,88,58,7.1
1997-11-25,2.5,5.4,11.8,8.3,2.31,10.4,87,98,75,0.8
1997-11-26,0.0,7.4,12.7,9.7,2.98,13.5,84,99,68,9.1
1997-11-27,0.0,7.8,15.4,11.3,2.71,9.8,71,85,51,9.6
1997-11-28,1.1,5.4,17.3,10.4,1.32,5.1,80,92,58,9.2
1997-11-29,0.0,8.0,14.2,10.8,3.13,10.2,71,89,51,9.5
1997-11-30,0.0,8.9,13.7,10.9,3.78,14.1,65,75,50,9.4
1997-12-01,0.0,6.9,15.2,10.5,3.0,10.8,71,86,50,9.6
1997-12-02,0.0,5.7,17.6,10.6,3.11,11.1,72,87,50,9.5
1997-12-03,0.0,9.3,15.0,11.7,1.71,10.3,79,92,60,6.4
1997-12-04,14.6,5.2,10.9,8.9,1.45,6.1,97,99,91,0.0
1997-12-05,21.3,1.6,4.3,2.7,4.34,19.0,93,98,89,0.0
1997-12-06,0.0,-2.0,10.0,2.9,1.86,9.4,82,92,61,9.5
1997-12-07,0.0,-2.9,13.6,3.2,1.38,4.9,73,92,40,9.5
1997-12-08,0.0,1.6,14.2,7.0,2.27,7.8,74,88,60,9.4
1997-12-09,0.0,7.2,14.5,10.2,1.61,8.6,81,95,56,8.9
1997-12-10,0.0,4.6,16.1,8.8,1.24,4.4,78,98,49,8.7
1997-12-11,0.0,4.6,18.7,10.2,1.2,4.1,78,93,54,9.3
1997-12-12,5.3,7.3,14.0,10.3,2.17,9.7,87,93,73,0.8
1997-12-13,0.0,1.6,13.2,7.0,2.0,10.5,70,94,38,9.4
1997-12-14,0.0,1.2,11.9,6.1,1.38,6.5,69,92,49,9.4
1997-12-15,0.0,1.2,15.1,6.9,1.35,5.2,70,92,46,8.8
1997-12-16,0.2,3.9,12.7,7.5,1.41,7.1,86,99,65,5.1
1997-12-17,3.5,5.5,13.5,9.3,1.96,11.5,91,99,82,3.1
1997-12-18,0.2,9.1,14.9,11.2,2.12,10.1,82,99,52,9.2
1997-12-19,1.0,6.9,12.8,9.2,2.32,9.9,76,93,51,7.2
1997-12-20,0.0,6.7,10.2,8.1,3.93,14.7,70,75,60,9.3
1997-12-21,0.3,5.8,12.1,8.2,1.65,6.6,78,88,60,4.9
1997-12-22,0.0,7.5,15.1,11.6,2.18,10.2,82,92,71,0.3
1997-12-23,0.7,5.3,13.7,10.3,4.02,13.0,70,86,49,9.3
1997-12-24,0.0,2.3,16.5,8.4,1.32,4.8,73,87,42,9.1
1997-12-25,0.0,2.6,17.8,8.8,1.45,4.9,69,87,39,9.4
1997-12-26,1.3,5.8,11.3,7.8,3.5,13.5,71,87,63,4.8
1997-12-27,0.0,4.0,9.8,6.4,2.67,10.0,70,80,54,9.1
1997-12-28,0.0,0.4,12.2,5.6,1.34,5.9,75,89,48,7.5
1997-12-29,0.7,2.9,12.0,7.0,1.4,7.5,85,96,74,5.1
1997-12-30,3.3,6.5,10.6,8.2,0.61,4.8,94,99,82,4.5
1997-12-31,6.3,5.5,12.5,8.4,0.97,6.0,90,100,70,7.2
1998-01-01,4.5,5.0,8.7,6.8,4.59,14.7,72,93,54,6.7
1998-01-02,0.0,2.2,12.0,7.2,3.28,15.0,69,73,59,8.1
1998-01-03,0.0,8.4,16.1,11.6,2.52,9.8,75,93,58,9.2
1998-01-04,0.0,7.6,16.3,11.0,1.32,4.5,86,97,63,8.0
1998-01-05,0.0,6.0,15.1,9.9,1.59,6.0,82,95,58,6.9
1998-01-06,0.0,4.7,14.0,8.2,1.14,4.0,76,96,48,9.2
1998-01-07,0.0,1.2,13.5,6.7,1.46,5.2,74,93,46,9.2
1998-01-08,0.0,1.4,12.6,6.7,1.17,4.8,76,89,56,8.9
1998-01-09,0.0,3.7,11.1,7.1,0.95,4.9,82,98,72,4.3
1998-01-10,1.5,8.0,11.2,9.0,1.75,8.2,95,99,82,0.7
1998-01-11,0.1,5.7,12.1,8.6,1.17,5.7,92,100,73,7.6
1998-01-12,1.8,2.8,11.6,7.7,1.39,7.7,89,100,68,3.9
1998-01-13,0.3,6.2,12.3,8.8,2.23,10.1,78,98,51,9.3
1998-01-14,0.0,3.5,8.9,5.8,3.32,13.9,62,77,44,9.5
1998-01-15,0.0,-0.6,13.1,5.1,1.36,5.5,69,86,43,9.5
1998-01-16,0.0,0.3,14.1,6.0,2.36,12.1,74,89,50,9.6
1998-01-17,0.0,1.3,14.1,6.9,1.74,7.1,72,95,37,9.6
1998-01-18,0.0,1.2,16.0,7.0,1.41,4.8,69,89,39,9.6
1998-01-19,0.0,6.0,14.1,9.8,3.67,13.9,68,85,52,9.4
1998-01-20,0.0,9.4,15.4,11.7,4.14,14.0,67,76,57,9.3
1998-01-21,0.0,2.4,13.0,7.4,2.28,8.4,61,94,26,9.6
1998-01-22,0.0,-1.0,15.1,6.1,1.36,5.7,62,84,34,9.6
1998-01-23,0.9,0.3,14.4,6.5,1.03,6.2,69,87,43,9.6
1998-01-24,1.9,2.0,9.9,5.6,2.27,10.7,76,95,48,9.6
1998-01-25,1.5,-0.6,9.8,4.3,1.25,6.0,82,96,51,8.2
1998-01-26,12.3,3.3,7.4,4.7,1.54,7.1,97,99,90,4.6
1998-01-27,3.1,4.6,7.7,5.7,1.42,6.5,96,100,87,3.3
1998-01-28,0.0,4.8,10.9,7.1,1.99,11.1,90,99,69,7.0
1998-01-29,14.0,4.3,8.8,6.7,2.1,6.9,92,98,79,1.8
1998-01-30,0.9,1.0,10.2,5.4,1.78,8.6,87,99,64,5.9
1998-01-31,6.9,4.0,11.9,7.5,1.32,6.8,91,99,65,6.9
1998-02-01,0.1,4.0,13.3,8.2,1.57,6.8,79,98,46,9.7
1998-02-02,4.5,5.0,10.2,7.7,1.64,9.0,98,100,91,0.0
1998-02-03,3.6,7.5,14.3,10.0,1.01,8.6,85,100,55,7.8
1998-02-04,3.2,5.9,11.3,8.4,0.8,9.0,92,96,82,6.9
1998-02-05,5.6,6.9,13.3,9.9,0.82,7.9,83,96,59,10.0
1998-02-06,0.9,4.3,10.9,7.5,1.25,5.9,91,98,77,4.6
1998-02-07,0.0,6.1,12.4,9.0,1.29,6.7,85,100,62,9.6
1998-02-08,0.0,5.4,11.5,7.8,1.35,7.9,85,99,64,8.1
1998-02-09,5.1,5.5,9.3,7.3,1.24,6.2,89,97,76,0.6
1998-02-10,0.1,5.7,10.0,7.6,1.82,7.3,88,97,74,0.5
1998-02-11,0.1,6.8,9.9,8.3,1.62,5.9,94,98,86,0.0
1998-02-12,0.0,7.1,9.9,8.4,1.33,5.6,91,96,82,0.6
1998-02-13,0.0,8.1,13.6,10.0,1.05,5.8,87,96,69,3.6
1998-02-14,0.0,3.9,16.2,9.7,1.17,5.6,80,99,54,10.6
1998-02-15,0.0,2.4,19.6,10.3,1.0,3.7,69,94,36,10.6
1998-02-16,0.0,4.4,19.4,11.1,1.19,4.9,72,87,49,10.7
1998-02-17,0.0,5.1,20.6,12.2,1.08,4.0,77,95,48,10.7
1998-02-18,0.0,9.1,15.0,12.1,0.97,6.0,83,98,68,10.7
1998-02-19,0.0,4.7,13.6,8.4,1.12,6.5,83,100,58,10.8
1998-02-20,0.0,4.6,17.5,10.0,1.02,4.2,77,98,53,10.8
1998-02-21,0.0,4.1,19.8,11.2,1.38,5.5,70,95,37,10.4
1998-02-22,0.0,6.9,12.2,9.8,3.65,13.2,58,81,31,10.8
1998-02-23,0.0,2.9,11.7,7.0,3.81,12.4,52,66,41,10.8
1998-02-24,0.0,-0.1,12.0,6.7,1.85,8.1,55,83,37,10.8
1998-02-25,0.0,1.2,13.4,7.7,1.28,5.3,56,76,41,10.9
1998-02-26,0.0,1.9,13.7,7.8,1.41,6.2,63,78,44,10.9
1998-02-27,0.0,2.2,14.7,7.8,1.59,6.4,65,87,41,10.9
1998-02-28,0.0,-0.0,16.5,8.0,1.11,3.9,64,86,36,9.8
1998-03-01,0.0,2.5,17.2,9.7,1.53,5.9,66,89,37,10.9
1998-03-02,0.0,2.7,18.2,10.1,1.3,5.3,69,92,39,11.0
1998-03-03,0.0,3.0,20.4,11.0,1.45,5.3,65,90,30,11.0
1998-03-04,0.0,4.1,22.7,12.7,1.1,5.2,63,87,29,10.5
1998-03-05,0.0,8.7,22.1,14.2,1.54,5.2,45,65,23,10.2
1998-03-06,0.0,6.1,20.9,12.9,1.38,6.7,53,70,31,11.1
1998-03-07,0.0,6.8,22.6,13.9,2.17,9.1,53,77,24,11.0
1998-03-08,0.0,8.5,22.5,15.1,2.45,10.3,51,68,29,11.2
1998-03-09,0.0,10.7,17.9,14.5,4.36,13.3,50,64,35,11.2
1998-03-10,0.0,6.4,15.9,10.8,2.67,10.7,51,80,30,11.3
1998-03-11,0.4,4.3,15.8,9.9,3.53,17.0,60,90,35,11.1
1998-03-12,0.0,3.5,11.3,7.6,4.7,14.5,42,56,30,10.2
1998-03-13,0.0,0.6,11.6,6.4,2.19,7.7,49,82,29,11.5
1998-03-14,0.0,0.7,13.9,7.0,1.14,5.1,66,95,32,11.5
1998-03-15,0.0,1.1,17.9,9.3,1.92,7.3,53,78,26,11.6
1998-03-16,0.0,2.3,21.9,12.5,1.46,5.1,42,70,19,11.6
1998-03-17,0.0,3.5,22.2,13.3,1.07,5.8,48,80,24,11.7
1998-03-18,0.0,6.1,20.4,13.1,1.91,10.3,48,64,31,11.7
1998-03-19,0.0,5.8,19.1,12.5,1.65,8.3,49,71,29,11.0
1998-03-20,0.0,4.5,20.1,12.2,1.8,8.6,54,76,27,11.7
1998-03-21,0.0,3.3,20.9,12.3,1.49,7.8,56,89,25,11.8
1998-03-22,0.0,7.5,17.7,12.0,1.89,10.7,58,74,39,11.6
1998-03-23,0.0,6.9,17.8,11.6,1.92,8.6,69,92,42,10.8
1998-03-24,0.0,5.5,19.7,12.5,2.03,10.1,63,100,20,11.3
1998-03-25,0.9,8.0,16.3,10.6,2.32,9.4,75,96,49,4.8
1998-03-26,0.0,4.5,17.9,10.5,1.9,9.6,76,98,49,11.9
1998-03-27,0.0,4.5,19.7,12.0,1.61,8.5,69,93,43,11.8
1998-03-28,0.0,8.3,18.8,13.1,1.92,9.3,65,88,42,8.8
1998-03-29,0.6,9.1,13.9,11.5,0.77,5.2,73,87,63,3.7
1998-03-30,6.7,8.5,18.8,13.0,1.65,7.6,75,97,47,11.4
1998-03-31,0.1,9.6,20.4,14.2,1.62,8.6,67,95,37,10.2
1998-04-01,0.0,7.7,19.6,13.4,1.58,7.0,62,89,34,12.1
1998-04-02,0.0,5.2,21.9,13.5,1.4,5.6,60,88,32,12.1
1998-04-03,0.0,7.6,24.2,15.7,1.69,7.7,56,87,25,12.2
1998-04-04,0.0,10.3,19.4,14.6,3.65,14.3,58,75,44,12.0
1998-04-05,0.0,8.5,17.9,12.7,3.37,14.7,59,77,36,12.0
1998-04-06,0.0,7.5,20.7,13.5,1.64,9.0,63,91,31,9.6
1998-04-07,0.0,9.5,18.5,13.9,3.0,12.4,63,73,52,12.0
1998-04-08,0.0,9.4,16.3,12.9,2.77,10.0,49,77,23,10.7
1998-04-09,0.0,3.9,15.0,10.0,3.79,15.1,51,76,31,12.1
1998-04-10,0.0,4.4,12.2,8.3,4.97,17.7,54,77,33,12.3
1998-04-11,0.6,3.8,10.4,7.0,4.76,19.7,53,64,39,12.2
1998-04-12,0.0,3.6,13.5,8.2,3.53,11.7,43,60,26,12.4
1998-04-13,0.0,0.6,16.0,8.7,2.02,9.9,47,75,28,12.6
1998-04-14,0.0,1.8,18.4,10.9,2.27,12.6,48,77,30,12.2
1998-04-15,0.0,6.6,15.9,10.9,3.05,14.4,58,81,30,10.3
1998-04-16,0.0,7.9,15.2,11.2,4.46,15.2,58,77,38,12.4
1998-04-17,0.0,8.6,15.2,11.8,4.93,16.7,54,73,34,12.7
1998-04-18,0.0,4.7,17.7,11.2,2.45,9.2,49,83,25,12.8
1998-04-19,0.0,6.1,20.5,13.1,1.8,10.0,49,77,27,12.4
1998-04-20,0.0,5.8,20.7,13.6,1.69,9.4,57,85,31,12.7
1998-04-21,0.0,7.9,21.2,14.7,2.03,10.6,52,85,27,12.9
1998-04-22,2.4,6.1,19.6,13.2,1.19,7.2,63,93,37,9.9
1998-04-23,0.0,10.5,21.0,15.1,3.8,13.0,59,91,30,13.1
1998-04-24,0.0,9.0,24.5,17.3,1.81,6.3,52,81,31,13.2
1998-04-25,0.0,9.3,26.2,18.0,1.84,10.5,56,87,32,13.2
1998-04-26,0.0,10.5,24.4,16.7,3.33,19.7,52,83,24,12.5
1998-04-27,0.0,9.0,16.6,12.9,4.52,13.8,41,62,26,12.8
1998-04-28,0.0,7.6,17.6,12.8,3.23,11.5,55,78,41,12.3
1998-04-29,0.0,10.7,18.3,13.8,4.63,19.1,63,85,42,13.4
1998-04-30,0.0,8.1,16.0,11.9,3.84,12.9,51,71,29,13.5
1998-05-01,0.5,5.6,15.6,10.2,2.1,11.2,69,88,44,12.5
1998-05-02,6.1,5.7,14.6,9.6,1.61,8.8,78,98,50,12.5
1998-05-03,0.4,4.3,16.8,10.3,2.72,12.0,71,97,41,13.4
1998-05-04,1.5,6.0,17.2,11.6,3.13,12.0,65,92,42,13.3
1998-05-05,0.0,7.3,18.2,12.6,3.13,11.9,50,67,33,13.8
1998-05-06,0.0,5.3,22.0,13.8,1.86,10.3,57,81,30,13.8
1998-05-07,0.0,8.6,20.7,14.3,2.47,12.9,60,91,30,13.8
1998-05-08,0.0,8.6,21.0,15.1,2.27,11.3,57,73,43,13.0
1998-05-09,0.0,8.8,21.6,16.2,2.09,9.2,61,87,44,13.4
1998-05-10,4.1,11.9,18.8,14.9,1.73,9.2,73,84,66,10.0
1998-05-11,12.6,10.5,16.4,13.8,1.13,7.6,87,97,77,7.1
1998-05-12,7.0,10.8,19.2,14.4,1.33,8.4,83,98,65,11.3
1998-05-13,0.3,7.9,19.6,14.6,1.3,6.8,72,98,48,13.9
1998-05-14,17.1,11.5,14.1,12.7,2.3,10.9,88,95,80,1.4
1998-05-15,0.4,11.0,18.8,14.3,2.0,6.4,74,86,54,6.3
1998-05-16,2.3,8.6,24.5,16.3,1.24,6.7,72,92,41,14.0
1998-05-17,2.0,11.1,23.5,17.5,1.47,7.3,75,93,50,13.9
1998-05-18,0.0,11.5,23.4,17.8,1.79,9.2,71,94,47,14.0
1998-05-19,0.0,12.7,21.9,17.6,1.57,8.6,63,85,42,13.1
1998-05-20,2.4,12.2,19.0,15.4,1.51,7.9,77,89,63,9.4
1998-05-21,0.2,12.3,19.1,15.3,1.55,7.9,81,92,65,12.6
1998-05-22,0.0,10.2,21.2,15.7,1.77,9.5,73,99,48,13.9
1998-05-23,0.5,9.3,22.7,16.4,1.55,8.3,64,87,42,13.6
1998-05-24,9.2,11.4,16.1,14.3,0.94,6.6,88,98,81,6.9
1998-05-25,4.1,10.9,19.2,15.0,1.05,5.6,82,97,61,13.5
1998-05-26,0.1,10.7,21.1,16.1,1.42,6.3,71,94,46,14.0
1998-05-27,4.5,10.9,20.0,15.7,1.38,6.3,75,93,57,13.6
1998-05-28,0.0,12.1,19.2,15.5,3.46,12.2,59,78,41,14.0
1998-05-29,0.6,10.0,19.1,14.8,1.64,7.6,67,87,50,9.3
1998-05-30,0.5,11.2,20.6,15.7,2.25,9.2,68,93,42,9.3
1998-05-31,0.0,7.8,23.5,15.8,1.84,8.3,64,90,37,14.0
1998-06-01,0.0,11.3,27.2,19.4,1.47,8.6,66,90,42,12.8
1998-06-02,1.1,13.2,24.3,19.1,1.24,7.8,74,93,57,13.5
1998-06-03,0.0,13.4,25.2,19.6,2.05,9.6,71,93,47,13.9
1998-06-04,0.0,13.0,27.2,20.5,1.71,8.5,68,92,45,14.0
1998-06-05,14.0,15.3,21.0,18.1,2.53,12.8,81,93,69,9.0
1998-06-06,0.0,15.5,24.4,19.5,3.23,10.2,59,76,41,14.0
1998-06-07,0.1,13.4,24.2,19.2,1.68,7.0,63,86,44,13.6
1998-06-08,0.0,14.9,25.6,20.9,1.55,8.4,61,86,46,14.0
1998-06-09,0.0,13.4,28.4,21.4,1.56,8.2,66,96,38,14.0
1998-06-10,0.2,16.1,29.7,23.1,2.75,12.1,60,86,38,14.0
1998-06-11,0.0,15.2,25.9,20.9,2.21,8.2,47,74,33,14.0
1998-06-12,0.0,11.6,24.2,17.9,2.31,8.2,45,69,25,14.0
1998-06-13,0.0,10.9,26.3,19.0,1.49,8.3,57,84,37,14.0
1998-06-14,0.0,12.4,28.2,20.9,1.25,8.3,57,86,36,14.0
1998-06-15,0.0,15.7,25.4,19.6,2.41,11.8,66,84,45,14.0
1998-06-16,1.1,15.3,21.3,18.0,2.73,10.3,78,96,62,11.4
1998-06-17,0.0,13.6,25.0,19.1,1.89,9.5,70,97,43,14.0
1998-06-18,0.0,12.6,26.8,20.0,1.94,10.2,63,92,38,14.0
1998-06-19,0.0,11.3,27.7,20.1,2.01,10.5,47,79,25,14.0
1998-06-20,0.0,11.0,28.8,20.8,2.0,10.2,41,64,22,14.0
1998-06-21,0.0,13.9,31.6,22.9,1.58,8.0,39,60,19,14.0
1998-06-22,0.0,16.5,32.7,24.8,1.69,9.4,50,78,23,12.2
1998-06-23,0.4,17.7,31.9,24.9,1.71,9.4,58,84,36,12.9
1998-06-24,0.0,15.3,31.2,23.8,1.48,8.3,60,88,32,14.0
1998-06-25,0.0,15.7,30.2,23.5,1.6,8.4,62,87,36,13.3
1998-06-26,0.0,17.1,29.1,23.5,1.73,8.6,68,90,47,13.8
1998-06-27,0.0,16.6,31.5,24.5,1.61,9.0,64,94,37,14.0
1998-06-28,0.0,17.6,31.1,25.0,1.92,8.9,57,88,34,14.0
1998-06-29,0.0,18.6,31.0,24.7,1.74,8.0,57,80,37,14.0
1998-06-30,0.0,17.5,30.6,24.5,2.14,9.5,62,92,39,14.0
1998-07-01,0.0,18.4,30.4,24.2,2.18,12.0,57,91,23,14.0
1998-07-02,0.0,15.6,29.6,23.0,2.19,9.8,51,80,31,14.0
1998-07-03,0.0,14.3,30.0,22.9,2.11,9.5,44,78,27,14.0
1998-07-04,0.0,17.1,29.4,23.3,2.09,10.0,45,69,26,14.0
1998-07-05,0.0,15.0,30.0,23.1,1.91,9.7,50,83,26,14.0
1998-07-06,0.0,15.5,33.0,24.9,2.11,11.6,45,74,20,14.0
1998-07-07,0.0,17.7,29.9,24.1,2.68,10.6,43,71,21,14.0
1998-07-08,0.0,16.8,30.6,23.1,2.05,11.1,46,62,26,14.0
1998-07-09,0.0,15.2,30.1,23.0,1.83,10.5,55,81,31,14.0
1998-07-10,0.0,16.1,30.1,23.6,1.81,8.9,56,89,31,14.0
1998-07-11,0.0,18.3,30.8,24.7,1.9,9.4,50,81,28,13.3
1998-07-12,0.0,16.3,31.1,24.3,1.94,8.9,45,74,25,14.0
1998-07-13,0.0,16.3,36.1,26.8,1.69,8.5,44,75,21,14.0
1998-07-14,0.2,20.5,30.0,24.8,2.44,11.6,55,87,41,13.6
1998-07-15,0.0,18.5,27.4,22.5,2.48,10.5,74,96,52,13.3
1998-07-16,0.0,16.8,32.0,24.2,1.96,10.0,64,97,34,14.0
1998-07-17,0.0,18.0,32.5,25.3,2.05,10.9,48,77,25,14.0
1998-07-18,0.0,17.6,32.5,25.2,2.09,11.6,38,63,19,13.9
1998-07-19,0.0,16.0,34.1,25.6,1.69,8.5,37,64,14,13.9
1998-07-20,0.0,17.1,34.5,26.1,1.69,9.7,51,82,23,13.9
1998-07-21,0.0,18.0,32.9,25.7,1.49,7.9,45,71,22,13.9
1998-07-22,0.0,20.9,31.6,25.9,1.89,10.6,48,63,36,13.9
1998-07-23,0.0,17.6,34.5,26.4,1.7,10.1,55,92,26,13.9
1998-07-24,0.0,18.9,34.0,26.8,2.19,11.5,47,78,25,13.9
1998-07-25,0.0,19.9,32.9,26.3,2.21,11.1,40,65,22,13.9
1998-07-26,0.0,17.6,33.7,26.1,1.87,8.9,48,79,23,13.8
1998-07-27,0.0,18.5,37.2,28.1,1.11,7.0,43,76,14,13.8
1998-07-28,0.0,20.2,33.8,26.4,1.77,10.9,53,86,29,13.6
1998-07-29,0.0,21.0,33.8,26.6,1.84,11.1,61,88,33,13.6
1998-07-30,0.0,18.6,36.6,27.7,1.7,10.2,50,80,20,13.8
1998-07-31,0.0,19.4,34.2,26.7,2.05,11.6,49,71,23,13.7
1998-08-01,0.0,18.2,32.4,25.1,1.97,12.2,56,88,20,13.6
1998-08-02,3.1,17.7,28.8,22.4,2.32,12.4,72,96,37,12.2
1998-08-03,2.4,15.2,26.4,20.0,2.4,8.8,59,95,21,13.4
1998-08-04,0.0,13.9,28.6,21.3,1.65,8.2,56,93,22,13.6
1998-08-05,0.0,14.3,30.2,22.5,1.79,8.8,54,86,29,13.6
1998-08-06,0.0,15.9,30.1,23.1,1.94,10.0,46,71,26,13.6
1998-08-07,0.0,15.6,30.6,23.1,1.89,10.0,49,71,28,13.5
1998-08-08,0.0,15.2,31.0,23.3,1.77,9.2,49,76,24,13.5
1998-08-09,0.0,14.9,32.2,24.0,1.64,8.2,46,79,17,13.5
1998-08-10,0.0,16.2,33.1,24.9,1.8,9.3,44,71,18,13.5
1998-08-11,0.0,16.0,33.2,25.0,1.67,8.7,45,71,21,13.3
1998-08-12,0.0,18.0,32.4,25.1,2.4,12.3,45,74,21,13.2
1998-08-13,0.0,16.6,30.1,23.8,1.8,9.3,49,75,27,12.4
1998-08-14,0.0,16.5,30.7,23.9,1.77,10.0,56,90,27,13.2
1998-08-15,0.2,18.8,28.6,23.9,1.59,10.0,63,95,34,8.1
1998-08-16,1.1,16.7,31.1,24.0,1.63,7.4,64,88,37,13.1
1998-08-17,1.1,19.1,28.5,24.1,1.42,6.9,75,98,51,8.9
1998-08-18,0.0,18.0,31.8,24.6,1.82,8.5,64,90,32,13.0
1998-08-19,1.4,19.5,27.5,23.4,2.14,9.9,76,96,53,12.9
1998-08-20,0.0,17.5,30.0,23.8,1.76,8.6,67,99,35,12.8
1998-08-21,0.0,16.9,31.5,24.5,1.38,7.4,57,94,26,12.8
1998-08-22,0.0,17.6,33.2,25.5,1.36,8.2,48,79,25,12.8
1998-08-23,0.0,18.9,32.7,25.8,1.84,9.7,47,69,28,12.5
1998-08-24,0.0,17.2,33.2,25.5,1.79,9.3,54,86,28,12.7
1998-08-25,0.0,17.5,33.1,25.4,1.91,9.6,52,85,25,12.5
1998-08-26,0.0,18.6,33.6,25.7,1.87,10.1,53,76,26,12.6
1998-08-27,0.0,17.3,32.2,25.2,1.94,9.2,52,87,21,12.5
1998-08-28,0.0,18.2,30.8,24.9,1.72,7.8,49,75,28,12.3
1998-08-29,3.7,19.8,25.7,22.3,1.96,9.2,81,97,66,11.2
1998-08-30,0.0,18.8,29.4,23.4,1.88,9.5,68,99,35,11.4
1998-08-31,0.0,17.3,29.2,23.2,2.13,11.6,60,75,43,11.5
1998-09-01,0.0,17.0,32.7,25.0,1.4,7.0,62,90,32,12.1
1998-09-02,1.7,18.6,32.2,25.4,1.08,7.5,66,94,38,10.9
1998-09-03,0.0,18.1,32.5,25.0,1.89,10.0,55,80,28,12.1
1998-09-04,0.0,16.9,33.4,25.0,1.89,8.6,48,77,19,12.0
1998-09-05,0.0,16.9,31.2,24.0,2.11,11.1,48,73,26,12.0
1998-09-06,0.0,16.2,32.9,24.3,1.44,8.9,56,87,23,12.0
1998-09-07,0.0,18.3,27.6,23.3,3.19,12.6,41,59,25,11.3
1998-09-08,0.0,14.2,29.4,22.1,1.7,7.6,41,68,19,12.0
1998-09-09,0.0,14.2,30.6,22.4,1.61,8.2,57,88,26,12.0
1998-09-10,0.0,15.0,32.8,23.9,1.53,9.2,58,92,23,11.8
1998-09-11,0.0,17.1,29.4,23.7,2.42,12.9,44,75,17,12.0
1998-09-12,0.0,18.8,26.1,22.1,3.53,11.4,43,60,28,11.7
1998-09-13,0.0,16.1,29.6,23.0,3.17,12.8,43,65,25,12.0
1998-09-14,0.0,15.9,29.5,23.0,2.15,10.7,45,75,23,12.0
1998-09-15,0.1,16.0,26.1,21.0,1.93,10.8,52,79,38,12.0
1998-09-16,0.0,14.0,29.1,21.4,1.66,9.3,66,98,33,12.0
1998-09-17,0.0,15.6,28.2,22.0,2.01,10.2,54,81,28,12.0
1998-09-18,4.6,16.8,19.5,18.2,1.59,7.4,85,95,70,0.2
1998-09-19,0.6,15.6,23.4,18.8,3.01,13.0,76,97,48,10.4
1998-09-20,0.2,15.3,23.1,18.8,2.77,11.5,73,97,50,11.8
1998-09-21,2.0,14.7,20.3,16.9,2.12,11.2,76,94,52,5.2
1998-09-22,0.0,14.1,20.8,17.2,1.66,7.9,71,85,51,10.9
1998-09-23,4.3,14.1,19.0,16.4,1.06,6.9,88,98,75,9.0
1998-09-24,0.3,11.3,22.8,16.9,1.74,8.1,80,99,46,11.9
1998-09-25,0.0,13.9,25.1,18.6,1.58,9.3,77,99,44,9.4
1998-09-26,2.9,16.0,20.6,18.0,1.74,11.3,67,90,45,8.9
1998-09-27,0.0,13.8,22.3,18.0,2.38,10.3,63,83,45,10.6
1998-09-28,0.2,15.3,22.9,18.8,1.19,8.8,73,86,49,5.4
1998-09-29,0.0,16.2,26.7,20.7,1.91,8.1,70,94,42,11.7
1998-09-30,0.0,15.6,20.8,18.3,3.21,11.3,56,76,36,11.4
1998-10-01,0.0,11.9,19.2,15.5,3.3,12.1,52,73,34,11.6
1998-10-02,0.0,10.0,21.2,15.3,2.58,9.7,50,73,31,11.6
1998-10-03,0.0,8.0,23.4,15.6,1.52,6.3,55,84,28,11.6
1998-10-04,0.2,11.9,25.3,17.6,2.77,16.2,62,74,38,11.4
1998-10-05,0.0,12.1,18.6,15.0,3.42,13.9,62,76,41,10.6
1998-10-06,0.0,7.8,18.6,13.5,2.82,10.4,57,85,32,11.1
1998-10-07,0.0,10.6,18.3,14.1,3.9,13.0,51,69,30,11.0
1998-10-08,0.0,9.0,16.1,12.8,3.88,13.9,49,65,37,10.8
1998-10-09,0.2,6.0,15.3,11.4,2.56,9.4,58,82,43,10.7
1998-10-10,0.0,5.2,19.7,12.6,1.42,6.9,59,91,28,10.9
1998-10-11,0.0,8.5,20.9,14.2,1.79,8.3,56,77,34,10.8
1998-10-12,0.0,9.1,24.9,16.5,2.9,10.6,58,75,39,11.0
1998-10-13,0.0,11.4,22.9,17.3,2.12,8.5,64,90,36,10.9
1998-10-14,0.0,12.5,22.0,16.8,1.44,7.7,74,99,44,10.8
1998-10-15,0.0,8.4,22.8,15.6,1.44,7.5,57,91,21,10.7
1998-10-16,0.0,9.2,24.3,16.5,1.21,6.3,58,81,31,9.7
1998-10-17,0.0,9.5,26.8,17.6,0.8,5.6,57,87,22,10.7
1998-10-18,0.0,9.9,25.4,17.4,1.49,5.9,55,86,24,10.6
1998-10-19,0.0,12.0,17.4,15.0,4.48,15.8,50,67,27,10.6
1998-10-20,0.0,6.6,19.1,13.1,2.25,10.2,42,75,19,10.6
1998-10-21,0.0,5.6,20.4,12.7,1.62,7.7,51,75,24,10.6
1998-10-22,0.0,5.9,19.9,12.8,1.19,6.6,61,87,33,10.3
1998-10-23,0.0,6.1,24.0,14.7,1.07,5.1,52,84,23,10.4
1998-10-24,0.0,8.4,25.7,16.0,1.41,4.9,44,62,23,10.3
1998-10-25,0.0,12.2,26.4,18.3,2.83,10.8,51,75,27,10.2
1998-10-26,0.2,15.8,20.5,18.1,2.18,9.0,68,79,56,4.3
1998-10-27,0.0,7.4,21.0,14.2,1.56,7.2,59,81,37,10.2
1998-10-28,0.0,7.0,24.0,14.7,1.15,4.6,59,91,23,10.2
1998-10-29,0.0,7.4,26.3,16.4,1.22,5.8,47,79,19,10.2
1998-10-30,0.0,11.8,21.8,17.0,1.35,6.3,51,86,31,10.1
1998-10-31,0.0,8.9,24.4,15.7,0.95,5.0,63,95,27,10.0
1998-11-01,0.0,9.8,23.3,15.6,2.16,8.7,57,85,25,10.0
1998-11-02,0.0,9.8,22.9,15.6,1.88,7.0,61,75,42,9.6
1998-11-03,0.0,11.3,21.1,15.4,2.06,7.5,68,87,43,8.6
1998-11-04,0.0,11.2,21.6,16.0,2.8,12.7,60,82,36,10.0
1998-11-05,21.1,10.3,14.4,11.8,1.3,6.9,94,98,74,0.0
1998-11-06,11.8,10.1,10.9,10.5,1.43,6.2,95,96,93,0.0
1998-11-07,0.2,10.1,13.7,11.7,1.31,7.7,86,97,72,4.2
1998-11-08,0.0,7.5,15.6,11.0,1.21,6.1,83,98,61,9.7
1998-11-09,0.0,5.7,19.4,11.9,0.93,3.7,81,97,57,9.9
1998-11-10,0.0,8.0,21.5,13.7,1.95,8.2,75,94,48,9.9
1998-11-11,0.0,10.4,19.5,14.3,2.11,9.0,75,93,49,9.9
1998-11-12,0.0,10.9,19.6,14.5,2.03,9.5,74,90,46,9.9
1998-11-13,0.0,7.9,20.0,13.1,2.32,9.9,71,93,36,9.9
1998-11-14,0.0,12.2,19.5,15.7,1.86,8.6,71,88,51,9.9
1998-11-15,0.0,8.6,16.1,11.9,1.74,7.6,85,96,62,6.0
1998-11-16,0.0,10.9,15.1,12.4,1.38,5.5,87,96,71,1.3
1998-11-17,0.0,7.6,16.7,11.5,1.22,6.7,84,97,57,8.0
1998-11-18,0.0,8.5,15.1,11.1,1.91,9.5,73,96,45,9.8
1998-11-19,0.0,3.2,12.1,8.0,1.83,8.0,54,76,30,9.4
1998-11-20,0.0,-0.1,12.0,6.1,1.37,6.3,52,78,28,9.8
1998-11-21,0.0,0.5,12.0,6.3,1.12,4.4,59,78,42,9.8
1998-11-22,0.0,2.1,12.6,6.4,0.88,4.1,62,86,31,9.8
1998-11-23,0.5,-0.9,11.9,4.9,1.35,6.1,65,80,40,9.6
1998-11-24,0.0,-0.4,10.7,5.3,2.27,9.0,62,88,32,9.7
1998-11-25,0.0,2.0,16.1,8.2,2.57,8.7,63,81,47,9.3
1998-11-26,0.0,5.5,12.6,9.0,4.46,14.5,57,69,45,9.7
1998-11-27,0.0,3.2,13.5,8.2,2.75,9.2,62,85,42,9.6
1998-11-28,0.0,6.7,16.9,10.5,3.15,10.3,65,85,41,9.6
1998-11-29,0.0,4.6,11.7,7.7,3.65,14.7,65,87,39,9.5
1998-11-30,0.0,2.9,9.0,5.5,4.09,13.3,54,67,35,9.6
1998-12-01,0.0,-1.0,7.3,2.8,2.09,7.0,66,94,44,9.6
1998-12-02,28.4,1.9,4.5,3.5,2.58,10.5,98,99,94,0.0
1998-12-03,0.5,2.2,5.6,3.4,2.95,11.2,86,99,71,4.3
1998-12-04,0.0,1.7,7.4,4.3,2.89,9.5,78,88,66,9.1
1998-12-05,0.0,-0.9,8.6,3.3,2.93,11.2,70,83,51,9.5
1998-12-06,0.0,-0.3,10.4,3.9,2.13,7.5,66,79,42,9.5
1998-12-07,0.0,-1.6,10.8,3.7,1.37,4.7,66,82,44,9.5
1998-12-08,0.0,-1.3,11.9,3.9,1.13,3.6,69,84,44,9.4
1998-12-09,0.0,-0.8,14.8,5.1,1.23,4.2,66,82,37,9.4
1998-12-10,0.0,-0.2,15.6,6.0,1.57,4.5,63,78,35,9.4
1998-12-11,0.0,4.3,15.0,9.5,2.58,10.1,73,86,64,8.0
1998-12-12,0.0,7.9,16.4,11.7,2.35,8.0,80,91,58,9.4
1998-12-13,0.0,3.8,17.0,9.3,1.27,3.9,80,96,51,9.4
1998-12-14,0.0,2.8,17.0,8.8,1.1,4.6,76,97,47,9.4
1998-12-15,0.0,2.2,17.3,8.5,1.12,3.6,64,87,35,9.4
1998-12-16,0.0,1.6,15.7,7.5,1.13,5.2,69,86,42,9.4
1998-12-17,0.0,1.5,16.6,7.5,0.92,3.7,66,91,35,9.4
1998-12-18,0.0,2.3,15.6,7.6,0.99,3.4,70,91,46,9.4
1998-12-19,0.0,1.0,16.3,7.3,1.21,4.2,71,94,39,9.4
1998-12-20,0.0,2.6,13.9,7.5,3.14,11.7,70,90,44,9.4
1998-12-21,0.0,2.4,9.6,6.2,4.62,16.0,52,76,33,9.4
1998-12-22,0.0,-1.9,11.6,3.6,1.47,6.9,70,91,49,9.4
1998-12-23,0.0,-1.0,8.3,3.8,0.92,5.2,84,93,75,5.1
1998-12-24,0.0,0.1,11.1,4.6,1.7,7.4,76,97,47,9.1
1998-12-25,0.0,-1.9,9.5,3.2,1.51,5.1,68,88,39,9.4
1998-12-26,0.0,-2.5,11.3,3.1,1.14,4.3,63,83,32,9.4
1998-12-27,0.0,-1.8,11.7,3.5,1.31,5.7,69,88,48,9.3
1998-12-28,0.0,-1.3,11.9,4.2,1.16,4.5,73,94,46,9.2
1998-12-29,0.0,-1.3,10.7,4.2,1.37,6.7,84,100,64,8.8
1998-12-30,3.5,4.1,12.8,8.1,1.29,8.3,89,100,60,6.1
1998-12-31,0.3,0.6,10.2,5.1,2.85,13.8,74,92,38,9.4
1999-01-01,0.0,0.3,7.6,4.4,2.97,13.4,71,92,47,9.3
1999-01-02,0.0,1.7,12.2,6.5,2.36,8.8,62,81,39,8.5
1999-01-03,0.0,2.5,15.0,7.4,1.54,5.3,72,92,40,9.4
1999-01-04,0.0,0.7,17.6,7.8,1.26,4.3,61,80,31,9.4
1999-01-05,0.0,0.5,16.4,7.3,1.31,6.0,62,79,32,9.4
1999-01-06,0.0,4.0,14.3,8.4,1.09,5.6,63,95,48,9.4
1999-01-07,0.0,0.9,18.4,7.3,1.71,5.9,68,96,29,9.4
1999-01-08,0.0,3.5,18.0,8.7,2.27,7.6,51,75,30,9.5
1999-01-09,0.0,5.2,14.6,9.0,2.12,7.1,69,87,49,5.2
1999-01-10,0.0,3.7,8.2,5.4,5.4,18.2,57,67,40,9.4
1999-01-11,0.0,-1.4,8.8,3.5,1.53,7.6,67,88,43,7.6
1999-01-12,5.3,2.1,4.4,3.2,1.3,5.6,78,92,63,0.0
1999-01-13,0.0,-0.4,12.3,4.9,1.72,5.6,78,95,48,9.5
1999-01-14,0.0,1.1,10.9,5.2,1.39,6.8,70,87,58,9.5
1999-01-15,0.0,2.6,9.2,5.7,1.76,6.5,87,97,72,4.2
1999-01-16,0.0,-1.2,13.5,4.9,1.21,4.6,79,97,48,9.6
1999-01-17,1.4,2.8,10.3,5.6,1.71,9.9,82,95,63,9.4
1999-01-18,0.0,2.6,8.8,4.9,5.22,15.9,63,76,44,9.5
1999-01-19,0.0,-0.6,11.7,5.2,1.99,8.7,54,77,29,9.6
1999-01-20,0.0,-1.8,12.5,4.3,1.34,5.9,67,85,43,9.6
1999-01-21,0.0,0.7,9.3,4.8,2.1,9.2,90,99,70,0.4
1999-01-22,12.0,4.8,9.6,6.6,2.41,13.6,97,100,88,2.4
1999-01-23,2.1,3.6,9.6,6.1,1.12,6.3,91,99,70,8.4
1999-01-24,0.0,0.6,12.6,5.9,1.94,7.7,78,95,50,9.6
1999-01-25,0.0,-0.7,13.4,5.7,1.21,4.1,75,93,46,9.6
1999-01-26,0.0,0.4,15.3,6.6,1.95,8.2,70,92,37,9.6
1999-01-27,0.0,4.9,12.4,8.2,3.34,12.0,73,87,58,9.7
1999-01-28,0.0,5.8,15.1,9.5,3.74,10.9,69,85,47,9.7
1999-01-29,0.0,8.8,14.9,11.0,4.69,14.1,57,65,49,9.8
1999-01-30,0.0,3.1,13.4,8.3,2.5,8.2,68,91,41,9.8
1999-01-31,3.9,1.0,7.8,4.9,1.8,9.6,74,95,56,7.7
1999-02-01,0.0,-3.2,6.5,1.9,1.19,6.0,69,93,38,9.9
1999-02-02,0.0,-3.2,7.0,1.3,1.79,7.9,50,70,32,10.0
1999-02-03,0.0,-2.5,11.1,3.1,1.48,7.5,51,71,36,10.0
1999-02-04,0.0,-1.5,14.7,5.3,1.23,4.4,65,84,37,10.1
1999-02-05,0.0,1.1,18.7,8.4,2.42,9.6,59,85,29,10.1
1999-02-06,0.0,5.8,17.2,10.8,3.47,11.1,41,57,23,10.2
1999-02-07,0.0,2.4,14.0,7.7,2.57,10.0,63,79,48,10.2
1999-02-08,0.0,3.8,13.2,8.0,2.71,9.9,64,86,37,10.4
1999-02-09,0.0,1.0,13.5,6.3,3.09,13.7,68,87,38,9.8
1999-02-10,0.2,1.9,8.0,5.4,4.63,14.4,53,79,28,10.4
1999-02-11,0.0,1.0,9.5,4.6,3.45,12.5,46,62,34,10.4
1999-02-12,0.0,0.1,10.4,4.6,3.0,11.1,56,74,34,10.5
1999-02-13,0.0,-0.0,8.2,4.1,2.1,7.7,51,76,24,9.9
1999-02-14,0.9,-1.0,5.7,1.9,2.31,10.3,72,95,47,7.8
1999-02-15,0.0,-2.7,9.5,2.9,1.46,5.5,52,75,26,10.6
1999-02-16,0.0,-2.1,11.7,4.1,1.22,6.0,53,70,34,10.7
1999-02-17,0.0,0.9,13.6,6.6,2.95,12.0,62,83,40,10.7
1999-02-18,0.0,-0.4,15.6,7.5,1.61,6.4,62,89,34,10.7
1999-02-19,0.0,0.4,16.9,8.5,1.83,6.2,62,89,32,10.8
1999-02-20,0.0,2.7,20.1,10.4,2.16,7.5,55,82,24,10.8
1999-02-21,0.0,4.1,18.6,11.3,3.22,10.7,55,78,35,10.8
1999-02-22,0.0,6.6,19.2,12.5,3.34,12.5,59,82,36,10.8
1999-02-23,0.0,5.6,18.4,12.0,2.75,10.9,58,83,34,10.8
1999-02-24,0.0,3.4,19.4,10.9,2.27,12.6,61,89,32,10.8
1999-02-25,6.9,7.3,11.2,9.5,2.11,10.5,84,98,60,5.4
1999-02-26,3.1,6.6,13.4,9.5,3.77,14.6,83,99,57,10.3
1999-02-27,27.6,6.5,9.2,7.6,1.69,10.9,96,99,88,0.9
1999-02-28,12.3,6.7,9.6,7.6,3.52,14.7,94,98,88,0.1
1999-03-01,0.0,6.0,15.4,9.6,2.54,8.9,74,94,40,10.9
1999-03-02,0.0,1.3,16.5,8.7,1.22,5.5,70,93,34,10.9
1999-03-03,0.0,3.2,17.0,9.6,2.02,10.3,66,93,39,11.0
1999-03-04,0.0,6.2,10.2,8.1,4.72,17.9,60,75,47,11.0
1999-03-05,0.0,3.3,10.7,6.8,3.62,14.4,54,69,36,11.1
1999-03-06,0.0,1.6,11.2,6.2,3.21,11.6,60,87,37,11.1
1999-03-07,0.0,-0.3,14.2,6.4,1.68,6.4,62,84,35,11.1
1999-03-08,0.0,-0.1,16.2,7.6,1.65,7.8,67,88,37,11.0
1999-03-09,0.0,1.8,20.2,10.2,1.62,8.8,70,92,39,11.0
1999-03-10,0.0,5.0,18.8,11.7,1.45,9.2,75,94,49,11.0
1999-03-11,1.0,5.2,16.2,10.5,1.87,11.9,82,99,59,10.1
1999-03-12,10.7,7.9,13.4,10.0,1.76,8.1,86,99,57,6.7
1999-03-13,3.1,6.7,15.0,10.3,1.24,6.8,79,100,52,8.6
1999-03-14,17.1,8.1,10.2,9.2,1.93,5.9,96,99,84,0.0
1999-03-15,13.1,8.6,13.0,10.0,1.84,7.0,95,99,88,5.3
1999-03-16,0.6,6.1,15.2,10.5,2.99,12.3,73,97,49,11.2
1999-03-17,0.0,4.5,16.9,10.7,2.42,9.8,67,87,44,11.7
1999-03-18,0.0,6.4,16.9,11.2,1.34,6.9,72,92,46,11.7
1999-03-19,0.0,3.1,19.7,11.6,1.8,5.7,55,80,35,11.7
1999-03-20,0.0,4.7,17.8,11.3,1.66,10.3,66,94,45,11.7
1999-03-21,0.3,4.7,17.7,10.9,1.42,8.0,82,99,57,11.8
1999-03-22,0.0,6.4,19.7,12.2,1.85,7.6,69,93,34,11.8
1999-03-23,0.0,4.7,14.6,9.5,2.12,10.6,80,100,54,11.5
1999-03-24,12.3,5.6,14.6,8.9,1.69,8.7,85,96,59,4.1
1999-03-25,1.8,7.0,16.9,11.1,2.89,10.9,71,92,45,11.9
1999-03-26,0.0,5.1,12.0,8.6,4.31,15.6,55,81,32,11.9
1999-03-27,0.1,6.4,11.2,8.4,5.24,19.8,57,74,49,11.9
1999-03-28,0.3,5.0,12.8,8.4,5.39,19.1,58,81,33,12.0
1999-03-29,0.0,3.8,18.6,11.0,2.62,9.9,52,72,38,12.0
1999-03-30,0.0,3.4,21.0,12.1,1.14,8.6,65,93,31,12.0
1999-03-31,0.0,5.9,20.3,13.1,2.07,10.3,62,88,36,12.0
1999-04-01,0.0,4.9,19.7,12.6,1.17,7.5,59,83,35,12.0
1999-04-02,0.0,5.6,20.6,13.1,1.26,5.8,60,87,32,12.0
1999-04-03,0.0,5.9,22.4,14.2,1.81,7.1,55,79,32,12.2
1999-04-04,0.0,7.7,22.3,15.1,1.8,8.0,59,84,36,12.2
1999-04-05,0.0,7.5,22.5,15.1,1.68,8.3,58,79,37,12.2
1999-04-06,0.0,6.1,22.9,15.0,1.61,8.4,52,81,25,12.3
1999-04-07,0.0,6.3,25.8,16.2,1.39,8.0,46,73,23,10.8
1999-04-08,0.0,6.7,20.0,14.3,3.3,13.3,46,74,29,12.3
1999-04-09,0.0,5.4,18.5,12.0,2.19,11.0,50,80,29,12.4
1999-04-10,0.0,3.9,21.8,13.3,1.31,5.9,59,96,24,12.5
1999-04-11,0.0,7.1,23.3,15.1,1.67,7.2,45,67,24,12.4
1999-04-12,0.0,6.2,24.2,15.8,1.45,7.4,42,74,18,12.5
1999-04-13,0.0,9.0,22.6,15.3,2.4,13.1,49,79,29,12.5
1999-04-14,0.0,6.9,22.2,14.2,2.01,11.0,64,96,28,12.5
1999-04-15,0.0,8.5,16.7,11.8,3.54,15.4,57,84,33,12.2
1999-04-16,0.0,1.7,14.6,8.9,3.84,16.8,42,68,24,12.8
1999-04-17,0.0,8.3,15.2,11.4,4.36,16.7,52,73,27,12.7
1999-04-18,0.0,2.8,19.4,11.2,1.74,9.0,44,74,26,12.9
1999-04-19,0.0,4.1,22.3,13.6,1.52,8.4,48,82,25,12.9
1999-04-20,0.0,8.5,25.3,16.6,1.99,10.5,44,67,22,11.1
1999-04-21,0.0,12.8,21.8,17.5,3.26,14.4,47,64,37,12.1
1999-04-22,0.0,9.9,22.8,16.6,2.18,9.1,49,82,22,13.1
1999-04-23,0.0,9.4,21.0,15.5,3.42,14.0,43,65,28,12.3
1999-04-24,0.0,7.2,23.2,14.8,1.93,11.2,46,72,22,13.2
1999-04-25,0.0,6.8,25.7,16.8,1.62,8.6,44,76,20,13.3
1999-04-26,0.0,10.0,19.2,15.3,3.08,10.3,46,81,24,13.0
1999-04-27,0.0,8.7,18.1,12.9,2.24,11.3,51,69,31,11.0
1999-04-28,7.2,8.9,15.6,11.5,2.15,10.6,79,98,53,7.2
1999-04-29,0.2,5.5,19.5,12.5,1.4,8.7,65,89,37,13.4
1999-04-30,2.5,6.9,19.9,13.4,1.94,9.7,66,94,40,12.7
1999-05-01,1.3,8.9,20.5,14.2,2.18,10.3,60,81,38,10.5
1999-05-02,1.4,7.3,17.3,12.9,1.31,6.4,73,95,52,9.7
1999-05-03,1.3,8.9,19.2,14.0,3.33,12.1,68,91,44,12.8
1999-05-04,0.0,12.2,20.7,16.2,4.31,13.0,57,77,39,13.7
1999-05-05,0.1,12.0,23.3,17.9,1.73,9.1,58,82,41,13.5
1999-05-06,1.0,11.2,25.8,18.5,1.44,8.2,64,91,35,13.6
1999-05-07,2.1,13.6,26.4,19.3,1.18,10.6,65,90,34,12.4
1999-05-08,0.0,13.4,25.4,19.0,1.89,10.4,60,90,29,12.1
1999-05-09,0.0,11.6,25.5,18.7,2.08,9.6,58,85,36,12.9
1999-05-10,0.0,11.9,29.0,20.7,1.61,9.3,57,88,31,13.3
1999-05-11,0.0,12.4,32.8,23.0,1.57,9.6,52,88,23,13.9
1999-05-12,0.0,14.2,34.3,24.8,1.56,9.6,46,78,19,13.9
1999-05-13,0.0,15.5,32.2,24.9,1.08,8.1,43,76,23,13.1
1999-05-14,0.2,15.9,31.0,24.0,2.0,9.1,35,58,20,14.0
1999-05-15,0.0,14.8,28.1,22.0,1.98,8.4,42,76,22,14.0
1999-05-16,0.2,14.5,25.8,19.8,2.3,13.1,49,80,27,14.0
1999-05-17,0.0,11.7,21.9,16.6,3.53,12.0,41,61,21,14.0
1999-05-18,0.0,9.9,18.8,14.6,3.54,14.4,50,79,29,14.0
1999-05-19,0.0,8.8,18.5,13.9,3.43,14.2,48,76,28,13.8
1999-05-20,0.0,7.4,23.1,15.8,1.95,7.9,42,73,25,14.0
1999-05-21,0.0,8.8,24.6,17.3,2.45,10.3,41,72,22,14.0
1999-05-22,0.0,9.5,25.1,17.7,2.03,8.2,46,77,23,14.0
1999-05-23,0.0,11.6,25.8,18.9,2.18,10.4,44,71,23,14.0
1999-05-24,0.0,13.3,26.0,19.1,2.14,10.4,45,61,27,14.0
1999-05-25,0.0,10.6,27.9,19.8,2.01,10.4,47,80,21,13.7
1999-05-26,0.0,12.3,27.8,20.7,2.13,11.5,39,71,18,13.1
1999-05-27,1.7,14.8,29.8,21.7,1.82,11.3,44,59,28,11.2
1999-05-28,0.0,15.4,29.4,21.5,1.83,10.7,54,73,30,12.6
1999-05-29,0.0,15.9,28.1,21.6,1.77,10.8,64,87,39,11.2
1999-05-30,0.0,16.7,29.2,22.6,2.05,13.7,59,85,35,9.5
1999-05-31,0.0,17.2,30.5,23.4,1.92,13.0,54,83,31,7.7
1999-06-01,0.0,18.2,30.7,24.3,2.27,13.7,46,68,30,11.3
1999-06-02,0.5,17.2,30.3,23.6,1.74,8.2,49,81,23,14.0
1999-06-03,0.0,14.1,32.1,23.6,1.48,8.8,38,66,16,13.8
1999-06-04,0.0,13.6,30.0,21.9,2.56,12.2,41,66,22,14.0
1999-06-05,0.0,13.4,31.0,22.7,1.44,8.0,48,88,16,14.0
1999-06-06,0.0,15.3,27.9,22.1,2.58,11.1,43,72,25,14.0
1999-06-07,0.5,15.1,26.7,20.1,2.11,11.1,67,96,31,14.0
1999-06-08,1.5,14.3,21.8,18.3,2.79,12.1,75,97,56,12.4
1999-06-09,1.6,14.5,21.5,17.9,2.0,8.7,70,96,46,10.8
1999-06-10,0.0,11.9,25.3,18.8,1.92,10.7,63,92,37,14.0
1999-06-11,0.0,12.8,26.5,19.9,1.99,10.4,57,87,35,13.3
1999-06-12,0.0,13.3,26.9,20.8,2.06,9.6,49,82,26,13.2
1999-06-13,0.0,13.8,27.4,21.1,2.43,12.5,44,71,24,14.0
1999-06-14,0.6,12.7,25.4,20.0,1.89,8.9,53,79,34,14.0
1999-06-15,0.0,13.4,29.7,21.8,2.07,9.8,57,89,30,14.0
1999-06-16,0.0,15.6,30.3,23.0,1.71,10.2,54,86,29,13.4
1999-06-17,0.0,14.8,32.1,23.5,2.72,13.5,46,77,20,14.0
1999-06-18,0.0,16.0,25.9,21.0,2.27,9.4,49,73,31,14.0
1999-06-19,0.0,13.6,30.7,22.4,1.78,10.8,45,78,21,14.0
1999-06-20,0.0,17.3,31.2,23.5,1.86,11.0,44,61,25,14.0
1999-06-21,0.0,14.9,34.4,25.5,1.18,9.4,43,78,17,14.0
1999-06-22,0.0,17.2,27.6,22.1,2.58,11.2,57,80,42,14.0
1999-06-23,0.0,16.3,29.5,22.2,1.97,9.7,53,79,29,14.0
1999-06-24,0.0,15.3,29.2,22.5,2.04,9.7,50,82,27,14.0
1999-06-25,0.0,14.5,30.4,22.8,1.88,9.7,48,82,26,14.0
1999-06-26,0.0,15.3,32.5,24.4,1.4,9.6,48,86,20,14.0
1999-06-27,0.0,16.6,31.8,24.8,2.06,11.3,32,59,16,14.0
1999-06-28,0.1,15.4,28.7,23.1,2.47,10.4,42,73,27,13.8
1999-06-29,0.0,15.4,32.3,24.0,1.68,10.8,61,95,26,14.0
1999-06-30,0.0,16.7,32.1,25.0,2.3,10.9,51,89,24,14.0
1999-07-01,0.0,17.4,33.2,25.4,2.4,11.8,37,59,19,13.3
1999-07-02,0.3,17.8,37.4,28.2,1.47,11.3,34,65,14,14.0
1999-07-03,0.0,22.0,38.8,30.5,2.03,10.5,25,43,9,14.0
1999-07-04,0.0,20.2,36.8,28.8,1.22,9.7,24,40,10,14.0
1999-07-05,0.0,20.5,32.7,26.7,2.12,8.1,35,65,21,13.9
1999-07-06,0.0,18.2,32.8,25.2,2.31,12.9,41,71,22,14.0
1999-07-07,0.0,19.0,29.1,23.5,2.54,9.9,65,95,38,13.6
1999-07-08,0.0,17.4,32.5,24.5,2.05,10.8,54,83,29,14.0
1999-07-09,0.0,16.7,34.3,25.2,2.05,11.2,52,84,23,14.0
1999-07-10,0.4,18.1,32.8,25.2,1.8,10.4,57,84,33,14.0
1999-07-11,0.0,18.9,30.8,24.3,2.14,10.1,64,90,38,14.0
1999-07-12,3.3,18.2,30.0,23.6,1.43,10.1,60,92,30,13.9
1999-07-13,0.0,17.6,27.9,23.6,1.73,8.3,47,71,36,14.0
1999-07-14,0.0,16.9,32.3,25.0,1.84,9.9,46,75,23,14.0
1999-07-15,0.0,17.8,33.0,25.5,2.04,9.8,46,75,23,14.0
1999-07-16,0.0,17.7,32.7,25.3,2.39,10.9,47,71,26,14.0
1999-07-17,0.0,18.6,33.7,26.1,1.95,11.0,53,80,29,14.0
1999-07-18,0.0,19.0,30.5,24.7,2.08,10.5,64,88,38,14.0
1999-07-19,0.0,18.5,30.0,23.7,1.7,10.0,68,97,33,13.9
1999-07-20,0.0,18.3,30.8,24.5,2.02,10.4,60,90,32,13.9
1999-07-21,0.0,17.1,33.0,25.6,2.12,10.9,47,82,22,13.9
1999-07-22,0.0,17.2,33.8,26.0,1.92,10.0,36,53,20,13.9
1999-07-23,0.0,20.8,31.5,25.4,2.39,10.4,54,81,36,13.9
1999-07-24,0.0,19.2,30.7,24.5,2.5,10.0,67,93,42,13.5
1999-07-25,0.0,18.2,30.7,24.5,2.08,9.8,56,86,33,13.9
1999-07-26,0.0,18.2,30.6,24.0,2.18,11.0,51,80,27,13.4
1999-07-27,3.6,17.9,25.5,21.8,1.85,12.1,58,79,32,13.6
1999-07-28,0.0,16.3,31.4,23.8,2.04,11.6,45,72,22,13.8
1999-07-29,0.0,16.8,32.2,25.0,1.91,11.4,43,74,26,13.8
1999-07-30,0.0,17.6,32.4,24.9,2.28,11.1,41,67,21,13.7
1999-07-31,0.5,17.6,30.6,23.7,2.29,11.2,58,79,32,13.7
1999-08-01,0.0,18.4,30.3,23.7,2.02,10.8,69,97,38,13.2
1999-08-02,0.0,17.5,32.9,24.9,1.87,10.2,62,94,31,13.6
1999-08-03,0.2,17.7,30.7,24.4,1.81,9.7,62,79,40,13.0
1999-08-04,0.0,18.8,33.9,26.2,1.08,7.5,57,93,26,13.4
1999-08-05,0.0,19.7,35.0,27.1,1.81,10.7,47,75,26,13.4
1999-08-06,0.0,19.0,34.8,27.5,1.45,7.7,45,78,18,13.5
1999-08-07,0.0,19.1,35.3,27.3,2.02,9.5,38,69,18,13.4
1999-08-08,0.0,20.2,33.8,26.5,2.49,11.2,43,71,25,13.4
1999-08-09,0.1,18.2,32.6,25.4,1.52,8.9,36,56,25,13.1
1999-08-10,0.0,17.6,31.7,24.9,2.33,10.7,35,56,21,13.4
1999-08-11,0.0,18.2,31.0,24.1,2.11,12.2,53,83,30,13.3
1999-08-12,0.0,17.6,33.5,25.5,1.6,10.1,57,95,20,13.2
1999-08-13,0.0,18.8,30.2,23.8,2.22,11.0,65,95,37,13.0
1999-08-14,0.0,18.4,32.1,24.7,1.84,9.1,61,97,27,13.1
1999-08-15,0.0,17.5,35.1,26.4,2.23,10.5,50,86,21,13.2
1999-08-16,0.0,19.1,37.5,28.3,1.1,6.7,41,68,16,13.2
1999-08-17,0.0,20.3,36.0,28.5,2.17,10.1,35,70,12,13.1
1999-08-18,0.0,18.6,35.0,27.0,1.7,8.9,34,52,21,13.0
1999-08-19,0.0,20.5,31.8,25.7,1.79,9.2,53,77,30,12.9
1999-08-20,0.0,20.1,31.8,25.6,2.13,10.5,61,81,38,12.8
1999-08-21,0.0,18.6,32.5,25.3,1.78,9.5,64,93,34,12.8
1999-08-22,0.0,18.2,34.3,26.1,1.63,9.1,62,94,28,12.8
1999-08-23,0.0,18.2,34.6,26.4,1.83,10.4,57,82,28,12.6
1999-08-24,0.0,20.8,36.6,28.1,1.97,11.9,50,84,19,12.7
1999-08-25,0.0,21.8,36.6,28.4,1.66,12.1,41,62,21,12.3
1999-08-26,0.0,22.8,31.1,26.8,2.02,10.5,54,82,36,11.6
1999-08-27,0.0,18.7,34.3,26.6,1.52,9.8,48,76,23,12.6
1999-08-28,0.0,19.0,34.9,27.3,1.27,8.5,36,58,17,12.3
1999-08-29,0.0,17.7,33.3,25.7,1.96,10.7,38,70,23,11.3
1999-08-30,0.0,19.9,30.6,24.4,1.91,9.1,70,97,38,12.2
1999-08-31,0.0,20.0,29.4,23.8,2.01,9.7,70,97,42,11.9
1999-09-01,0.2,17.7,27.7,22.6,2.35,11.8,69,91,44,11.5
1999-09-02,0.0,17.8,31.6,24.4,1.47,7.6,61,83,36,12.1
1999-09-03,0.0,18.6,32.5,25.8,1.7,9.1,44,78,18,12.2
1999-09-04,24.2,17.8,27.7,22.2,2.08,8.6,58,92,37,12.0
1999-09-05,10.2,18.0,23.9,20.5,1.39,8.8,81,92,63,9.1
1999-09-06,7.0,17.0,25.3,20.6,1.45,8.3,79,94,63,12.0
1999-09-07,0.7,15.8,25.7,20.7,1.52,6.3,67,92,42,11.9
1999-09-08,0.0,16.5,24.5,20.5,1.19,6.4,73,93,52,12.0
1999-09-09,0.0,15.3,25.7,20.5,1.83,9.3,69,94,43,12.0
1999-09-10,0.0,15.9,25.3,20.4,1.94,10.0,65,80,45,12.0
1999-09-11,0.0,12.8,26.4,19.8,1.52,6.8,64,95,36,12.0
1999-09-12,0.0,13.8,26.4,20.1,1.78,8.7,68,92,39,12.0
1999-09-13,0.0,15.8,25.0,19.9,1.77,8.9,76,98,47,10.7
1999-09-14,1.5,15.8,23.8,19.0,1.32,9.5,77,94,51,10.9
1999-09-15,0.0,12.3,26.6,19.1,1.64,6.1,53,89,27,12.0
1999-09-16,0.0,11.7,27.9,19.6,1.63,6.9,49,79,24,12.0
1999-09-17,0.0,14.4,27.2,20.3,2.07,7.5,48,73,30,12.0
1999-09-18,0.0,11.9,25.2,18.8,2.03,7.3,54,87,26,11.7
1999-09-19,10.6,14.1,19.7,16.3,2.25,15.6,70,87,50,3.5
1999-09-20,0.0,11.4,19.4,15.1,3.42,11.4,58,73,39,12.0
1999-09-21,0.0,11.0,25.4,17.8,1.8,7.6,61,83,39,12.0
1999-09-22,0.0,11.1,26.8,19.1,1.22,7.3,66,93,38,12.0
1999-09-23,0.0,13.4,27.1,19.9,1.49,6.5,65,90,40,12.0
1999-09-24,0.0,13.7,28.5,21.1,1.41,6.5,60,87,35,12.0
1999-09-25,1.4,14.7,26.6,19.5,1.59,13.3,67,85,34,8.3
1999-09-26,0.0,12.3,23.9,17.5,1.64,6.7,67,92,33,11.9
1999-09-27,0.0,12.4,25.0,18.7,0.63,5.0,64,89,35,11.6
1999-09-28,0.0,11.1,26.4,18.7,1.38,5.1,58,85,32,11.8
1999-09-29,0.0,12.4,28.6,20.2,1.15,4.7,57,82,30,11.8
1999-09-30,0.0,13.8,23.9,18.8,3.32,15.1,57,79,39,11.7
1999-10-01,0.0,10.2,25.7,18.0,1.58,7.9,63,92,32,11.7
1999-10-02,0.0,11.4,27.2,19.1,1.26,7.4,62,91,32,11.6
1999-10-03,0.0,11.6,27.7,19.4,1.17,6.0,51,79,23,11.5
1999-10-04,0.0,13.6,22.8,17.4,2.06,9.5,63,85,36,11.3
1999-10-05,4.1,14.9,17.4,16.1,2.79,8.3,85,97,77,1.2
1999-10-06,8.3,14.6,18.1,15.8,1.63,6.8,91,98,79,3.1
1999-10-07,20.2,13.7,17.0,14.8,2.54,9.8,94,99,88,3.0
1999-10-08,7.4,12.2,14.3,13.2,2.35,9.7,90,96,81,0.2
1999-10-09,0.0,9.9,18.2,13.9,1.98,8.2,76,93,56,9.5
1999-10-10,0.0,8.8,20.7,14.8,1.73,9.1,78,93,58,10.8
1999-10-11,1.5,12.1,19.7,15.7,1.2,7.7,87,99,72,4.6
1999-10-12,11.8,15.0,19.7,16.3,0.54,7.7,93,98,77,3.1
1999-10-13,1.0,11.8,22.2,16.6,1.16,6.5,82,99,51,10.4
1999-10-14,2.3,11.8,22.2,16.3,1.04,5.6,81,94,53,7.0
1999-10-15,0.0,10.9,21.4,16.1,1.08,4.5,77,95,52,10.6
1999-10-16,0.0,10.9,21.9,16.6,1.4,5.6,77,95,49,10.6
1999-10-17,1.3,12.8,19.6,15.9,1.33,8.0,76,96,55,9.6
1999-10-18,0.0,11.5,17.7,13.9,2.93,12.4,65,79,48,10.4
1999-10-19,0.0,8.1,18.9,13.2,2.26,10.8,68,90,45,10.3
1999-10-20,16.8,9.4,14.9,11.9,2.59,14.7,81,90,73,0.1
1999-10-21,0.8,10.6,19.0,14.2,3.29,13.8,65,79,49,9.0
1999-10-22,0.8,10.8,23.0,16.1,2.45,12.2,73,91,52,8.9
1999-10-23,0.0,12.8,19.2,16.0,3.06,12.2,67,80,50,8.6
1999-10-24,4.9,13.3,17.8,15.0,1.73,14.8,77,85,67,5.4
1999-10-25,0.1,7.4,17.6,12.9,1.61,6.5,72,89,47,10.0
1999-10-26,7.1,10.5,14.6,12.7,1.62,8.1,93,100,79,4.0
1999-10-27,0.0,11.3,22.1,16.1,1.4,6.7,85,100,62,9.3
1999-10-28,0.0,12.4,22.9,17.4,1.18,7.0,69,95,53,10.1
1999-10-29,0.0,14.7,23.1,18.3,1.06,6.1,67,90,51,8.6
1999-10-30,0.0,12.7,20.1,15.8,1.88,7.9,71,93,44,10.0
1999-10-31,0.0,8.3,20.1,13.9,1.51,5.6,73,91,50,10.1
1999-11-01,0.0,7.9,20.5,13.9,1.19,6.4,73,93,47,10.1
1999-11-02,0.0,8.0,20.6,13.9,1.47,6.7,74,94,49,9.9
1999-11-03,0.0,8.4,16.3,12.1,1.48,5.1,74,87,56,10.0
1999-11-04,0.0,6.0,17.8,11.4,1.21,5.5,80,100,54,10.0
1999-11-05,0.0,5.1,22.0,12.6,1.0,5.8,73,94,41,10.0
1999-11-06,0.0,10.7,21.1,15.2,2.82,12.2,66,85,42,10.0
1999-11-07,0.0,12.0,18.4,14.7,3.79,12.7,58,79,35,10.0
1999-11-08,0.0,4.3,16.9,10.9,1.3,6.3,56,83,32,10.0
1999-11-09,0.0,3.8,15.4,9.2,1.47,7.8,66,85,48,9.9
1999-11-10,0.0,4.7,14.3,9.5,1.28,5.5,76,99,49,9.9
1999-11-11,3.7,7.4,10.6,8.6,1.51,6.4,94,98,83,2.0
1999-11-12,10.3,6.4,10.4,8.4,1.21,6.6,96,99,87,2.0
1999-11-13,1.5,5.1,12.5,7.9,2.33,8.3,69,95,40,9.9
1999-11-14,0.1,4.8,12.8,8.0,1.27,5.5,67,84,42,9.7
1999-11-15,0.4,2.4,9.2,5.7,2.02,9.4,79,90,62,8.4
1999-11-16,0.0,2.0,11.1,5.8,1.64,5.8,78,98,50,9.8
1999-11-17,0.0,0.0,11.2,5.4,2.74,10.7,65,81,47,9.8
1999-11-18,0.0,2.0,12.9,6.6,2.59,9.4,68,83,49,9.8
1999-11-19,0.7,3.6,14.3,8.0,2.38,9.6,72,85,52,8.2
1999-11-20,12.0,-2.2,8.5,3.0,2.41,8.2,74,94,48,2.3
1999-11-21,0.0,-5.2,4.0,-1.0,3.07,12.1,64,72,54,9.8
1999-11-22,0.0,-1.2,6.1,1.9,4.24,13.8,59,67,49,9.8
1999-11-23,0.0,-4.1,9.1,2.6,1.53,7.2,65,81,44,9.8
1999-11-24,0.0,-1.9,11.4,3.7,1.05,4.0,62,87,35,9.7
1999-11-25,0.0,-1.9,10.9,4.0,1.23,5.9,65,79,41,9.7
1999-11-26,0.0,0.1,10.4,5.0,1.19,5.1,84,95,66,9.3
1999-11-27,0.0,0.6,10.7,5.3,1.53,6.1,82,99,60,9.7
1999-11-28,0.0,1.4,11.3,6.3,1.75,8.1,84,98,65,7.1
1999-11-29,7.7,2.6,9.1,6.8,1.57,5.5,92,99,75,0.1
1999-11-30,0.5,5.3,10.5,8.0,2.18,8.4,92,99,77,7.4
1999-12-01,2.4,5.9,11.2,8.9,1.69,6.0,92,98,84,0.3
1999-12-02,0.0,6.9,14.7,10.2,1.22,5.8,87,97,65,7.4
1999-12-03,0.0,5.1,15.2,9.4,1.19,5.0,85,99,61,9.3
1999-12-04,1.4,3.3,12.6,7.8,1.09,4.2,86,96,67,0.1
1999-12-05,0.0,5.0,13.5,8.4,2.51,8.9,78,96,49,9.5
1999-12-06,0.0,1.0,11.3,6.0,1.32,5.4,83,95,66,8.8
1999-12-07,0.0,3.3,11.9,6.6,1.25,4.7,79,99,50,9.4
1999-12-08,0.0,-0.5,12.3,5.1,0.99,3.7,71,95,40,9.4
1999-12-09,0.0,1.3,10.7,5.7,2.16,8.7,80,94,59,8.5
1999-12-10,0.0,4.9,10.2,7.1,3.56,12.2,66,80,46,9.4
1999-12-11,0.0,5.7,11.6,7.8,2.91,9.7,71,81,59,9.2
1999-12-12,0.2,4.8,12.3,8.4,2.62,10.1,77,90,59,9.3
1999-12-13,0.0,8.5,15.6,11.1,1.26,5.0,81,95,58,8.3
1999-12-14,0.4,8.9,14.9,12.5,3.14,11.1,72,89,59,4.3
1999-12-15,2.5,4.7,11.6,9.8,3.69,15.8,71,88,60,7.0
1999-12-16,0.2,0.4,4.2,2.3,6.66,23.4,44,58,28,9.4
1999-12-17,0.0,-1.3,6.0,1.6,3.08,11.6,46,59,29,9.4
1999-12-18,0.0,-2.1,9.1,2.9,2.58,8.0,64,80,46,7.6
1999-12-19,0.0,2.9,13.0,7.1,2.64,10.0,76,91,55,9.2
1999-12-20,0.0,4.0,12.4,8.5,3.97,13.0,67,80,46,9.2
1999-12-21,0.0,-2.0,13.7,5.2,1.22,5.2,63,86,30,9.4
1999-12-22,0.0,-0.6,12.9,5.6,1.11,5.2,65,78,44,9.4
1999-12-23,0.0,-0.8,13.1,5.3,1.0,4.2,72,89,43,9.3
1999-12-24,0.0,-1.3,13.9,4.7,0.91,3.8,74,92,40,9.4
1999-12-25,0.0,1.3,15.4,6.7,1.88,5.8,72,89,47,9.3
1999-12-26,0.0,6.3,14.3,9.6,2.45,10.3,75,89,58,8.9
1999-12-27,0.0,9.4,14.6,11.6,3.53,15.1,70,80,56,8.1
1999-12-28,1.2,8.2,13.6,11.8,2.63,14.3,65,83,48,8.1
1999-12-29,13.7,3.4,10.9,7.7,1.91,10.2,87,99,72,3.4
1999-12-30,4.6,2.0,7.0,4.2,1.63,7.0,86,98,68,7.9
1999-12-31,0.0,-0.3,10.6,4.1,1.48,5.8,69,94,39,9.1
2000-01-01,0.0,-1.6,11.1,3.6,1.21,3.8,70,86,46,9.4
2000-01-02,0.0,-1.4,11.7,4.2,0.93,4.4,70,89,42,9.4
2000-01-03,0.0,2.3,9.3,5.1,0.96,5.6,75,90,63,8.1
2000-01-04,0.0,-1.3,10.8,3.9,1.04,4.1,78,96,49,9.3
2000-01-05,0.0,-1.7,11.0,3.6,1.25,5.6,77,93,49,9.3
2000-01-06,0.0,-1.8,10.7,3.6,1.05,4.0,77,90,54,9.3
2000-01-07,0.0,-1.8,12.3,4.0,1.1,3.5,64,90,37,9.5
2000-01-08,0.0,-2.1,11.2,3.7,1.02,3.6,68,83,45,8.6
2000-01-09,0.0,-1.4,11.1,3.9,1.57,6.5,76,90,52,9.4
2000-01-10,2.3,1.1,6.5,3.8,2.12,9.6,93,99,81,6.2
2000-01-11,4.3,3.3,5.5,4.3,2.45,8.9,95,98,87,1.6
2000-01-12,0.0,1.2,9.0,5.0,1.39,5.2,86,98,62,8.1
2000-01-13,0.0,-1.7,10.2,3.1,1.34,4.6,77,94,46,9.5
2000-01-14,7.4,-0.4,7.8,3.6,1.0,7.4,88,100,67,5.3
2000-01-15,2.0,0.5,7.0,3.3,1.28,6.8,90,98,72,8.1
2000-01-16,0.0,1.7,8.6,4.5,1.71,6.2,85,100,59,9.2
2000-01-17,0.0,0.7,10.7,4.9,1.25,4.1,83,99,55,9.3
2000-01-18,0.0,-0.7,13.6,4.8,1.94,6.1,70,93,35,9.6
2000-01-19,0.0,0.5,11.7,5.1,2.24,7.3,70,94,44,9.6
2000-01-20,0.0,-0.4,8.5,4.3,1.41,7.0,82,99,59,8.4
2000-01-21,0.0,0.3,11.6,5.6,1.23,4.4,78,97,53,9.3
2000-01-22,0.0,-2.1,12.1,3.8,1.08,4.1,72,92,41,9.6
2000-01-23,0.0,-1.2,9.1,3.2,2.25,9.9,69,87,47,9.6
2000-01-24,0.0,-2.6,8.9,2.3,1.48,6.0,69,87,44,9.6
2000-01-25,1.6,-0.1,5.8,2.6,1.06,5.6,88,98,70,0.1
2000-01-26,2.3,2.6,6.8,4.4,1.31,6.8,89,98,75,2.7
2000-01-27,0.0,0.3,9.3,5.1,1.25,7.6,87,99,68,5.8
2000-01-28,0.0,1.3,12.7,6.4,1.08,4.5,80,99,58,9.1
2000-01-29,0.0,1.1,13.1,6.3,1.2,5.4,74,94,42,9.6
2000-01-30,0.0,0.4,16.7,7.4,1.64,6.7,67,87,39,9.8
2000-01-31,0.0,1.9,18.2,8.8,1.25,4.8,67,89,33,9.7
2000-02-01,0.0,4.9,19.4,10.8,1.76,7.5,70,86,47,7.4
2000-02-02,0.0,7.3,16.5,11.1,2.57,10.6,76,91,55,9.9
2000-02-03,0.0,5.9,16.4,10.8,1.98,7.7,72,94,47,10.0
2000-02-04,0.0,1.9,15.4,8.1,1.44,6.9,75,92,52,10.0
2000-02-05,0.0,0.8,15.1,7.1,1.62,7.3,63,94,33,10.1
2000-02-06,0.0,1.1,18.2,8.4,1.07,4.5,65,86,35,10.1
2000-02-07,0.0,3.8,17.0,9.3,2.28,9.1,67,84,40,9.8
2000-02-08,0.0,5.2,19.6,11.0,2.22,7.6,72,90,46,10.2
2000-02-09,0.0,5.9,17.0,10.9,2.62,9.5,67,88,39,10.3
2000-02-10,0.0,1.8,16.5,8.9,1.11,5.1,70,95,39,10.4
2000-02-11,0.0,3.8,16.7,9.7,1.9,6.7,71,89,48,10.3
2000-02-12,0.0,3.5,15.4,9.0,1.94,8.7,72,93,42,10.2
2000-02-13,0.0,1.9,17.2,8.9,1.26,4.7,65,99,25,10.5
2000-02-14,0.0,4.4,17.4,10.5,2.45,9.5,56,72,45,10.3
2000-02-15,0.0,4.2,19.0,11.3,1.27,5.5,68,92,40,10.6
2000-02-16,0.0,5.7,18.8,11.4,2.73,11.0,64,88,33,10.7
2000-02-17,0.0,6.3,16.9,11.5,4.06,13.8,54,66,41,10.7
2000-02-18,0.0,4.2,17.9,11.1,1.69,9.3,63,88,39,10.7
2000-02-19,0.0,4.0,20.4,11.5,1.52,5.4,61,84,30,10.7
2000-02-20,0.0,3.7,18.9,10.7,1.68,7.9,64,85,37,10.8
2000-02-21,0.0,3.4,17.3,10.2,1.38,7.3,77,96,49,10.8
2000-02-22,0.1,4.0,18.2,10.7,1.63,8.4,69,97,36,10.8
2000-02-23,0.1,5.3,16.3,10.8,1.71,9.0,64,88,39,10.8
2000-02-24,0.0,4.2,13.5,8.8,1.72,7.6,73,90,53,10.8
2000-02-25,0.0,1.4,15.4,7.9,1.4,7.2,68,95,38,10.9
2000-02-26,0.0,3.3,15.7,8.9,1.21,5.9,58,82,34,10.8
2000-02-27,0.0,3.2,17.3,9.7,1.37,6.6,56,81,31,10.9
2000-02-28,0.0,2.1,18.3,9.9,1.19,7.0,63,88,33,10.9
2000-02-29,0.0,4.0,19.6,11.2,1.15,6.8,70,93,38,10.9
2000-03-01,0.0,5.7,20.2,12.4,2.38,10.2,56,86,24,10.9
2000-03-02,0.0,4.2,16.7,10.5,1.97,9.5,60,87,35,11.0
2000-03-03,0.0,1.4,18.7,9.6,1.17,5.5,65,97,30,11.0
2000-03-04,0.0,3.5,19.6,11.4,1.91,7.5,54,82,25,11.1
2000-03-05,0.0,5.0,17.3,10.9,1.85,10.3,58,83,37,11.1
2000-03-06,0.0,6.7,17.2,10.8,1.46,7.9,71,95,42,11.0
2000-03-07,0.0,2.6,19.1,10.7,1.35,6.8,64,93,32,11.1
2000-03-08,0.0,5.3,18.9,11.8,1.42,7.4,60,81,35,11.2
2000-03-09,0.0,3.7,20.6,11.9,1.26,5.8,60,88,28,11.3
2000-03-10,0.0,5.9,21.9,13.3,1.55,6.6,52,79,22,11.3
2000-03-11,0.0,4.9,23.3,13.7,1.65,7.4,48,70,26,11.4
2000-03-12,0.0,7.6,22.9,14.6,1.39,8.9,56,80,27,11.1
2000-03-13,2.7,6.0,16.9,11.1,1.18,6.9,71,94,42,9.8
2000-03-14,0.0,5.1,15.4,10.0,3.13,13.0,72,96,42,11.5
2000-03-15,0.0,3.6,19.3,11.3,1.73,7.8,59,85,30,11.5
2000-03-16,0.0,5.8,14.9,10.6,2.23,10.3,62,88,42,11.1
2000-03-17,0.0,3.9,16.3,10.2,1.33,7.0,67,100,31,11.7
2000-03-18,0.0,2.9,18.3,10.5,1.63,7.7,51,75,24,11.7
2000-03-19,0.5,6.3,16.1,10.7,2.37,11.0,59,88,40,11.7
2000-03-20,2.5,6.6,13.8,9.5,2.46,10.0,81,99,56,10.2
2000-03-21,0.7,6.3,13.2,9.2,2.54,10.7,80,98,59,4.2
2000-03-22,0.3,6.4,14.1,9.9,2.0,7.0,85,95,69,2.7
2000-03-23,0.0,3.5,16.7,10.2,1.46,9.3,71,99,35,11.7
2000-03-24,0.0,2.9,16.1,9.8,1.25,5.2,63,89,35,11.8
2000-03-25,0.3,4.3,15.7,9.9,1.41,6.3,67,88,42,11.9
2000-03-26,0.0,2.7,18.0,10.4,1.9,8.7,57,90,24,11.9
2000-03-27,0.0,2.6,20.1,11.5,1.74,7.3,49,81,24,11.9
2000-03-28,1.0,4.5,12.6,9.0,2.4,12.0,57,79,41,11.4
2000-03-29,0.0,-0.3,14.6,7.3,2.24,10.7,54,79,28,12.0
2000-03-30,0.0,2.7,17.5,9.5,2.05,8.5,69,89,38,12.0
2000-03-31,0.0,5.7,16.7,11.1,2.44,11.8,64,95,33,12.0
2000-04-01,0.0,2.6,18.7,10.8,1.96,9.1,58,87,33,12.0
2000-04-02,0.4,7.5,17.8,11.8,2.51,18.1,69,86,44,9.7
2000-04-03,0.4,5.7,15.4,10.6,3.56,14.8,50,70,27,12.0
2000-04-04,0.0,6.3,12.4,9.1,4.23,15.8,59,74,43,12.2
2000-04-05,0.0,4.7,13.9,8.8,3.53,13.9,49,72,27,12.3
2000-04-06,0.0,0.8,16.3,8.9,1.88,8.3,54,81,31,12.3
2000-04-07,0.0,5.1,15.2,9.6,2.21,11.7,67,91,44,12.0
2000-04-08,2.6,6.6,12.4,9.2,1.57,8.5,84,96,68,2.3
2000-04-09,2.2,8.2,16.1,11.1,1.46,10.5,84,96,62,6.1
2000-04-10,0.0,7.8,16.1,11.6,3.52,13.5,65,95,33,12.2
2000-04-11,0.0,6.7,15.5,10.5,5.49,20.8,58,73,41,12.4
2000-04-12,0.0,5.2,19.0,11.9,2.42,9.1,56,76,37,12.5
2000-04-13,0.0,4.5,19.1,11.6,1.68,6.6,59,91,31,12.5
2000-04-14,1.1,6.1,18.2,12.2,3.19,17.1,64,88,44,12.3
2000-04-15,0.2,8.2,17.8,13.0,2.46,12.2,66,82,48,12.7
2000-04-16,2.6,8.3,15.7,11.3,3.29,18.0,71,87,48,9.2
2000-04-17,0.0,6.9,15.4,10.9,4.8,15.8,55,68,36,12.8
2000-04-18,0.0,7.7,16.6,12.0,4.01,15.1,61,80,37,12.7
2000-04-19,0.0,11.8,19.2,14.8,3.73,12.7,63,77,45,12.4
2000-04-20,0.0,7.4,24.0,15.8,2.02,7.4,57,89,28,13.0
2000-04-21,0.0,8.5,25.5,17.1,1.98,8.2,53,80,28,13.1
2000-04-22,0.1,8.8,25.6,16.5,2.44,13.8,59,89,25,12.6
2000-04-23,0.0,7.9,17.3,12.2,4.17,12.7,49,68,28,13.2
2000-04-24,0.0,4.6,22.6,13.7,1.52,6.7,48,81,22,13.2
2000-04-25,0.0,6.4,24.7,15.8,1.78,9.9,51,79,25,13.4
2000-04-26,0.2,8.5,22.2,15.2,1.6,10.0,63,88,33,12.4
2000-04-27,3.8,8.4,15.2,11.9,3.12,11.8,61,94,36,12.8
2000-04-28,0.0,7.4,15.9,11.3,3.72,13.0,51,72,30,13.5
2000-04-29,0.0,3.7,17.9,11.2,2.02,10.7,52,79,29,9.3
2000-04-30,0.1,8.2,16.3,12.1,2.59,11.9,61,83,40,5.5
2000-05-01,2.2,7.3,17.8,12.2,2.62,13.3,73,92,49,10.4
2000-05-02,0.3,7.2,20.6,13.8,1.78,9.7,73,99,42,13.5
2000-05-03,0.0,8.9,22.3,16.0,2.45,12.6,61,82,44,13.6
2000-05-04,4.6,11.0,22.9,16.1,1.99,13.4,67,87,40,13.2
2000-05-05,9.2,10.2,17.3,13.0,1.26,7.0,80,95,52,4.9
2000-05-06,1.7,7.1,15.6,11.9,1.53,7.7,75,96,52,8.2
2000-05-07,0.0,7.4,19.9,14.0,1.99,10.4,66,90,44,13.7
2000-05-08,5.8,10.4,17.8,14.0,1.24,6.4,71,93,50,10.0
2000-05-09,2.1,10.5,18.5,13.9,1.24,7.6,78,93,60,10.8
2000-05-10,11.4,9.9,19.0,13.7,1.45,7.3,77,98,50,11.5
2000-05-11,0.0,7.4,21.1,14.4,1.92,7.8,66,94,37,13.9
2000-05-12,0.0,9.8,22.3,16.7,1.76,9.3,58,87,37,13.9
2000-05-13,0.0,8.6,24.5,17.1,1.64,7.2,61,88,37,14.0
2000-05-14,0.0,10.3,24.8,18.1,1.86,8.8,66,90,47,14.0
2000-05-15,0.0,13.4,24.8,18.8,1.87,10.6,52,77,29,14.0
2000-05-16,0.0,10.5,24.9,18.5,1.8,9.2,44,66,32,14.0
2000-05-17,0.0,10.5,26.8,19.2,1.83,10.1,52,85,26,14.0
2000-05-18,0.0,10.4,26.3,19.3,1.96,8.7,56,91,31,14.0
2000-05-19,0.0,12.4,25.9,19.6,2.02,10.1,57,84,34,14.0
2000-05-20,0.2,12.0,25.7,18.9,1.92,10.4,62,90,37,13.0
2000-05-21,4.7,14.2,19.9,16.5,1.38,6.0,78,94,59,6.7
2000-05-22,0.3,10.0,23.4,17.4,1.57,8.1,69,94,49,14.0
2000-05-23,0.1,11.7,22.1,17.5,1.92,9.4,74,99,50,13.9
2000-05-24,0.0,12.9,23.2,18.3,1.87,8.9,65,92,38,13.8
2000-05-25,0.0,12.6,24.6,18.8,2.07,10.1,64,91,36,12.7
2000-05-26,0.0,13.5,26.2,20.5,1.21,6.6,59,88,35,14.0
2000-05-27,0.0,15.5,25.8,20.0,2.96,12.8,58,78,31,14.0
2000-05-28,0.0,11.9,28.3,20.7,1.43,6.0,54,91,26,14.0
2000-05-29,0.0,14.5,30.0,23.1,1.28,6.0,49,81,32,14.0
2000-05-30,0.0,19.2,29.8,24.6,1.94,10.4,43,61,30,14.0
2000-05-31,0.0,15.4,31.3,23.7,2.0,10.2,49,80,26,14.0
2000-06-01,0.0,15.6,28.8,22.8,2.41,11.8,48,75,30,14.0
2000-06-02,0.0,15.7,29.5,22.6,2.17,10.6,46,69,25,14.0
2000-06-03,0.0,14.6,29.1,22.1,2.0,10.3,46,72,25,14.0
2000-06-04,0.0,15.3,28.4,21.8,1.88,10.8,55,79,35,13.2
2000-06-05,0.0,14.4,29.8,22.8,1.62,10.4,55,94,25,14.0
2000-06-06,0.0,14.8,27.1,20.8,2.77,10.8,40,72,15,14.0
2000-06-07,0.0,11.9,27.2,19.8,1.99,9.5,54,91,25,14.0
2000-06-08,0.0,12.8,27.7,20.2,2.38,10.6,52,85,26,14.0
2000-06-09,2.5,12.8,27.2,19.8,1.97,12.7,54,87,31,13.3
2000-06-10,0.0,11.4,21.7,16.4,6.2,18.6,33,56,16,14.0
2000-06-11,0.0,13.4,25.2,19.0,3.87,14.0,30,42,21,14.0
2000-06-12,0.0,11.3,27.1,19.4,2.09,10.4,40,68,18,14.0
2000-06-13,0.0,12.1,25.3,19.1,2.1,10.5,58,87,33,14.0
2000-06-14,0.0,12.7,26.1,19.8,2.04,10.5,59,92,33,14.0
2000-06-15,0.0,12.9,27.7,20.9,2.06,9.8,57,89,31,14.0
2000-06-16,0.0,15.7,29.2,22.6,2.51,12.4,45,74,22,14.0
2000-06-17,0.0,16.3,30.9,23.4,2.61,13.1,32,56,15,14.0
2000-06-18,0.0,15.7,30.4,23.8,2.34,10.9,36,58,22,14.0
2000-06-19,0.0,16.9,27.9,22.0,2.58,11.8,51,79,29,14.0
2000-06-20,0.0,12.8,28.2,21.0,2.15,10.4,50,84,24,14.0
2000-06-21,0.0,14.3,29.9,22.3,1.84,10.9,56,87,27,13.9
2000-06-22,0.0,15.8,30.4,23.5,1.7,10.0,56,85,31,14.0
2000-06-23,0.0,16.2,30.3,24.0,1.93,10.1,57,87,38,14.0
2000-06-24,0.0,16.7,30.0,22.9,2.22,9.9,61,87,36,14.0
2000-06-25,0.0,16.7,29.2,22.7,2.03,10.1,62,92,35,14.0
2000-06-26,0.0,16.5,31.7,24.0,2.16,11.0,55,87,28,10.3
2000-06-27,1.0,16.5,35.3,26.1,1.16,8.9,46,79,18,13.4
2000-06-28,0.0,18.3,36.6,27.7,1.58,7.3,27,46,11,14.0
2000-06-29,0.2,16.9,34.1,25.7,1.89,11.5,36,64,19,14.0
2000-06-30,0.0,16.9,34.7,26.4,1.69,10.3,51,85,19,14.0
2000-07-01,0.0,17.8,36.8,27.4,1.6,10.7,45,70,18,14.0
2000-07-02,2.4,19.0,36.4,27.9,1.53,9.2,48,76,22,14.0
2000-07-03,0.0,19.0,33.5,26.6,1.93,9.4,35,60,15,14.0
2000-07-04,0.0,17.1,31.0,24.4,2.45,10.2,38,65,23,14.0
2000-07-05,0.0,18.2,30.2,23.7,2.21,10.6,54,72,34,14.0
2000-07-06,0.0,15.9,35.6,26.0,2.09,9.7,53,92,23,14.0
2000-07-07,0.0,19.0,37.6,28.5,1.95,11.5,38,69,12,14.0
2000-07-08,0.6,19.8,31.6,25.1,2.55,11.6,48,87,28,14.0
2000-07-09,0.0,17.6,30.0,23.4,2.39,10.8,66,97,35,14.0
2000-07-10,0.2,17.1,29.8,23.6,3.31,15.6,45,73,25,14.0
2000-07-11,0.9,15.2,27.7,21.3,2.08,12.4,51,78,23,14.0
2000-07-12,0.0,15.8,27.7,21.0,1.87,11.0,61,93,25,14.0
2000-07-13,0.0,14.3,29.1,21.4,1.83,9.4,59,96,26,14.0
2000-07-14,0.0,15.1,33.3,24.5,1.0,7.3,49,88,17,14.0
2000-07-15,0.0,18.3,32.6,25.2,2.48,11.1,39,63,22,14.0
2000-07-16,0.0,17.5,29.6,23.2,2.46,10.9,58,85,35,14.0
2000-07-17,0.0,17.7,29.3,22.4,2.59,10.2,62,92,32,13.9
2000-07-18,0.0,15.9,31.4,23.6,2.12,10.0,55,86,31,13.9
2000-07-19,0.0,16.4,32.4,24.7,1.65,9.6,57,83,33,13.9
2000-07-20,0.0,17.5,32.4,25.4,1.98,10.5,54,91,26,13.9
2000-07-21,0.0,17.9,31.9,25.1,2.23,10.7,44,69,26,13.9
2000-07-22,0.0,17.3,34.9,26.1,1.96,10.8,46,73,20,13.9
2000-07-23,1.2,19.4,32.7,26.2,1.32,11.5,49,81,19,13.2
2000-07-24,0.0,16.9,31.5,24.6,1.72,8.4,35,65,18,13.9
2000-07-25,0.0,17.8,33.1,25.5,1.67,8.7,39,66,22,13.9
2000-07-26,0.0,17.2,32.8,25.3,2.05,9.2,43,74,23,13.8
2000-07-27,0.0,17.8,35.0,26.3,1.76,10.2,47,73,21,13.8
2000-07-28,0.0,17.9,36.0,26.5,2.03,12.3,41,71,14,13.8
2000-07-29,0.0,19.2,29.7,23.9,2.25,9.9,65,94,40,12.8
2000-07-30,0.0,18.1,30.4,23.9,1.95,9.9,54,79,33,13.8
2000-07-31,0.0,16.7,32.9,24.9,1.96,10.0,51,85,22,13.8
2000-08-01,0.0,17.4,34.0,26.0,2.01,10.3,46,75,22,13.8
2000-08-02,0.6,17.9,37.1,27.4,1.39,9.8,40,71,16,12.7
2000-08-03,1.0,19.3,34.9,27.1,1.8,10.1,38,64,17,13.7
2000-08-04,3.9,17.6,24.5,20.5,1.93,8.2,75,94,47,10.4
2000-08-05,0.0,16.3,25.9,20.6,2.13,10.2,66,95,36,13.3
2000-08-06,0.0,16.0,26.1,20.5,2.18,10.7,63,93,34,13.4
2000-08-07,0.0,14.3,26.2,20.4,2.14,9.8,56,86,33,13.4
2000-08-08,0.0,13.3,28.6,20.9,1.67,7.2,48,75,25,13.5
2000-08-09,0.0,12.8,31.3,22.6,1.82,8.9,46,84,16,13.5
2000-08-10,0.0,15.2,33.1,24.2,2.25,10.4,34,55,16,13.5
2000-08-11,0.0,16.9,34.2,25.7,1.92,9.7,35,57,19,13.4
2000-08-12,0.0,18.8,31.5,25.3,2.25,8.6,31,44,20,13.1
2000-08-13,0.0,17.6,31.4,24.5,2.03,10.4,51,88,25,13.0
2000-08-14,0.0,16.3,34.1,25.4,1.72,10.0,39,64,17,13.2
2000-08-15,0.0,18.1,33.5,25.8,2.08,10.1,38,57,21,13.2
2000-08-16,0.0,17.4,34.1,25.9,2.16,10.1,40,64,20,13.1
2000-08-17,0.0,17.4,33.6,25.7,2.29,11.2,39,58,20,13.0
2000-08-18,0.0,16.4,34.2,25.4,1.75,10.3,49,73,22,13.0
2000-08-19,0.0,17.9,36.6,27.5,2.0,10.9,40,77,15,13.0
2000-08-20,0.6,19.8,38.3,28.4,1.79,12.9,28,40,14,12.9
2000-08-21,0.0,21.4,33.5,27.3,1.74,9.3,31,44,17,12.8
2000-08-22,0.0,15.7,32.6,24.6,2.12,9.6,29,51,16,12.9
2000-08-23,0.0,17.5,29.9,23.8,1.26,8.7,42,57,22,6.0
2000-08-24,0.0,19.5,31.8,25.5,1.93,10.2,46,66,28,12.7
2000-08-25,0.0,17.2,33.5,25.5,2.52,12.9,53,87,26,12.7
2000-08-26,0.0,17.7,32.1,24.9,1.36,7.3,41,69,16,12.6
2000-08-27,0.0,17.4,29.6,23.3,2.52,10.1,42,77,29,12.4
2000-08-28,0.1,18.4,28.5,22.7,2.54,10.0,71,99,41,12.3
2000-08-29,0.0,17.4,28.0,22.7,1.37,9.7,65,91,44,11.5
2000-08-30,0.9,16.5,31.6,24.3,1.51,9.5,60,91,33,11.3
2000-08-31,0.0,18.5,30.7,24.2,2.33,9.5,59,84,41,12.0
2000-09-01,0.0,18.6,31.1,24.2,1.54,8.3,72,98,43,11.7
2000-09-02,1.9,17.8,31.8,24.4,1.75,10.2,62,85,30,12.1
2000-09-03,0.0,18.7,31.1,23.6,1.95,11.2,72,99,26,12.1
2000-09-04,16.1,18.1,24.4,20.3,1.65,8.5,87,99,64,10.5
2000-09-05,0.0,14.8,25.1,19.9,1.75,8.1,74,100,43,12.0
2000-09-06,0.0,13.6,27.2,20.7,1.4,6.5,63,98,29,12.0
2000-09-07,0.0,14.0,31.7,22.7,1.29,5.7,49,80,18,12.0
2000-09-08,0.0,18.8,27.0,22.3,1.89,9.9,53,75,43,12.0
2000-09-09,0.0,16.6,26.1,20.9,1.59,8.8,66,96,39,12.0
2000-09-10,0.0,13.4,26.8,20.3,1.41,7.0,60,90,31,12.0
2000-09-11,0.0,12.7,28.3,20.6,1.51,7.9,57,87,23,11.9
2000-09-12,0.1,13.8,29.3,21.5,1.17,7.4,64,88,34,12.0
2000-09-13,0.0,15.0,29.0,22.1,1.62,8.3,68,99,35,12.0
2000-09-14,0.0,14.4,30.8,22.6,1.72,9.1,54,90,21,12.0
2000-09-15,0.0,14.4,32.5,23.2,1.68,8.7,37,58,14,12.0
2000-09-16,0.0,15.7,33.8,24.4,1.16,6.1,37,57,13,12.0
2000-09-17,0.0,16.6,31.5,23.8,1.65,7.5,32,57,15,12.0
2000-09-18,0.0,15.0,27.4,21.6,1.65,6.9,43,71,28,12.0
2000-09-19,0.0,16.4,25.7,20.7,3.18,13.7,52,76,29,11.2
2000-09-20,0.0,14.0,22.1,17.6,3.0,10.8,43,63,20,12.0
2000-09-21,0.0,10.5,24.5,17.7,1.66,7.2,35,54,21,12.0
2000-09-22,0.0,10.8,25.9,18.3,1.55,8.3,48,73,22,12.0
2000-09-23,0.0,12.0,26.0,19.0,1.54,8.3,56,85,27,12.0
2000-09-24,0.0,12.1,28.3,20.3,1.38,7.1,61,88,28,11.9
2000-09-25,0.0,13.6,26.8,20.4,1.63,9.2,69,100,36,11.8
2000-09-26,0.9,14.5,26.2,20.2,1.31,7.0,66,94,39,10.4
2000-09-27,0.9,14.4,26.3,19.8,1.25,6.5,66,92,34,11.8
2000-09-28,0.3,15.9,26.5,20.6,1.34,8.0,63,93,29,8.1
2000-09-29,0.5,14.6,20.4,17.2,3.13,12.8,54,73,32,11.3
2000-09-30,0.7,12.1,19.5,15.5,2.66,9.2,54,76,37,10.9
2000-10-01,0.0,11.0,20.1,15.6,3.25,13.4,50,75,28,11.6
2000-10-02,0.0,14.7,25.0,18.9,3.78,13.0,47,76,22,11.6
2000-10-03,0.0,10.4,27.5,18.9,1.78,7.3,39,62,19,11.6
2000-10-04,0.0,12.1,26.6,18.9,1.5,7.8,43,78,26,11.5
2000-10-05,0.0,11.5,26.4,18.7,1.42,8.0,65,95,34,10.9
2000-10-06,0.0,12.3,24.0,18.4,1.51,7.5,68,94,39,11.1
2000-10-07,0.5,15.0,22.2,17.6,1.85,8.6,82,100,51,10.3
2000-10-08,0.0,13.0,26.0,18.7,1.11,5.6,65,99,24,11.2
2000-10-09,0.0,10.1,26.5,18.2,1.29,7.8,47,66,23,11.1
2000-10-10,0.0,14.0,22.5,18.0,2.93,12.9,47,61,33,10.3
2000-10-11,0.0,12.9,21.8,16.9,3.62,14.1,51,65,34,10.8
2000-10-12,17.3,9.6,17.0,13.2,2.05,9.5,77,89,67,0.0
2000-10-13,0.2,6.3,16.3,11.3,3.1,11.9,57,82,37,10.7
2000-10-14,0.0,5.7,16.2,11.0,3.41,12.0,51,71,35,10.1
2000-10-15,0.0,6.6,17.4,11.4,2.59,10.1,55,77,34,10.3
2000-10-16,0.1,9.6,19.3,14.1,1.38,5.6,66,87,46,10.5
2000-10-17,0.0,9.1,19.4,14.2,1.47,5.8,64,87,40,10.5
2000-10-18,0.0,7.3,21.3,14.1,1.27,5.5,67,96,33,10.5
2000-10-19,0.0,8.2,23.1,15.1,1.33,5.9,61,84,30,10.2
2000-10-20,0.0,10.7,20.7,14.9,1.76,9.0,66,88,35,9.3
2000-10-21,7.7,12.1,17.3,13.7,1.34,9.1,86,98,62,4.7
2000-10-22,8.1,10.7,17.6,14.0,1.99,9.1,88,99,70,8.8
2000-10-23,27.0,12.6,15.8,13.8,1.71,8.4,97,99,91,0.1
2000-10-24,31.0,13.0,15.7,14.1,1.69,9.3,97,99,92,0.6
2000-10-25,0.7,12.1,17.6,14.4,1.55,7.8,83,99,59,10.0
2000-10-26,0.0,7.8,19.1,13.5,1.18,5.1,74,98,46,10.1
2000-10-27,0.0,8.8,19.9,14.0,1.33,4.8,77,93,54,10.1
2000-10-28,0.0,8.7,21.5,14.3,1.21,4.3,77,95,46,10.1
2000-10-29,0.0,8.9,21.0,14.4,1.49,6.1,75,92,47,10.0
2000-10-30,0.0,9.5,20.5,14.2,1.07,5.6,73,95,44,10.0
2000-10-31,2.2,8.5,15.4,12.4,2.42,10.7,61,84,37,8.0
2000-11-01,0.0,3.2,16.3,9.4,1.38,5.2,65,87,38,10.1
2000-11-02,0.0,4.4,18.8,11.1,1.74,6.5,67,82,45,10.0
2000-11-03,0.3,8.6,13.5,11.9,2.78,11.9,69,86,54,10.0
2000-11-04,0.0,2.5,14.4,8.5,1.29,5.6,61,83,38,10.0
2000-11-05,0.0,6.1,16.3,10.6,1.8,7.3,68,78,52,8.1
2000-11-06,2.0,9.3,15.6,13.0,4.15,13.9,67,80,53,8.7
2000-11-07,0.0,6.3,10.8,8.3,5.01,15.6,60,70,53,10.0
2000-11-08,0.0,4.3,11.8,7.5,2.81,10.7,65,78,44,9.9
2000-11-09,0.0,2.5,13.7,7.6,1.3,5.4,71,92,43,9.9
2000-11-10,0.0,0.7,12.5,7.2,1.64,7.5,72,92,48,9.9
2000-11-11,1.1,6.6,11.8,9.1,0.93,4.5,91,98,83,0.0
2000-11-12,0.0,8.0,19.8,12.7,1.35,6.7,81,99,45,9.9
2000-11-13,5.7,9.3,13.9,11.0,1.29,12.6,80,89,72,0.3
2000-11-14,0.0,5.7,13.1,9.2,1.7,6.0,71,87,40,8.9
2000-11-15,3.7,5.5,9.5,7.8,1.7,8.6,82,92,73,0.0
2000-11-16,0.0,1.4,13.3,6.9,2.4,9.5,66,92,36,9.4
2000-11-17,0.0,5.5,11.1,8.0,3.64,13.5,64,87,48,9.8
2000-11-18,0.0,3.0,12.6,7.0,2.86,9.9,59,81,43,9.8
2000-11-19,0.0,1.5,15.1,7.1,1.78,6.0,70,86,46,9.8
2000-11-20,0.0,5.3,13.9,8.9,2.68,11.2,75,89,60,6.6
2000-11-21,0.0,6.7,13.5,9.3,1.96,9.1,71,86,51,9.8
2000-11-22,0.0,4.3,16.5,9.3,1.51,5.0,77,93,51,9.1
2000-11-23,1.7,9.8,16.6,12.3,2.9,11.9,74,88,55,7.6
2000-11-24,1.6,6.4,13.6,9.5,2.04,11.0,63,83,40,8.2
2000-11-25,0.0,9.8,17.4,13.4,2.75,10.9,75,86,57,9.1
2000-11-26,0.0,12.0,17.6,14.0,2.86,10.7,72,84,56,9.7
2000-11-27,0.0,9.3,21.7,14.3,1.64,6.4,72,94,38,9.6
2000-11-28,0.0,6.0,19.4,11.7,1.03,4.1,68,86,45,8.9
2000-11-29,1.8,7.1,15.2,10.1,1.54,8.9,78,89,65,6.4
2000-11-30,0.0,4.8,16.0,9.8,1.36,5.0,73,94,41,9.6
2000-12-01,0.0,3.7,16.8,10.0,0.88,5.1,75,89,51,8.9
2000-12-02,0.2,7.0,14.7,10.2,2.22,12.0,77,96,54,9.5
2000-12-03,0.0,5.3,14.5,8.9,1.9,6.6,70,87,43,8.9
2000-12-04,0.0,3.4,16.7,9.2,1.11,3.4,70,85,44,9.4
2000-12-05,0.0,4.6,15.8,9.6,0.98,3.8,76,89,54,4.6
2000-12-06,2.0,7.2,17.1,11.5,1.14,8.1,76,91,58,6.9
2000-12-07,0.6,7.8,17.0,12.1,1.91,12.3,74,95,47,0.6
2000-12-08,0.7,7.9,15.9,12.3,1.33,7.2,74,91,51,7.3
2000-12-09,0.0,4.7,13.7,8.5,1.62,6.1,75,90,45,9.1
2000-12-10,0.0,2.2,15.1,7.4,1.2,4.1,69,90,37,9.3
2000-12-11,0.0,2.3,16.7,8.1,1.18,3.9,65,83,33,8.4
2000-12-12,0.0,2.5,18.8,8.9,1.27,4.3,63,81,31,9.4
2000-12-13,0.0,2.7,18.4,8.8,1.3,4.2,59,82,30,9.4
2000-12-14,0.0,3.5,18.0,9.1,1.83,6.0,51,82,30,8.7
2000-12-15,0.0,4.8,12.4,9.1,2.09,7.8,73,89,58,8.7
2000-12-16,0.0,0.8,10.3,5.0,1.17,4.2,68,86,45,8.9
2000-12-17,0.0,-1.2,12.3,4.3,1.08,4.1,73,90,42,9.0
2000-12-18,0.0,-0.4,14.2,5.6,1.32,4.0,71,90,42,9.4
2000-12-19,0.0,-0.4,13.3,5.8,0.83,3.8,69,83,43,9.3
2000-12-20,0.0,1.4,9.0,5.4,1.18,5.1,76,91,63,4.0
2000-12-21,0.0,2.0,10.6,5.8,1.49,6.1,82,98,52,8.0
2000-12-22,2.5,3.1,9.0,6.6,2.45,9.8,97,100,88,0.0
2000-12-23,1.7,3.1,12.3,7.0,1.71,7.7,83,99,52,7.0
2000-12-24,0.5,4.8,12.7,8.3,2.31,15.5,82,98,58,6.6
2000-12-25,0.0,5.6,12.6,8.6,2.24,12.0,71,84,51,8.9
2000-12-26,1.0,7.9,14.2,10.3,2.04,9.9,75,89,52,6.9
2000-12-27,0.0,5.9,9.9,7.6,4.23,19.6,73,89,57,8.8
2000-12-28,0.0,4.9,12.3,8.1,4.74,18.6,70,78,60,7.4
2000-12-29,0.0,8.6,12.6,10.1,6.32,19.2,63,68,53,9.2
2000-12-30,1.2,8.1,11.1,9.6,6.23,22.8,67,80,57,9.1
2000-12-31,0.0,4.0,13.7,7.9,1.7,13.7,71,88,52,7.5
2001-01-01,0.0,4.2,17.2,9.5,1.42,5.7,68,88,39,9.1
2001-01-02,0.0,7.2,11.9,9.8,2.82,13.6,70,83,56,9.0
2001-01-03,0.3,3.6,13.5,7.8,1.51,5.7,76,93,49,9.1
2001-01-04,1.3,5.5,15.6,10.3,2.05,11.4,75,87,52,6.9
2001-01-05,0.0,6.6,16.6,11.4,1.85,8.0,82,91,70,3.3
2001-01-06,0.0,7.5,13.4,10.3,2.48,11.2,73,83,63,4.9
2001-01-07,0.0,4.0,9.5,6.3,3.07,11.3,68,82,47,9.4
2001-01-08,0.0,-0.9,11.0,4.8,1.97,9.6,61,85,33,9.5
2001-01-09,0.0,-1.4,13.2,5.1,1.32,6.1,67,85,37,9.2
2001-01-10,0.0,7.4,16.7,10.8,1.29,5.9,77,93,55,8.4
2001-01-11,0.0,6.0,16.0,9.6,2.05,11.6,75,94,41,7.6
2001-01-12,5.3,4.1,9.0,6.4,1.05,5.0,89,98,81,2.0
2001-01-13,0.6,6.0,12.3,8.4,2.7,8.7,80,97,56,7.3
2001-01-14,0.0,3.4,11.9,7.4,2.05,7.0,73,92,46,9.4
2001-01-15,0.1,0.3,12.5,5.8,1.15,4.4,74,92,44,9.5
2001-01-16,0.0,2.6,10.7,5.9,1.24,5.9,78,93,50,6.9
2001-01-17,0.0,3.5,12.0,7.0,1.57,7.3,73,92,43,9.0
2001-01-18,2.7,0.4,11.1,5.3,1.26,10.4,82,88,71,5.3
2001-01-19,0.0,5.0,10.6,7.1,4.39,16.7,69,88,49,9.5
2001-01-20,0.0,1.8,13.0,7.0,1.99,7.5,68,89,43,9.6
2001-01-21,0.0,-0.2,15.8,6.3,1.32,4.6,72,91,39,9.6
2001-01-22,0.0,1.1,16.4,7.7,1.55,7.4,62,88,32,8.9
2001-01-23,0.0,6.3,14.7,10.5,2.42,10.6,77,89,68,9.6
2001-01-24,0.0,10.2,16.6,13.1,3.0,11.2,71,84,54,9.0
2001-01-25,0.1,6.6,12.3,9.9,3.36,12.8,67,86,47,9.2
2001-01-26,0.1,4.7,10.7,7.6,3.64,13.0,65,74,48,7.2
2001-01-27,5.1,10.6,16.0,12.4,3.76,16.2,73,91,56,9.2
2001-01-28,0.4,5.5,10.2,8.4,6.51,23.8,68,87,54,9.7
2001-01-29,0.0,5.2,9.0,6.7,7.6,21.6,59,74,45,9.8
2001-01-30,0.0,2.9,10.9,6.3,5.65,15.7,50,57,39,9.9
2001-01-31,0.0,4.7,13.7,9.1,4.68,15.9,60,72,50,9.7
2001-02-01,0.0,6.7,13.6,10.5,4.41,14.6,64,76,45,10.0
2001-02-02,0.0,-0.2,15.0,7.3,1.35,4.8,67,91,39,10.0
2001-02-03,0.0,0.8,16.3,7.8,1.13,4.2,71,92,41,10.0
2001-02-04,0.0,1.9,14.3,7.5,2.0,9.9,74,92,49,10.0
2001-02-05,0.0,5.6,15.3,9.8,2.13,8.7,72,87,51,9.9
2001-02-06,0.0,4.8,17.6,10.0,1.59,7.1,73,94,39,9.2
2001-02-07,0.0,2.9,17.7,8.9,2.8,13.9,54,74,30,10.1
2001-02-08,0.0,7.1,11.4,8.5,4.54,16.0,65,72,55,10.3
2001-02-09,0.0,4.7,13.3,8.2,2.96,13.3,59,77,35,10.4
2001-02-10,0.0,5.3,17.1,10.8,2.8,10.4,70,84,53,10.1
2001-02-11,0.0,4.2,18.0,10.6,1.61,7.6,78,96,50,10.5
2001-02-12,0.0,3.5,18.9,10.5,1.16,5.7,71,96,39,10.5
2001-02-13,0.0,3.9,20.5,11.1,1.82,8.4,64,91,26,10.6
2001-02-14,13.4,6.1,11.5,8.5,1.49,10.0,86,94,74,10.4
2001-02-15,7.9,3.9,8.3,6.0,2.86,10.2,94,98,83,6.7
2001-02-16,7.1,4.6,11.0,7.5,3.76,12.3,78,97,53,8.6
2001-02-17,0.0,3.5,12.9,7.9,2.16,7.4,66,87,43,10.7
2001-02-18,0.0,-0.3,9.7,4.6,2.47,10.5,70,93,45,10.6
2001-02-19,5.4,3.4,9.0,5.6,2.25,10.3,93,99,83,6.6
2001-02-20,0.0,4.6,12.9,7.7,1.12,5.5,79,99,53,9.0
2001-02-21,0.0,-0.5,16.3,7.3,1.34,4.8,65,92,30,10.8
2001-02-22,0.0,0.6,18.9,8.9,1.88,7.6,58,81,24,10.8
2001-02-23,0.0,6.1,16.7,10.3,2.38,9.6,60,84,39,8.0
2001-02-24,1.7,3.7,13.0,8.4,2.07,9.6,75,94,49,10.9
2001-02-25,0.0,3.6,11.7,7.4,2.71,10.8,64,91,36,10.8
2001-02-26,0.0,-1.3,12.2,5.1,1.76,7.0,57,75,31,10.9
2001-02-27,0.0,1.6,8.9,5.0,4.45,19.1,67,84,47,10.6
2001-02-28,0.0,2.3,7.7,4.9,5.78,18.1,57,70,43,10.9
2001-03-01,0.0,2.5,13.2,7.4,2.09,9.8,72,84,59,7.9
2001-03-02,0.2,8.4,18.4,12.3,3.85,24.7,71,90,48,8.6
2001-03-03,0.0,9.4,16.1,12.4,3.96,19.3,69,84,52,8.6
2001-03-04,0.0,9.4,19.0,13.8,2.5,10.5,64,86,40,11.0
2001-03-05,0.9,10.1,18.6,14.0,2.02,9.8,69,87,47,9.9
2001-03-06,0.0,8.8,25.4,15.8,1.58,9.7,63,85,34,9.9
2001-03-07,3.4,12.0,22.4,15.3,1.87,11.5,67,84,38,5.9
2001-03-08,0.0,8.6,14.0,11.3,3.71,13.8,64,75,50,9.5
2001-03-09,0.7,10.0,16.9,13.0,3.31,11.9,66,81,47,11.0
2001-03-10,1.0,12.4,21.0,15.8,3.58,13.1,69,82,49,11.0
2001-03-11,0.0,10.5,22.5,16.1,1.83,7.7,74,96,43,11.2
2001-03-12,0.0,7.6,22.9,14.6,2.11,13.7,68,94,32,11.5
2001-03-13,0.0,7.0,18.0,12.5,2.4,9.6,55,80,33,11.5
2001-03-14,0.0,3.4,18.2,10.6,1.77,6.7,57,81,34,11.6
2001-03-15,0.0,5.0,17.8,11.0,1.61,8.9,55,76,30,11.5
2001-03-16,0.0,4.3,19.0,11.3,1.4,8.3,62,87,37,11.1
2001-03-17,0.0,8.3,17.1,12.1,1.97,8.7,56,75,34,10.7
2001-03-18,0.0,5.5,18.1,11.1,2.27,11.3,63,87,37,11.7
2001-03-19,0.0,7.6,21.5,13.9,1.41,5.4,64,92,34,11.7
2001-03-20,0.0,6.6,24.3,15.1,1.54,5.8,57,91,20,11.7
2001-03-21,0.0,9.4,25.4,17.0,2.65,11.1,48,68,25,10.8
2001-03-22,0.0,10.8,28.4,18.7,2.16,7.9,43,64,18,11.8
2001-03-23,0.0,10.7,28.8,19.4,2.41,10.3,37,60,17,11.8
2001-03-24,0.0,11.9,23.5,17.3,2.86,12.2,42,61,23,11.9
2001-03-25,0.0,8.3,16.2,12.7,3.27,14.1,52,74,38,11.9
2001-03-26,3.3,6.9,15.5,10.8,2.67,10.0,62,78,40,11.8
2001-03-27,0.0,8.3,19.0,12.6,2.39,8.5,54,75,26,11.9
2001-03-28,0.2,4.9,17.9,11.6,2.27,9.8,54,83,30,12.0
2001-03-29,0.0,8.6,16.3,12.0,4.56,17.7,58,70,44,12.0
2001-03-30,0.0,8.3,17.5,13.0,4.03,15.4,60,73,44,12.0
2001-03-31,0.0,10.9,19.3,14.3,3.12,10.9,64,81,40,11.9
2001-04-01,0.0,3.5,19.5,12.2,1.93,9.8,57,95,24,12.1
2001-04-02,0.0,4.3,22.5,13.3,1.9,10.4,52,82,24,12.1
2001-04-03,0.0,6.2,21.7,13.9,1.63,10.5,63,90,31,12.0
2001-04-04,0.0,7.8,21.4,15.0,1.67,10.0,61,94,30,12.2
2001-04-05,0.0,8.8,23.6,16.3,1.81,7.7,57,89,32,12.2
2001-04-06,0.0,8.9,25.5,17.3,1.74,8.5,57,90,30,12.0
2001-04-07,0.0,12.6,19.5,16.0,4.18,15.5,47,72,26,12.3
2001-04-08,0.0,8.2,19.4,13.6,4.56,14.7,42,63,24,12.4
2001-04-09,0.0,5.0,22.9,14.9,1.84,8.5,38,76,15,12.5
2001-04-10,0.0,7.9,25.3,16.8,2.55,11.2,39,68,20,12.5
2001-04-11,0.0,11.0,22.1,16.6,3.89,15.3,31,49,15,12.5
2001-04-12,0.0,6.6,20.2,13.4,2.53,10.4,34,56,15,12.6
2001-04-13,0.0,5.7,21.2,13.5,2.21,10.9,49,83,22,12.6
2001-04-14,0.0,6.0,19.9,12.7,2.1,10.8,52,76,23,12.6
2001-04-15,0.0,4.8,22.9,13.8,1.65,10.1,59,99,23,12.7
2001-04-16,0.0,8.3,26.0,17.2,1.36,6.4,42,69,18,12.8
2001-04-17,0.9,11.1,21.2,15.5,2.58,11.8,56,90,36,11.2
2001-04-18,7.5,9.6,15.7,11.9,1.88,9.6,79,98,55,10.8
2001-04-19,0.1,6.9,17.1,11.9,1.49,7.3,77,99,48,12.1
2001-04-20,12.5,7.2,14.6,11.4,1.06,10.0,78,98,48,12.6
2001-04-21,0.0,3.5,16.0,10.2,3.13,12.6,42,70,24,13.1
2001-04-22,0.0,3.8,21.5,13.1,2.79,9.7,47,74,29,13.1
2001-04-23,0.0,12.6,22.4,17.4,3.42,13.2,52,71,36,13.1
2001-04-24,0.0,9.8,26.0,17.9,2.16,11.1,58,89,27,13.1
2001-04-25,0.0,14.1,24.0,18.2,2.23,9.5,54,73,29,11.4
2001-04-26,0.1,12.7,20.8,15.8,2.26,11.2,57,75,39,10.2
2001-04-27,2.3,11.2,20.6,15.0,0.9,8.0,61,84,32,11.7
2001-04-28,0.0,7.8,21.4,14.3,1.86,10.1,62,87,29,13.4
2001-04-29,0.0,7.7,21.4,14.9,1.87,9.4,66,98,36,12.3
2001-04-30,2.2,9.9,15.3,12.5,2.9,13.9,50,90,18,13.0
2001-05-01,1.6,4.6,13.4,9.4,2.6,13.7,49,69,34,13.6
2001-05-02,4.0,4.2,14.2,9.2,1.44,8.2,62,83,36,12.4
2001-05-03,6.5,5.8,13.3,8.9,1.58,11.6,77,95,54,8.3
2001-05-04,1.7,5.5,16.2,10.3,2.82,12.5,72,95,41,13.6
2001-05-05,0.0,9.2,16.4,12.4,2.95,10.8,63,80,46,13.6
2001-05-06,0.8,4.8,17.4,11.8,1.2,5.8,66,90,39,13.7
2001-05-07,0.0,6.3,19.3,13.0,2.1,9.6,65,94,32,13.5
2001-05-08,0.2,9.2,16.7,12.9,2.5,12.4,72,98,49,12.2
2001-05-09,19.0,7.2,14.6,11.5,1.72,9.4,82,95,71,9.1
2001-05-10,0.4,6.8,17.4,12.5,2.36,10.3,70,98,46,13.9
2001-05-11,0.0,9.4,20.6,15.0,2.88,10.4,61,82,40,13.9
2001-05-12,0.0,7.7,23.0,16.0,2.06,9.0,63,93,36,13.1
2001-05-13,0.3,8.7,24.0,16.9,1.55,8.3,61,90,34,14.0
2001-05-14,0.0,10.0,23.5,16.6,1.55,7.3,54,78,27,13.8
2001-05-15,0.0,14.0,23.5,18.5,1.93,8.2,56,75,42,11.9
2001-05-16,0.0,11.9,26.5,19.3,1.57,8.6,66,93,40,13.1
2001-05-17,2.0,12.6,27.8,20.2,1.45,8.3,65,91,34,12.1
2001-05-18,2.4,15.4,22.2,18.2,2.08,10.5,71,94,53,6.4
2001-05-19,3.1,13.3,17.7,15.3,1.4,6.9,79,99,61,7.4
2001-05-20,0.4,12.7,21.0,16.3,1.77,7.7,58,83,36,12.5
2001-05-21,1.7,10.6,19.1,15.6,1.76,7.8,64,88,46,13.6
2001-05-22,3.4,10.3,23.5,16.8,1.2,6.4,68,93,42,12.0
2001-05-23,5.9,13.0,22.7,17.7,1.84,8.2,69,95,47,13.9
2001-05-24,0.0,10.5,24.0,18.4,1.15,6.8,63,94,38,14.0
2001-05-25,0.0,11.6,27.9,20.3,1.59,8.3,56,86,27,14.0
2001-05-26,0.0,13.1,27.0,20.4,1.92,9.9,56,82,37,14.0
2001-05-27,0.0,14.0,26.2,20.2,1.92,10.3,50,71,32,14.0
2001-05-28,0.0,13.2,27.5,20.6,1.8,9.2,44,73,21,14.0
2001-05-29,0.0,13.8,27.9,21.2,1.96,9.5,36,53,21,14.0
2001-05-30,0.0,13.2,29.0,21.3,1.65,7.6,36,61,18,14.0
2001-05-31,0.0,12.0,30.7,22.0,1.57,7.7,41,75,14,14.0
2001-06-01,0.0,14.0,30.6,22.5,1.95,10.0,40,66,17,14.0
2001-06-02,0.0,14.6,32.4,23.8,1.1,8.9,46,79,18,14.0
2001-06-03,0.0,17.6,32.8,25.8,2.87,11.7,30,56,13,14.0
2001-06-04,0.0,18.1,30.7,23.7,2.28,11.9,44,68,30,14.0
2001-06-05,0.0,13.4,33.5,24.3,1.37,8.8,47,84,17,14.0
2001-06-06,0.0,14.6,31.9,22.9,2.38,13.7,43,72,18,14.0
2001-06-07,0.0,15.2,29.0,21.4,2.21,11.2,64,93,35,13.1
2001-06-08,0.0,14.0,33.9,24.4,1.1,9.4,50,89,18,14.0
2001-06-09,0.0,16.9,31.2,24.5,2.2,8.9,35,54,21,14.0
2001-06-10,2.5,19.1,25.9,21.9,1.48,7.9,48,61,35,12.1
2001-06-11,8.5,14.1,20.0,17.0,2.34,10.0,77,96,53,12.3
2001-06-12,0.0,12.9,24.5,18.4,1.73,9.3,65,94,35,14.0
2001-06-13,0.0,12.9,28.8,21.5,1.67,10.8,57,87,29,14.0
2001-06-14,0.0,14.7,31.9,23.9,1.84,11.2,49,79,27,14.0
2001-06-15,0.3,15.9,33.3,25.2,1.54,9.3,42,76,21,14.0
2001-06-16,0.0,17.1,28.2,22.9,2.41,10.6,28,48,17,14.0
2001-06-17,0.0,13.1,28.6,20.9,2.42,13.1,40,64,21,14.0
2001-06-18,0.0,15.4,25.9,20.0,2.12,9.8,60,91,37,14.0
2001-06-19,0.0,14.4,26.3,19.7,1.93,9.7,50,70,30,14.0
2001-06-20,0.0,13.5,29.9,21.6,1.86,8.7,41,72,16,14.0
2001-06-21,0.0,13.8,34.1,24.6,1.89,10.2,37,68,16,14.0
2001-06-22,0.0,15.8,35.5,26.4,2.01,10.7,30,62,13,14.0
2001-06-23,0.0,17.9,36.6,28.0,2.3,11.5,23,48,11,14.0
2001-06-24,0.0,18.4,34.9,27.5,2.42,12.0,23,48,13,14.0
2001-06-25,0.0,16.8,37.5,28.0,1.69,9.4,29,56,13,14.0
2001-06-26,0.0,19.1,37.4,28.5,1.45,7.1,29,50,10,14.0
2001-06-27,0.0,19.2,29.9,25.1,3.15,12.3,27,42,18,14.0
2001-06-28,0.0,16.6,29.8,23.3,2.11,10.4,39,55,25,14.0
2001-06-29,0.0,16.4,30.4,23.6,1.89,9.8,48,79,23,14.0
2001-06-30,0.0,16.1,31.2,24.0,1.93,9.8,40,70,21,14.0
2001-07-01,0.0,17.8,31.7,24.6,2.3,11.3,38,56,21,14.0
2001-07-02,0.0,15.0,33.2,24.8,2.05,10.1,39,68,16,14.0
2001-07-03,0.1,16.5,33.1,25.3,1.87,9.4,37,61,20,14.0
2001-07-04,0.0,17.8,34.2,26.4,1.61,10.0,43,70,20,14.0
2001-07-05,0.0,17.6,30.9,24.8,1.71,7.4,31,61,13,14.0
2001-07-06,0.0,15.4,28.3,22.3,2.77,11.4,36,57,26,14.0
2001-07-07,0.0,14.8,30.2,22.7,2.42,11.1,41,68,24,14.0
2001-07-08,0.8,15.9,33.1,24.7,1.91,9.9,41,70,17,14.0
2001-07-09,1.6,17.0,30.2,24.0,1.44,7.2,46,72,25,13.2
2001-07-10,0.0,17.7,31.6,24.7,1.67,10.0,46,70,28,14.0
2001-07-11,0.0,17.1,34.8,26.1,2.22,12.0,44,75,21,14.0
2001-07-12,0.0,17.6,35.1,26.6,2.1,12.5,44,67,23,14.0
2001-07-13,0.0,18.2,35.2,27.1,1.68,11.2,45,73,19,14.0
2001-07-14,0.0,18.5,34.2,26.9,1.75,9.0,32,58,11,14.0
2001-07-15,0.0,20.8,30.0,25.3,2.71,11.4,36,58,22,13.0
2001-07-16,4.6,18.9,30.8,23.8,1.76,9.4,58,92,20,12.0
2001-07-17,0.0,17.3,34.1,25.7,1.31,8.8,45,85,15,13.8
2001-07-18,0.0,17.3,32.9,25.7,2.36,9.3,26,50,13,13.9
2001-07-19,0.0,16.4,27.0,22.0,3.96,14.2,27,44,15,13.9
2001-07-20,0.0,14.6,29.2,21.7,2.22,11.0,37,69,19,13.9
2001-07-21,0.0,15.9,30.0,22.5,1.94,10.8,49,87,19,12.4
2001-07-22,0.0,16.2,33.3,25.0,1.81,10.2,41,67,16,11.9
2001-07-23,0.4,17.9,36.1,26.9,1.94,11.5,47,74,21,13.8
2001-07-24,0.0,17.8,35.3,26.7,1.96,12.0,53,88,16,13.9
2001-07-25,0.0,17.4,33.2,25.7,1.6,11.2,48,81,20,13.9
2001-07-26,0.0,18.0,32.6,25.4,2.07,10.7,46,69,23,13.8
2001-07-27,0.0,18.2,33.7,26.0,1.9,10.6,48,78,23,13.6
2001-07-28,0.0,19.4,29.9,24.5,2.0,10.1,58,78,36,12.9
2001-07-29,0.0,18.9,30.9,24.2,2.41,11.6,58,84,31,13.6
2001-07-30,0.0,20.6,29.7,25.0,1.96,9.7,53,70,38,7.3
2001-07-31,0.0,19.9,32.9,26.6,2.74,13.9,35,49,23,13.7
2001-08-01,0.0,19.6,36.0,27.6,1.94,9.2,36,52,21,13.6
2001-08-02,0.0,19.1,35.8,27.7,1.43,7.2,40,73,15,13.7
2001-08-03,0.0,19.2,34.5,27.0,2.32,12.7,41,69,21,13.6
2001-08-04,0.0,20.6,31.0,25.6,2.19,10.5,60,83,39,13.5
2001-08-05,0.0,19.5,31.0,24.3,2.23,11.3,67,94,35,13.2
2001-08-06,0.0,18.4,32.9,25.4,1.82,9.8,59,91,30,13.4
2001-08-07,0.0,18.3,34.7,26.5,2.29,11.5,49,80,23,13.4
2001-08-08,0.0,20.2,36.3,28.4,2.0,9.4,35,55,16,13.4
2001-08-09,0.0,18.8,34.7,27.1,2.04,11.4,39,53,22,13.4
2001-08-10,0.0,19.6,30.6,24.4,2.31,10.6,66,91,38,13.1
2001-08-11,0.0,18.9,29.5,23.6,2.37,10.4,64,87,40,13.2
2001-08-12,0.0,18.2,31.4,24.5,2.06,10.6,56,86,32,13.3
2001-08-13,0.0,17.1,31.9,24.5,1.98,11.2,55,90,25,13.2
2001-08-14,0.0,17.9,32.9,25.3,2.1,11.3,54,86,27,13.2
2001-08-15,0.0,19.3,33.1,25.7,1.64,8.4,56,82,30,12.9
2001-08-16,1.7,18.9,32.5,25.4,1.22,7.6,52,87,22,11.8
2001-08-17,3.8,19.5,27.6,23.3,1.83,9.0,64,87,45,12.3
2001-08-18,0.0,18.0,31.1,24.2,0.9,7.3,62,97,23,12.9
2001-08-19,0.0,17.0,33.6,25.3,1.47,8.4,45,69,21,12.4
2001-08-20,0.0,17.3,33.1,25.2,2.1,10.4,38,57,17,12.9
2001-08-21,0.0,17.6,33.5,25.3,1.68,9.8,55,82,27,12.9
2001-08-22,0.0,18.0,35.3,26.5,1.83,10.8,50,78,24,12.8
2001-08-23,0.4,18.3,34.3,26.6,1.32,8.8,49,73,27,12.3
2001-08-24,0.0,19.7,34.9,26.9,1.79,10.6,46,70,20,12.7
2001-08-25,0.0,18.2,32.9,26.0,2.11,11.7,44,69,26,11.0
2001-08-26,0.0,21.2,31.9,25.8,2.21,11.9,42,72,23,12.6
2001-08-27,0.0,18.2,31.5,24.7,2.11,11.0,49,68,31,12.5
2001-08-28,0.0,16.3,33.0,25.0,1.71,9.2,56,89,29,12.3
2001-08-29,0.0,17.7,32.5,25.4,1.83,8.2,44,75,16,12.4
2001-08-30,0.0,17.0,32.0,24.7,2.01,11.7,39,64,18,12.4
2001-08-31,0.4,17.6,27.3,22.6,1.9,9.2,54,75,41,12.0
2001-09-01,1.8,18.5,27.2,21.8,2.06,9.4,75,98,44,10.2
2001-09-02,2.5,18.5,24.5,20.8,2.28,10.6,80,89,66,8.0
2001-09-03,0.0,16.3,28.1,22.2,2.0,10.0,66,97,41,12.0
2001-09-04,0.0,15.1,33.5,24.4,1.82,9.6,53,91,20,12.0
2001-09-05,0.0,18.9,29.4,23.5,1.81,9.3,63,84,42,12.0
2001-09-06,1.2,18.7,28.7,22.6,1.65,8.9,73,94,41,12.0
2001-09-07,2.4,16.2,25.3,20.1,1.61,7.3,77,97,52,11.8
2001-09-08,0.0,15.8,26.9,20.9,1.62,7.9,66,99,32,11.8
2001-09-09,0.0,13.7,31.2,22.5,1.52,9.7,53,90,22,12.0
2001-09-10,0.0,14.8,29.2,21.5,2.09,12.0,54,84,30,12.0
2001-09-11,0.3,17.9,28.2,21.9,1.64,8.6,72,92,41,10.9
2001-09-12,0.9,17.8,27.4,21.4,1.55,9.1,75,99,43,10.2
2001-09-13,0.0,15.3,29.3,22.1,2.04,9.7,60,99,27,11.7
2001-09-14,0.0,15.5,31.1,23.2,1.64,9.1,40,63,19,12.0
2001-09-15,0.6,16.9,24.4,20.3,2.21,8.9,75,93,59,8.0
2001-09-16,0.0,14.8,29.0,21.7,1.4,8.3,70,97,39,12.0
2001-09-17,0.3,15.8,30.1,22.5,0.97,9.1,60,88,26,11.8
2001-09-18,3.1,15.4,21.0,17.9,2.7,9.6,81,97,54,4.4
2001-09-19,6.9,15.9,20.8,17.7,2.1,8.9,91,99,73,2.8
2001-09-20,1.6,15.6,24.3,19.1,1.78,8.0,79,99,49,10.0
2001-09-21,0.0,15.3,24.1,19.4,1.85,8.6,78,100,48,8.9
2001-09-22,5.1,15.8,20.3,18.2,1.74,11.5,90,99,77,1.5
2001-09-23,0.0,13.9,22.0,17.8,2.97,12.7,63,85,42,12.0
2001-09-24,0.0,15.0,23.3,18.7,2.72,10.0,58,79,37,11.9
2001-09-25,0.0,10.7,24.1,17.5,1.32,6.1,58,90,30,11.9
2001-09-26,1.2,11.4,22.2,17.4,1.63,8.5,58,80,44,8.6
2001-09-27,0.7,12.0,22.8,17.4,1.93,8.7,71,94,50,9.1
2001-09-28,3.7,15.7,21.3,17.7,0.96,7.0,86,98,68,5.0
2001-09-29,6.0,13.6,22.1,17.4,0.71,8.9,84,99,59,9.3
2001-09-30,0.0,12.5,24.4,18.3,1.28,5.2,73,96,40,11.7
2001-10-01,0.0,12.2,25.4,18.7,1.46,7.1,71,89,45,11.6
2001-10-02,0.0,13.5,25.9,19.2,1.38,6.4,74,99,44,11.0
2001-10-03,0.0,13.4,27.0,20.4,1.15,6.7,69,94,42,10.7
2001-10-04,0.0,16.7,26.6,20.8,1.56,8.5,69,87,48,10.5
2001-10-05,0.3,14.9,28.1,21.0,0.9,7.7,68,94,38,10.1
2001-10-06,0.2,14.0,26.3,19.1,1.76,10.0,66,88,31,9.0
2001-10-07,0.0,14.4,23.0,18.4,2.24,7.8,59,86,34,11.4
2001-10-08,0.0,9.8,24.1,16.7,1.54,6.7,56,82,29,11.2
2001-10-09,0.6,10.2,19.6,14.8,1.13,6.8,69,86,49,10.8
2001-10-10,12.2,12.2,16.3,13.9,2.14,12.1,93,98,83,0.5
2001-10-11,5.4,15.7,22.6,18.4,3.1,15.8,90,99,74,9.6
2001-10-12,3.1,14.9,21.9,18.1,1.39,11.2,89,98,74,4.8
2001-10-13,1.5,12.2,22.9,17.8,1.22,10.7,75,99,43,10.7
2001-10-14,0.0,12.0,22.7,16.7,1.28,6.0,72,88,47,10.7
2001-10-15,0.0,11.9,23.2,17.2,1.09,3.9,69,91,42,10.1
2001-10-16,0.0,12.0,22.5,17.2,1.81,8.8,70,89,49,10.6
2001-10-17,0.0,14.0,23.2,17.4,1.49,7.8,78,96,50,10.0
2001-10-18,0.2,12.5,23.6,17.6,1.59,8.6,75,92,46,10.5
2001-10-19,0.0,11.6,23.4,17.4,1.73,10.4,72,94,46,8.4
2001-10-20,1.0,14.0,19.2,16.5,2.3,13.3,66,87,47,9.2
2001-10-21,0.0,10.7,20.9,15.6,1.62,6.9,66,87,43,10.2
2001-10-22,0.0,9.0,23.7,15.6,1.18,6.4,70,90,40,10.0
2001-10-23,0.0,11.8,23.2,16.7,1.26,6.2,68,91,39,9.4
2001-10-24,0.0,10.1,22.2,16.0,1.51,6.5,66,85,46,10.3
2001-10-25,0.0,9.6,20.1,14.6,1.32,7.0,79,98,54,8.8
2001-10-26,0.4,10.1,19.7,14.7,1.01,5.2,79,97,56,8.5
2001-10-27,0.0,9.1,23.1,15.5,1.3,7.2,77,96,44,10.1
2001-10-28,0.0,11.4,22.6,16.4,1.42,7.8,78,94,51,9.3
2001-10-29,0.0,10.7,23.6,16.5,1.27,7.5,68,96,39,10.1
2001-10-30,0.0,9.9,24.6,16.5,1.51,7.9,59,81,31,10.1
2001-10-31,0.0,9.3,23.2,16.0,1.19,5.7,54,73,31,10.1
2001-11-01,0.4,11.1,20.5,15.2,1.44,7.1,63,93,52,10.0
2001-11-02,6.3,9.4,14.4,12.1,1.77,6.4,95,99,89,1.3
2001-11-03,0.0,7.2,16.2,11.2,1.43,5.8,81,99,55,10.0
2001-11-04,0.0,8.7,17.1,12.4,1.1,5.8,78,96,53,6.5
2001-11-05,12.2,12.1,15.3,13.2,1.16,8.8,97,100,88,0.4
2001-11-06,12.4,12.3,15.7,13.2,1.14,5.0,98,100,94,1.0
2001-11-07,0.0,11.8,17.8,14.2,1.01,5.3,84,99,61,10.0
2001-11-08,0.0,7.7,19.1,12.8,1.7,8.3,70,96,37,9.9
2001-11-09,0.0,5.4,10.3,9.0,3.98,14.6,56,79,33,5.5
2001-11-10,0.0,1.4,6.5,3.8,5.26,14.6,38,49,29,4.9
2001-11-11,1.2,3.6,8.6,6.1,3.76,12.3,48,55,37,3.8
2001-11-12,0.0,5.5,12.9,8.7,3.67,12.9,52,60,43,9.9
2001-11-13,0.0,7.6,14.9,10.5,5.01,14.4,61,71,49,9.9
2001-11-14,2.5,3.1,10.0,7.3,5.59,18.7,59,73,36,9.9
2001-11-15,7.5,1.7,7.7,3.9,2.29,10.1,71,93,52,5.8
2001-11-16,0.3,2.3,8.6,4.9,1.48,9.4,86,98,62,8.9
2001-11-17,0.0,2.5,11.8,6.8,0.93,5.5,81,97,56,9.8
2001-11-18,0.0,3.1,13.8,8.0,1.32,4.7,72,95,43,9.8
2001-11-19,0.1,2.5,11.9,6.8,1.96,8.6,70,90,46,9.8
2001-11-20,0.0,0.2,11.1,5.5,1.99,6.7,72,86,52,9.0
2001-11-21,3.4,3.4,8.6,6.2,2.05,8.0,94,97,89,0.9
2001-11-22,17.2,6.7,7.8,7.2,2.07,6.4,96,98,94,0.0
2001-11-23,0.2,2.8,13.0,7.3,1.7,5.8,72,94,40,9.7
2001-11-24,0.0,3.3,11.0,7.3,1.19,4.5,77,92,66,5.7
2001-11-25,0.0,4.1,12.7,7.7,0.96,4.7,83,99,57,8.8
2001-11-26,0.0,1.6,14.0,7.1,0.93,4.1,79,99,50,8.9
2001-11-27,0.0,5.4,10.4,7.8,1.39,5.2,84,92,74,2.2
2001-11-28,0.0,1.9,12.5,6.7,1.78,6.8,70,97,32,9.6
2001-11-29,0.0,1.7,14.3,6.7,2.06,9.1,72,89,49,9.6
2001-11-30,0.0,1.2,17.2,7.6,1.39,4.5,72,92,39,9.6
2001-12-01,0.0,3.0,17.7,9.0,1.67,4.8,63,87,38,9.6
2001-12-02,0.0,1.9,14.6,8.0,1.08,4.8,72,91,54,9.5
2001-12-03,0.0,1.9,14.1,7.1,1.1,5.0,82,97,59,9.5
2001-12-04,0.0,2.0,17.0,8.3,1.23,4.4,71,95,39,9.5
2001-12-05,0.0,2.5,18.9,9.1,1.38,4.5,62,84,29,9.5
2001-12-06,0.0,2.2,17.2,8.6,1.22,4.0,62,81,34,9.5
2001-12-07,0.0,3.4,16.0,9.0,1.27,4.4,64,80,37,9.5
2001-12-08,0.4,4.1,11.8,8.2,1.56,6.9,80,97,64,7.8
2001-12-09,1.7,5.3,9.5,7.6,2.01,8.3,88,98,67,8.6
2001-12-10,0.8,3.5,8.5,5.6,1.8,8.5,89,98,70,6.1
2001-12-11,2.8,5.1,7.0,6.1,2.22,9.2,93,99,86,2.2
2001-12-12,0.0,1.3,8.1,5.1,1.36,6.1,85,98,66,6.2
2001-12-13,0.0,1.2,13.0,6.3,1.24,6.1,82,96,56,9.3
2001-12-14,0.2,3.5,12.8,8.0,2.24,10.8,75,94,52,9.0
2001-12-15,11.9,-1.2,7.1,3.2,2.02,9.8,84,100,46,3.2
2001-12-16,0.0,-3.6,6.1,0.5,1.6,7.5,66,86,49,9.4
2001-12-17,0.5,-3.3,6.8,1.6,1.77,10.8,83,96,70,7.6
2001-12-18,9.1,2.9,5.4,4.1,2.82,10.9,94,97,88,0.1
2001-12-19,5.9,3.2,6.2,4.3,2.18,8.0,95,98,83,6.1
2001-12-20,0.5,1.3,6.5,4.3,1.6,6.0,92,99,79,4.0
2001-12-21,0.0,0.1,7.2,3.4,1.19,6.4,91,99,76,4.5
2001-12-22,0.0,1.7,12.1,5.8,1.2,4.5,87,99,67,7.9
2001-12-23,16.1,2.5,7.2,5.4,1.39,7.2,97,100,95,0.0
2001-12-24,8.4,1.5,3.8,2.5,1.44,5.9,94,99,88,0.1
2001-12-25,1.5,2.4,7.9,4.4,0.81,5.0,88,99,67,6.2
2001-12-26,0.0,1.6,9.3,4.3,2.32,10.9,76,90,51,9.3
2001-12-27,0.0,-1.6,9.5,2.9,1.88,7.0,70,83,46,9.4
2001-12-28,0.0,-2.0,12.0,3.2,1.09,3.8,68,84,38,8.7
2001-12-29,0.0,-1.2,15.1,4.8,1.45,5.9,65,83,42,9.3
2001-12-30,0.0,4.6,18.7,9.7,2.11,6.7,58,81,44,8.9
2001-12-31,2.0,6.4,18.0,11.0,1.66,5.6,82,96,62,6.7
2002-01-01,4.5,6.7,10.5,8.5,2.3,8.2,97,100,93,0.0
2002-01-02,3.0,6.4,9.2,7.5,1.27,8.3,97,100,88,0.0
2002-01-03,4.6,4.8,10.5,8.0,0.92,6.5,94,100,85,1.2
2002-01-04,0.0,3.1,10.1,6.3,2.63,10.2,89,96,72,6.4
2002-01-05,4.5,5.4,8.3,7.4,2.98,10.6,94,99,85,5.9
2002-01-06,0.7,4.6,7.6,5.6,1.99,9.6,89,97,74,6.2
2002-01-07,0.0,2.3,7.8,4.7,1.67,8.4,87,97,67,7.1
2002-01-08,0.0,3.8,8.0,5.3,1.72,9.0,88,98,68,6.5
2002-01-09,0.0,2.2,8.8,5.4,1.49,6.2,87,98,69,4.3
2002-01-10,0.0,4.4,9.6,6.5,1.19,4.0,88,98,72,5.2
2002-01-11,0.0,2.8,11.3,6.2,1.12,4.0,86,100,65,9.0
2002-01-12,0.0,0.8,12.3,5.7,0.91,4.3,83,97,57,9.0
2002-01-13,0.0,1.0,14.5,6.8,1.09,5.1,76,94,51,7.5
2002-01-14,0.0,5.0,12.4,8.7,2.31,9.5,74,90,52,9.4
2002-01-15,0.0,-0.2,13.3,5.6,1.58,6.1,75,92,44,9.5
2002-01-16,0.0,2.3,10.7,5.9,3.38,11.2,70,87,48,9.6
2002-01-17,0.0,-1.4,12.4,4.7,1.27,5.2,72,89,44,9.6
2002-01-18,0.3,0.1,9.7,4.6,1.6,8.0,79,91,59,9.5
2002-01-19,0.0,-0.7,12.0,5.0,1.38,4.4,76,94,49,9.6
2002-01-20,0.0,0.1,12.8,5.4,1.34,5.3,79,92,53,9.4
2002-01-21,0.0,-0.1,14.5,5.9,1.3,5.8,79,97,48,9.3
2002-01-22,0.0,5.5,14.0,9.3,1.62,8.3,74,89,44,9.4
2002-01-23,0.0,5.0,16.4,9.9,1.76,8.5,75,94,43,7.6
2002-01-24,0.0,4.9,12.4,8.8,2.63,12.2,68,87,52,9.6
2002-01-25,0.0,1.8,15.2,6.9,1.41,4.8,73,95,41,9.6
2002-01-26,0.0,4.2,16.8,9.1,2.07,6.9,74,88,49,9.7
2002-01-27,0.0,0.9,18.4,8.3,1.4,4.6,69,94,36,9.7
2002-01-28,0.0,2.3,18.5,9.4,1.27,4.1,57,84,29,9.8
2002-01-29,0.0,2.4,16.8,9.4,1.01,3.9,56,72,35,9.7
2002-01-30,0.0,1.7,16.2,8.3,0.99,4.0,60,82,32,9.0
2002-01-31,0.0,4.7,15.2,9.1,1.99,8.9,70,89,39,9.2
2002-02-01,0.0,-0.1,16.3,7.2,1.41,5.5,68,88,38,9.9
2002-02-02,0.0,-0.4,16.1,7.2,1.11,5.6,65,89,35,10.0
2002-02-03,0.0,0.6,17.4,8.3,1.08,6.0,68,86,38,8.8
2002-02-04,0.2,3.9,15.2,9.1,1.57,7.3,74,95,48,10.1
2002-02-05,0.0,3.9,16.4,9.5,2.28,9.9,75,91,52,9.9
2002-02-06,0.0,6.4,12.1,9.0,5.62,18.0,56,73,37,9.1
2002-02-07,0.0,4.8,11.9,8.1,4.23,15.6,60,69,47,10.2
2002-02-08,0.0,1.1,14.8,8.0,1.54,7.5,71,96,42,10.3
2002-02-09,0.0,1.5,19.5,9.2,0.94,4.1,69,91,34,10.4
2002-02-10,0.0,3.3,19.5,10.7,1.45,4.8,65,88,35,10.2
2002-02-11,0.0,3.1,19.8,10.8,1.18,4.4,63,89,30,10.5
2002-02-12,0.0,3.4,19.8,10.8,1.31,4.5,65,84,39,10.5
2002-02-13,0.0,3.7,20.5,11.1,1.15,4.7,69,91,38,10.6
2002-02-14,0.0,5.3,16.1,10.1,2.05,9.5,70,90,45,10.6
2002-02-15,0.0,1.1,11.8,6.8,1.82,8.3,53,75,40,10.7
2002-02-16,0.0,1.4,11.5,6.0,1.68,8.5,66,89,46,10.7
2002-02-17,0.7,4.1,8.1,5.8,1.36,6.2,85,97,68,2.6
2002-02-18,0.0,0.3,12.0,5.7,1.58,6.7,78,99,45,10.5
2002-02-19,0.0,0.3,10.9,6.0,1.59,6.7,71,98,41,10.8
2002-02-20,0.0,-1.3,15.3,6.6,1.67,6.6,58,87,27,10.8
2002-02-21,0.2,7.1,14.3,10.1,3.99,15.0,46,63,33,10.8
2002-02-22,0.0,5.8,14.6,9.8,3.31,11.9,44,69,37,10.8
2002-02-23,0.0,2.3,18.6,9.6,2.12,8.4,60,87,31,10.8
2002-02-24,0.0,4.3,19.3,11.4,1.65,5.8,54,77,31,10.8
2002-02-25,0.0,2.9,20.3,10.9,0.98,4.6,61,87,28,10.9
2002-02-26,0.0,4.3,22.6,12.0,1.49,5.3,53,81,20,10.9
2002-02-27,0.0,4.6,22.7,12.4,2.14,7.4,41,61,15,10.9
2002-02-28,0.0,5.1,18.9,11.4,1.79,7.1,55,77,33,10.9
2002-03-01,1.1,5.6,15.5,9.6,2.02,9.3,74,93,50,7.5
2002-03-02,1.8,5.6,12.1,8.5,1.31,8.7,65,94,38,9.7
2002-03-03,1.9,4.3,11.3,7.4,2.71,15.1,75,98,53,7.1
2002-03-04,29.5,4.2,8.4,6.4,1.69,8.3,93,99,79,0.1
2002-03-05,0.0,3.9,11.9,7.2,3.44,13.9,76,96,48,10.9
2002-03-06,0.0,4.4,13.1,8.3,3.39,11.5,59,71,39,9.1
2002-03-07,0.5,4.3,10.4,7.2,1.75,8.5,74,88,58,3.6
2002-03-08,0.0,2.4,13.2,7.9,2.02,8.0,74,89,50,11.1
2002-03-09,0.0,4.4,17.8,10.5,2.01,9.9,67,92,36,11.2
2002-03-10,0.0,4.6,18.7,11.3,1.74,8.7,72,93,40,11.2
2002-03-11,0.0,4.6,17.6,10.7,1.51,9.2,79,95,50,9.8
2002-03-12,0.0,5.9,17.2,11.2,1.63,9.4,72,93,46,8.5
2002-03-13,1.3,5.3,15.3,9.1,1.71,13.5,77,94,58,9.1
2002-03-14,1.2,3.1,14.8,8.3,2.24,11.5,71,90,50,11.1
2002-03-15,0.0,5.4,17.1,10.5,2.49,10.6,67,95,37,11.6
2002-03-16,9.4,6.8,10.2,8.6,1.36,9.1,91,100,71,2.1
2002-03-17,0.0,6.3,13.6,9.4,3.15,10.2,63,81,43,11.1
2002-03-18,0.0,8.6,18.2,12.4,2.7,11.4,68,87,46,10.5
2002-03-19,0.0,7.4,22.0,13.6,2.02,6.8,69,92,38,11.7
2002-03-20,0.0,6.4,24.1,15.2,1.63,5.5,61,88,34,11.7
2002-03-21,0.0,8.2,25.4,16.5,1.26,4.6,56,79,28,11.8
2002-03-22,0.0,9.1,25.1,16.9,1.6,5.4,55,79,30,11.8
2002-03-23,0.0,8.5,25.9,16.8,1.87,6.9,51,74,24,11.8
2002-03-24,0.0,9.2,21.7,15.2,1.73,9.2,61,88,45,11.8
2002-03-25,0.0,6.1,19.8,12.4,2.22,9.7,70,93,47,11.9
2002-03-26,0.0,7.7,16.1,11.2,1.88,8.6,71,86,52,10.2
2002-03-27,0.0,4.5,15.4,9.5,2.24,11.5,66,94,40,11.9
2002-03-28,1.7,5.1,11.5,8.1,3.87,17.4,74,94,58,9.1
2002-03-29,3.3,6.2,12.4,8.6,3.36,12.0,80,96,60,7.7
2002-03-30,0.0,5.1,15.7,10.3,1.25,7.0,72,93,50,11.8
2002-03-31,0.0,3.6,16.6,10.3,1.89,9.1,71,96,44,12.0
2002-04-01,0.0,6.0,15.6,10.4,2.04,10.1,74,95,46,10.8
2002-04-02,24.7,4.5,9.1,7.0,4.66,15.6,89,98,76,0.0
2002-04-03,0.1,5.4,11.4,8.5,4.95,22.9,67,84,43,12.0
2002-04-04,0.0,4.6,14.1,8.6,5.44,16.9,47,67,26,12.1
2002-04-05,0.0,2.6,18.7,10.1,1.85,7.2,61,87,37,12.1
2002-04-06,8.1,6.1,13.8,10.1,1.31,9.1,85,93,70,11.2
2002-04-07,0.8,5.4,13.6,9.8,2.32,11.5,75,95,51,12.0
2002-04-08,3.7,6.4,16.4,11.4,1.54,7.9,77,99,48,12.3
2002-04-09,1.8,5.2,16.4,10.9,1.17,7.2,73,92,49,8.1
2002-04-10,1.3,4.8,18.1,11.7,1.2,6.3,68,92,43,12.2
2002-04-11,13.8,7.3,12.4,9.5,1.18,7.2,83,96,71,2.2
2002-04-12,3.2,4.5,10.9,7.6,3.96,13.5,73,98,49,10.4
2002-04-13,1.1,6.8,16.3,11.0,2.89,11.3,68,84,46,11.6
2002-04-14,11.7,5.6,14.4,9.6,1.64,8.8,83,97,62,10.1
2002-04-15,7.7,4.4,14.0,9.3,0.96,7.6,82,99,64,12.1
2002-04-16,0.0,2.5,16.9,9.9,1.67,9.6,68,90,37,12.8
2002-04-17,0.0,4.7,17.7,11.4,1.33,7.6,72,96,42,12.7
2002-04-18,0.2,5.8,18.2,11.9,1.53,8.2,73,93,49,11.0
2002-04-19,0.2,4.7,18.5,12.1,1.41,8.2,76,96,51,12.7
2002-04-20,0.0,6.0,21.1,13.9,1.32,7.0,69,95,38,12.9
2002-04-21,0.0,9.1,21.6,14.6,2.52,12.8,64,87,36,13.1
2002-04-22,0.0,5.2,18.7,12.5,1.73,8.9,63,97,36,13.1
2002-04-23,0.0,5.5,21.2,13.6,1.49,6.3,58,87,31,13.2
2002-04-24,0.0,7.3,23.4,15.4,1.68,9.9,54,81,32,13.2
2002-04-25,0.0,10.3,26.5,18.2,2.26,8.4,50,71,26,13.3
2002-04-26,0.0,9.8,27.5,19.0,0.96,5.7,54,82,24,13.4
2002-04-27,0.0,13.3,25.6,19.5,2.79,12.3,50,72,34,13.3
2002-04-28,0.0,9.6,26.9,18.5,1.08,7.6,58,89,28,13.5
2002-04-29,0.0,12.4,25.2,18.4,2.29,12.1,63,86,36,13.2
2002-04-30,0.0,10.9,22.9,16.5,1.73,9.3,74,99,47,13.5
2002-05-01,0.0,10.1,24.9,17.7,1.67,8.3,58,91,28,13.6
2002-05-02,0.0,10.6,18.2,14.6,3.73,13.8,43,61,26,13.7
2002-05-03,0.0,7.1,14.9,10.9,4.7,16.4,51,71,32,13.7
2002-05-04,0.0,4.9,18.2,11.9,2.95,11.6,38,64,22,13.7
2002-05-05,0.0,5.0,17.7,11.7,2.08,10.4,47,71,32,10.2
2002-05-06,13.3,8.0,11.5,9.4,2.65,11.5,84,95,52,0.3
2002-05-07,34.6,6.2,8.7,7.7,4.47,13.9,92,97,85,0.0
2002-05-08,2.2,7.3,16.3,11.3,2.25,9.6,71,91,50,13.9
2002-05-09,0.3,7.9,17.2,12.6,2.47,9.5,66,88,48,12.8
2002-05-10,6.8,9.6,16.7,13.4,1.89,8.5,77,91,65,12.4
2002-05-11,1.6,9.1,15.8,12.5,2.81,12.1,66,85,46,13.9
2002-05-12,0.0,5.8,21.3,13.6,2.13,9.6,62,86,37,13.9
2002-05-13,0.0,6.7,25.5,16.5,1.04,7.1,61,89,32,13.9
2002-05-14,0.0,8.9,25.6,17.6,1.91,8.7,60,82,37,14.0
2002-05-15,0.0,10.9,24.6,18.1,1.78,9.6,63,88,42,11.8
2002-05-16,0.0,10.9,26.4,19.0,2.0,10.0,57,82,35,14.0
2002-05-17,0.0,11.6,27.1,19.0,1.88,13.4,56,87,35,14.0
2002-05-18,0.0,11.6,22.7,17.4,2.63,10.2,45,70,33,14.0
2002-05-19,0.0,12.7,23.2,18.0,1.7,7.5,48,71,36,14.0
2002-05-20,0.0,10.1,24.0,17.0,1.79,8.6,51,83,26,14.0
2002-05-21,0.0,10.1,28.1,19.1,1.79,9.0,51,74,29,14.0
2002-05-22,0.0,11.7,26.1,19.1,2.21,12.7,53,78,36,14.0
2002-05-23,0.0,11.8,21.1,16.3,4.08,14.5,39,60,21,14.0
2002-05-24,0.0,8.2,26.5,17.5,1.37,6.3,45,71,25,14.0
2002-05-25,0.0,12.0,27.6,20.4,1.68,8.5,46,74,22,14.0
2002-05-26,0.0,10.5,27.0,19.9,1.55,8.8,41,72,22,14.0
2002-05-27,0.0,13.3,24.5,18.4,2.94,10.8,41,59,22,14.0
2002-05-28,0.0,10.9,24.8,18.0,1.87,10.3,59,87,35,14.0
2002-05-29,0.0,10.4,25.4,18.4,2.31,11.8,50,83,26,14.0
2002-05-30,0.4,11.1,23.1,17.8,1.98,10.1,50,69,34,13.0
2002-05-31,3.0,12.6,25.1,18.7,2.17,12.0,63,91,44,12.0
2002-06-01,0.0,12.7,27.3,20.6,1.95,8.5,55,82,38,14.0
2002-06-02,0.0,14.5,29.7,22.6,1.93,9.7,50,78,30,14.0
2002-06-03,0.0,14.6,30.5,23.0,1.48,9.0,54,84,32,14.0
2002-06-04,1.6,15.8,23.6,19.5,3.09,16.7,62,88,30,13.1
2002-06-05,1.1,13.6,21.1,17.4,3.81,15.4,51,75,34,14.0
2002-06-06,0.0,9.7,22.5,17.2,3.15,13.8,46,73,32,13.8
2002-06-07,0.0,11.7,24.4,18.3,2.91,11.6,51,73,32,14.0
2002-06-08,0.0,15.0,20.4,17.2,3.69,14.5,46,66,26,11.6
2002-06-09,0.0,8.9,24.5,17.1,2.12,9.5,40,67,25,14.0
2002-06-10,0.0,11.5,30.3,21.0,2.08,11.4,42,74,23,14.0
2002-06-11,0.0,16.5,27.3,21.5,2.11,10.3,40,50,32,14.0
2002-06-12,0.0,14.8,27.7,21.3,2.0,10.5,46,73,26,13.0
2002-06-13,0.0,15.3,26.2,21.2,2.07,10.6,37,56,23,13.0
2002-06-14,0.0,15.0,28.8,22.3,2.03,9.9,33,51,20,14.0
2002-06-15,0.0,15.3,30.4,23.2,2.25,10.7,35,54,22,14.0
2002-06-16,0.0,17.4,31.3,24.3,2.1,11.3,34,52,21,14.0
2002-06-17,0.0,16.2,32.6,24.7,1.98,10.0,32,55,17,14.0
2002-06-18,0.0,15.8,32.7,24.8,2.19,10.5,35,61,17,14.0
2002-06-19,0.0,18.0,31.4,24.7,2.28,11.4,37,57,22,14.0
2002-06-20,0.0,16.6,31.1,24.0,2.24,11.8,40,68,21,14.0
2002-06-21,0.0,15.5,33.8,25.4,1.64,8.2,44,78,22,14.0
2002-06-22,0.0,18.2,33.7,26.2,1.79,9.4,44,72,22,14.0
2002-06-23,0.0,17.1,34.0,26.2,1.79,10.5,45,78,20,14.0
2002-06-24,0.0,20.1,29.0,24.4,2.21,11.0,54,73,40,14.0
2002-06-25,0.0,17.4,28.9,22.9,2.68,13.7,66,96,36,14.0
2002-06-26,0.0,18.2,30.0,23.7,2.53,13.6,53,75,31,13.3
2002-06-27,0.6,16.4,34.8,25.3,1.32,9.2,50,76,25,12.4
2002-06-28,0.0,18.6,33.4,25.9,2.17,11.3,49,71,25,14.0
2002-06-29,0.0,19.1,31.9,24.0,2.32,11.9,68,97,26,12.3
2002-06-30,1.8,18.0,25.9,21.4,2.44,11.6,78,97,52,10.8
2002-07-01,42.0,16.3,21.5,18.7,1.95,7.6,84,99,67,11.8
2002-07-02,0.0,15.0,29.0,22.0,1.65,9.7,63,95,32,14.0
2002-07-03,0.0,16.3,31.7,24.2,1.17,5.6,54,75,29,14.0
2002-07-04,0.0,17.2,29.5,23.6,2.53,10.1,53,82,36,14.0
2002-07-05,0.0,16.8,29.0,22.5,1.96,9.8,76,98,47,14.0
2002-07-06,0.0,16.1,29.1,22.7,1.87,9.8,71,95,41,14.0
2002-07-07,0.0,16.2,27.4,21.9,1.84,8.6,71,95,48,14.0
2002-07-08,0.0,15.3,28.8,22.5,1.61,7.5,67,95,43,14.0
2002-07-09,0.0,16.1,31.4,24.0,1.37,7.6,61,93,27,14.0
2002-07-10,0.0,16.3,31.7,24.4,2.15,11.0,42,68,25,14.0
2002-07-11,0.0,19.7,28.9,23.7,1.95,9.3,58,79,43,14.0
2002-07-12,0.3,16.7,30.9,23.8,1.79,9.6,68,99,38,14.0
2002-07-13,0.2,18.6,29.7,23.2,1.74,13.1,64,88,32,13.7
2002-07-14,0.1,17.6,25.8,21.1,2.75,11.5,55,96,18,14.0
2002-07-15,0.0,12.7,27.3,20.2,1.66,9.2,57,92,29,14.0
2002-07-16,0.0,13.1,28.2,21.1,1.84,9.3,52,84,29,14.0
2002-07-17,0.0,14.5,28.4,21.9,1.97,9.0,54,80,32,14.0
2002-07-18,0.0,14.3,30.6,22.7,1.95,9.9,55,87,28,13.9
2002-07-19,0.0,15.4,32.4,24.4,2.0,10.5,47,80,22,13.9
2002-07-20,0.0,15.9,31.2,24.4,2.13,10.2,43,70,20,13.9
2002-07-21,0.0,16.9,33.5,25.5,1.62,9.4,52,80,29,13.9
2002-07-22,0.0,18.6,32.5,25.8,1.63,9.9,59,89,37,13.9
2002-07-23,0.0,16.2,31.1,24.4,1.72,7.3,37,69,20,13.9
2002-07-24,0.0,17.9,31.3,24.6,2.73,9.5,40,68,18,13.9
2002-07-25,0.0,16.6,33.1,25.0,1.65,10.6,57,94,24,13.9
2002-07-26,0.0,19.3,31.9,25.4,2.07,9.8,49,74,27,13.8
2002-07-27,0.0,17.5,30.8,24.2,1.9,9.7,56,79,36,13.8
2002-07-28,0.0,18.8,31.4,24.6,2.04,10.3,55,86,30,13.8
2002-07-29,0.0,16.2,33.6,25.2,2.03,10.3,47,79,22,13.8
2002-07-30,0.0,17.4,31.4,24.6,1.96,9.9,49,72,28,13.8
2002-07-31,0.0,18.4,28.6,23.1,2.19,10.1,67,96,40,13.6
2002-08-01,0.2,17.9,30.3,23.2,2.17,12.0,72,98,38,13.1
2002-08-02,0.0,18.6,30.5,23.3,2.17,9.7,73,96,42,12.7
2002-08-03,0.3,18.8,31.8,24.9,1.65,8.8,67,95,38,13.3
2002-08-04,0.0,17.5,33.6,25.8,1.73,10.4,53,82,24,13.6
2002-08-05,0.0,17.4,31.8,25.4,1.31,7.2,50,74,29,10.9
2002-08-06,0.0,18.3,33.8,25.7,2.16,11.7,43,63,17,13.6
2002-08-07,0.0,19.2,29.1,23.7,2.24,10.1,71,99,43,13.0
2002-08-08,0.0,20.0,29.8,23.9,2.27,9.2,73,96,37,12.2
2002-08-09,1.4,19.7,31.2,24.7,1.86,9.4,61,95,24,13.0
2002-08-10,0.0,20.4,26.7,23.7,3.61,13.4,42,53,30,9.3
2002-08-11,0.0,16.9,29.0,23.2,2.28,8.5,40,75,12,13.2
2002-08-12,0.0,15.2,32.4,23.9,1.39,8.4,38,56,22,13.3
2002-08-13,0.0,18.2,31.5,24.4,1.8,9.4,50,74,27,13.3
2002-08-14,0.0,16.5,33.0,24.7,1.92,10.0,54,85,24,12.6
2002-08-15,0.0,18.0,32.5,25.4,1.42,8.5,54,82,28,12.9
2002-08-16,0.0,18.8,30.5,25.1,1.71,8.3,58,89,33,13.1
2002-08-17,0.0,17.5,31.3,24.6,1.67,9.2,54,87,27,13.1
2002-08-18,0.0,16.8,31.4,24.4,1.95,10.6,51,80,23,12.8
2002-08-19,0.0,17.4,31.1,24.2,1.95,9.2,55,86,27,13.0
2002-08-20,0.0,17.1,31.3,24.3,1.57,8.0,65,95,32,12.8
2002-08-21,0.8,18.8,28.7,23.4,1.47,8.6,70,97,44,10.9
2002-08-22,2.1,16.7,29.7,22.9,1.9,10.0,68,96,36,12.6
2002-08-23,9.0,17.6,27.9,21.8,1.94,10.5,75,99,42,10.6
2002-08-24,11.5,17.2,24.5,19.9,1.45,7.5,82,96,56,11.9
2002-08-25,1.4,17.6,26.0,20.8,1.68,10.0,75,99,41,11.8
2002-08-26,0.0,13.0,25.0,19.5,1.21,5.9,57,81,36,12.4
2002-08-27,0.2,14.5,25.0,19.6,1.18,6.6,60,83,35,12.0
2002-08-28,6.6,16.5,23.2,19.0,1.19,8.0,80,94,62,11.0
2002-08-29,0.0,13.6,25.1,19.3,1.61,7.4,74,99,47,12.3
2002-08-30,0.0,13.6,26.8,20.3,1.73,7.5,65,88,38,12.3
2002-08-31,0.0,14.4,28.8,21.7,1.46,7.5,61,91,29,12.3
2002-09-01,0.0,15.0,26.8,21.2,1.69,8.9,68,93,44,12.0
2002-09-02,1.4,16.8,28.3,21.6,1.67,8.5,71,93,38,12.1
2002-09-03,0.3,15.7,28.9,21.9,1.55,8.8,67,98,32,11.1
2002-09-04,0.0,15.2,27.4,21.3,1.76,6.4,49,77,28,12.1
2002-09-05,0.0,14.0,27.8,21.0,1.68,5.5,48,76,27,12.0
2002-09-06,0.0,16.0,25.9,20.2,1.61,8.8,61,87,41,12.0
2002-09-07,0.0,13.5,28.7,21.0,1.44,7.1,59,93,27,12.0
2002-09-08,0.0,14.3,29.1,21.6,2.09,10.1,47,72,24,12.0
2002-09-09,0.0,14.2,26.6,20.7,2.26,9.7,54,75,38,12.0
2002-09-10,0.0,14.1,27.7,20.6,1.79,9.1,64,90,35,12.0
2002-09-11,0.0,13.8,26.9,20.5,1.23,7.6,67,96,37,10.5
2002-09-12,0.0,15.3,28.9,22.0,1.75,10.6,59,84,29,12.0
2002-09-13,0.0,15.7,29.1,22.0,2.0,10.4,54,77,32,12.0
2002-09-14,0.0,17.1,25.8,20.7,2.19,10.1,74,96,44,9.1
2002-09-15,0.0,16.9,25.5,20.8,1.69,7.4,75,100,46,10.9
2002-09-16,3.5,16.2,22.3,19.6,1.35,10.0,82,99,67,6.3
2002-09-17,0.1,16.0,25.4,20.3,2.0,11.7,75,97,51,12.0
2002-09-18,0.1,15.3,26.1,20.4,1.02,6.8,65,90,41,11.1
2002-09-19,0.0,14.1,27.0,20.5,1.49,7.3,67,92,40,12.0
2002-09-20,0.0,14.2,28.5,21.3,1.77,8.1,63,94,33,12.0
2002-09-21,0.0,15.3,24.9,20.1,1.97,8.4,62,89,37,12.0
2002-09-22,0.5,14.8,23.4,19.0,2.64,9.5,59,82,42,12.0
2002-09-23,0.0,15.4,22.2,18.4,3.61,11.6,60,76,41,12.0
2002-09-24,0.0,14.8,22.4,18.2,2.74,10.7,57,77,37,11.9
2002-09-25,0.1,11.1,22.8,17.2,1.6,7.5,60,89,40,8.0
2002-09-26,11.8,13.4,21.8,17.0,1.2,8.0,85,99,59,11.3
2002-09-27,0.0,11.5,25.0,18.0,1.26,6.1,70,95,33,11.3
2002-09-28,0.0,13.5,24.8,18.6,1.15,7.3,73,94,40,11.3
2002-09-29,0.0,14.2,23.6,18.2,1.64,8.4,79,98,51,10.8
2002-09-30,0.0,13.9,21.2,17.1,1.97,10.0,80,100,55,11.2
2002-10-01,1.3,12.9,17.2,15.0,1.49,7.7,84,96,66,0.0
2002-10-02,7.0,13.3,15.2,14.3,0.65,2.8,93,98,88,0.0
2002-10-03,0.0,12.5,22.2,16.6,1.33,6.9,84,99,59,9.4
2002-10-04,0.0,14.9,21.1,17.4,1.35,7.1,83,99,62,7.3
2002-10-05,0.0,12.5,21.5,16.8,1.19,6.7,74,100,46,10.2
2002-10-06,0.0,11.3,21.6,16.3,1.09,3.9,69,93,41,5.0
2002-10-07,0.0,11.3,23.5,17.1,1.64,6.9,67,91,40,10.6
2002-10-08,2.0,11.9,22.6,16.6,1.45,9.7,75,90,49,8.3
2002-10-09,5.4,12.2,19.1,15.5,2.77,12.2,72,95,47,10.2
2002-10-10,0.6,8.8,13.3,10.9,5.61,19.1,61,79,49,9.4
2002-10-11,0.0,9.1,19.7,13.9,4.01,15.1,49,70,32,11.1
2002-10-12,0.0,13.5,21.6,16.8,3.78,12.5,60,79,48,10.9
2002-10-13,0.0,11.8,24.2,17.2,1.45,5.1,68,95,35,10.7
2002-10-14,0.0,10.1,26.1,17.5,1.43,6.8,67,90,35,10.8
2002-10-15,0.0,10.8,26.9,17.9,1.35,6.8,66,92,28,10.8
2002-10-16,0.0,11.2,25.4,17.8,1.61,10.2,65,84,39,10.1
2002-10-17,1.8,12.1,18.6,16.3,2.89,11.6,60,83,36,10.2
2002-10-18,0.0,8.2,18.7,13.5,2.06,8.9,60,89,45,10.5
2002-10-19,0.0,11.2,20.8,14.9,1.42,7.7,80,98,53,9.5
2002-10-20,0.0,10.7,23.0,16.1,1.4,7.9,79,99,49,8.6
2002-10-21,0.0,13.9,23.1,17.6,2.13,12.5,72,88,50,9.5
2002-10-22,0.0,12.5,19.8,16.1,3.38,13.3,58,72,41,10.3
2002-10-23,0.0,12.3,19.7,15.6,2.91,10.3,59,81,37,10.2
2002-10-24,0.0,6.9,20.1,13.1,1.12,5.8,63,90,33,8.3
2002-10-25,0.0,8.1,24.4,15.2,1.23,4.5,61,84,33,10.3
2002-10-26,0.0,8.8,24.8,16.2,1.18,4.7,62,88,32,10.3
2002-10-27,0.0,9.0,25.7,17.4,1.11,5.1,56,89,26,10.2
2002-10-28,0.0,12.3,20.0,16.8,1.56,8.6,63,92,42,10.2
2002-10-29,0.0,6.9,22.0,13.8,1.39,6.2,67,100,31,10.0
2002-10-30,0.0,7.9,24.1,15.1,1.46,8.4,62,87,31,10.1
2002-10-31,0.0,12.5,19.5,15.4,2.55,9.2,60,82,37,10.0
2002-11-01,0.0,6.6,20.1,13.2,1.41,5.9,60,89,30,10.1
2002-11-02,0.0,7.8,22.6,14.3,1.26,4.7,64,84,39,10.0
2002-11-03,0.0,11.0,23.5,16.4,2.8,11.3,69,85,49,9.7
2002-11-04,0.0,11.1,20.2,15.2,2.1,8.3,71,96,44,9.8
2002-11-05,0.0,8.2,17.9,13.1,2.65,10.9,58,79,38,10.0
2002-11-06,0.0,6.0,20.1,13.0,2.46,10.6,64,86,37,9.8
2002-11-07,0.0,10.6,15.5,13.1,5.09,16.5,47,73,25,10.0
2002-11-08,0.0,10.2,18.6,13.5,3.81,12.4,35,44,27,9.7
2002-11-09,0.0,9.9,20.1,14.8,3.44,12.6,35,47,21,9.5
2002-11-10,0.0,9.8,23.3,15.8,2.1,7.5,39,58,30,9.9
2002-11-11,0.0,9.7,21.8,14.7,1.74,6.2,49,70,22,9.9
2002-11-12,0.0,7.2,21.2,13.5,1.35,5.4,62,78,40,9.3
2002-11-13,0.0,8.4,19.7,14.0,2.39,9.8,62,86,31,9.6
2002-11-14,7.6,9.7,15.3,11.9,2.78,15.6,78,92,64,3.0
2002-11-15,2.7,6.9,12.4,9.6,1.38,8.6,76,87,58,3.2
2002-11-16,0.1,3.7,13.1,8.0,2.03,9.3,71,94,38,9.8
2002-11-17,0.2,3.6,11.7,7.6,2.33,10.3,72,89,49,9.8
2002-11-18,0.0,4.5,14.4,9.2,2.06,6.4,70,91,45,9.8
2002-11-19,1.0,4.9,16.3,9.8,2.02,10.5,79,96,54,9.0
2002-11-20,4.6,6.9,10.9,8.9,2.58,12.7,69,98,37,9.8
2002-11-21,0.0,8.2,16.2,11.5,2.92,15.1,69,89,54,9.8
2002-11-22,0.0,7.3,15.2,10.8,2.69,10.4,65,79,44,9.8
2002-11-23,5.6,7.9,13.9,10.6,1.29,6.8,85,97,74,3.6
2002-11-24,13.6,7.9,12.6,9.9,2.48,12.5,79,97,56,7.5
2002-11-25,0.0,5.5,11.6,7.9,3.13,12.4,64,80,44,7.8
2002-11-26,0.0,5.1,13.9,8.5,2.85,9.8,65,78,45,9.7
2002-11-27,0.0,6.8,17.5,11.2,1.69,5.9,78,94,55,9.6
2002-11-28,0.0,10.2,17.9,12.7,2.31,9.8,79,95,59,9.6
2002-11-29,0.0,5.4,13.5,9.6,3.13,11.0,66,84,45,9.5
2002-11-30,0.0,8.9,13.7,11.1,4.35,15.9,66,80,46,9.6
2002-12-01,0.0,5.3,15.7,10.4,2.69,12.5,72,90,50,8.7
2002-12-02,0.0,10.4,15.2,12.2,3.32,12.6,70,86,49,9.5
2002-12-03,0.0,7.2,13.4,10.0,3.1,12.6,64,74,47,9.2
2002-12-04,0.0,6.6,14.6,10.2,3.61,12.0,66,81,48,9.5
2002-12-05,0.0,5.9,10.9,9.1,4.62,15.3,61,78,40,9.5
2002-12-06,0.0,3.0,10.3,6.2,4.67,14.4,54,63,45,9.4
2002-12-07,0.0,5.9,10.0,7.4,2.37,10.1,66,76,51,8.1
2002-12-08,0.0,1.8,12.1,6.8,1.28,5.8,69,90,41,7.9
2002-12-09,0.9,-0.4,11.5,5.6,1.39,6.7,75,93,45,7.5
2002-12-10,0.6,5.8,13.1,8.4,1.23,5.4,81,98,46,8.8
2002-12-11,0.0,2.5,13.6,7.5,1.26,5.3,78,94,50,8.9
2002-12-12,0.0,3.0,13.6,7.3,0.86,4.8,77,95,46,9.2
2002-12-13,0.0,1.5,11.4,6.3,1.19,6.8,84,98,68,7.4
2002-12-14,0.3,6.5,15.9,10.1,1.84,9.2,82,99,52,7.1
2002-12-15,0.0,5.9,15.6,9.9,1.51,6.2,75,92,47,9.3
2002-12-16,0.0,2.4,14.6,7.5,1.23,6.9,75,93,43,9.4
2002-12-17,3.5,4.3,17.1,10.8,1.34,9.3,87,95,75,2.5
2002-12-18,3.6,10.2,15.2,12.4,1.01,3.8,95,99,89,0.6
2002-12-19,15.4,9.7,12.8,11.1,0.68,5.7,98,100,96,0.9
2002-12-20,4.5,10.5,14.2,11.9,1.37,6.1,88,100,67,5.4
2002-12-21,0.0,6.6,15.8,10.6,1.02,4.5,83,98,56,9.0
2002-12-22,0.0,4.4,17.3,9.6,1.22,4.2,76,96,44,9.2
2002-12-23,0.0,3.9,19.0,10.3,1.19,5.6,75,90,45,8.5
2002-12-24,0.0,8.4,15.1,11.6,2.54,10.6,72,86,50,9.3
2002-12-25,0.0,10.2,17.2,13.0,2.39,10.0,76,86,62,8.4
2002-12-26,0.0,7.6,16.9,11.2,1.73,6.2,74,87,48,8.7
2002-12-27,0.7,5.1,12.7,8.8,2.92,14.0,72,88,57,6.5
2002-12-28,0.0,7.1,11.0,8.8,5.28,19.1,61,70,48,9.3
2002-12-29,0.0,3.1,16.4,8.5,1.57,6.5,67,84,42,9.2
2002-12-30,0.0,5.8,14.1,9.2,2.62,12.8,70,83,44,6.5
2002-12-31,0.0,7.1,11.8,9.1,3.68,15.6,64,74,51,9.0
2003-01-01,1.0,6.7,18.0,10.9,1.89,7.2,65,81,43,8.1
2003-01-02,0.0,7.4,17.4,11.3,1.78,6.3,69,89,38,8.9
2003-01-03,0.0,8.1,16.1,11.6,2.39,11.2,77,85,66,8.3
2003-01-04,0.2,7.6,13.4,10.0,2.27,11.4,74,91,49,9.0
2003-01-05,0.0,3.8,13.6,8.6,1.6,6.7,77,93,54,7.2
2003-01-06,0.5,5.0,10.0,7.3,5.34,19.8,67,87,51,9.4
2003-01-07,0.9,2.7,11.9,6.7,2.45,12.1,67,83,45,9.2
2003-01-08,0.0,6.2,9.9,8.1,3.47,15.5,73,87,55,9.3
2003-01-09,0.6,3.9,9.1,6.0,2.8,11.5,66,80,50,9.1
2003-01-10,7.6,2.2,4.8,3.1,4.22,17.2,84,97,66,4.4
2003-01-11,0.0,-5.9,3.7,-1.3,2.9,10.1,66,78,45,9.5
2003-01-12,2.9,-5.9,3.4,-1.1,2.21,8.6,76,88,67,3.4
2003-01-13,0.0,-4.0,5.0,1.0,1.5,5.1,75,89,54,9.5
2003-01-14,0.0,-8.4,6.5,-1.5,1.09,4.0,57,82,32,9.5
2003-01-15,0.0,-7.6,7.1,-1.0,1.23,5.1,60,74,39,9.5
2003-01-16,0.0,-4.6,8.8,1.1,1.96,7.9,60,78,38,9.4
2003-01-17,0.0,-2.4,10.4,2.5,1.64,4.7,61,81,37,9.6
2003-01-18,0.0,-0.1,12.5,4.6,1.85,6.4,64,81,37,9.2
2003-01-19,0.9,2.4,9.8,6.2,3.9,18.6,75,85,60,9.1
2003-01-20,0.0,1.8,11.3,6.5,1.99,8.8,70,85,51,9.5
2003-01-21,2.0,7.4,11.7,9.2,3.33,17.1,73,88,53,9.2
2003-01-22,0.9,5.4,13.2,9.0,2.14,12.5,74,85,53,9.6
2003-01-23,0.0,6.3,10.7,8.5,4.37,12.8,65,84,48,9.6
2003-01-24,0.0,2.7,10.3,6.0,3.54,11.3,50,61,35,9.6
2003-01-25,0.0,-1.8,12.5,5.2,2.5,7.7,51,75,27,9.7
2003-01-26,0.0,1.0,12.6,6.9,3.52,12.1,53,70,43,9.6
2003-01-27,0.0,5.9,16.7,10.8,2.96,12.1,71,84,56,9.0
2003-01-28,0.0,5.1,20.0,11.5,1.96,6.7,66,87,32,9.7
2003-01-29,0.0,4.0,11.0,7.0,4.09,14.9,60,84,39,9.8
2003-01-30,0.0,1.6,7.9,4.6,6.0,17.1,50,59,39,9.8
2003-01-31,0.9,0.2,5.4,3.0,7.0,23.3,45,79,17,9.9
2003-02-01,0.0,-1.6,7.5,2.2,4.27,12.3,48,64,42,9.9
2003-02-02,0.0,1.2,13.6,6.0,2.65,9.4,62,84,44,10.0
2003-02-03,0.0,1.4,16.4,7.6,2.08,8.0,68,88,38,10.0
2003-02-04,0.0,8.0,10.7,9.2,5.24,18.3,66,72,60,9.2
2003-02-05,0.0,5.4,12.7,8.9,2.62,10.2,61,79,36,10.1
2003-02-06,0.0,1.4,13.8,6.9,2.04,8.5,65,89,36,9.9
2003-02-07,0.0,3.6,9.2,6.2,1.74,8.9,90,99,76,2.1
2003-02-08,0.3,3.7,8.7,5.9,1.87,8.2,81,99,53,4.5
2003-02-09,0.0,-0.3,13.7,6.2,2.26,9.8,67,90,37,10.4
2003-02-10,0.0,4.2,13.5,8.3,2.57,11.5,66,84,41,8.1
2003-02-11,0.0,1.8,15.1,8.0,1.18,6.8,75,99,41,10.2
2003-02-12,2.8,2.0,14.7,7.5,1.12,5.2,82,96,51,7.8
2003-02-13,26.6,4.0,8.6,6.8,1.54,6.4,91,100,78,4.9
2003-02-14,0.3,0.1,9.9,4.8,1.52,7.9,75,96,40,8.2
2003-02-15,0.1,0.9,6.7,3.5,2.43,11.2,82,98,51,8.6
2003-02-16,3.4,0.7,9.5,4.0,2.56,11.9,75,92,46,9.1
2003-02-17,0.0,-0.3,7.8,3.4,2.99,10.9,52,76,30,10.7
2003-02-18,3.9,-1.0,5.3,2.1,1.47,5.4,82,98,66,3.3
2003-02-19,3.8,2.4,9.8,5.4,1.7,7.4,94,100,79,1.0
2003-02-20,0.1,3.0,9.7,5.9,3.24,13.1,67,94,45,10.8
2003-02-21,0.0,0.2,11.1,5.7,2.11,7.8,73,94,47,9.3
2003-02-22,1.9,4.8,11.3,7.2,0.96,5.1,82,93,65,3.9
2003-02-23,0.0,3.2,10.8,6.9,1.8,9.2,88,100,69,4.6
2003-02-24,2.4,6.5,10.6,8.1,1.75,9.2,95,100,85,1.7
2003-02-25,5.2,6.5,13.4,9.3,2.03,16.5,92,99,72,4.8
2003-02-26,9.3,5.0,12.8,8.5,2.14,10.7,77,98,42,9.7
2003-02-27,0.0,4.7,11.6,7.6,4.58,18.8,70,95,45,10.9
2003-02-28,0.0,2.7,16.4,9.3,1.94,10.8,68,89,45,10.9
2003-03-01,0.0,2.5,18.5,10.0,1.31,5.8,65,93,33,10.9
2003-03-02,0.0,6.8,19.5,11.9,1.91,5.6,66,91,35,10.4
2003-03-03,0.0,8.7,19.6,13.7,3.54,13.3,67,83,49,11.0
2003-03-04,0.0,6.4,21.3,13.5,1.57,5.4,66,88,34,11.0
2003-03-05,0.0,5.7,19.8,12.5,1.82,9.3,72,96,42,11.0
2003-03-06,0.0,8.7,17.3,12.0,1.93,8.0,71,92,39,10.5
2003-03-07,0.0,5.3,17.3,10.8,1.34,7.5,77,100,45,10.3
2003-03-08,0.0,8.4,13.9,11.2,1.43,7.5,82,96,63,8.7
2003-03-09,0.0,4.0,16.1,9.6,1.47,6.9,73,100,42,11.0
2003-03-10,0.0,2.8,17.0,9.8,1.55,8.4,63,83,36,11.2
2003-03-11,0.0,2.9,17.9,10.0,1.47,7.8,60,88,31,11.3
2003-03-12,0.0,3.2,23.4,12.9,1.27,6.1,56,82,25,11.4
2003-03-13,0.0,10.5,20.3,14.6,1.72,9.6,47,75,35,11.5
2003-03-14,0.0,4.4,20.7,12.9,0.85,6.6,69,96,39,11.4
2003-03-15,0.0,8.7,16.1,11.8,1.48,7.7,79,93,58,5.2
2003-03-16,2.0,5.8,10.2,8.3,3.95,12.8,79,96,56,9.4
2003-03-17,2.2,4.8,7.1,5.8,3.68,13.7,77,91,67,0.0
2003-03-18,1.8,4.7,8.9,6.6,1.77,8.0,83,96,65,1.5
2003-03-19,0.0,1.5,12.7,7.4,1.83,9.3,65,93,36,10.9
2003-03-20,0.0,0.1,13.5,7.7,2.07,10.4,58,95,29,11.7
2003-03-21,0.7,5.0,12.3,8.7,2.07,10.8,43,67,34,10.6
2003-03-22,1.7,3.5,13.0,8.5,2.05,10.1,64,94,47,7.6
2003-03-23,0.0,3.8,15.5,9.4,2.59,10.6,78,100,49,11.7
2003-03-24,0.0,4.4,14.1,9.1,2.06,10.7,70,94,43,11.5
2003-03-25,0.0,0.5,16.0,8.5,1.49,7.7,67,98,37,11.7
2003-03-26,0.0,4.2,18.2,11.2,1.74,9.5,71,93,44,9.3
2003-03-27,7.9,7.2,13.4,10.0,1.64,9.1,90,99,76,2.3
2003-03-28,0.2,8.2,16.8,12.0,2.6,11.5,71,100,40,11.9
2003-03-29,6.7,5.8,17.0,10.5,1.6,9.0,79,95,52,7.0
2003-03-30,0.4,8.5,17.2,12.1,2.27,11.8,74,99,43,9.2
2003-03-31,0.0,4.6,18.6,11.6,2.16,9.0,65,91,34,12.0
2003-04-01,0.0,6.8,17.5,12.1,1.77,8.4,68,91,39,12.0
2003-04-02,0.0,6.0,20.2,13.2,3.71,16.1,61,92,34,11.5
2003-04-03,0.0,6.2,13.2,10.0,6.26,19.9,44,58,29,12.2
2003-04-04,0.0,1.0,14.7,8.1,2.01,9.1,47,78,30,12.2
2003-04-05,0.0,1.3,14.9,8.4,1.7,7.2,60,89,32,12.2
2003-04-06,0.0,1.7,21.9,11.8,1.44,6.0,50,85,22,12.3
2003-04-07,0.0,6.1,22.0,14.2,2.64,11.8,47,80,29,12.2
2003-04-08,0.2,7.8,17.5,11.9,2.39,9.3,67,91,41,12.2
2003-04-09,0.9,4.6,20.0,12.5,1.38,7.4,66,93,41,12.3
2003-04-10,0.0,10.6,19.7,14.6,2.69,9.5,58,83,33,12.5
2003-04-11,0.0,9.6,15.4,12.3,3.93,15.8,56,71,42,11.5
2003-04-12,0.0,6.6,21.8,13.5,1.41,10.1,58,83,36,9.6
2003-04-13,0.0,8.7,20.9,14.6,2.38,13.7,64,84,38,12.5
2003-04-14,1.9,8.9,18.5,13.2,2.35,10.7,71,92,42,11.4
2003-04-15,1.3,8.2,15.8,11.1,2.86,11.7,72,87,43,9.4
2003-04-16,19.6,8.0,12.7,10.1,4.26,14.6,87,98,70,3.0
2003-04-17,0.0,4.0,18.8,11.5,1.7,7.6,69,94,40,12.4
2003-04-18,0.0,5.8,18.8,12.7,1.59,8.3,68,94,42,11.1
2003-04-19,6.0,9.0,15.0,11.6,2.25,14.3,71,89,52,12.7
2003-04-20,2.3,6.2,14.8,10.8,2.4,13.3,66,87,49,12.7
2003-04-21,0.0,4.1,18.6,11.8,1.83,8.4,64,91,39,13.0
2003-04-22,5.5,7.2,11.4,10.0,1.6,7.5,77,91,68,2.0
2003-04-23,1.2,5.2,18.2,12.2,1.4,7.2,70,98,41,11.2
2003-04-24,0.0,6.7,20.2,13.4,1.94,9.1,69,94,44,11.8
2003-04-25,0.0,7.2,25.3,16.3,1.36,8.1,66,95,33,13.2
2003-04-26,0.5,9.5,22.7,15.7,1.92,14.1,68,89,40,13.3
2003-04-27,0.0,8.3,22.5,15.3,2.1,10.1,68,94,43,12.7
2003-04-28,0.0,8.5,27.9,18.2,1.83,9.5,63,94,29,13.5
2003-04-29,0.0,10.7,26.2,18.4,1.85,10.4,64,92,37,10.6
2003-04-30,0.6,14.0,22.5,17.8,1.38,11.7,58,83,32,9.4
2003-05-01,0.0,10.9,22.3,16.5,1.97,9.5,54,71,39,11.8
2003-05-02,0.0,11.5,26.0,18.5,1.48,10.0,61,91,28,13.5
2003-05-03,0.0,13.7,21.8,17.9,2.63,13.9,63,85,46,13.7
2003-05-04,0.0,10.6,24.1,17.2,1.87,9.0,53,76,31,13.0
2003-05-05,8.4,10.7,19.2,15.3,1.08,9.0,80,91,72,13.6
2003-05-06,19.5,7.4,13.9,11.1,2.65,12.2,87,92,78,0.1
2003-05-07,1.0,6.9,13.1,9.8,3.46,12.3,70,80,59,1.5
2003-05-08,6.4,9.2,15.7,11.9,1.16,8.6,83,96,68,12.9
2003-05-09,0.0,6.0,19.9,13.7,1.58,8.0,68,95,40,13.5
2003-05-10,0.0,7.9,23.1,15.8,1.72,11.1,62,87,35,13.9
2003-05-11,0.0,9.0,23.2,16.6,1.74,8.2,62,88,37,13.8
2003-05-12,0.0,9.5,24.2,17.5,1.81,9.5,60,89,37,13.9
2003-05-13,0.0,10.6,25.9,18.7,1.88,10.0,59,87,35,13.9
2003-05-14,0.0,13.5,23.9,18.1,2.2,10.1,60,74,42,14.0
2003-05-15,0.0,11.0,22.8,16.9,2.01,10.1,70,97,47,13.8
2003-05-16,3.4,11.3,19.4,15.5,1.51,7.8,81,95,67,8.4
2003-05-17,0.1,10.7,23.4,17.2,1.32,8.4,70,95,40,13.1
2003-05-18,0.0,11.3,27.3,19.4,1.92,10.4,64,95,34,14.0
2003-05-19,0.0,11.7,30.1,21.4,0.87,5.6,56,90,26,14.0
2003-05-20,0.0,13.3,26.7,19.9,2.6,13.4,54,76,34,14.0
2003-05-21,0.0,12.0,25.2,18.5,1.83,9.5,61,91,37,14.0
2003-05-22,0.0,10.9,26.3,19.2,1.72,9.5,58,89,34,14.0
2003-05-23,0.0,11.2,28.7,20.6,1.78,10.0,50,87,22,14.0
2003-05-24,0.0,13.0,27.9,21.0,2.55,13.5,40,68,20,14.0
2003-05-25,0.0,11.8,22.0,17.1,3.67,12.6,37,57,20,14.0
2003-05-26,0.0,8.7,22.1,16.0,2.77,10.9,39,71,17,14.0
2003-05-27,0.0,8.4,22.8,16.3,2.16,10.2,51,82,29,14.0
2003-05-28,0.0,10.8,23.8,17.3,2.18,10.5,54,75,33,14.0
2003-05-29,0.0,11.6,26.2,18.9,1.85,9.3,55,82,31,14.0
2003-05-30,0.0,12.1,28.6,20.6,1.69,9.4,50,84,24,13.9
2003-05-31,0.1,13.2,28.5,21.4,1.99,10.2,46,77,21,12.3
2003-06-01,0.0,14.6,28.3,21.6,1.71,11.7,46,80,21,14.0
2003-06-02,0.0,13.7,27.4,21.4,1.98,10.6,50,81,30,14.0
2003-06-03,0.0,15.8,28.7,22.3,2.14,11.2,48,73,29,14.0
2003-06-04,0.0,16.3,28.8,21.5,1.78,11.8,61,84,34,10.2
2003-06-05,0.2,15.7,27.8,21.7,2.1,10.4,65,92,42,12.2
2003-06-06,0.0,15.2,29.1,22.5,2.05,9.7,60,90,36,14.0
2003-06-07,0.0,15.3,29.8,23.1,2.13,10.9,55,89,32,14.0
2003-06-08,0.3,15.3,30.7,23.7,2.04,10.2,49,82,28,14.0
2003-06-09,0.0,17.1,30.8,24.1,2.15,9.7,48,73,28,14.0
2003-06-10,0.0,16.1,32.6,24.9,2.08,11.0,48,84,23,14.0
2003-06-11,0.0,17.0,31.0,24.6,2.28,11.7,42,69,25,14.0
2003-06-12,0.0,15.9,31.9,24.9,2.26,10.3,38,67,19,14.0
2003-06-13,0.0,17.4,32.6,25.6,2.21,10.3,41,69,24,13.8
2003-06-14,1.0,17.8,34.5,25.9,1.43,10.0,44,69,24,10.2
2003-06-15,2.5,19.4,32.7,25.1,1.47,11.5,53,73,27,14.0
2003-06-16,3.1,18.1,29.3,23.4,1.36,9.8,56,79,32,14.0
2003-06-17,0.0,16.1,30.1,23.7,1.98,8.8,49,79,26,14.0
2003-06-18,0.0,17.8,29.5,23.9,2.27,10.7,48,64,33,14.0
2003-06-19,0.0,17.8,28.7,23.2,2.21,11.0,58,72,42,14.0
2003-06-20,0.0,16.6,29.9,23.5,2.27,10.4,52,83,27,14.0
2003-06-21,0.0,15.4,31.8,24.2,2.03,9.9,44,73,22,14.0
2003-06-22,0.0,14.8,33.3,25.2,2.02,10.7,37,68,17,14.0
2003-06-23,0.0,17.4,32.7,25.6,2.26,9.9,52,72,37,14.0
2003-06-24,0.0,18.8,34.2,26.4,1.84,9.3,59,92,31,13.4
2003-06-25,0.0,18.8,34.5,27.3,2.06,10.1,54,87,29,14.0
2003-06-26,1.1,18.5,34.5,27.1,1.1,6.1,50,86,19,14.0
2003-06-27,0.0,18.9,33.8,26.5,2.27,11.7,35,52,20,14.0
2003-06-28,0.7,17.8,31.8,25.1,1.96,10.0,51,71,31,14.0
2003-06-29,0.0,16.9,35.0,26.5,1.55,9.9,44,83,13,14.0
2003-06-30,0.0,17.2,31.7,25.2,2.65,11.1,36,56,26,14.0
2003-07-01,0.0,18.3,32.0,25.3,2.26,10.0,45,72,26,14.0
2003-07-02,0.0,16.4,31.9,24.7,1.91,8.5,39,73,19,14.0
2003-07-03,0.0,16.7,31.6,24.3,2.31,12.9,37,65,19,14.0
2003-07-04,0.0,17.8,28.9,22.9,2.49,10.9,62,93,35,14.0
2003-07-05,0.1,16.7,29.1,23.0,2.2,10.2,62,98,34,14.0
2003-07-06,0.0,17.3,29.7,23.8,2.23,11.3,56,89,32,14.0
2003-07-07,0.0,16.0,30.7,24.0,2.2,10.7,53,90,28,14.0
2003-07-08,0.0,15.7,32.0,24.7,2.25,11.1,44,79,21,14.0
2003-07-09,0.0,16.1,34.8,26.1,2.38,11.2,33,65,12,14.0
2003-07-10,0.0,16.7,33.5,26.0,2.36,11.2,35,59,17,14.0
2003-07-11,0.0,17.3,34.8,26.5,2.4,11.3,37,64,17,13.9
2003-07-12,0.0,19.0,32.6,26.4,2.21,11.7,41,60,25,14.0
2003-07-13,0.0,18.1,34.7,26.7,1.55,11.2,51,88,18,14.0
2003-07-14,0.8,17.8,34.2,26.4,1.65,9.8,47,77,20,14.0
2003-07-15,0.0,18.6,34.7,26.8,2.04,11.9,39,66,17,13.2
2003-07-16,0.0,17.9,33.1,25.7,2.02,9.5,36,65,17,14.0
2003-07-17,0.0,17.2,32.9,25.9,2.0,9.8,44,70,23,13.9
2003-07-18,0.0,17.8,36.0,27.6,1.88,10.3,47,81,22,14.0
2003-07-19,0.0,19.6,37.8,29.5,1.46,9.9,34,58,15,13.9
2003-07-20,0.1,22.4,37.0,29.4,1.74,11.5,40,58,22,13.9
2003-07-21,1.6,22.4,37.1,29.5,1.32,8.2,45,70,23,13.7
2003-07-22,0.0,21.3,34.8,28.6,1.81,9.2,47,65,31,13.9
2003-07-23,1.0,20.9,35.9,28.6,1.39,9.2,45,78,18,12.6
2003-07-24,0.0,19.0,34.2,26.7,2.2,10.5,38,68,18,13.9
2003-07-25,0.0,19.4,36.1,27.4,1.37,9.7,56,87,19,13.9
2003-07-26,0.0,19.6,36.6,28.5,1.69,9.6,45,75,18,13.8
2003-07-27,0.0,20.7,36.5,28.8,1.37,6.9,30,51,14,13.8
2003-07-28,0.0,21.1,32.7,26.5,2.43,10.9,46,83,27,13.8
2003-07-29,0.0,21.0,32.0,26.0,2.17,9.9,66,97,37,13.6
2003-07-30,0.0,19.3,33.4,26.3,2.03,9.1,58,91,31,12.8
2003-07-31,0.0,19.7,37.0,28.6,1.46,9.1,48,80,20,13.7
2003-08-01,0.0,19.7,37.4,28.4,1.85,11.4,40,62,15,13.8
2003-08-02,0.0,20.3,34.1,26.7,1.74,9.1,55,89,25,13.5
2003-08-03,0.0,19.3,33.2,26.3,2.05,10.1,47,77,23,13.7
2003-08-04,0.0,18.7,32.6,26.0,1.79,8.9,43,66,23,13.7
2003-08-05,0.0,18.7,32.3,25.8,1.91,9.2,47,76,23,13.6
2003-08-06,0.0,18.9,32.6,25.9,2.07,9.0,45,73,22,13.6
2003-08-07,0.0,19.1,32.9,26.1,1.89,9.8,41,65,19,13.5
2003-08-08,0.0,19.4,32.9,26.4,1.94,10.2,42,65,24,13.4
2003-08-09,0.3,19.2,33.3,26.3,1.94,9.9,46,71,26,13.4
2003-08-10,0.0,18.7,33.0,26.3,1.81,9.9,44,73,23,13.4
2003-08-11,0.0,19.2,33.1,26.8,1.89,9.7,41,70,21,13.4
2003-08-12,0.0,18.4,33.5,26.5,1.95,8.6,37,64,15,13.4
2003-08-13,0.0,17.2,34.5,26.3,1.61,8.2,36,63,13,13.4
2003-08-14,0.0,18.1,36.3,27.5,1.65,10.0,38,65,14,13.3
2003-08-15,2.5,21.3,35.2,28.3,1.71,7.9,34,50,19,12.9
2003-08-16,3.3,19.8,32.1,25.7,1.4,8.2,44,62,25,12.9
2003-08-17,1.1,17.9,30.9,24.9,2.14,12.2,52,78,27,13.1
2003-08-18,0.0,16.6,32.3,24.7,1.67,8.6,61,91,29,13.0
2003-08-19,0.0,17.9,32.3,25.5,1.93,8.9,64,95,34,12.9
2003-08-20,1.6,18.3,34.3,26.4,1.44,8.6,59,95,26,12.9
2003-08-21,2.8,19.8,29.7,24.9,1.71,9.2,66,82,45,10.4
2003-08-22,0.5,20.0,28.7,24.3,1.58,8.6,74,98,51,12.6
2003-08-23,0.0,18.9,31.9,25.4,1.55,7.6,61,89,36,12.7
2003-08-24,1.7,20.6,32.3,26.0,1.28,7.2,59,82,34,10.6
2003-08-25,0.0,18.7,32.8,25.9,1.39,5.7,43,71,23,12.8
2003-08-26,0.0,18.6,33.4,26.0,1.88,9.2,45,69,25,12.4
2003-08-27,0.0,17.3,33.7,25.9,1.24,8.0,49,83,23,12.3
2003-08-28,0.0,17.7,31.9,24.9,1.3,14.1,40,57,22,12.5
2003-08-29,0.0,16.0,31.1,24.0,2.05,7.6,39,62,23,12.4
2003-08-30,0.0,15.7,32.6,24.1,1.74,8.9,46,77,22,12.4
2003-08-31,0.0,16.8,33.0,25.1,1.68,9.8,42,63,20,12.3
2003-09-01,0.0,16.8,32.7,24.9,1.5,8.6,41,66,18,12.2
2003-09-02,0.4,19.2,30.1,23.8,1.94,10.9,54,83,30,12.1
2003-09-03,3.5,19.1,26.6,22.0,2.05,9.3,80,98,50,8.2
2003-09-04,6.4,18.6,25.1,21.1,2.53,12.0,85,98,62,6.2
2003-09-05,4.8,16.6,26.8,21.6,1.8,7.3,73,98,47,11.8
2003-09-06,2.3,16.7,26.1,21.5,1.92,8.9,73,96,49,12.0
2003-09-07,0.0,16.7,28.8,22.4,1.62,7.0,65,97,30,12.0
2003-09-08,0.0,15.7,29.0,22.7,1.98,6.9,44,70,31,12.0
2003-09-09,0.0,18.4,26.1,22.1,3.69,12.4,42,68,22,12.0
2003-09-10,0.0,12.0,25.8,19.4,1.84,6.5,43,73,25,12.0
2003-09-11,0.0,13.7,28.2,20.8,1.31,6.2,49,70,27,12.0
2003-09-12,0.0,15.9,27.0,20.9,2.01,9.7,57,80,36,12.0
2003-09-13,0.0,15.7,26.7,20.9,1.31,7.1,68,97,37,12.0
2003-09-14,1.4,13.8,27.5,19.5,2.2,14.2,70,91,36,11.0
2003-09-15,0.0,14.4,22.5,18.1,2.19,10.0,70,94,44,12.0
2003-09-16,0.0,11.2,23.2,17.4,2.08,8.1,64,87,39,11.8
2003-09-17,0.0,11.6,24.2,17.8,1.69,8.1,65,95,33,12.0
2003-09-18,0.0,12.7,24.8,18.4,1.77,8.9,67,93,38,12.0
2003-09-19,0.0,12.7,25.1,18.6,1.6,8.4,70,97,40,10.7
2003-09-20,0.0,12.7,28.0,20.2,1.46,8.4,68,95,38,12.0
2003-09-21,0.0,14.5,29.5,21.4,1.24,9.0,65,89,34,10.0
2003-09-22,1.1,14.0,26.8,20.3,0.91,7.1,67,89,41,9.0
2003-09-23,1.5,13.8,22.8,18.5,1.47,7.4,75,92,57,11.9
2003-09-24,1.9,15.7,23.1,18.7,1.73,8.5,80,98,53,11.9
2003-09-25,0.0,14.1,23.7,19.1,1.45,6.8,76,100,49,11.9
2003-09-26,0.0,14.5,25.8,19.5,1.25,7.9,71,99,38,9.7
2003-09-27,0.0,14.8,26.8,19.9,1.4,8.2,72,97,36,6.8
2003-09-28,0.0,15.0,28.7,21.5,1.62,7.6,54,81,29,10.3
2003-09-29,0.0,15.7,26.4,21.1,1.53,7.6,58,85,33,11.2
2003-09-30,0.0,17.5,24.8,20.4,1.4,9.5,66,82,44,7.6
2003-10-01,0.4,15.6,26.1,20.8,1.32,9.0,66,92,41,11.2
2003-10-02,0.0,13.0,26.7,19.7,2.26,11.5,60,81,34,11.5
2003-10-03,0.0,13.1,25.4,19.1,1.55,8.0,60,85,31,11.3
2003-10-04,2.6,14.0,19.8,16.4,1.42,6.5,80,93,57,3.4
2003-10-05,0.0,11.1,22.1,16.6,1.92,7.9,63,95,33,11.5
2003-10-06,6.5,12.9,15.8,14.2,2.52,8.0,79,97,58,3.7
2003-10-07,16.3,13.0,17.7,14.8,1.94,8.3,87,98,70,7.5
2003-10-08,0.0,9.5,23.9,16.3,1.65,6.3,66,95,33,11.3
2003-10-09,0.0,10.3,22.5,16.6,1.44,6.6,72,95,47,11.1
2003-10-10,0.0,11.0,22.9,16.5,1.63,7.6,76,98,46,11.0
2003-10-11,0.0,11.7,22.1,16.5,1.62,9.2,76,99,46,9.2
2003-10-12,0.1,13.3,23.4,17.9,1.37,7.3,76,99,43,10.5
2003-10-13,0.0,14.0,21.5,17.4,1.38,6.9,77,97,51,9.0
2003-10-14,11.4,12.6,17.6,14.9,0.96,5.8,89,97,81,6.0
2003-10-15,0.0,9.6,21.4,15.2,1.6,6.5,76,98,45,10.7
2003-10-16,4.9,13.3,20.1,15.6,1.27,7.5,79,98,53,9.3
2003-10-17,14.2,11.3,16.6,13.7,0.85,5.7,90,99,70,8.7
2003-10-18,0.0,10.2,19.8,14.4,1.62,6.9,70,91,45,10.5
2003-10-19,0.0,11.9,19.2,15.1,1.66,7.6,75,86,61,5.1
2003-10-20,0.0,11.5,19.9,15.4,2.87,12.0,66,80,46,10.2
2003-10-21,4.4,12.1,15.8,13.8,1.04,5.3,85,97,79,1.4
2003-10-22,0.4,11.0,18.4,13.9,1.74,8.0,77,97,49,6.0
2003-10-23,0.0,7.0,15.1,11.3,2.33,9.2,57,78,38,10.1
2003-10-24,0.0,3.4,14.5,9.0,1.88,7.2,52,71,35,10.3
2003-10-25,9.1,7.4,11.4,9.7,2.34,11.0,88,99,56,1.5
2003-10-26,5.4,11.0,18.4,13.8,1.64,9.6,79,99,48,9.0
2003-10-27,6.5,9.0,16.3,12.2,1.08,8.2,84,98,65,6.0
2003-10-28,0.9,8.8,18.7,13.0,1.33,8.6,82,97,54,8.4
2003-10-29,0.0,10.0,17.3,13.6,2.67,12.3,72,88,54,10.1
2003-10-30,0.0,10.6,16.2,13.0,3.94,14.5,64,74,52,10.0
2003-10-31,8.0,7.6,16.1,11.6,4.06,18.2,72,86,65,5.7
2003-11-01,0.0,8.7,13.5,10.5,3.84,15.2,66,80,51,10.0
2003-11-02,0.0,5.0,17.2,10.8,1.53,7.4,68,88,44,10.1
2003-11-03,0.0,6.3,17.5,11.6,1.04,4.5,72,90,48,8.2
2003-11-04,0.1,9.6,14.1,12.0,1.21,5.1,80,95,69,2.5
2003-11-05,0.0,10.6,14.1,12.2,1.05,4.6,90,100,76,0.8
2003-11-06,0.0,10.3,15.8,12.8,1.2,6.4,86,98,68,5.5
2003-11-07,0.0,8.3,18.9,12.6,0.87,3.8,79,100,50,10.0
2003-11-08,0.0,8.6,21.4,14.0,1.42,4.9,70,91,42,9.0
2003-11-09,0.3,10.4,18.7,14.5,1.22,6.7,74,88,56,9.4
2003-11-10,2.4,9.7,16.6,12.7,0.71,6.1,84,96,62,8.1
2003-11-11,0.0,6.2,15.9,10.7,1.61,5.9,81,97,55,9.3
2003-11-12,0.2,6.6,18.0,11.7,1.26,4.3,73,94,45,9.7
2003-11-13,0.0,6.8,18.6,11.9,1.51,8.8,79,94,49,9.5
2003-11-14,0.0,6.9,18.7,12.1,1.23,4.5,78,98,49,9.9
2003-11-15,4.1,6.8,15.5,10.8,1.55,9.4,88,98,70,1.4
2003-11-16,0.8,8.5,12.9,10.7,1.7,7.1,82,98,65,8.9
2003-11-17,6.8,9.2,11.4,10.0,3.47,11.9,92,97,82,3.1
2003-11-18,19.6,8.7,10.9,9.5,3.68,15.7,93,96,90,1.2
2003-11-19,14.5,8.6,13.5,10.4,1.99,9.0,92,98,84,7.9
2003-11-20,3.8,6.5,14.2,10.2,2.36,8.1,89,96,75,7.7
2003-11-21,0.0,8.0,15.9,11.1,1.72,7.9,87,98,60,7.2
2003-11-22,0.4,10.2,13.8,11.5,2.16,8.1,91,99,76,0.5
2003-11-23,0.8,8.2,14.8,10.7,2.07,11.4,81,99,53,7.8
2003-11-24,0.1,3.5,12.9,8.2,1.44,6.8,80,97,60,8.0
2003-11-25,0.2,6.4,13.0,8.9,2.39,9.8,77,96,47,9.7
2003-11-26,0.0,3.0,14.3,8.0,2.19,7.7,71,89,45,9.7
2003-11-27,0.0,6.6,11.4,10.0,3.37,13.0,66,78,51,9.7
2003-11-28,0.0,2.1,12.9,7.0,1.57,6.0,72,89,49,9.6
2003-11-29,0.0,4.9,16.1,9.2,1.96,6.7,76,89,54,9.6
2003-11-30,0.0,6.7,15.7,10.3,1.58,6.4,79,93,56,9.3
2003-12-01,2.8,4.1,9.8,8.2,2.19,9.3,77,89,59,7.1
2003-12-02,0.0,-0.0,8.0,3.8,1.94,6.1,70,91,45,9.3
2003-12-03,0.0,-1.3,9.3,3.4,2.0,7.4,66,82,44,9.5
2003-12-04,0.7,1.0,8.9,4.6,1.4,8.1,81,95,63,5.0
2003-12-05,0.8,4.9,11.3,7.3,1.77,10.6,87,96,64,7.9
2003-12-06,1.2,3.6,13.1,7.8,1.51,8.0,88,100,64,8.3
2003-12-07,0.0,5.4,14.0,9.5,1.48,7.1,82,100,50,8.6
2003-12-08,0.6,3.2,11.5,6.6,1.63,5.7,84,96,60,6.5
2003-12-09,12.5,6.1,8.7,7.0,1.7,9.7,94,99,83,2.3
2003-12-10,23.0,3.1,8.4,5.9,3.87,15.7,83,100,59,7.1
2003-12-11,0.0,-0.0,12.0,4.9,2.34,8.0,66,82,41,9.4
2003-12-12,0.0,4.5,14.9,8.4,2.2,7.6,75,94,63,9.4
2003-12-13,0.0,4.0,16.7,8.9,1.24,4.1,81,94,56,9.4
2003-12-14,0.0,4.6,18.7,10.3,2.45,8.0,70,91,41,9.4
2003-12-15,0.0,5.8,15.7,10.7,2.23,7.4,70,88,39,9.4
2003-12-16,0.0,2.4,11.8,6.7,1.23,6.7,84,98,73,7.9
2003-12-17,0.3,7.1,9.8,8.2,1.52,7.4,90,99,75,3.2
2003-12-18,0.1,3.6,13.3,7.8,1.0,5.2,83,99,56,6.5
2003-12-19,0.0,4.8,14.1,8.5,2.02,9.0,78,94,50,9.3
2003-12-20,0.3,5.4,15.0,9.0,1.25,5.4,80,95,60,8.4
2003-12-21,0.0,4.4,18.4,9.6,1.54,5.6,74,97,42,8.4
2003-12-22,0.0,4.7,10.6,7.6,3.48,13.4,68,90,45,9.2
2003-12-23,0.0,1.3,7.6,4.1,3.79,12.3,49,59,39,9.4
2003-12-24,0.0,-1.3,10.5,4.3,2.1,8.4,71,83,55,9.4
2003-12-25,0.0,0.5,10.3,5.1,1.39,6.6,82,95,64,8.9
2003-12-26,0.0,1.3,11.9,5.1,0.97,4.0,75,98,45,8.3
2003-12-27,0.0,1.8,14.3,7.1,1.35,5.6,81,93,60,9.2
2003-12-28,0.0,5.9,9.2,8.2,4.4,19.6,68,91,44,9.1
2003-12-29,0.0,2.9,9.7,6.0,3.74,12.3,57,66,45,7.8
2003-12-30,0.0,6.2,10.9,8.8,4.71,14.6,73,79,68,8.9
2003-12-31,0.0,8.5,12.6,10.0,3.43,14.5,76,82,64,9.0
2004-01-01,0.0,3.7,14.5,8.7,2.56,9.5,64,78,43,9.3
2004-01-02,0.0,7.7,12.1,9.4,4.0,11.9,66,85,45,8.9
2004-01-03,0.0,3.4,9.5,6.8,4.13,13.9,58,70,45,9.3
2004-01-04,0.0,1.4,11.5,6.3,3.17,13.5,71,83,55,9.1
2004-01-05,0.0,-0.2,14.0,6.0,1.42,4.3,76,93,46,9.4
2004-01-06,0.0,-0.5,15.5,6.3,1.05,3.7,67,91,33,9.4
2004-01-07,0.0,0.1,14.1,6.0,1.39,4.9,70,86,42,9.0
2004-01-08,0.0,3.3,14.3,8.2,2.29,9.8,75,89,57,9.2
2004-01-09,0.0,9.2,15.0,11.7,3.36,13.6,74,81,64,9.3
2004-01-10,0.0,8.5,19.2,12.4,2.46,8.7,72,91,40,9.3
2004-01-11,0.0,5.0,17.7,10.2,1.51,4.8,75,89,49,9.2
2004-01-12,0.0,3.9,18.8,9.8,1.34,4.7,74,93,41,9.5
2004-01-13,0.0,5.4,19.9,10.7,2.04,6.2,59,84,33,9.4
2004-01-14,0.0,5.0,16.4,9.5,2.62,9.3,63,76,37,9.5
2004-01-15,0.0,4.7,12.2,9.0,1.81,6.9,75,94,49,7.4
2004-01-16,1.1,6.3,14.3,9.3,1.57,7.7,79,96,52,9.4
2004-01-17,0.0,4.5,15.9,9.0,2.01,7.2,72,95,42,9.5
2004-01-18,0.0,4.5,8.8,6.8,5.03,17.7,55,75,34,9.5
2004-01-19,0.0,-0.1,7.9,3.7,3.15,12.6,48,72,29,9.6
2004-01-20,0.0,-2.6,10.8,3.5,1.89,7.6,49,65,26,9.6
2004-01-21,0.0,2.9,13.0,7.2,3.22,11.9,58,67,49,9.6
2004-01-22,0.0,2.5,15.5,7.8,2.26,7.4,62,83,31,9.6
2004-01-23,0.0,2.5,17.2,8.7,3.12,11.2,60,83,31,9.6
2004-01-24,0.0,7.3,17.8,11.9,3.01,11.6,66,79,50,9.1
2004-01-25,0.0,3.8,17.8,10.5,1.78,5.6,76,97,45,9.6
2004-01-26,0.0,9.6,14.7,11.5,3.59,13.7,71,85,58,8.6
2004-01-27,0.0,10.6,15.4,12.4,4.47,15.0,67,76,51,9.3
2004-01-28,4.1,5.1,12.3,9.7,2.94,10.4,65,90,32,9.3
2004-01-29,0.0,-1.6,13.2,5.4,1.25,4.7,52,76,30,9.5
2004-01-30,0.0,2.5,11.3,6.8,1.18,6.4,63,82,41,7.4
2004-01-31,0.0,2.3,16.0,8.3,0.89,4.9,77,95,47,7.8
2004-02-01,0.0,6.2,17.6,11.3,1.23,5.1,76,93,52,9.1
2004-02-02,0.0,6.6,17.4,11.5,1.25,6.2,75,91,52,8.6
2004-02-03,0.0,4.8,18.4,11.1,1.21,6.6,77,96,48,10.0
2004-02-04,0.0,4.4,18.1,10.5,1.22,7.2,76,94,46,10.0
2004-02-05,0.0,3.2,17.7,9.6,1.18,6.6,70,92,38,10.1
2004-02-06,0.0,1.3,18.8,9.3,1.08,4.9,62,88,31,10.2
2004-02-07,0.0,3.3,19.2,10.7,1.48,5.4,63,89,34,10.3
2004-02-08,0.0,6.3,13.6,10.1,1.09,5.8,71,90,56,10.1
2004-02-09,0.1,6.7,10.4,8.2,1.09,5.8,83,90,72,3.2
2004-02-10,0.0,6.2,12.2,8.2,1.64,10.1,73,97,38,9.2
2004-02-11,0.0,1.0,15.2,7.8,1.2,4.5,45,65,24,10.5
2004-02-12,0.0,1.8,17.9,9.1,2.13,7.2,49,73,22,10.5
2004-02-13,0.0,0.3,16.1,8.1,1.47,7.8,63,82,41,10.6
2004-02-14,0.0,1.0,16.2,8.7,1.04,5.1,69,95,38,10.6
2004-02-15,0.0,3.5,16.4,9.2,1.63,6.4,68,95,34,10.6
2004-02-16,0.0,3.1,17.1,9.8,1.6,5.8,63,90,33,10.7
2004-02-17,0.0,2.6,14.0,8.1,1.68,7.1,64,88,34,10.7
2004-02-18,0.0,1.5,12.9,6.7,1.95,8.9,73,100,40,10.0
2004-02-19,0.0,1.8,11.0,6.0,1.81,9.7,78,99,48,7.0
2004-02-20,11.2,4.4,7.7,5.7,1.88,8.1,96,99,89,0.0
2004-02-21,1.0,3.0,13.7,7.7,1.97,10.6,88,99,70,1.9
2004-02-22,0.0,1.2,13.8,7.4,2.35,8.1,59,82,29,10.8
2004-02-23,0.0,1.7,14.7,8.1,1.5,5.9,65,90,37,10.3
2004-02-24,8.7,5.0,10.5,7.7,1.86,9.1,85,99,63,0.8
2004-02-25,7.4,6.7,12.1,9.0,1.61,8.5,93,100,83,4.3
2004-02-26,0.2,2.8,12.4,6.9,2.82,11.8,76,93,45,10.9
2004-02-27,0.4,3.0,9.1,5.4,4.23,24.0,66,82,48,10.9
2004-02-28,0.0,0.6,9.0,4.4,4.2,13.9,49,64,32,10.9
2004-02-29,0.0,3.5,9.7,5.9,3.6,14.1,62,74,44,10.9
2004-03-01,4.4,1.1,7.1,3.9,1.99,9.2,68,96,28,8.3
2004-03-02,0.0,-4.0,7.0,1.4,2.36,8.4,47,68,32,11.0
2004-03-03,0.0,-2.9,13.2,4.1,1.57,5.5,50,68,26,11.0
2004-03-04,0.0,0.9,18.3,8.6,2.26,7.8,54,70,32,11.1
2004-03-05,0.0,6.2,20.6,12.3,1.84,6.4,55,76,28,11.0
2004-03-06,0.0,7.8,15.6,11.2,2.74,10.9,66,83,48,11.0
2004-03-07,0.0,6.9,17.3,11.5,1.84,7.2,69,94,38,11.0
2004-03-08,0.0,2.9,20.1,11.4,0.94,6.3,66,93,34,11.2
2004-03-09,0.0,5.9,17.9,10.9,1.46,8.1,74,99,39,11.0
2004-03-10,0.0,5.4,16.1,10.7,2.67,13.4,70,93,47,11.2
2004-03-11,0.0,7.8,18.7,12.5,1.88,8.2,64,89,38,11.1
2004-03-12,0.0,6.6,21.3,13.4,1.39,8.6,65,88,36,11.3
2004-03-13,10.1,8.2,11.9,10.2,1.16,5.8,86,96,77,0.5
2004-03-14,7.7,7.2,10.8,8.8,2.25,9.2,92,99,84,0.8
2004-03-15,2.4,6.7,13.6,9.7,4.02,18.3,86,95,78,10.3
2004-03-16,12.9,7.6,12.7,9.8,1.76,7.9,95,98,89,2.2
2004-03-17,0.2,7.5,16.8,11.6,1.54,6.4,83,99,59,10.5
2004-03-18,0.0,8.8,18.6,13.0,1.04,7.2,79,100,49,10.8
2004-03-19,0.0,7.1,16.8,11.9,1.1,6.1,79,93,55,7.8
2004-03-20,0.0,6.7,19.4,12.5,1.37,6.3,75,96,48,11.8
2004-03-21,0.0,7.1,22.9,14.6,1.07,4.4,69,95,38,11.8
2004-03-22,0.0,7.8,16.0,12.1,2.61,12.1,60,90,28,11.8
2004-03-23,0.0,3.0,14.2,9.0,2.7,10.2,45,70,33,11.8
2004-03-24,0.3,2.9,17.2,8.8,2.15,12.9,63,84,32,11.9
2004-03-25,0.2,5.4,11.2,7.8,2.21,8.7,72,87,53,8.4
2004-03-26,22.1,3.6,5.9,4.5,2.52,9.3,96,99,89,0.0
2004-03-27,11.0,3.8,7.3,5.5,1.87,7.7,97,99,93,0.1
2004-03-28,13.3,5.3,8.9,6.9,2.48,12.6,97,99,92,0.0
2004-03-29,39.0,6.7,12.0,8.7,2.5,12.6,85,99,56,7.5
2004-03-30,0.9,6.4,13.2,9.1,2.39,9.7,70,93,43,11.6
2004-03-31,0.0,5.2,14.6,9.7,2.24,8.1,64,90,39,12.1
2004-04-01,0.1,2.4,18.7,10.2,1.68,9.3,70,92,39,12.0
2004-04-02,1.1,7.7,14.0,10.6,2.83,12.7,62,84,39,12.2
2004-04-03,0.0,3.1,17.5,10.5,1.63,6.4,65,89,43,12.2
2004-04-04,0.0,4.1,19.6,12.1,1.49,6.9,68,90,42,12.0
2004-04-05,0.0,6.5,20.4,13.0,1.32,6.3,69,92,41,11.1
2004-04-06,0.0,7.3,22.5,14.7,1.58,6.3,64,91,35,12.2
2004-04-07,0.1,8.9,22.1,15.2,2.34,11.4,65,89,36,12.2
2004-04-08,5.3,7.6,17.5,11.8,1.86,10.6,85,97,54,10.0
2004-04-09,15.6,6.0,11.4,8.5,1.91,7.5,88,99,59,2.3
2004-04-10,9.6,3.4,7.9,5.4,1.25,7.0,94,99,84,9.2
2004-04-11,1.9,1.4,8.7,5.2,2.45,10.4,76,96,56,9.6
2004-04-12,0.2,1.6,13.3,8.0,2.93,10.1,58,76,42,12.5
2004-04-13,0.0,1.4,15.3,8.7,2.04,7.4,60,90,36,12.6
2004-04-14,0.0,1.9,14.3,8.3,2.02,9.8,71,96,44,12.6
2004-04-15,14.5,2.8,13.8,8.2,2.59,14.3,86,98,65,6.0
2004-04-16,26.1,7.4,14.8,10.3,5.43,21.2,79,97,60,8.2
2004-04-17,0.0,8.2,17.5,12.4,2.25,9.2,65,91,41,12.0
2004-04-18,0.0,6.5,15.6,10.8,3.63,13.4,62,74,46,12.8
2004-04-19,0.2,6.4,13.8,10.4,3.48,12.2,60,75,43,12.8
2004-04-20,0.0,7.0,20.8,13.4,1.88,8.6,62,77,44,13.0
2004-04-21,0.0,6.8,22.3,14.8,1.68,8.6,73,95,47,13.1
2004-04-22,0.5,10.8,16.8,13.2,4.11,15.9,61,93,34,13.1
2004-04-23,0.0,7.5,18.9,13.0,2.74,9.6,55,74,42,13.2
2004-04-24,0.0,5.7,20.9,13.5,1.66,7.9,65,91,38,13.2
2004-04-25,0.0,7.1,23.9,15.7,1.48,5.6,62,90,34,13.3
2004-04-26,0.0,9.7,20.7,15.2,1.98,9.1,65,86,47,13.4
2004-04-27,0.0,8.4,20.4,14.0,2.14,10.2,57,79,34,13.5
2004-04-28,5.6,7.4,18.8,12.5,1.31,8.9,67,93,39,6.0
2004-04-29,3.2,9.5,18.6,13.7,2.34,11.5,69,96,37,12.9
2004-04-30,0.0,9.9,16.2,12.6,3.62,13.6,55,74,40,13.6
2004-05-01,0.4,4.9,16.1,10.9,1.9,8.4,62,85,46,13.6
2004-05-02,6.3,8.3,13.7,11.0,2.56,9.5,79,99,61,6.2
2004-05-03,16.2,9.1,14.1,10.9,3.48,13.1,89,99,75,9.8
2004-05-04,1.5,7.9,17.6,12.3,3.97,13.4,61,87,38,13.3
2004-05-05,0.0,10.0,13.6,12.1,5.24,17.9,64,74,49,10.4
2004-05-06,0.0,10.2,15.9,12.5,3.76,12.7,61,74,47,13.8
2004-05-07,0.0,8.1,17.4,12.4,2.57,9.5,59,79,41,13.9
2004-05-08,0.0,4.8,18.0,11.7,2.08,9.5,59,85,34,13.9
2004-05-09,0.1,6.2,19.5,13.1,1.27,7.0,64,95,34,12.9
2004-05-10,4.0,7.8,15.4,11.6,1.91,8.5,75,93,59,8.2
2004-05-11,10.0,8.6,11.3,9.6,1.77,6.5,92,99,81,0.0
2004-05-12,3.6,7.4,16.3,11.2,1.75,6.5,78,96,52,6.6
2004-05-13,5.6,6.8,17.9,12.3,1.37,6.6,79,92,55,12.4
2004-05-14,11.1,7.3,17.0,11.6,1.95,10.4,83,99,63,12.8
2004-05-15,0.2,8.8,16.1,12.2,1.89,8.5,78,100,53,11.9
2004-05-16,0.0,6.4,18.9,13.4,1.94,9.2,66,87,45,14.0
2004-05-17,0.0,7.2,20.3,14.2,2.24,10.0,65,88,44,14.0
2004-05-18,0.0,8.1,19.5,14.4,2.2,11.1,60,81,43,14.0
2004-05-19,0.0,8.4,19.7,14.6,2.06,9.2,58,80,40,14.0
2004-05-20,0.0,8.5,20.9,15.0,1.82,8.8,55,73,45,14.0
2004-05-21,0.6,7.9,19.1,14.4,1.26,7.9,70,90,50,10.2
2004-05-22,2.3,9.3,20.2,14.8,1.24,7.9,79,96,57,14.0
2004-05-23,0.7,9.0,19.4,14.1,1.66,9.4,86,97,66,13.4
2004-05-24,0.0,10.8,18.3,14.5,1.68,7.2,76,96,55,9.9
2004-05-25,1.5,10.1,17.4,14.0,1.19,6.2,79,92,66,11.7
2004-05-26,4.5,8.0,19.1,14.3,1.2,6.2,80,98,60,13.4
2004-05-27,0.1,8.8,21.5,15.7,1.1,7.2,72,97,46,13.6
2004-05-28,0.0,10.6,23.5,17.6,1.49,6.8,69,94,43,13.4
2004-05-29,0.6,11.7,25.4,19.0,1.39,8.1,66,88,41,14.0
2004-05-30,1.4,12.0,25.1,19.1,1.14,7.0,72,89,50,14.0
2004-05-31,0.0,12.8,25.7,19.8,1.21,6.6,75,94,53,14.0
2004-06-01,0.1,13.6,27.5,21.1,1.27,6.0,72,94,49,14.0
2004-06-02,1.8,15.1,28.8,22.3,1.03,5.8,67,93,41,14.0
2004-06-03,0.0,14.7,29.2,22.4,1.3,7.2,59,87,34,14.0
2004-06-04,0.0,13.8,27.0,20.4,1.78,10.1,69,94,44,14.0
2004-06-05,1.4,13.3,30.3,22.0,0.91,7.4,64,92,34,13.9
2004-06-06,0.3,15.1,28.1,21.9,1.87,9.3,67,90,41,14.0
2004-06-07,0.0,16.6,24.6,20.5,2.22,10.9,68,99,42,14.0
2004-06-08,0.0,13.6,26.2,20.2,2.7,12.1,57,83,38,14.0
2004-06-09,0.0,14.9,25.9,20.5,2.24,9.9,58,80,41,14.0
2004-06-10,0.0,13.9,26.9,21.0,1.95,9.3,55,79,37,14.0
2004-06-11,0.0,14.5,28.3,21.5,1.68,8.6,51,76,30,14.0
2004-06-12,0.0,13.9,28.3,21.7,1.62,9.1,51,80,31,14.0
2004-06-13,2.0,14.7,28.0,21.4,1.53,9.6,59,84,39,13.7
2004-06-14,0.7,14.5,23.9,17.9,1.99,10.8,70,89,45,11.6
2004-06-15,0.2,12.0,21.3,16.4,2.13,9.5,69,95,46,13.1
2004-06-16,0.0,11.0,25.2,18.5,2.24,8.8,57,84,30,13.4
2004-06-17,0.0,12.5,29.2,21.3,1.9,8.3,51,78,27,14.0
2004-06-18,0.0,14.2,31.6,23.5,1.94,11.0,45,76,24,14.0
2004-06-19,0.1,19.3,27.1,22.9,3.49,12.4,39,55,29,14.0
2004-06-20,0.0,13.4,26.6,20.5,1.95,9.6,51,78,31,14.0
2004-06-21,0.0,13.2,28.7,21.2,1.65,10.8,53,80,27,13.7
2004-06-22,0.0,14.6,31.2,23.2,1.97,10.6,55,86,27,14.0
2004-06-23,0.0,15.6,32.8,24.6,1.08,5.6,51,81,27,14.0
2004-06-24,1.7,17.5,32.6,24.9,1.97,10.2,54,81,32,14.0
2004-06-25,0.0,18.6,29.8,23.9,2.1,10.3,62,86,43,14.0
2004-06-26,0.0,15.8,32.6,24.6,1.81,8.5,53,88,27,14.0
2004-06-27,0.0,17.2,32.5,25.3,2.03,10.6,49,74,30,14.0
2004-06-28,0.0,17.1,32.7,25.4,2.07,10.1,46,70,26,14.0
2004-06-29,0.0,17.7,33.4,26.0,2.2,10.5,43,70,23,13.3
2004-06-30,1.4,17.2,35.9,27.1,1.48,8.1,45,77,19,13.6
2004-07-01,0.0,19.6,33.3,26.9,2.23,10.8,42,66,27,14.0
2004-07-02,0.0,19.7,30.3,24.4,2.3,12.2,63,79,40,14.0
2004-07-03,0.0,17.3,27.6,22.0,2.32,10.4,62,93,36,14.0
2004-07-04,0.0,15.9,28.8,22.4,1.8,9.7,57,83,37,14.0
2004-07-05,0.0,16.4,32.3,24.2,1.76,9.3,60,89,31,14.0
2004-07-06,0.0,19.5,31.2,24.7,1.77,10.6,61,88,32,12.5
2004-07-07,0.0,18.1,29.9,23.9,1.19,7.2,55,87,23,14.0
2004-07-08,0.0,13.6,26.8,21.2,2.53,10.8,36,68,22,14.0
2004-07-09,0.0,13.3,25.4,19.8,2.82,10.8,42,59,29,14.0
2004-07-10,0.0,13.1,27.7,20.6,2.01,11.2,55,85,25,14.0
2004-07-11,0.0,15.6,28.1,21.1,2.24,11.9,65,89,33,12.8
2004-07-12,0.0,15.6,26.7,20.5,2.15,12.6,70,97,38,13.6
2004-07-13,0.0,16.3,26.8,21.1,2.33,8.9,66,98,36,13.8
2004-07-14,0.0,15.4,27.0,21.2,2.38,10.6,60,86,40,14.0
2004-07-15,0.0,15.4,28.1,21.7,2.03,9.2,59,88,35,14.0
2004-07-16,0.0,15.3,29.9,23.0,2.05,10.6,49,85,21,14.0
2004-07-17,0.0,15.1,30.6,23.3,1.99,10.3,44,70,23,14.0
2004-07-18,0.0,16.2,32.4,24.0,1.79,12.5,58,89,25,13.9
2004-07-19,0.0,18.9,31.0,24.4,1.73,10.5,61,81,33,13.9
2004-07-20,0.0,16.3,32.1,24.5,1.8,10.2,55,84,27,13.9
2004-07-21,0.0,18.5,31.5,24.7,2.06,9.3,60,87,34,13.9
2004-07-22,0.0,17.3,35.2,26.3,1.6,10.2,59,93,26,13.9
2004-07-23,1.0,20.5,35.9,28.3,1.34,6.4,50,80,23,13.9
2004-07-24,0.0,21.0,36.6,28.8,1.43,9.4,45,67,22,13.2
2004-07-25,0.9,21.3,34.6,27.6,1.58,10.0,54,74,30,13.9
2004-07-26,0.0,20.0,30.0,25.1,1.87,10.3,63,88,43,13.8
2004-07-27,0.0,17.4,33.1,25.3,1.85,11.6,53,85,25,13.8
2004-07-28,0.1,17.9,32.9,25.2,1.8,11.3,56,81,28,13.8
2004-07-29,1.1,20.5,30.2,24.7,1.76,10.0,63,82,39,13.6
2004-07-30,0.0,18.4,30.0,24.1,2.06,10.7,62,96,33,13.7
2004-07-31,0.0,16.6,30.6,23.9,1.91,10.9,57,90,28,13.8
2004-08-01,0.0,16.8,32.8,25.1,1.93,9.5,50,80,25,13.0
2004-08-02,0.5,17.9,31.3,25.0,1.48,9.0,53,76,36,12.3
2004-08-03,1.5,19.2,30.1,24.7,1.4,8.4,57,78,35,13.6
2004-08-04,0.0,18.8,31.1,25.0,2.14,8.4,42,67,28,13.6
2004-08-05,0.0,18.1,30.6,24.1,2.18,11.6,52,75,30,13.4
2004-08-06,0.0,17.6,30.0,23.6,2.34,11.6,59,87,33,13.5
2004-08-07,0.0,17.2,30.3,23.7,1.8,8.7,54,77,38,13.4
2004-08-08,1.5,18.1,33.6,25.7,1.22,9.8,60,92,31,13.3
2004-08-09,0.2,19.3,32.2,25.6,1.45,9.4,52,83,29,13.3
2004-08-10,0.0,19.2,30.3,24.7,2.52,9.9,50,79,30,13.3
2004-08-11,0.0,16.6,30.8,24.0,1.73,9.7,50,81,29,13.3
2004-08-12,0.0,17.1,33.2,25.1,1.27,6.1,45,76,23,13.3
2004-08-13,0.0,17.0,32.6,24.7,2.2,11.5,42,71,20,13.3
2004-08-14,0.0,17.7,30.6,24.2,2.17,10.3,59,79,38,12.3
2004-08-15,0.0,17.7,33.5,25.6,2.0,11.3,60,95,26,13.1
2004-08-16,0.2,19.3,34.7,26.9,1.59,9.8,45,78,19,13.1
2004-08-17,0.0,18.5,32.0,25.5,2.18,10.3,38,64,22,13.0
2004-08-18,0.0,17.2,34.0,25.4,1.84,8.6,46,83,20,13.0
2004-08-19,0.0,18.1,33.4,25.8,1.45,8.6,44,74,24,12.9
2004-08-20,0.0,18.2,31.8,24.9,2.38,7.9,45,76,22,12.9
2004-08-21,0.0,17.6,28.2,22.7,2.75,10.8,40,67,31,12.8
2004-08-22,0.0,17.7,28.7,22.4,2.27,8.6,65,92,36,12.3
2004-08-23,0.0,18.6,32.9,25.0,1.67,7.7,61,91,31,12.0
2004-08-24,0.0,18.0,36.5,27.2,1.2,7.0,51,86,20,12.3
2004-08-25,0.0,18.9,34.7,27.0,2.14,10.3,53,81,30,12.5
2004-08-26,0.0,21.2,32.5,25.4,1.83,11.7,59,86,29,12.4
2004-08-27,0.3,18.7,30.3,23.8,2.06,10.8,72,98,37,12.2
2004-08-28,0.2,19.7,30.4,23.9,1.67,9.4,70,96,36,11.4
2004-08-29,0.6,19.6,28.5,23.1,1.9,10.2,72,96,38,11.5
2004-08-30,0.0,19.0,29.8,23.3,2.06,11.2,70,97,34,12.2
2004-08-31,1.0,18.5,29.6,23.3,1.71,9.9,68,95,33,11.2
2004-09-01,0.3,18.9,28.0,22.7,1.77,9.1,67,93,34,11.2
2004-09-02,0.7,17.8,27.5,22.0,1.8,10.8,67,93,33,12.0
2004-09-03,10.1,16.9,25.5,20.2,1.78,11.2,80,96,48,7.3
2004-09-04,1.0,17.6,27.8,21.9,3.13,13.1,78,98,53,11.5
2004-09-05,0.8,17.5,30.6,23.4,1.49,7.2,68,88,41,12.0
2004-09-06,0.4,17.9,28.2,22.5,1.59,8.6,69,90,40,12.0
2004-09-07,0.0,17.4,27.3,22.2,1.71,8.7,68,97,41,12.0
2004-09-08,0.0,17.3,26.5,22.0,2.84,12.0,73,98,52,12.0
2004-09-09,0.0,16.8,27.5,22.0,1.84,8.9,75,98,48,11.0
2004-09-10,0.0,17.8,29.2,23.3,1.35,7.2,64,94,32,11.1
2004-09-11,0.0,17.5,30.1,23.9,1.14,7.8,61,87,35,12.0
2004-09-12,0.3,17.4,28.8,22.9,1.96,11.2,64,87,41,11.9
2004-09-13,0.0,17.2,29.2,22.3,1.43,10.2,67,95,34,12.0
2004-09-14,0.0,15.7,27.6,21.5,1.12,6.8,51,81,27,10.0
2004-09-15,0.0,13.3,25.4,19.6,2.31,8.6,51,76,30,11.9
2004-09-16,0.0,15.7,25.0,19.6,1.9,9.3,70,92,38,12.0
2004-09-17,0.0,14.9,26.9,20.1,1.92,10.7,71,98,33,12.0
2004-09-18,0.0,14.2,28.6,20.8,1.48,9.0,67,95,31,11.6
2004-09-19,0.0,13.9,28.4,20.7,1.72,11.1,63,88,32,12.0
2004-09-20,0.0,13.8,27.1,20.3,1.87,9.1,61,88,34,12.0
2004-09-21,0.0,13.7,29.4,21.4,1.49,8.9,59,90,28,12.0
2004-09-22,0.0,14.4,30.7,22.0,1.26,9.1,59,82,30,12.0
2004-09-23,0.0,15.4,30.9,22.8,1.17,8.3,61,94,26,12.0
2004-09-24,0.0,15.2,32.0,23.5,1.96,8.1,38,62,20,11.9
2004-09-25,0.0,15.5,26.2,20.5,2.34,11.8,43,80,15,11.9
2004-09-26,0.5,15.9,22.6,18.7,1.62,6.9,74,89,50,10.9
2004-09-27,0.0,13.4,25.4,18.4,1.65,9.7,72,93,38,11.8
2004-09-28,0.0,12.0,25.1,18.3,1.64,8.8,65,94,33,11.5
2004-09-29,0.0,11.4,27.2,19.0,1.34,8.3,61,91,27,11.7
2004-09-30,0.0,12.0,27.4,19.5,1.49,8.7,61,91,28,11.7
2004-10-01,0.0,13.2,27.0,19.5,1.42,8.4,60,90,25,11.6
2004-10-02,0.0,12.3,26.8,19.4,1.54,8.6,58,90,24,11.6
2004-10-03,0.0,12.9,26.4,19.3,1.69,9.0,57,85,32,11.6
2004-10-04,0.0,12.6,26.4,19.6,1.56,7.2,57,81,32,11.3
2004-10-05,0.0,13.6,28.2,20.8,1.8,8.7,64,93,31,11.3
2004-10-06,1.0,14.5,27.4,20.5,1.11,6.5,59,84,29,5.9
2004-10-07,0.0,14.3,26.7,20.1,1.55,7.8,69,91,44,10.8
2004-10-08,0.0,14.1,28.3,20.5,1.83,9.4,70,98,32,10.8
2004-10-09,0.0,14.9,24.9,19.4,1.96,9.3,55,84,35,10.2
2004-10-10,0.0,12.8,20.7,16.7,3.34,14.5,45,67,26,10.9
2004-10-11,0.0,10.9,21.8,16.2,2.08,7.4,45,75,25,10.8
2004-10-12,0.0,8.7,21.6,15.1,1.78,6.1,48,74,26,10.8
2004-10-13,0.0,8.1,22.0,14.9,1.4,8.1,47,72,24,10.9
2004-10-14,0.0,7.1,20.8,14.0,2.2,9.3,42,64,22,10.8
2004-10-15,0.0,8.3,19.5,13.9,2.59,12.6,51,72,34,10.6
2004-10-16,0.0,7.2,23.1,14.8,1.94,7.2,53,88,19,10.7
2004-10-17,0.0,7.4,22.0,14.4,1.52,8.0,55,84,29,10.3
2004-10-18,0.7,8.6,19.1,13.8,1.13,6.5,62,77,43,2.7
2004-10-19,0.0,13.3,23.7,18.2,1.66,8.5,67,85,51,8.0
2004-10-20,0.0,14.8,26.8,19.8,2.19,13.5,64,83,38,9.0
2004-10-21,2.1,14.9,25.4,19.2,1.36,11.7,70,90,41,9.8
2004-10-22,0.0,13.3,25.4,18.5,1.02,6.2,70,96,36,7.9
2004-10-23,0.0,12.6,26.1,18.7,1.51,8.4,66,91,37,10.1
2004-10-24,0.0,12.0,30.0,20.1,1.33,10.2,54,85,19,10.3
2004-10-25,0.7,12.0,27.2,18.3,1.7,11.6,51,80,20,6.8
2004-10-26,0.1,10.4,18.7,14.0,2.53,9.5,53,76,28,10.2
2004-10-27,0.8,6.9,15.2,11.2,1.42,13.5,67,91,49,0.5
2004-10-28,0.0,9.8,18.5,14.1,1.79,10.0,66,95,34,10.0
2004-10-29,0.0,9.4,17.4,13.0,2.41,10.7,59,79,37,10.0
2004-10-30,0.0,6.1,15.7,10.6,2.07,9.1,56,89,27,9.7
2004-10-31,0.0,5.0,15.8,9.8,2.51,9.8,57,84,35,10.1
2004-11-01,0.0,6.7,16.2,11.1,3.02,10.8,51,74,30,10.0
2004-11-02,0.0,4.9,17.9,11.1,2.47,8.4,55,84,29,10.0
2004-11-03,0.0,4.2,19.4,11.6,1.47,5.0,51,81,23,10.0
2004-11-04,0.0,5.7,17.7,11.4,1.52,6.8,57,85,32,10.0
2004-11-05,0.8,7.4,14.2,11.2,2.18,8.9,87,99,77,7.2
2004-11-06,5.3,10.2,14.5,12.8,1.95,7.7,92,99,84,1.6
2004-11-07,0.0,8.3,17.6,12.3,1.83,5.3,73,100,43,9.5
2004-11-08,0.0,4.6,18.6,10.9,1.18,7.0,66,87,40,9.9
2004-11-09,0.0,3.8,18.7,10.7,2.28,8.9,61,86,31,9.9
2004-11-10,0.0,5.7,13.8,9.7,4.19,14.6,62,85,36,9.9
2004-11-11,0.0,4.6,12.1,8.2,3.68,12.6,51,63,34,9.0
2004-11-12,0.0,3.9,11.5,7.5,3.17,13.3,64,80,46,5.5
2004-11-13,0.4,6.6,15.4,10.2,3.82,12.7,48,70,31,9.9
2004-11-14,0.0,3.4,15.5,9.6,2.66,11.4,46,81,20,9.9
2004-11-15,0.0,1.5,9.6,5.5,2.55,9.3,42,64,26,9.8
2004-11-16,0.0,-1.7,12.8,5.2,1.26,5.3,48,74,24,9.8
2004-11-17,0.0,-0.5,14.8,6.1,1.4,5.6,46,63,21,9.8
2004-11-18,0.0,-0.4,16.7,6.9,0.9,3.7,50,70,21,9.8
2004-11-19,0.0,2.7,19.2,9.1,1.96,5.9,46,66,22,9.8
2004-11-20,0.0,3.2,18.0,9.5,1.77,5.3,58,87,37,9.8
2004-11-21,0.0,4.6,16.0,9.5,1.14,6.2,71,92,44,9.8
2004-11-22,0.1,7.7,13.8,10.3,1.15,5.2,81,94,62,5.9
2004-11-23,0.0,5.6,15.5,10.1,1.05,5.5,76,96,48,9.7
2004-11-24,0.0,2.9,16.5,9.0,1.13,4.9,71,94,38,9.7
2004-11-25,0.0,2.2,15.8,8.5,1.23,6.0,73,92,42,9.7
2004-11-26,0.0,3.2,14.6,8.1,1.03,6.0,76,95,48,9.7
2004-11-27,0.0,2.5,14.3,7.6,1.29,6.2,78,94,51,9.6
2004-11-28,0.0,5.4,14.6,8.9,0.84,5.0,78,96,50,6.6
2004-11-29,0.1,4.8,15.1,9.6,1.23,4.3,62,82,39,6.6
2004-11-30,3.6,5.4,13.8,9.4,1.11,7.7,79,99,61,5.5
2004-12-01,9.7,6.6,10.6,9.0,2.65,11.4,90,99,61,1.6
2004-12-02,0.0,2.4,10.2,6.9,1.26,6.9,78,89,68,6.4
2004-12-03,8.6,4.6,10.2,7.4,1.1,5.8,95,99,90,3.5
2004-12-04,21.2,6.6,8.8,7.6,1.45,5.6,98,99,97,0.2
2004-12-05,8.7,7.0,8.5,7.7,1.69,6.3,98,100,94,1.2
2004-12-06,5.0,6.6,8.5,7.5,1.96,6.5,96,98,92,3.4
2004-12-07,0.9,4.7,10.6,7.4,2.29,8.8,84,98,64,5.3
2004-12-08,6.9,5.5,10.4,7.8,3.28,11.1,77,83,65,4.9
2004-12-09,0.0,3.7,13.1,8.3,2.13,6.3,76,91,52,9.1
2004-12-10,1.2,6.4,13.0,9.2,1.95,6.9,81,89,68,8.8
2004-12-11,0.0,3.4,12.3,7.8,1.9,6.7,78,93,53,8.8
2004-12-12,3.5,7.5,10.0,8.3,1.7,6.7,95,99,87,5.5
2004-12-13,1.4,7.9,11.6,9.1,2.18,9.9,92,99,73,8.3
2004-12-14,1.7,8.0,10.6,9.0,2.27,9.3,93,99,82,3.0
2004-12-15,3.1,7.8,11.1,9.0,1.7,6.6,94,99,82,8.3
2004-12-16,0.0,5.6,12.9,8.5,1.68,6.4,84,99,57,9.0
2004-12-17,0.0,4.1,14.5,8.0,2.36,7.6,75,91,48,9.4
2004-12-18,0.0,6.3,15.0,9.7,3.11,11.6,72,86,58,9.4
2004-12-19,0.0,4.8,13.7,8.4,2.99,11.6,75,90,51,9.4
2004-12-20,0.0,6.5,12.0,9.3,3.34,11.8,68,79,51,9.3
2004-12-21,0.0,-1.1,10.0,4.5,1.33,6.9,74,90,48,8.8
2004-12-22,1.5,2.7,5.9,4.2,2.65,10.1,87,97,81,2.7
2004-12-23,0.0,0.0,9.8,4.5,1.24,4.3,76,97,43,9.4
2004-12-24,0.0,-0.6,11.1,4.2,1.23,3.5,60,78,36,9.4
2004-12-25,0.0,-1.5,10.7,3.4,2.86,13.3,71,85,47,9.2
2004-12-26,0.0,1.5,5.1,3.1,6.86,19.4,60,73,45,8.7
2004-12-27,0.0,0.7,5.5,2.5,4.97,14.5,53,66,42,9.3
2004-12-28,0.0,0.7,9.5,4.2,3.58,12.7,49,61,34,7.5
2004-12-29,0.0,4.7,9.6,6.5,4.09,13.8,64,83,47,9.2
2004-12-30,0.0,1.4,9.0,5.6,2.58,10.9,66,87,53,9.3
2004-12-31,0.0,-0.3,13.2,4.8,1.44,5.0,76,91,48,9.3
2005-01-01,0.0,2.1,15.8,7.1,1.59,4.8,76,91,45,9.3
2005-01-02,0.0,1.5,15.3,7.6,1.67,4.8,70,89,43,9.3
2005-01-03,0.0,0.6,10.5,5.7,1.44,6.3,81,93,66,6.0
2005-01-04,0.0,2.4,10.0,6.0,1.17,5.8,87,99,68,4.2
2005-01-05,0.0,-0.2,12.1,4.8,1.11,4.0,72,98,39,9.3
2005-01-06,0.0,-1.0,12.4,4.6,1.35,4.3,68,83,41,9.5
2005-01-07,0.0,-1.7,13.1,4.4,1.1,4.1,60,81,33,9.5
2005-01-08,0.0,-2.2,13.1,3.9,1.0,3.7,55,72,31,9.5
2005-01-09,0.0,-0.9,10.4,3.9,1.07,4.2,57,82,40,9.5
2005-01-10,0.0,-0.9,10.6,3.9,0.75,3.7,62,83,37,9.0
2005-01-11,0.0,-2.3,11.3,3.2,0.99,3.6,66,82,44,9.5
2005-01-12,0.0,-2.2,12.7,3.5,1.15,3.8,62,84,32,9.5
2005-01-13,0.0,-0.0,13.8,5.8,1.64,5.4,69,89,56,9.5
2005-01-14,0.0,0.5,14.2,6.2,1.25,4.2,82,96,55,9.5
2005-01-15,0.0,0.3,13.4,6.0,1.16,6.1,82,95,57,9.5
2005-01-16,0.0,0.6,12.7,6.0,1.16,5.1,75,97,47,9.1
2005-01-17,0.0,-0.2,12.2,5.7,1.11,4.4,70,88,47,9.5
2005-01-18,0.0,-0.3,15.5,6.4,2.4,10.9,62,91,29,9.6
2005-01-19,0.0,3.9,12.9,8.2,3.71,14.7,62,85,42,9.4
2005-01-20,0.0,5.1,14.7,9.6,2.39,12.0,67,84,51,9.6
2005-01-21,0.0,2.8,18.6,9.0,1.97,7.1,66,91,30,9.6
2005-01-22,0.0,1.0,17.2,8.5,1.62,4.5,54,74,29,9.6
2005-01-23,0.0,-0.1,16.0,6.8,0.88,4.5,62,79,32,9.6
2005-01-24,0.0,1.8,12.5,6.3,2.74,9.9,57,81,28,9.0
2005-01-25,0.0,-0.5,4.5,2.0,5.47,16.9,35,52,20,9.6
2005-01-26,0.3,-1.3,2.8,0.5,5.38,18.6,40,57,18,9.6
2005-01-27,0.0,-4.4,3.4,-1.3,2.76,9.7,33,52,21,9.8
2005-01-28,0.0,-4.8,5.0,-0.3,2.85,12.7,42,50,28,9.8
2005-01-29,0.0,1.5,9.3,4.6,4.66,16.0,56,68,39,9.2
2005-01-30,0.9,-0.7,6.9,3.1,2.37,9.0,58,76,38,8.9
2005-01-31,0.0,-3.5,7.7,1.1,1.23,4.0,52,77,28,9.9
2005-02-01,0.0,-3.4,11.8,2.7,1.56,6.4,54,73,28,10.0
2005-02-02,0.0,-1.1,11.3,4.6,1.99,6.9,73,95,48,9.9
2005-02-03,0.0,0.8,12.4,5.5,1.49,6.6,76,97,46,9.9
2005-02-04,0.0,-0.7,9.9,4.4,1.5,8.0,78,94,49,8.6
2005-02-05,1.5,2.9,8.7,4.9,1.02,6.8,90,99,72,8.9
2005-02-06,1.3,1.4,8.6,4.4,1.61,8.1,89,99,71,9.8
2005-02-07,6.8,2.4,6.9,4.3,2.11,10.1,96,99,90,4.4
2005-02-08,2.3,1.3,10.2,5.3,2.09,10.4,87,99,59,9.7
2005-02-09,7.0,2.8,9.0,5.1,3.0,12.3,89,97,65,6.6
2005-02-10,0.0,1.8,10.7,5.6,1.6,5.8,80,99,50,10.5
2005-02-11,0.0,-1.3,13.7,5.4,1.36,4.8,65,89,36,10.5
2005-02-12,0.0,-0.1,17.8,7.5,1.88,4.9,57,80,24,10.5
2005-02-13,0.0,3.7,19.6,10.6,2.98,10.8,44,61,21,10.6
2005-02-14,0.0,3.9,11.5,7.9,4.88,15.1,41,60,28,10.6
2005-02-15,0.0,2.3,9.7,5.8,4.59,16.1,48,60,36,10.6
2005-02-16,0.0,-0.2,8.1,3.5,4.8,14.3,39,51,24,10.6
2005-02-17,0.0,-1.0,8.1,2.8,2.49,11.1,45,64,27,10.7
2005-02-18,0.0,-2.8,9.2,2.9,1.19,5.8,60,81,37,10.7
2005-02-19,0.0,-3.2,12.0,3.8,2.35,9.8,53,79,32,10.8
2005-02-20,0.0,0.1,12.6,6.4,2.79,8.8,57,84,33,10.8
2005-02-21,5.3,1.0,5.5,2.7,1.78,7.6,73,90,48,4.2
2005-02-22,0.0,-3.3,9.5,2.7,3.68,14.5,50,64,36,10.8
2005-02-23,0.0,3.3,10.9,7.0,2.59,10.7,65,87,47,10.8
2005-02-24,3.1,-0.9,10.9,4.8,1.52,6.6,74,99,40,8.7
2005-02-25,8.0,2.4,8.1,4.4,1.42,5.8,87,99,60,6.4
2005-02-26,0.8,-2.7,9.9,3.7,1.47,7.9,68,95,32,10.9
2005-02-27,2.7,-0.5,6.1,2.7,1.12,5.3,68,91,57,0.1
2005-02-28,11.8,0.2,2.2,1.3,2.29,10.7,90,99,79,0.0
2005-03-01,8.5,-1.8,3.6,0.4,2.8,9.5,80,96,59,8.0
2005-03-02,0.3,-3.2,8.5,2.2,1.6,6.9,77,88,56,10.5
2005-03-03,0.7,-1.2,8.7,4.4,1.94,8.6,71,88,49,10.6
2005-03-04,14.9,0.8,5.6,2.7,2.65,10.6,81,100,52,1.1
2005-03-05,0.0,-10.1,9.6,0.7,3.26,11.6,60,72,44,11.1
2005-03-06,0.0,-2.2,8.9,3.0,2.93,9.7,65,79,47,9.3
2005-03-07,0.0,-3.3,7.5,2.4,2.87,13.3,51,71,28,11.2
2005-03-08,0.0,-2.5,11.4,3.3,1.22,4.8,46,79,27,11.3
2005-03-09,0.0,-2.7,13.8,5.1,1.36,8.7,62,88,29,11.3
2005-03-10,0.0,-1.2,15.2,6.4,1.52,5.9,63,87,34,10.5
2005-03-11,0.2,1.6,15.1,8.0,1.42,7.4,74,93,51,11.0
2005-03-12,2.0,5.1,13.2,8.6,1.39,8.8,80,99,54,9.5
2005-03-13,0.8,3.7,17.0,9.8,1.62,7.4,82,98,55,11.2
2005-03-14,0.0,4.6,16.9,10.1,1.69,8.0,81,100,54,11.2
2005-03-15,0.3,7.5,16.7,11.6,1.28,7.4,63,89,41,11.0
2005-03-16,0.5,5.9,17.5,11.4,1.42,8.9,68,94,37,11.6
2005-03-17,0.7,6.0,17.2,11.1,1.52,8.9,65,86,47,11.7
2005-03-18,0.0,4.6,16.5,10.8,1.71,9.2,67,88,40,11.7
2005-03-19,0.0,3.9,18.9,11.7,1.37,8.8,74,99,47,8.4
2005-03-20,0.0,6.5,22.6,14.3,1.75,7.8,68,95,36,11.2
2005-03-21,0.0,10.1,23.6,15.9,1.61,8.6,67,86,37,11.2
2005-03-22,0.1,9.6,19.1,14.2,1.15,5.7,76,92,52,10.5
2005-03-23,0.0,8.4,17.9,13.3,2.04,10.1,82,96,59,6.6
2005-03-24,0.0,7.3,18.9,13.2,1.8,8.3,78,98,49,11.9
2005-03-25,0.0,8.1,20.8,13.5,1.68,10.0,77,97,41,10.3
2005-03-26,0.0,9.8,18.3,12.6,1.95,16.4,72,96,42,9.3
2005-03-27,0.0,8.8,17.2,12.4,2.74,9.2,57,76,35,11.9
2005-03-28,0.1,7.8,16.8,12.1,2.3,12.0,57,79,39,9.9
2005-03-29,0.0,9.4,18.6,13.8,3.14,12.4,61,89,37,12.0
2005-03-30,0.0,5.9,22.0,14.2,2.36,7.1,58,89,32,12.0
2005-03-31,0.0,7.9,21.6,14.6,2.09,11.0,55,81,27,12.0
2005-04-01,0.0,8.7,17.7,12.6,2.05,12.5,54,70,36,11.6
2005-04-02,0.4,6.2,14.6,10.2,1.54,7.6,64,90,50,8.9
2005-04-03,0.0,5.8,15.8,10.6,1.69,8.6,80,99,53,11.5
2005-04-04,0.0,5.9,16.4,11.3,1.45,7.2,77,99,53,11.5
2005-04-05,0.0,6.2,19.1,12.2,1.95,10.2,70,100,34,12.2
2005-04-06,0.0,4.8,17.4,11.1,1.97,11.3,70,94,39,10.0
2005-04-07,0.0,6.9,21.5,13.0,1.34,7.1,69,94,38,9.0
2005-04-08,14.4,7.7,21.6,13.8,1.36,9.7,68,92,32,12.0
2005-04-09,6.2,3.5,13.6,8.9,4.7,15.7,49,94,24,12.3
2005-04-10,0.0,1.6,14.8,8.0,4.97,14.9,38,48,29,12.5
2005-04-11,0.0,4.5,17.3,10.7,4.01,14.7,43,60,25,12.2
2005-04-12,0.0,3.0,17.2,10.2,1.87,8.4,57,83,37,12.5
2005-04-13,0.0,3.4,19.3,11.7,1.64,8.8,63,92,34,12.1
2005-04-14,0.1,6.4,20.2,13.3,1.07,8.0,59,91,27,12.6
2005-04-15,0.3,7.6,15.8,11.7,3.7,15.6,48,80,25,12.7
2005-04-16,0.0,4.9,15.2,9.8,4.05,14.1,44,73,24,12.5
2005-04-17,0.0,3.5,20.6,12.4,2.8,11.2,49,72,32,12.0
2005-04-18,0.0,9.6,19.7,14.3,2.94,13.7,62,86,40,10.6
2005-04-19,0.0,8.7,19.5,14.3,2.84,12.5,48,71,27,12.7
2005-04-20,0.0,8.3,21.2,14.6,2.37,9.5,48,76,29,11.8
2005-04-21,0.0,8.4,24.4,16.8,1.42,5.7,49,81,29,12.9
2005-04-22,0.0,10.1,23.3,16.7,1.54,9.5,60,86,39,11.8
2005-04-23,0.0,8.3,24.2,16.8,1.66,9.9,64,92,32,12.4
2005-04-24,0.0,11.6,22.5,17.1,1.29,11.4,51,80,24,11.1
2005-04-25,0.0,7.4,22.4,15.1,2.1,10.6,49,79,30,13.4
2005-04-26,0.0,7.3,21.2,14.5,1.9,9.4,53,84,28,13.5
2005-04-27,0.1,8.5,18.8,14.2,1.5,7.6,50,77,27,7.8
2005-04-28,0.0,10.1,23.8,16.6,1.58,7.9,48,74,27,13.5
2005-04-29,0.0,11.6,24.0,17.7,2.03,11.7,41,62,24,13.6
2005-04-30,0.0,12.4,25.3,18.4,1.71,10.7,46,73,36,13.5
2005-05-01,0.0,11.6,25.6,18.4,1.5,9.9,65,88,41,13.3
2005-05-02,0.1,12.5,24.1,17.9,1.48,10.1,77,96,53,6.0
2005-05-03,0.0,13.6,26.1,19.8,1.2,7.0,71,97,43,13.7
2005-05-04,0.7,14.0,23.9,19.1,1.83,8.9,69,89,45,11.4
2005-05-05,3.1,12.7,18.0,15.0,1.99,9.4,85,96,62,6.7
2005-05-06,0.0,8.1,24.4,16.0,1.8,8.8,64,97,32,13.8
2005-05-07,0.0,8.2,25.7,17.4,1.64,9.4,53,88,24,13.7
2005-05-08,0.0,12.0,27.1,19.6,1.78,9.2,42,73,19,13.8
2005-05-09,0.0,14.5,28.4,21.4,1.97,10.4,37,63,21,12.2
2005-05-10,0.0,11.9,27.2,19.9,1.2,9.2,48,74,20,13.9
2005-05-11,0.3,12.6,24.8,18.7,2.56,10.9,51,72,34,13.5
2005-05-12,0.9,12.3,20.4,16.4,1.02,9.9,70,95,43,13.7
2005-05-13,0.2,10.5,22.5,16.8,1.54,10.3,64,93,41,13.4
2005-05-14,0.0,11.6,24.0,17.4,2.28,10.3,49,75,26,14.0
2005-05-15,0.0,10.2,25.6,17.5,1.49,11.0,51,76,22,12.4
2005-05-16,1.0,10.1,22.7,16.3,1.77,9.5,51,75,27,13.4
2005-05-17,0.0,9.7,19.1,14.4,4.65,16.3,51,70,35,14.0
2005-05-18,0.0,7.9,24.5,16.8,1.9,5.6,40,74,20,14.0
2005-05-19,0.0,9.1,24.9,17.7,1.82,10.0,43,76,18,14.0
2005-05-20,0.0,8.2,27.5,18.4,1.69,9.3,39,66,17,14.0
2005-05-21,0.0,10.2,27.9,19.6,1.67,9.6,47,75,24,14.0
2005-05-22,0.0,12.6,26.8,20.7,1.12,7.6,46,78,22,14.0
2005-05-23,0.0,11.0,23.5,17.8,2.83,11.9,42,72,21,14.0
2005-05-24,0.0,9.7,22.9,16.4,2.08,11.6,53,89,27,14.0
2005-05-25,0.0,8.7,25.9,17.6,1.71,8.9,40,64,21,14.0
2005-05-26,0.0,11.4,26.7,19.3,1.93,10.2,36,68,15,14.0
2005-05-27,0.0,11.0,27.1,19.5,1.79,9.5,38,61,19,14.0
2005-05-28,0.0,13.4,26.2,19.8,2.14,11.8,42,70,23,14.0
2005-05-29,0.0,12.8,26.4,20.1,1.83,8.3,41,73,28,11.7
2005-05-30,0.1,14.8,24.0,19.6,1.52,10.6,50,72,34,10.0
2005-05-31,2.7,13.8,23.2,18.5,2.67,10.9,63,85,43,11.4
2005-06-01,0.0,13.1,23.4,18.7,2.49,11.2,59,88,39,14.0
2005-06-02,0.0,12.2,26.2,19.4,2.45,10.3,52,79,34,14.0
2005-06-03,0.0,12.2,28.7,20.9,1.66,8.6,49,79,29,14.0
2005-06-04,0.0,15.2,29.3,22.2,2.04,9.3,53,78,31,14.0
2005-06-05,0.0,14.5,28.2,21.8,2.18,10.2,62,90,39,14.0
2005-06-06,0.0,15.3,28.4,21.7,2.08,10.2,63,90,40,14.0
2005-06-07,0.0,15.9,25.3,20.5,2.58,11.9,54,81,35,14.0
2005-06-08,0.0,12.2,27.3,20.2,1.93,11.0,48,77,25,14.0
2005-06-09,0.0,11.3,28.2,20.4,1.77,9.6,49,79,25,14.0
2005-06-10,0.0,14.1,26.8,20.3,2.11,9.6,62,86,37,13.2
2005-06-11,0.0,14.1,29.3,21.8,1.81,9.6,52,85,26,13.9
2005-06-12,0.4,14.3,29.6,22.0,1.88,8.7,57,81,32,14.0
2005-06-13,8.5,16.4,24.2,20.1,0.91,6.7,71,90,54,13.3
2005-06-14,0.0,13.5,26.9,20.8,1.71,7.0,49,76,30,14.0
2005-06-15,0.0,13.1,28.7,21.3,1.62,9.0,48,78,28,14.0
2005-06-16,0.0,14.7,30.4,22.9,1.62,9.7,54,84,28,14.0
2005-06-17,0.0,16.1,27.2,21.8,2.24,11.0,54,75,36,14.0
2005-06-18,0.0,15.4,27.9,22.1,1.82,9.6,56,88,32,14.0
2005-06-19,0.0,13.9,30.4,22.8,1.86,9.4,52,88,27,14.0
2005-06-20,0.0,15.7,31.6,24.0,1.77,9.7,46,78,24,14.0
2005-06-21,0.0,16.8,32.1,25.0,1.73,10.0,45,77,24,13.4
2005-06-22,0.0,18.3,31.8,25.3,1.5,9.0,48,74,29,12.3
2005-06-23,0.0,18.0,31.3,24.9,1.99,10.6,53,83,26,13.0
2005-06-24,0.0,17.2,32.3,25.1,1.89,10.1,49,76,26,14.0
2005-06-25,0.0,17.6,31.1,24.8,2.02,9.6,56,86,27,14.0
2005-06-26,0.0,18.3,30.3,24.2,2.18,10.1,60,92,31,14.0
2005-06-27,0.0,16.1,32.1,24.6,2.0,9.6,56,87,33,13.2
2005-06-28,0.0,18.5,32.1,25.4,2.09,10.5,58,83,34,13.8
2005-06-29,0.0,18.0,32.5,25.8,1.26,6.6,49,85,23,14.0
2005-06-30,0.0,17.7,32.8,25.6,1.95,12.1,35,60,20,14.0
2005-07-01,0.0,17.3,30.9,24.3,2.04,10.9,50,70,34,14.0
2005-07-02,0.0,18.6,31.0,24.1,1.95,9.5,62,94,32,14.0
2005-07-03,0.0,16.1,33.7,25.4,2.17,10.2,52,90,22,14.0
2005-07-04,0.3,18.3,32.2,25.8,1.58,8.1,47,71,25,13.3
2005-07-05,0.0,19.3,31.2,24.4,2.18,13.2,57,80,32,14.0
2005-07-06,0.0,17.9,29.9,23.5,2.1,9.7,65,97,36,14.0
2005-07-07,0.0,18.1,29.5,23.8,2.34,10.1,56,86,32,14.0
2005-07-08,0.1,18.7,28.1,22.6,2.49,11.0,65,81,41,13.3
2005-07-09,0.0,17.6,28.6,22.4,2.39,9.8,66,93,40,14.0
2005-07-10,0.0,17.0,25.6,21.4,2.14,9.3,67,86,51,12.3
2005-07-11,0.0,17.8,29.6,22.8,1.88,8.4,62,90,33,13.9
2005-07-12,0.0,14.9,32.5,24.0,1.73,9.3,45,88,12,14.0
2005-07-13,0.0,16.8,33.1,25.1,1.99,10.1,43,70,20,14.0
2005-07-14,0.0,18.0,32.4,25.3,2.18,11.0,46,78,21,14.0
2005-07-15,0.0,17.0,36.3,26.7,1.49,8.5,39,61,20,14.0
2005-07-16,0.0,19.5,38.9,29.4,1.46,9.3,44,72,17,14.0
2005-07-17,0.0,21.2,38.0,29.9,1.72,9.3,39,61,17,14.0
2005-07-18,0.0,22.0,35.1,28.5,1.64,7.8,32,64,12,13.2
2005-07-19,0.0,19.6,30.2,25.4,2.26,10.5,40,70,29,13.9
2005-07-20,0.0,16.9,31.6,24.4,2.01,9.6,52,91,23,13.9
2005-07-21,0.0,17.3,34.7,25.8,1.91,11.2,47,71,25,13.9
2005-07-22,0.0,18.6,35.2,26.6,2.03,12.1,41,69,15,13.9
2005-07-23,0.0,17.7,34.6,26.5,1.56,10.9,51,76,22,13.9
2005-07-24,0.0,19.7,36.1,28.1,1.8,10.5,35,62,16,13.9
2005-07-25,0.0,19.8,34.7,27.6,1.62,9.5,29,43,17,13.9
2005-07-26,0.0,19.1,33.2,26.4,1.98,10.7,36,60,22,13.8
2005-07-27,0.0,17.8,33.9,26.2,1.61,9.8,46,74,25,13.8
2005-07-28,0.7,18.9,33.4,26.4,1.35,9.6,46,70,27,13.8
2005-07-29,0.0,19.8,32.2,26.5,2.07,9.5,39,67,22,13.8
2005-07-30,0.0,18.2,31.6,25.1,2.38,11.1,37,68,23,13.8
2005-07-31,0.0,19.5,29.5,23.6,2.34,12.2,68,96,35,13.0
2005-08-01,0.8,18.4,28.5,23.2,2.19,9.8,70,97,41,13.3
2005-08-02,2.9,18.0,24.9,20.8,2.35,10.6,82,98,61,12.0
2005-08-03,0.6,17.9,26.9,21.5,1.93,8.8,71,97,38,12.3
2005-08-04,0.0,15.1,28.4,21.8,1.93,9.4,58,91,29,13.7
2005-08-05,0.0,14.4,31.2,22.8,1.58,8.2,45,74,20,13.7
2005-08-06,0.0,14.8,33.8,24.4,1.64,8.1,42,74,16,13.6
2005-08-07,0.7,17.5,36.1,27.1,1.48,10.9,39,67,19,13.4
2005-08-08,0.6,19.9,36.0,28.0,2.21,10.7,41,64,21,12.3
2005-08-09,0.6,19.3,32.7,25.5,1.85,9.6,63,82,39,11.2
2005-08-10,0.0,19.3,31.9,25.1,1.15,10.7,55,91,19,13.0
2005-08-11,0.0,17.2,29.4,24.0,1.56,9.2,49,80,29,13.3
2005-08-12,0.0,18.7,27.4,23.2,1.98,8.7,57,82,41,13.3
2005-08-13,0.0,16.5,30.3,23.4,1.7,8.6,59,96,28,13.1
2005-08-14,0.0,15.8,32.0,24.2,1.93,9.3,35,63,16,13.3
2005-08-15,0.0,17.3,30.8,24.2,2.11,10.3,36,52,21,13.2
2005-08-16,0.0,17.2,31.2,23.8,1.78,9.3,54,79,31,12.3
2005-08-17,0.6,19.0,32.3,24.4,1.71,10.8,60,83,33,13.0
2005-08-18,1.1,18.0,32.7,25.1,1.85,10.0,60,85,26,13.0
2005-08-19,0.0,18.4,27.9,23.1,1.92,8.3,72,94,47,6.5
2005-08-20,1.5,18.3,28.7,22.4,1.81,11.2,72,97,35,12.5
2005-08-21,2.9,15.8,25.6,20.3,2.02,8.7,54,95,18,11.8
2005-08-22,0.0,12.5,27.4,19.9,1.64,6.5,44,70,21,12.8
2005-08-23,0.0,13.0,27.9,20.5,1.54,7.4,46,66,28,12.8
2005-08-24,0.0,13.6,32.3,22.9,1.48,10.1,56,93,20,12.8
2005-08-25,0.0,15.5,34.1,24.6,1.47,9.4,50,78,19,12.7
2005-08-26,0.0,16.8,32.2,24.3,1.92,10.5,48,74,25,12.6
2005-08-27,0.0,16.3,34.1,25.4,1.26,9.0,46,81,17,12.5
2005-08-28,0.0,19.2,31.3,24.3,1.91,11.0,57,90,35,12.3
2005-08-29,0.1,19.0,27.6,22.6,2.24,9.6,72,98,46,11.4
2005-08-30,0.0,17.0,27.9,22.1,1.65,8.8,69,94,42,12.3
2005-08-31,0.0,16.0,29.4,22.2,1.67,9.9,70,96,41,12.0
2005-09-01,0.0,17.7,28.9,22.7,1.98,10.1,70,98,42,12.0
2005-09-02,0.0,17.2,28.7,22.4,1.74,8.6,68,98,35,12.1
2005-09-03,0.0,16.0,31.3,23.4,1.62,9.2,64,96,29,12.1
2005-09-04,0.4,17.5,34.1,25.3,1.35,9.8,56,88,25,12.0
2005-09-05,0.0,19.3,34.1,26.5,2.2,10.0,33,60,13,12.0
2005-09-06,0.0,19.7,27.9,23.6,3.64,10.8,31,43,18,11.2
2005-09-07,24.6,15.2,20.7,17.4,1.34,7.9,74,93,42,6.6
2005-09-08,0.0,12.5,22.8,17.6,2.0,10.1,65,89,41,12.0
2005-09-09,0.0,13.5,27.5,19.8,1.37,7.1,57,79,36,12.0
2005-09-10,0.0,14.9,26.6,20.5,1.94,7.0,54,81,33,12.0
2005-09-11,0.0,11.4,24.6,18.4,1.42,6.6,47,74,29,12.0
2005-09-12,0.0,12.0,22.3,17.8,2.18,10.4,50,78,34,11.0
2005-09-13,0.6,12.6,20.4,16.6,1.93,8.9,72,91,52,11.7
2005-09-14,0.0,12.1,23.1,17.5,1.9,8.3,69,92,42,12.0
2005-09-15,0.0,12.5,26.0,18.9,1.38,6.3,59,92,32,12.0
2005-09-16,0.1,13.7,29.5,21.2,1.67,10.5,50,75,26,12.0
2005-09-17,21.8,14.8,23.4,18.2,2.5,12.6,73,96,50,11.3
2005-09-18,0.4,10.4,20.2,15.2,2.44,10.1,50,93,26,11.0
2005-09-19,0.0,6.4,22.8,14.5,1.39,5.8,46,70,25,12.0
2005-09-20,0.0,7.5,24.4,15.8,1.37,6.4,52,78,23,12.0
2005-09-21,0.0,8.3,23.5,16.0,1.38,7.6,65,91,37,12.0
2005-09-22,0.0,9.5,24.8,17.0,1.37,7.2,64,86,38,12.0
2005-09-23,0.0,12.5,23.1,17.8,1.41,7.1,72,94,49,9.2
2005-09-24,0.5,11.5,25.4,18.3,1.45,7.5,66,88,36,11.9
2005-09-25,1.6,12.3,27.3,19.4,1.24,6.8,61,89,27,11.9
2005-09-26,1.5,12.4,20.9,16.6,1.64,7.9,69,90,44,10.9
2005-09-27,0.0,11.6,20.9,16.2,1.82,7.3,77,98,49,11.6
2005-09-28,0.0,12.0,21.1,16.6,1.73,8.4,74,98,47,10.5
2005-09-29,0.0,10.8,24.0,17.3,1.4,6.9,69,93,37,11.6
2005-09-30,0.0,11.4,24.0,17.6,1.42,5.8,73,96,43,11.7
2005-10-01,0.0,12.0,26.8,18.9,1.25,9.5,69,97,30,11.6
2005-10-02,0.0,14.3,23.3,18.1,1.88,9.0,73,98,43,11.1
2005-10-03,0.0,12.5,17.7,15.2,1.45,6.3,77,96,59,6.6
2005-10-04,0.0,9.1,20.6,14.3,1.56,7.2,71,99,41,10.9
2005-10-05,0.0,7.4,23.7,15.1,1.36,8.6,61,92,26,11.5
2005-10-06,0.0,8.5,21.5,15.3,1.22,8.4,66,85,42,11.4
2005-10-07,0.3,12.1,20.2,15.5,1.85,8.7,76,94,49,7.1
2005-10-08,0.0,9.0,20.8,15.1,1.3,6.9,71,98,43,9.1
2005-10-09,0.0,9.9,22.7,15.8,1.65,8.2,67,90,37,9.2
2005-10-10,0.4,12.3,21.6,16.1,1.65,8.6,73,93,43,9.7
2005-10-11,0.0,12.2,20.8,16.0,1.84,8.2,81,99,56,6.2
2005-10-12,2.3,14.5,23.6,18.2,0.93,6.7,73,99,43,10.5
2005-10-13,1.1,12.3,18.4,15.3,2.3,11.8,58,85,28,10.7
2005-10-14,0.0,7.2,18.0,12.6,1.88,8.7,57,84,30,9.6
2005-10-15,0.0,6.3,19.6,12.7,1.32,6.5,63,87,36,10.7
2005-10-16,0.0,7.3,20.1,13.4,1.37,5.4,74,93,49,9.7
2005-10-17,0.0,10.0,21.0,15.1,1.13,4.5,72,94,44,7.0
2005-10-18,4.3,13.6,20.0,15.6,0.77,5.7,85,96,62,3.4
2005-10-19,0.7,11.2,21.5,15.8,1.56,5.7,75,98,42,10.5
2005-10-20,0.0,9.3,21.4,15.1,1.06,6.2,72,94,41,10.4
2005-10-21,0.0,11.3,22.2,16.0,1.71,6.5,64,84,38,10.2
2005-10-22,0.0,9.9,22.7,15.5,1.08,5.9,62,83,32,10.1
2005-10-23,0.0,12.7,19.4,15.1,2.42,11.4,67,88,41,10.1
2005-10-24,0.0,7.7,18.7,13.1,1.56,7.3,66,90,42,10.3
2005-10-25,0.0,6.8,19.8,13.1,1.09,5.4,69,91,43,10.2
2005-10-26,0.0,9.3,17.3,13.2,1.39,8.1,80,96,59,8.1
2005-10-27,0.0,9.5,22.1,15.2,1.56,5.2,81,99,52,10.1
2005-10-28,0.0,12.2,21.0,15.9,1.35,10.7,81,100,52,5.7
2005-10-29,0.0,9.9,23.6,16.4,1.33,7.4,78,98,45,10.0
2005-10-30,0.0,13.7,23.7,17.5,1.52,8.2,78,100,47,9.2
2005-10-31,0.4,12.3,20.5,16.3,1.37,9.3,71,94,41,8.0
2005-11-01,0.0,7.4,18.7,12.9,1.26,5.0,62,92,28,8.3
2005-11-02,0.0,6.1,22.2,13.4,1.17,5.6,56,83,27,10.0
2005-11-03,0.0,7.0,23.2,14.3,1.26,6.4,57,86,25,10.0
2005-11-04,0.6,9.7,17.8,12.9,2.08,9.1,67,90,45,5.9
2005-11-05,0.0,6.9,15.3,10.8,2.73,8.9,47,71,26,9.0
2005-11-06,0.0,2.1,15.7,9.0,1.19,4.9,50,81,24,10.0
2005-11-07,0.0,2.2,17.7,9.4,1.29,5.9,47,66,21,10.0
2005-11-08,0.0,2.5,19.2,10.1,1.14,5.8,55,76,26,9.9
2005-11-09,0.0,6.5,15.1,10.2,4.04,14.2,61,89,33,9.9
2005-11-10,3.9,5.9,10.1,7.9,4.31,13.4,66,97,46,5.8
2005-11-11,1.1,7.0,12.4,9.3,1.55,6.8,80,99,56,9.3
2005-11-12,0.0,4.9,13.7,8.8,1.58,6.0,78,91,52,3.6
2005-11-13,2.4,5.6,12.2,8.0,1.06,7.4,82,94,57,8.5
2005-11-14,2.3,3.9,10.2,6.8,1.19,5.0,88,98,70,9.0
2005-11-15,2.0,3.9,12.4,7.1,1.49,6.6,79,98,47,9.8
2005-11-16,0.0,3.8,13.0,7.8,3.03,12.0,68,90,42,9.8
2005-11-17,0.0,4.2,16.3,9.7,1.86,7.0,61,77,43,9.8
2005-11-18,0.0,3.2,14.5,8.7,1.1,6.5,73,93,46,8.7
2005-11-19,0.0,2.7,14.6,8.8,1.55,8.2,79,97,54,8.0
2005-11-20,1.5,7.2,11.6,9.5,2.28,10.9,95,100,89,0.1
2005-11-21,0.1,8.4,13.6,10.7,1.89,9.4,91,98,75,3.3
2005-11-22,0.3,9.0,15.9,11.8,1.22,4.7,84,100,56,9.8
2005-11-23,6.5,5.5,10.3,9.0,1.27,5.5,91,98,78,1.5
2005-11-24,0.0,2.2,11.9,6.3,2.23,8.3,65,94,37,9.7
2005-11-25,0.0,0.4,13.5,6.3,2.52,9.6,57,82,30,9.3
2005-11-26,0.0,3.5,7.7,6.2,3.44,12.6,61,77,42,9.7
2005-11-27,0.0,2.0,9.0,4.5,2.85,10.1,55,71,32,9.6
2005-11-28,0.0,1.0,10.7,4.8,1.89,8.5,67,86,40,9.6
2005-11-29,0.0,0.6,9.4,4.3,1.65,7.5,75,92,53,6.2
2005-11-30,0.0,-1.3,9.2,3.4,2.25,9.6,65,84,38,9.6
2005-12-01,0.0,-1.1,12.5,4.3,1.59,5.5,61,81,30,9.6
2005-12-02,0.4,4.1,14.1,9.6,3.25,17.0,72,79,61,7.0
2005-12-03,0.0,6.6,14.3,11.2,2.84,10.0,71,87,50,9.4
2005-12-04,0.0,4.9,14.4,8.9,2.0,9.7,78,95,52,8.1
2005-12-05,0.0,7.3,14.3,10.5,2.47,11.1,70,82,51,9.4
2005-12-06,0.0,2.5,14.2,7.4,1.37,5.4,71,93,40,9.5
2005-12-07,0.0,2.0,13.0,6.7,1.31,4.5,71,87,47,9.5
2005-12-08,0.0,1.8,15.7,7.6,1.73,7.1,71,93,39,9.4
2005-12-09,0.0,2.9,13.6,8.0,2.71,12.1,71,93,49,9.4
2005-12-10,0.0,-0.4,10.6,5.2,2.07,8.3,59,81,34,9.4
2005-12-11,0.0,-0.3,10.1,4.2,1.65,7.6,60,77,36,9.4
2005-12-12,0.0,-1.6,9.6,3.2,0.92,5.0,64,81,41,8.1
2005-12-13,0.0,-2.0,9.3,3.2,1.43,5.6,65,83,42,9.4
2005-12-14,0.0,-1.8,10.4,3.7,0.99,4.6,66,85,42,9.4
2005-12-15,0.0,-2.0,10.6,3.6,1.31,5.2,70,88,44,9.4
2005-12-16,0.0,-0.6,11.9,4.3,1.12,4.3,75,95,42,9.4
2005-12-17,0.0,-0.2,12.5,5.5,3.16,12.6,68,88,53,9.4
2005-12-18,0.0,0.1,10.4,5.6,1.83,7.7,78,95,54,9.4
2005-12-19,6.3,4.6,8.2,6.4,1.89,9.2,94,100,86,2.6
2005-12-20,0.2,4.3,8.1,5.8,1.74,10.6,86,98,61,4.7
2005-12-21,0.4,3.7,8.1,5.7,2.53,9.4,84,99,59,8.1
2005-12-22,0.0,3.6,7.7,5.4,1.61,8.1,86,97,74,2.5
2005-12-23,0.0,3.1,10.3,6.4,1.03,5.3,86,99,66,8.7
2005-12-24,0.6,0.3,9.8,4.5,1.17,5.2,88,98,67,6.5
2005-12-25,0.0,0.4,13.3,5.8,1.13,3.8,80,98,51,8.5
2005-12-26,1.0,2.8,13.6,7.5,1.16,7.5,83,94,58,9.0
2005-12-27,0.0,6.5,10.6,8.2,3.34,12.5,75,94,56,9.0
2005-12-28,0.7,4.3,10.8,7.3,1.95,7.6,71,89,50,8.9
2005-12-29,1.6,0.1,10.0,4.8,1.68,6.8,75,96,41,9.2
2005-12-30,0.0,2.3,14.0,8.6,2.43,9.7,77,89,62,9.0
2005-12-31,0.0,5.9,11.5,8.3,2.06,8.6,77,94,54,5.0
2006-01-01,0.0,5.4,10.5,8.5,3.11,13.1,66,77,48,8.9
2006-01-02,0.0,4.2,11.2,6.9,3.96,14.0,62,75,43,9.4
2006-01-03,0.0,3.2,9.6,6.0,3.43,12.2,62,76,44,9.4
2006-01-04,0.0,-1.6,9.1,3.3,1.41,5.9,69,89,43,9.3
2006-01-05,0.0,-1.1,11.9,4.1,1.3,4.6,71,87,45,9.3
2006-01-06,3.1,-0.5,10.3,4.2,1.62,7.1,76,90,51,5.8
2006-01-07,6.1,3.8,6.7,4.8,1.16,4.6,95,99,88,0.0
2006-01-08,1.7,2.5,8.6,5.5,1.07,4.9,87,99,71,4.3
2006-01-09,0.0,2.2,10.7,5.9,1.47,5.7,83,99,54,6.7
2006-01-10,9.9,4.2,6.7,5.4,1.6,8.6,97,99,95,0.2
2006-01-11,0.9,3.0,9.5,6.5,1.43,4.9,87,99,65,5.0
2006-01-12,0.0,-1.0,10.1,3.9,1.34,6.9,80,94,55,9.5
2006-01-13,0.0,-1.6,9.5,3.3,1.28,5.5,80,95,52,9.2
2006-01-14,0.0,-1.0,9.2,3.9,1.28,5.0,82,98,52,8.6
2006-01-15,0.0,0.9,10.5,4.8,1.42,7.8,79,96,47,9.4
2006-01-16,6.4,3.2,6.4,4.9,0.99,5.9,96,100,93,0.0
2006-01-17,1.9,5.2,11.2,7.1,1.3,4.4,86,99,58,8.9
2006-01-18,0.0,1.7,13.1,6.6,2.28,9.1,78,95,53,9.5
2006-01-19,0.0,2.8,13.4,7.6,1.47,5.2,81,97,58,9.5
2006-01-20,0.0,3.6,10.0,6.5,1.69,7.0,87,98,74,4.9
2006-01-21,0.0,1.0,13.1,6.2,1.22,4.9,81,99,52,9.2
2006-01-22,0.0,0.3,13.7,6.1,1.37,6.4,78,96,51,9.6
2006-01-23,0.0,5.3,11.7,7.6,0.79,4.0,81,98,53,6.4
2006-01-24,0.0,2.9,7.7,5.0,2.01,10.1,83,95,70,3.0
2006-01-25,0.0,2.0,5.1,3.5,1.84,7.7,86,91,79,0.0
2006-01-26,0.0,2.4,11.6,5.8,1.08,5.1,79,96,46,8.9
2006-01-27,15.8,1.8,6.4,4.1,1.28,5.1,94,100,85,0.3
2006-01-28,14.3,-4.8,2.5,0.2,2.5,8.4,83,99,59,1.0
2006-01-29,1.3,-9.8,2.9,-3.0,1.84,7.5,77,94,58,7.5
2006-01-30,3.4,-6.1,6.6,0.6,3.1,12.3,82,99,47,7.9
2006-01-31,0.6,3.9,9.7,6.0,3.75,12.4,80,89,68,7.7
2006-02-01,0.0,2.5,13.4,7.3,1.68,5.1,79,96,50,9.9
2006-02-02,0.0,0.9,13.8,6.7,1.34,4.4,76,91,48,9.8
2006-02-03,0.3,1.4,10.5,5.7,1.03,5.0,85,94,68,5.4
2006-02-04,3.6,4.9,11.2,7.1,1.69,7.4,85,96,62,9.6
2006-02-05,8.5,3.3,6.8,4.8,0.98,5.7,95,99,88,1.1
2006-02-06,0.0,4.2,11.3,6.9,0.97,3.9,80,98,49,8.6
2006-02-07,0.0,-1.2,12.4,4.9,1.48,7.0,77,95,50,10.3
2006-02-08,0.0,0.0,15.5,6.7,1.42,5.8,65,99,32,9.5
2006-02-09,0.0,-0.1,16.7,7.3,1.59,4.6,61,82,29,10.4
2006-02-10,0.1,3.4,15.2,8.3,0.94,4.1,66,81,44,6.9
2006-02-11,1.8,3.9,13.6,8.2,1.16,7.4,86,99,69,9.0
2006-02-12,3.9,6.3,10.5,8.0,1.3,5.6,91,100,69,2.8
2006-02-13,0.0,3.4,16.3,9.0,1.88,7.6,74,99,39,10.6
2006-02-14,0.0,3.6,15.8,9.1,1.1,5.8,78,98,50,10.6
2006-02-15,0.0,3.2,18.1,9.7,1.16,5.2,74,100,40,10.6
2006-02-16,0.0,6.4,14.3,9.8,3.1,13.3,70,88,49,10.7
2006-02-17,0.0,7.4,13.8,10.1,2.45,9.1,64,81,44,10.7
2006-02-18,0.0,5.0,13.5,8.8,3.24,13.0,66,79,46,10.7
2006-02-19,2.2,5.4,9.5,7.6,5.04,19.4,65,84,49,10.6
2006-02-20,0.0,4.1,8.4,5.9,3.12,13.7,64,75,51,9.4
2006-02-21,0.3,2.8,9.4,5.6,2.83,9.9,63,77,46,10.8
2006-02-22,1.3,-1.3,9.2,3.4,1.33,6.5,79,96,57,10.0
2006-02-23,0.8,1.3,8.1,4.2,2.33,10.2,72,96,43,10.3
2006-02-24,0.0,-1.8,8.3,3.1,3.73,15.5,61,83,39,10.8
2006-02-25,0.0,-0.3,10.4,4.9,2.5,9.9,57,76,38,10.5
2006-02-26,1.8,3.2,9.1,5.5,3.68,17.8,76,97,46,9.6
2006-02-27,0.0,3.4,12.5,6.9,4.46,16.6,63,79,42,9.8
2006-02-28,0.0,-1.7,12.4,5.3,1.28,6.3,68,89,45,9.1
2006-03-01,0.0,3.6,12.3,7.3,0.92,5.3,64,86,40,10.9
2006-03-02,0.0,-0.1,14.6,6.3,1.45,5.6,67,93,29,11.0
2006-03-03,0.1,2.3,13.4,7.1,2.61,11.6,67,87,45,10.9
2006-03-04,1.1,5.4,16.5,10.1,3.26,17.9,68,83,43,10.0
2006-03-05,0.7,3.7,9.1,6.3,7.44,26.0,56,86,29,11.1
2006-03-06,0.0,2.5,11.4,6.4,5.77,16.7,43,56,29,11.1
2006-03-07,0.0,2.3,16.2,9.1,2.76,11.3,54,71,37,11.1
2006-03-08,0.0,6.0,21.6,13.2,2.02,7.0,62,89,32,11.2
2006-03-09,0.0,6.0,21.4,13.1,2.58,10.2,65,90,35,11.3
2006-03-10,0.0,8.5,15.9,11.7,3.8,11.3,55,76,31,11.2
2006-03-11,0.0,7.8,17.1,11.8,4.82,16.7,53,66,41,11.3
2006-03-12,0.0,9.2,20.0,14.0,3.57,12.4,52,71,30,11.5
2006-03-13,0.0,4.8,19.7,12.3,1.92,9.2,63,91,37,11.4
2006-03-14,0.0,7.5,19.3,12.3,1.45,7.8,71,98,34,11.3
2006-03-15,0.0,3.1,20.9,12.0,1.42,7.8,58,91,23,11.6
2006-03-16,0.0,5.4,22.0,13.2,1.77,8.9,57,83,26,11.6
2006-03-17,0.0,7.8,15.7,11.6,1.98,9.9,78,99,59,4.7
2006-03-18,13.7,7.9,13.1,10.1,1.67,9.4,93,98,87,4.1
2006-03-19,0.0,7.8,17.3,11.8,1.47,9.1,72,98,36,10.1
2006-03-20,3.4,4.1,13.5,8.8,1.44,10.1,81,95,58,8.6
2006-03-21,0.1,3.8,15.0,9.1,1.74,8.2,70,94,43,11.3
2006-03-22,0.0,7.5,14.9,10.5,3.88,14.4,61,79,38,11.2
2006-03-23,0.0,7.9,19.0,12.0,2.14,9.1,64,83,39,8.3
2006-03-24,0.0,9.8,17.4,13.3,3.4,13.9,60,79,41,10.4
2006-03-25,0.0,8.9,21.7,14.8,1.89,6.9,65,91,39,11.8
2006-03-26,0.0,7.8,24.6,15.7,1.83,9.0,60,87,29,11.9
2006-03-27,0.0,8.6,26.1,16.6,1.52,7.3,54,86,22,10.2
2006-03-28,0.0,11.7,22.0,16.3,2.82,11.0,48,75,24,12.0
2006-03-29,0.0,5.1,22.8,13.8,1.06,6.8,50,79,19,12.0
2006-03-30,0.0,8.2,25.2,16.3,1.7,8.0,51,78,28,10.8
2006-03-31,0.0,9.7,25.9,17.5,1.33,7.4,55,86,25,9.8
2006-04-01,0.0,10.3,26.6,17.9,1.78,9.2,46,74,17,11.3
2006-04-02,0.0,10.2,25.2,17.2,1.58,7.1,56,90,24,11.6
2006-04-03,0.0,11.7,22.5,17.0,1.82,9.1,48,72,30,11.0
2006-04-04,0.0,9.4,25.4,16.7,2.24,11.3,51,74,24,12.2
2006-04-05,0.0,7.6,20.9,14.6,2.28,10.8,53,80,27,12.2
2006-04-06,0.9,9.9,19.6,14.6,1.84,9.7,54,77,32,12.2
2006-04-07,0.0,8.1,20.7,14.6,1.68,7.6,55,88,29,12.3
2006-04-08,0.0,7.9,22.1,14.5,2.04,9.8,53,75,29,12.3
2006-04-09,0.0,6.6,23.4,15.3,1.79,9.1,54,88,26,11.4
2006-04-10,1.1,9.8,24.1,16.2,2.05,14.1,59,88,25,12.2
2006-04-11,0.0,7.3,19.7,12.9,2.39,10.5,63,87,39,12.3
2006-04-12,0.4,9.4,19.9,14.3,0.83,7.2,69,92,43,12.1
2006-04-13,0.0,8.4,20.5,13.9,1.94,10.1,70,91,36,12.4
2006-04-14,0.0,6.8,19.6,13.5,1.41,8.8,67,100,37,6.7
2006-04-15,7.1,10.1,20.7,14.6,1.67,10.5,74,94,52,8.0
2006-04-16,1.3,6.9,20.0,13.6,1.59,7.6,74,94,46,10.5
2006-04-17,5.0,8.8,16.2,12.3,1.68,9.1,71,93,49,11.6
2006-04-18,0.0,8.4,19.5,13.3,2.56,10.7,64,86,36,12.1
2006-04-19,2.0,8.6,19.9,13.5,1.25,8.8,75,94,45,11.6
2006-04-20,0.6,8.2,21.6,14.8,1.45,7.0,61,89,34,13.0
2006-04-21,0.5,7.2,21.2,14.3,1.84,11.3,62,83,36,12.5
2006-04-22,7.2,10.6,18.1,13.1,2.22,13.3,86,100,63,10.4
2006-04-23,8.4,9.8,19.6,14.1,3.77,15.8,77,98,51,12.5
2006-04-24,0.0,9.6,20.4,14.5,3.75,14.4,63,77,49,12.9
2006-04-25,0.0,9.7,21.4,15.3,3.27,12.1,48,62,33,13.0
2006-04-26,0.0,8.4,22.9,15.9,2.41,10.0,52,78,32,13.4
2006-04-27,0.7,9.6,25.7,17.5,1.54,8.1,63,93,31,13.4
2006-04-28,4.3,11.0,19.8,14.8,1.46,9.5,77,95,50,12.9
2006-04-29,0.0,7.7,21.8,14.6,1.07,8.0,68,95,30,13.3
2006-04-30,0.0,7.4,23.1,15.5,1.63,9.4,64,89,33,13.6
2006-05-01,0.0,9.4,22.9,16.3,1.93,9.3,67,100,36,13.4
2006-05-02,0.0,8.1,23.1,16.3,2.62,11.9,58,89,31,13.7
2006-05-03,8.2,12.2,17.1,14.3,2.96,10.9,84,97,75,5.3
2006-05-04,5.6,11.8,20.3,15.0,2.58,9.7,77,97,47,11.1
2006-05-05,7.3,12.4,16.4,13.8,2.49,9.6,82,94,73,6.2
2006-05-06,0.0,9.1,20.1,14.6,1.6,7.9,78,98,50,13.5
2006-05-07,1.1,9.6,21.4,15.6,1.65,8.7,77,97,53,13.6
2006-05-08,0.0,9.3,24.3,16.9,1.09,5.6,62,93,29,13.9
2006-05-09,0.3,11.7,17.9,15.1,2.59,9.3,71,88,45,4.2
2006-05-10,0.0,12.3,22.7,16.8,1.97,8.6,75,98,51,12.8
2006-05-11,0.0,11.4,20.7,15.7,1.59,8.5,66,95,41,7.8
2006-05-12,0.5,10.1,23.5,16.9,1.67,8.8,71,96,50,13.7
2006-05-13,0.0,10.9,24.8,18.2,1.68,8.2,67,93,47,13.9
2006-05-14,0.0,13.1,24.9,18.7,1.78,9.2,65,88,45,14.0
2006-05-15,0.0,12.4,28.2,20.5,1.55,9.1,65,93,40,13.2
2006-05-16,0.0,13.9,30.2,21.8,1.3,8.3,68,93,40,13.4
2006-05-17,0.0,15.6,32.5,24.0,1.74,9.7,60,91,30,13.6
2006-05-18,1.7,15.9,34.1,24.8,1.83,8.7,54,81,23,10.0
2006-05-19,0.5,17.6,28.0,22.5,2.3,9.7,59,85,39,14.0
2006-05-20,0.0,11.8,28.3,20.8,1.08,6.0,52,94,20,14.0
2006-05-21,0.0,12.1,29.5,21.1,2.05,11.0,41,70,21,14.0
2006-05-22,0.0,13.9,25.9,20.2,2.28,9.4,44,73,23,11.0
2006-05-23,5.4,10.6,24.3,17.5,2.31,10.3,43,95,22,13.4
2006-05-24,0.9,10.6,21.8,15.8,1.98,10.4,66,96,31,14.0
2006-05-25,0.0,8.9,22.1,15.8,2.32,11.0,53,90,24,12.0
2006-05-26,0.0,13.5,22.2,17.4,2.76,13.2,45,61,33,11.8
2006-05-27,0.0,12.7,26.1,19.2,2.41,11.8,54,79,31,14.0
2006-05-28,0.8,14.6,29.1,21.8,1.88,10.2,54,83,36,14.0
2006-05-29,1.8,14.6,32.3,23.8,1.42,8.2,53,86,24,13.9
2006-05-30,3.2,17.0,25.6,20.7,2.18,10.3,69,97,47,10.9
2006-05-31,11.2,12.8,19.4,15.9,2.39,9.7,95,100,81,0.4
2006-06-01,4.1,11.1,16.8,13.6,2.41,7.9,78,99,54,9.0
2006-06-02,0.0,8.0,25.3,17.1,2.23,9.3,60,91,26,14.0
2006-06-03,0.2,11.3,19.4,15.4,2.05,10.6,72,95,49,12.0
2006-06-04,0.0,9.3,22.4,16.0,1.59,7.7,59,90,29,14.0
2006-06-05,0.0,7.6,25.5,17.1,1.58,7.6,46,77,22,14.0
2006-06-06,0.0,11.2,26.4,19.2,2.1,10.4,39,56,23,14.0
2006-06-07,0.0,11.2,29.9,21.0,2.08,9.4,40,71,18,14.0
2006-06-08,0.0,14.1,30.3,22.4,1.68,9.9,41,63,21,13.5
2006-06-09,0.0,15.7,28.0,21.5,2.18,10.6,47,72,27,9.4
2006-06-10,0.7,14.2,25.1,19.7,1.91,9.2,58,81,37,14.0
2006-06-11,0.0,13.6,26.0,20.0,2.28,11.7,54,77,38,14.0
2006-06-12,0.0,13.9,24.7,19.4,2.76,13.7,40,53,27,12.5
2006-06-13,0.0,14.8,25.2,19.6,3.16,13.8,50,68,37,14.0
2006-06-14,0.0,13.6,26.8,20.1,2.81,13.7,59,76,44,14.0
2006-06-15,0.1,14.5,28.0,21.0,2.37,12.0,68,93,38,14.0
2006-06-16,9.1,15.1,28.2,20.7,1.19,10.1,71,93,35,13.6
2006-06-17,2.6,14.5,23.1,19.3,1.68,10.3,69,89,51,11.2
2006-06-18,0.0,13.1,26.4,20.2,1.86,9.1,67,92,42,14.0
2006-06-19,0.0,15.4,29.1,22.5,1.94,9.0,62,92,36,14.0
2006-06-20,0.8,16.5,29.2,22.7,1.04,7.4,67,91,42,12.5
2006-06-21,0.0,16.5,29.1,23.4,1.44,6.4,65,92,41,14.0
2006-06-22,0.0,17.0,32.3,25.0,1.82,8.5,58,89,31,14.0
2006-06-23,0.0,16.3,31.7,24.8,2.08,9.5,51,84,28,14.0
2006-06-24,2.0,16.4,32.2,24.2,1.31,8.9,58,87,31,14.0
2006-06-25,0.0,17.1,31.3,24.4,1.76,7.6,50,78,27,14.0
2006-06-26,0.0,16.1,30.3,23.5,1.86,9.9,53,76,35,14.0
2006-06-27,0.0,16.9,29.3,23.2,1.59,8.6,64,91,39,13.9
2006-06-28,0.0,17.1,29.5,23.6,1.39,7.2,58,89,30,14.0
2006-06-29,0.0,16.1,30.4,23.9,1.75,9.7,52,79,32,14.0
2006-06-30,0.0,16.7,30.5,24.2,2.01,10.6,53,87,29,14.0
2006-07-01,0.0,15.6,31.2,24.1,1.74,8.8,48,82,23,13.7
2006-07-02,0.2,16.0,35.1,25.8,1.81,10.6,50,84,19,14.0
2006-07-03,0.0,17.0,34.0,26.0,1.58,7.4,39,63,17,14.0
2006-07-04,1.1,17.4,34.5,26.0,1.67,10.5,44,70,23,14.0
2006-07-05,0.0,17.1,32.7,25.3,1.67,7.9,42,72,19,14.0
2006-07-06,0.0,16.8,32.0,24.5,1.98,12.9,44,73,23,14.0
2006-07-07,0.0,18.5,29.4,23.7,1.96,9.7,67,92,41,14.0
2006-07-08,0.0,17.2,31.3,24.1,2.03,10.6,60,94,31,14.0
2006-07-09,0.0,16.5,34.1,26.0,1.99,9.7,46,82,20,14.0
2006-07-10,0.0,18.2,35.4,27.2,2.21,10.5,34,59,18,14.0
2006-07-11,0.0,18.8,33.8,26.7,1.81,8.5,40,64,22,13.0
2006-07-12,0.0,20.0,31.5,25.8,1.89,10.9,44,64,28,14.0
2006-07-13,0.0,19.2,31.3,25.6,2.16,11.5,44,61,29,14.0
2006-07-14,0.0,19.2,30.6,25.2,2.17,10.1,54,85,30,14.0
2006-07-15,0.0,17.9,31.7,25.2,2.13,10.5,42,63,26,14.0
2006-07-16,0.0,17.5,32.0,25.4,2.0,10.4,43,65,26,14.0
2006-07-17,0.0,17.9,33.5,25.7,1.95,11.6,52,79,27,14.0
2006-07-18,0.0,19.6,32.3,25.7,2.08,10.9,51,75,31,12.0
2006-07-19,0.0,19.5,31.2,25.3,2.3,10.4,53,84,32,13.9
2006-07-20,0.0,17.5,33.2,25.7,2.08,10.1,52,86,26,13.9
2006-07-21,0.0,17.3,35.7,26.9,1.75,9.9,48,86,19,13.9
2006-07-22,0.0,20.0,36.1,28.3,1.63,7.1,39,72,15,13.9
2006-07-23,0.0,19.6,34.0,26.9,2.07,10.4,44,59,25,13.9
2006-07-24,0.0,18.1,33.6,26.3,1.93,10.8,55,94,27,13.9
2006-07-25,0.0,18.4,34.2,26.7,1.84,10.5,50,85,20,13.9
2006-07-26,0.0,17.9,34.3,26.3,1.83,9.9,45,74,20,13.8
2006-07-27,3.1,19.7,33.3,26.7,1.43,10.4,51,77,23,12.0
2006-07-28,0.0,18.4,34.5,26.4,1.86,11.6,42,69,16,13.8
2006-07-29,0.0,19.6,33.9,26.2,1.69,10.5,60,86,26,13.8
2006-07-30,0.0,18.4,36.5,27.7,1.6,10.3,54,89,18,13.7
2006-07-31,0.0,19.8,38.4,29.5,1.12,6.7,38,77,9,13.8
2006-08-01,0.0,21.9,37.2,29.4,2.48,12.5,29,53,15,13.8
2006-08-02,0.0,20.2,35.1,27.3,1.89,11.2,54,77,23,13.7
2006-08-03,0.0,20.5,36.6,28.4,1.3,10.1,44,80,16,13.7
2006-08-04,0.0,21.1,30.3,25.4,2.38,10.8,62,85,36,13.2
2006-08-05,0.0,21.0,32.8,25.8,2.19,10.5,65,91,31,12.3
2006-08-06,0.0,18.9,32.3,24.8,2.05,11.2,67,96,36,13.4
2006-08-07,0.0,18.9,31.4,24.5,2.25,9.7,67,96,38,13.3
2006-08-08,2.2,18.6,28.9,23.3,2.05,10.0,69,90,45,13.2
2006-08-09,0.0,18.0,29.3,23.1,1.65,9.7,65,93,33,13.3
2006-08-10,0.0,16.8,31.5,24.1,2.1,9.8,56,88,29,13.4
2006-08-11,0.0,16.8,32.7,24.6,2.08,11.2,49,79,23,13.4
2006-08-12,0.0,18.3,34.7,27.1,2.16,12.0,43,72,19,13.3
2006-08-13,0.1,19.3,30.3,23.8,2.85,13.2,59,93,29,13.0
2006-08-14,0.0,18.3,31.5,24.3,2.09,10.4,60,84,27,13.0
2006-08-15,0.0,19.8,31.9,24.8,1.92,9.9,56,97,14,12.7
2006-08-16,0.0,17.1,28.9,23.1,2.99,13.5,37,63,21,13.2
2006-08-17,0.0,17.1,25.7,20.8,2.45,16.4,53,67,37,10.0
2006-08-18,0.0,12.9,27.7,20.2,2.04,11.9,58,92,26,12.8
2006-08-19,0.0,12.7,28.0,20.8,1.63,6.8,45,74,25,13.0
2006-08-20,0.0,14.9,29.4,22.5,2.12,10.2,49,82,30,12.9
2006-08-21,0.0,16.7,28.4,22.5,2.17,11.5,61,97,29,12.8
2006-08-22,0.0,15.0,30.5,22.9,1.83,9.3,47,72,26,12.9
2006-08-23,0.0,15.0,34.0,24.5,1.77,10.4,49,82,20,12.8
2006-08-24,0.0,17.6,34.3,25.7,1.69,10.3,48,75,17,12.8
2006-08-25,0.0,18.5,32.1,24.3,1.55,9.6,64,93,29,12.4
2006-08-26,0.0,19.1,32.1,24.5,1.85,11.6,58,81,29,12.3
2006-08-27,0.0,19.1,31.9,24.0,1.8,10.4,65,98,25,12.5
2006-08-28,0.0,17.5,33.5,25.2,1.39,9.5,51,75,23,12.5
2006-08-29,0.0,18.9,34.8,26.6,1.73,10.7,45,63,21,12.4
2006-08-30,0.0,19.9,30.4,25.0,2.08,10.2,51,67,37,12.3
2006-08-31,0.0,17.5,29.5,23.0,2.14,9.3,63,96,37,12.3
2006-09-01,0.0,15.3,33.7,24.5,1.7,9.7,54,88,26,12.2
2006-09-02,0.0,16.8,34.7,25.9,1.59,10.1,48,77,23,11.1
2006-09-03,0.0,21.5,31.6,25.9,1.57,8.8,52,68,37,12.1
2006-09-04,0.0,19.0,30.9,24.7,1.57,9.2,57,86,29,12.0
2006-09-05,0.0,18.2,29.2,23.7,1.68,8.3,58,85,34,12.0
2006-09-06,0.4,18.8,29.1,23.5,1.6,10.5,56,81,33,10.9
2006-09-07,0.2,16.2,29.3,23.0,1.7,8.2,58,87,33,11.7
2006-09-08,0.0,16.5,30.3,23.7,1.66,8.6,56,85,28,12.0
2006-09-09,2.8,18.4,29.6,23.5,1.34,8.5,58,79,34,11.4
2006-09-10,0.4,17.0,28.5,22.9,1.45,9.2,63,90,36,12.0
2006-09-11,6.2,17.9,23.3,20.7,1.21,7.1,85,98,71,10.5
2006-09-12,12.7,17.3,22.0,19.0,1.07,6.2,85,99,68,7.9
2006-09-13,0.3,12.8,25.2,19.4,1.71,8.6,67,95,36,12.0
2006-09-14,5.1,15.8,22.4,18.8,2.2,12.1,64,94,37,10.2
2006-09-15,0.0,14.1,20.4,17.1,3.63,15.2,48,64,35,12.0
2006-09-16,0.0,11.5,23.7,17.5,2.46,10.5,50,78,29,12.0
2006-09-17,0.0,10.6,26.9,18.8,1.38,4.9,47,76,25,12.0
2006-09-18,0.0,12.3,28.2,20.2,1.37,6.6,46,70,23,12.0
2006-09-19,0.0,14.4,27.6,20.9,1.61,8.0,49,69,29,12.0
2006-09-20,0.6,14.6,23.2,19.1,1.63,7.8,63,85,39,9.8
2006-09-21,0.0,13.0,26.2,19.4,2.08,11.0,70,89,49,11.8
2006-09-22,0.0,15.1,26.6,20.1,1.52,9.3,75,97,41,11.9
2006-09-23,27.5,15.1,21.1,17.6,1.03,8.4,87,99,72,6.5
2006-09-24,0.0,12.0,23.3,17.3,1.99,8.7,63,89,36,11.9
2006-09-25,0.0,16.1,24.0,19.5,2.97,10.9,58,72,45,11.9
2006-09-26,0.0,12.7,26.5,19.5,1.99,7.4,58,92,24,11.9
2006-09-27,0.0,11.2,28.2,19.5,0.94,4.6,50,78,26,11.8
2006-09-28,0.0,14.4,26.1,20.1,1.1,4.6,59,83,38,11.6
2006-09-29,0.0,14.5,26.6,20.2,1.74,6.8,60,83,34,11.7
2006-09-30,0.0,13.4,28.2,20.4,1.2,6.0,61,86,32,11.5
2006-10-01,0.0,13.8,28.9,20.9,1.44,6.1,59,83,33,11.7
2006-10-02,0.3,15.2,31.3,22.7,1.6,8.7,60,88,30,11.6
2006-10-03,0.0,18.7,25.9,21.4,3.14,12.3,48,62,30,11.6
2006-10-04,0.0,13.1,21.2,17.0,2.88,11.8,47,73,28,9.3
2006-10-05,0.0,11.8,21.9,16.8,2.25,9.0,52,80,28,11.5
2006-10-06,0.0,9.2,24.1,16.5,1.16,5.9,60,87,29,11.5
2006-10-07,0.0,11.7,26.2,18.6,1.36,4.7,51,77,29,10.6
2006-10-08,0.0,14.5,24.9,19.2,1.55,8.5,53,73,34,11.2
2006-10-09,0.0,13.2,23.2,17.7,1.45,6.9,69,90,46,10.7
2006-10-10,0.0,13.8,24.2,18.2,1.58,8.3,74,100,41,9.3
2006-10-11,0.0,13.4,25.0,19.2,1.49,7.7,61,89,32,11.0
2006-10-12,0.0,12.3,22.6,17.0,2.07,8.4,60,87,27,10.8
2006-10-13,0.0,9.6,21.9,15.8,1.24,5.9,64,97,33,10.8
2006-10-14,0.0,9.9,22.1,15.9,1.68,7.8,66,90,40,10.7
2006-10-15,0.0,12.4,21.6,16.3,1.73,8.8,79,100,46,8.3
2006-10-16,0.6,13.7,21.6,16.8,2.12,9.8,80,100,51,8.3
2006-10-17,0.0,14.2,22.4,17.4,1.54,7.8,78,97,51,9.2
2006-10-18,2.4,14.9,22.3,17.5,1.7,13.4,78,99,51,9.5
2006-10-19,0.3,13.4,20.0,15.9,2.24,10.4,70,81,47,4.0
2006-10-20,5.2,14.5,21.3,17.0,2.22,9.8,73,83,51,6.1
2006-10-21,0.6,16.0,22.8,18.7,2.25,13.0,67,88,36,5.4
2006-10-22,0.0,10.7,25.4,17.8,1.61,8.1,65,88,40,10.1
2006-10-23,0.6,15.2,22.7,18.2,1.99,13.1,70,85,47,0.1
2006-10-24,0.0,14.3,23.2,18.5,1.88,8.7,71,89,51,9.8
2006-10-25,0.0,14.3,25.0,18.6,1.41,9.1,76,100,44,10.0
2006-10-26,1.2,13.5,18.4,16.2,1.5,7.7,71,92,57,0.0
2006-10-27,8.8,11.7,19.5,15.5,1.61,17.3,86,96,74,7.4
2006-10-28,0.0,12.2,23.4,17.5,1.22,6.7,75,94,51,10.0
2006-10-29,0.0,12.8,26.7,18.8,1.3,4.8,50,78,23,10.1
2006-10-30,0.0,9.0,27.2,17.4,1.19,4.0,43,68,18,10.1
2006-10-31,0.0,11.9,25.4,17.4,1.92,8.6,52,74,25,10.1
2006-11-01,0.0,10.8,24.5,16.9,1.42,5.3,57,76,33,9.7
2006-11-02,8.1,13.3,19.0,15.5,1.2,6.9,74,98,52,4.6
2006-11-03,42.6,11.6,15.0,13.3,1.77,7.9,98,99,95,0.0
2006-11-04,2.3,11.1,14.8,12.5,1.6,8.7,91,97,79,1.7
2006-11-05,0.8,11.1,14.1,12.4,1.82,7.5,92,97,83,1.1
2006-11-06,1.1,7.4,14.8,11.9,1.31,5.8,90,99,77,5.4
2006-11-07,20.6,12.4,14.3,13.2,2.3,10.1,98,99,95,0.0
2006-11-08,13.7,12.7,15.7,13.8,2.07,8.1,97,100,91,1.0
2006-11-09,0.9,10.4,16.4,13.2,1.82,8.6,86,100,62,9.9
2006-11-10,0.0,7.7,16.9,11.8,1.21,5.1,76,95,48,9.9
2006-11-11,0.0,4.1,17.9,10.6,1.08,3.7,69,91,38,9.9
2006-11-12,0.0,4.5,19.9,11.0,1.93,6.3,66,82,38,9.9
2006-11-13,0.0,6.0,16.9,11.2,1.67,6.0,75,93,51,9.9
2006-11-14,0.0,4.3,17.4,10.3,1.29,5.7,78,92,51,9.9
2006-11-15,0.0,5.7,17.2,10.4,1.2,5.5,83,97,56,9.1
2006-11-16,2.2,8.3,17.7,12.4,1.53,9.1,84,95,60,4.9
2006-11-17,9.8,6.2,14.7,11.4,1.74,8.8,73,96,41,9.1
2006-11-18,0.0,3.9,15.8,8.9,1.42,4.9,72,88,53,9.8
2006-11-19,0.0,4.1,17.4,9.9,1.07,3.7,78,93,50,9.5
2006-11-20,0.0,5.4,17.4,10.7,2.05,7.4,73,90,48,9.8
2006-11-21,0.0,8.9,15.4,11.6,3.39,12.9,73,84,58,9.8
2006-11-22,0.3,11.9,15.6,13.3,4.6,14.9,72,80,63,9.5
2006-11-23,0.0,8.2,16.1,11.7,2.04,8.5,77,92,53,9.7
2006-11-24,0.0,8.9,19.2,13.1,1.88,8.0,77,92,54,9.7
2006-11-25,0.0,10.6,19.2,13.5,1.69,8.1,68,87,46,5.3
2006-11-26,3.1,6.6,11.5,10.1,1.33,5.1,92,98,86,3.6
2006-11-27,0.0,4.3,14.9,8.6,1.46,5.3,85,99,58,9.6
2006-11-28,0.0,4.3,14.5,8.9,1.01,3.6,83,98,59,5.3
2006-11-29,1.0,5.2,12.9,9.3,1.63,7.4,83,92,68,9.0
2006-11-30,1.1,7.6,11.9,9.5,1.82,6.9,90,99,77,5.0
2006-12-01,0.5,9.9,13.2,11.0,1.2,4.6,92,99,80,1.0
2006-12-02,0.5,9.8,14.5,11.4,1.22,5.4,88,99,62,4.1
2006-12-03,1.8,8.3,14.5,10.7,2.13,9.4,80,98,54,9.5
2006-12-04,0.0,8.8,16.9,12.3,2.54,8.9,77,93,65,9.2
2006-12-05,0.0,7.0,17.8,11.5,1.4,5.8,79,95,55,9.2
2006-12-06,1.4,6.7,11.1,8.7,5.71,17.7,64,84,46,9.5
2006-12-07,0.0,4.6,13.4,8.6,2.44,10.4,71,83,56,8.7
2006-12-08,0.0,7.0,15.0,10.5,3.47,15.3,70,83,50,9.4
2006-12-09,0.0,4.2,9.3,6.1,3.53,11.6,60,69,46,9.4
2006-12-10,0.0,0.2,8.7,4.5,2.23,7.3,69,86,50,9.3
2006-12-11,0.0,0.2,8.7,4.8,1.76,6.4,87,95,80,6.2
2006-12-12,0.2,6.5,9.4,7.7,1.07,5.2,94,98,86,0.0
2006-12-13,0.0,2.9,10.0,6.3,2.18,9.4,85,99,66,7.7
2006-12-14,0.0,2.4,10.6,5.7,2.17,6.5,85,98,65,7.5
2006-12-15,0.0,2.1,10.7,6.6,2.12,7.3,82,90,68,6.2
2006-12-16,0.0,3.2,12.8,7.3,1.77,6.4,79,98,52,9.3
2006-12-17,0.0,0.9,14.2,6.4,1.5,4.5,75,92,45,9.4
2006-12-18,0.0,1.9,12.2,6.1,2.3,10.4,75,90,50,9.4
2006-12-19,0.0,-0.5,8.4,3.6,1.96,6.7,72,91,46,9.3
2006-12-20,0.5,-1.6,6.0,2.1,2.29,9.6,78,87,66,8.5
2006-12-21,1.1,2.7,8.7,4.9,2.49,8.5,67,87,45,8.9
2006-12-22,0.0,-0.6,8.3,3.4,1.7,5.3,66,79,48,9.4
2006-12-23,0.3,-0.7,7.3,3.3,1.61,7.7,86,98,65,6.7
2006-12-24,0.6,1.5,8.8,5.1,2.76,9.4,77,96,59,9.3
2006-12-25,0.0,1.6,10.2,5.4,1.65,5.0,70,88,47,8.0
2006-12-26,0.0,0.7,11.5,5.3,1.35,6.0,67,86,39,9.3
2006-12-27,0.0,0.7,10.5,5.1,1.23,5.5,68,88,53,9.3
2006-12-28,0.0,2.2,9.6,5.8,1.13,4.1,90,99,75,3.8
2006-12-29,0.0,0.9,12.2,5.7,1.27,4.6,78,99,48,9.2
2006-12-30,0.0,-0.2,14.7,5.8,1.19,4.2,72,90,40,9.3
2006-12-31,0.0,1.5,15.3,7.3,1.3,4.0,76,89,51,9.3
2007-01-01,0.0,2.3,17.7,8.0,1.35,4.7,76,93,43,9.3
2007-01-02,0.0,2.5,15.0,8.0,1.8,6.9,71,92,38,9.4
2007-01-03,0.0,1.2,15.9,7.0,1.45,4.5,60,81,31,9.4
2007-01-04,0.0,1.6,17.5,7.5,1.98,7.8,55,77,29,8.9
2007-01-05,0.0,3.3,14.6,7.8,2.31,8.3,64,83,47,8.9
2007-01-06,0.0,1.1,14.2,7.1,1.37,4.6,77,92,52,9.4
2007-01-07,0.0,1.1,15.2,7.0,1.3,4.0,76,94,43,9.4
2007-01-08,0.0,2.4,14.3,6.8,1.97,6.7,77,94,44,9.3
2007-01-09,0.0,1.3,15.3,7.0,1.21,4.7,72,90,46,9.4
2007-01-10,0.0,1.1,16.0,7.7,1.01,4.2,73,94,44,9.0
2007-01-11,0.0,0.8,14.4,7.3,1.12,4.4,65,83,44,9.5
2007-01-12,0.0,0.6,16.8,7.2,1.32,4.3,63,87,34,9.5
2007-01-13,0.0,0.5,17.8,7.7,1.04,3.8,58,81,26,9.5
2007-01-14,0.0,3.6,15.0,8.5,1.33,5.1,57,70,37,8.2
2007-01-15,0.0,2.6,12.7,7.1,1.01,5.0,67,91,53,9.0
2007-01-16,0.0,1.5,14.7,7.1,0.91,5.4,78,95,47,9.4
2007-01-17,0.0,1.3,15.1,7.4,1.67,4.9,74,95,44,9.6
2007-01-18,0.0,1.4,17.4,7.9,1.77,6.4,69,92,35,9.6
2007-01-19,0.0,5.0,20.2,11.0,1.59,5.2,65,83,36,9.6
2007-01-20,0.0,4.7,20.3,11.4,1.16,4.3,65,81,36,9.5
2007-01-21,0.0,3.7,16.7,9.4,1.67,6.4,71,89,42,9.6
2007-01-22,0.0,4.6,13.5,8.2,2.09,11.0,76,96,45,9.1
2007-01-23,0.0,3.7,8.6,5.5,4.31,13.5,57,69,41,9.6
2007-01-24,0.0,0.8,8.0,4.2,3.03,11.3,55,76,31,9.6
2007-01-25,2.8,-1.4,6.5,1.9,2.11,7.8,70,85,52,6.6
2007-01-26,18.8,0.2,3.3,1.7,1.06,7.6,94,100,85,1.0
2007-01-27,37.8,1.6,3.4,2.5,3.29,14.2,96,99,91,0.5
2007-01-28,2.3,1.2,5.2,3.0,2.1,8.0,96,98,94,0.0
2007-01-29,3.9,3.8,5.5,4.7,1.26,5.2,98,99,97,0.0
2007-01-30,2.8,4.1,7.7,5.3,1.34,4.1,93,99,80,0.0
2007-01-31,0.8,-0.9,8.3,3.9,1.11,4.0,85,97,66,9.6
2007-02-01,0.0,-2.8,11.5,4.1,1.53,5.1,76,95,48,9.9
2007-02-02,0.1,0.7,9.1,5.2,1.41,8.0,83,97,73,4.8
2007-02-03,4.1,5.3,8.3,6.8,1.15,5.1,96,99,91,0.0
2007-02-04,0.0,5.6,11.6,8.2,1.38,5.1,87,98,65,5.4
2007-02-05,2.7,6.5,11.9,8.4,1.1,6.6,88,100,66,6.8
2007-02-06,0.0,1.4,12.5,6.4,1.43,6.1,77,100,46,9.9
2007-02-07,0.0,2.9,13.6,7.4,2.56,10.4,70,87,46,9.8
2007-02-08,1.8,6.7,13.9,10.5,1.89,16.5,78,87,72,4.2
2007-02-09,0.1,6.0,12.4,10.2,4.58,20.5,66,85,45,10.4
2007-02-10,0.0,3.8,16.5,10.6,3.72,17.0,65,86,40,10.5
2007-02-11,0.0,10.5,18.7,13.5,3.09,10.3,68,81,53,10.4
2007-02-12,0.0,10.7,16.6,13.2,3.92,15.5,72,83,60,10.1
2007-02-13,0.0,8.6,18.7,12.9,1.46,7.8,77,94,50,10.6
2007-02-14,0.0,7.9,17.8,12.0,2.84,13.4,71,92,46,10.6
2007-02-15,0.0,4.2,18.0,10.5,1.68,5.8,62,94,26,9.7
2007-02-16,0.0,4.7,18.2,10.8,1.83,8.6,59,83,41,10.7
2007-02-17,1.1,5.4,11.6,8.4,1.93,9.3,72,87,53,7.1
2007-02-18,0.0,6.6,11.4,8.6,4.69,14.9,65,74,52,10.7
2007-02-19,0.0,4.3,15.0,9.1,2.29,9.7,67,88,39,9.7
2007-02-20,3.5,6.4,10.8,8.2,1.15,6.4,85,95,69,0.2
2007-02-21,4.9,6.0,11.0,8.1,1.47,6.1,81,96,60,5.3
2007-02-22,0.0,4.6,12.7,8.4,1.73,9.5,78,91,60,9.4
2007-02-23,0.0,7.2,14.4,10.5,3.01,13.3,71,87,47,9.8
2007-02-24,0.0,8.9,15.2,11.4,3.61,11.9,62,78,46,10.8
2007-02-25,0.0,6.2,15.2,10.6,3.41,14.6,69,83,51,10.8
2007-02-26,0.0,7.3,16.4,11.5,2.66,10.0,65,90,38,10.9
2007-02-27,0.0,4.9,18.5,11.0,2.35,9.0,61,80,41,10.9
2007-02-28,0.0,5.6,20.4,12.1,1.97,8.7,67,91,36,10.9
2007-03-01,0.0,9.5,19.2,13.5,2.33,9.1,66,91,39,10.9
2007-03-02,0.0,6.3,21.6,13.1,1.73,5.6,58,77,30,11.0
2007-03-03,0.0,8.3,23.8,15.4,1.72,6.0,53,69,30,11.0
2007-03-04,0.0,6.5,23.6,14.8,1.46,6.3,56,85,25,11.0
2007-03-05,0.0,8.9,16.8,12.2,2.48,9.2,59,83,33,11.0
2007-03-06,0.0,6.2,19.2,11.8,1.53,6.9,56,89,23,7.2
2007-03-07,0.0,9.8,16.7,12.7,5.62,23.8,60,77,47,9.9
2007-03-08,0.0,6.3,14.6,9.9,8.07,22.5,41,53,26,11.2
2007-03-09,0.0,3.5,16.4,10.2,3.06,9.8,42,66,22,11.3
2007-03-10,0.0,6.4,17.7,12.3,3.21,10.9,42,69,17,11.3
2007-03-11,0.0,1.6,14.5,9.0,1.54,7.3,47,79,25,11.3
2007-03-12,0.0,0.8,14.8,7.8,1.88,9.4,59,82,38,11.4
2007-03-13,0.0,2.7,15.2,8.9,1.57,8.4,70,98,37,11.3
2007-03-14,0.0,3.6,15.0,8.9,1.82,9.2,64,88,35,11.4
2007-03-15,0.0,3.4,16.1,9.6,1.73,8.4,58,83,32,11.6
2007-03-16,0.2,3.2,16.9,10.2,1.91,8.3,54,80,28,11.6
2007-03-17,0.1,4.4,14.6,9.4,2.1,8.8,67,86,47,11.3
2007-03-18,0.0,2.2,19.5,10.6,1.03,5.0,57,92,21,11.7
2007-03-19,0.0,9.9,17.3,12.7,4.79,16.4,43,51,32,11.7
2007-03-20,0.0,2.5,10.7,6.8,5.91,18.4,34,46,20,11.7
2007-03-21,0.0,1.2,9.1,5.2,5.56,17.5,41,56,25,11.8
2007-03-22,0.0,-0.2,10.9,5.1,4.92,15.7,32,51,18,11.8
2007-03-23,0.0,4.1,15.7,9.4,3.82,13.3,42,54,33,11.8
2007-03-24,0.0,3.4,19.0,11.2,1.96,8.2,49,79,25,11.8
2007-03-25,0.0,4.0,18.4,10.7,2.08,12.6,57,86,28,11.9
2007-03-26,3.0,6.7,14.0,9.5,1.57,9.6,85,97,63,9.3
2007-03-27,16.0,7.3,9.3,8.2,1.45,6.5,95,99,83,2.8
2007-03-28,6.3,5.4,8.6,6.7,2.06,9.9,93,99,80,2.9
2007-03-29,3.0,4.4,10.7,7.2,3.43,17.1,79,95,60,3.5
2007-03-30,0.0,3.1,16.4,9.6,2.8,11.1,60,91,34,12.0
2007-03-31,3.0,6.7,15.4,10.1,1.81,8.0,68,89,49,9.2
2007-04-01,2.1,4.7,14.0,9.6,2.26,14.5,79,96,57,12.0
2007-04-02,10.2,4.1,13.6,8.3,1.52,8.0,83,98,54,11.4
2007-04-03,0.0,3.2,14.3,8.5,2.68,10.1,66,91,37,12.2
2007-04-04,1.1,4.5,12.6,8.1,3.74,16.7,71,89,49,10.3
2007-04-05,8.5,4.9,8.6,6.7,1.36,8.5,86,98,75,9.3
2007-04-06,18.6,4.4,11.8,7.0,2.35,13.1,94,99,86,9.0
2007-04-07,5.4,4.2,13.0,7.9,1.79,9.8,80,99,53,10.8
2007-04-08,3.9,4.4,14.1,8.8,1.71,9.3,85,99,61,11.7
2007-04-09,1.9,7.1,12.5,9.7,1.66,7.7,90,100,75,5.1
2007-04-10,0.7,6.0,15.8,10.9,1.58,6.6,84,99,67,11.0
2007-04-11,2.4,8.4,13.2,10.7,1.42,6.7,86,99,65,7.1
2007-04-12,0.3,8.0,13.2,10.4,1.59,6.7,81,96,65,6.7
2007-04-13,0.6,7.2,15.0,10.9,3.06,13.5,78,91,63,10.0
2007-04-14,2.0,9.5,16.8,12.6,2.93,11.5,73,90,48,12.0
2007-04-15,0.8,7.8,17.1,12.1,2.7,12.1,76,92,60,12.4
2007-04-16,3.0,6.6,15.9,11.3,2.28,12.8,80,95,63,12.3
2007-04-17,0.0,5.7,16.2,11.2,2.63,12.1,74,95,52,12.8
2007-04-18,0.2,6.4,17.4,12.2,2.15,13.0,71,90,51,12.0
2007-04-19,0.0,7.5,20.1,14.0,1.9,6.4,63,86,40,12.8
2007-04-20,0.0,8.7,18.5,13.8,2.08,10.6,67,85,48,12.1
2007-04-21,5.2,8.2,14.2,11.2,1.79,11.4,84,93,69,3.4
2007-04-22,5.2,7.3,16.3,11.9,2.03,8.7,78,88,63,10.3
2007-04-23,0.0,7.1,21.3,14.5,2.58,10.7,63,87,39,13.1
2007-04-24,0.0,7.4,21.6,15.2,2.15,8.9,56,78,37,13.2
2007-04-25,0.0,7.3,19.9,14.1,1.47,7.7,63,88,37,7.8
2007-04-26,0.6,9.6,18.2,14.1,1.74,10.9,70,93,54,12.9
2007-04-27,7.5,10.3,16.5,12.4,1.09,7.3,87,99,65,11.4
2007-04-28,3.2,10.0,18.0,13.2,1.32,7.7,78,97,50,12.3
2007-04-29,2.6,7.2,18.3,13.3,1.38,7.7,69,95,43,12.8
2007-04-30,0.0,7.7,19.8,14.0,2.26,9.6,60,82,41,12.5
2007-05-01,0.0,8.9,16.2,12.2,3.15,11.4,51,71,32,10.1
2007-05-02,13.7,6.2,13.1,9.9,1.59,11.6,76,96,55,4.0
2007-05-03,3.7,6.6,15.1,11.3,2.51,12.2,76,98,54,13.7
2007-05-04,0.0,9.8,18.3,13.8,3.19,11.3,62,86,40,13.7
2007-05-05,0.0,9.1,19.1,13.8,3.45,12.1,56,88,28,13.8
2007-05-06,0.0,7.3,19.1,13.6,2.25,8.4,52,77,36,13.8
2007-05-07,0.0,6.7,22.5,15.2,2.39,9.8,52,83,29,13.8
2007-05-08,0.0,8.8,24.6,17.1,2.12,7.7,57,84,33,13.9
2007-05-09,0.0,10.1,26.8,18.9,1.71,9.1,57,88,33,13.9
2007-05-10,0.0,11.2,27.8,19.9,1.78,8.1,53,80,29,13.9
2007-05-11,0.0,12.3,28.0,20.2,1.8,6.2,46,70,25,13.9
2007-05-12,0.0,12.7,27.5,20.6,2.2,9.0,48,75,29,13.9
2007-05-13,0.0,14.2,27.5,20.8,2.64,11.8,46,70,27,13.0
2007-05-14,0.0,13.3,21.3,17.5,3.68,12.3,41,65,23,14.0
2007-05-15,0.0,8.8,22.1,15.3,2.25,11.6,44,71,28,14.0
2007-05-16,0.0,7.8,25.3,17.1,1.28,7.0,55,92,25,14.0
2007-05-17,0.0,10.4,26.6,19.1,1.27,6.0,49,73,29,13.1
2007-05-18,0.0,13.3,28.8,21.4,2.03,10.6,49,78,31,14.0
2007-05-19,0.0,14.5,26.7,20.5,2.45,11.6,51,66,35,14.0
2007-05-20,0.0,13.3,25.1,19.7,2.37,12.9,59,84,38,13.0
2007-05-21,0.0,12.8,25.5,19.0,2.1,11.0,69,94,40,14.0
2007-05-22,16.0,13.8,23.2,17.6,2.82,14.3,79,96,52,8.2
2007-05-23,26.5,13.5,21.6,16.8,2.5,12.8,86,99,63,8.0
2007-05-24,1.9,12.6,22.6,17.3,1.56,8.7,78,97,58,13.9
2007-05-25,7.9,11.8,20.0,15.6,2.26,10.6,73,93,43,12.3
2007-05-26,0.0,9.4,21.5,16.0,1.43,6.6,56,85,32,14.0
2007-05-27,0.0,12.2,21.1,16.5,4.14,13.8,57,76,43,14.0
2007-05-28,0.0,12.5,20.1,16.0,3.31,11.6,53,73,36,14.0
2007-05-29,0.0,8.5,24.3,16.6,1.35,7.1,56,80,35,14.0
2007-05-30,0.0,11.2,26.4,19.0,1.69,7.5,54,81,31,14.0
2007-05-31,0.0,12.5,25.4,19.4,2.86,12.7,49,78,31,14.0
2007-06-01,0.0,11.6,25.5,18.4,2.13,8.9,53,81,31,13.8
2007-06-02,0.0,11.2,24.7,18.1,2.35,10.6,54,76,32,14.0
2007-06-03,0.0,12.6,25.2,19.1,1.86,10.6,54,78,33,13.9
2007-06-04,0.0,11.7,24.6,19.0,2.42,10.7,50,77,34,14.0
2007-06-05,0.4,12.1,24.2,17.9,2.41,11.0,61,77,43,14.0
2007-06-06,0.0,12.4,24.1,18.4,1.9,9.4,67,95,44,14.0
2007-06-07,0.0,12.3,26.5,19.7,1.91,10.1,61,91,36,14.0
2007-06-08,0.0,12.5,28.1,21.1,1.9,10.2,55,88,30,14.0
2007-06-09,0.0,14.3,27.5,21.3,2.29,10.4,49,75,30,14.0
2007-06-10,0.2,13.7,26.3,20.3,1.46,7.6,58,83,39,11.7
2007-06-11,0.0,13.3,28.9,21.4,2.0,9.8,49,77,26,14.0
2007-06-12,0.2,13.9,29.3,21.8,1.98,11.5,52,78,30,14.0
2007-06-13,0.0,13.8,30.0,22.5,1.09,7.7,53,89,25,14.0
2007-06-14,0.0,14.5,29.0,22.2,2.41,10.4,47,76,28,14.0
2007-06-15,0.0,17.7,25.4,21.6,2.85,11.4,53,71,39,13.2
2007-06-16,0.0,15.8,28.2,22.3,1.83,10.0,58,86,34,14.0
2007-06-17,0.3,15.4,30.7,23.2,1.06,8.0,53,84,27,13.6
2007-06-18,0.2,17.4,28.7,23.3,2.3,10.2,53,87,34,13.2
2007-06-19,0.4,14.9,30.6,23.5,1.25,8.6,51,85,30,14.0
2007-06-20,0.0,14.2,30.1,22.9,1.7,7.3,38,70,23,14.0
2007-06-21,0.0,15.8,29.0,22.6,2.94,11.0,45,71,28,14.0
2007-06-22,0.0,14.1,29.4,22.1,2.24,10.4,47,69,27,14.0
2007-06-23,0.0,17.1,28.1,22.1,2.46,12.2,57,76,40,14.0
2007-06-24,0.0,14.4,33.2,23.8,1.72,10.5,50,83,25,14.0
2007-06-25,0.0,16.9,33.6,25.9,1.86,7.9,41,74,17,14.0
2007-06-26,0.6,16.4,28.3,22.1,3.03,13.7,56,85,27,13.0
2007-06-27,0.1,18.0,26.8,21.4,2.53,11.1,72,94,40,12.6
2007-06-28,0.0,16.8,28.1,21.6,2.26,11.6,68,99,37,13.4
2007-06-29,0.0,15.0,30.6,23.0,1.88,10.5,57,90,31,14.0
2007-06-30,0.0,15.8,30.8,24.0,2.31,11.5,46,82,22,14.0
2007-07-01,0.0,15.7,33.0,25.0,1.4,9.3,40,72,17,14.0
2007-07-02,0.0,16.4,31.7,24.3,2.55,13.5,37,66,19,14.0
2007-07-03,0.0,16.4,34.1,25.7,1.1,7.8,44,75,19,14.0
2007-07-04,0.0,19.3,34.6,26.3,2.39,13.4,45,68,26,14.0
2007-07-05,0.0,17.9,30.4,22.8,2.8,12.0,62,84,32,14.0
2007-07-06,0.0,17.2,29.6,23.1,2.13,11.2,51,84,28,14.0
2007-07-07,0.0,16.3,31.0,24.0,1.94,10.1,40,61,24,14.0
2007-07-08,0.4,16.4,35.1,26.1,1.65,10.6,49,82,23,14.0
2007-07-09,0.1,19.2,31.5,24.9,2.38,11.3,59,83,35,14.0
2007-07-10,1.4,18.1,27.6,21.9,2.81,10.3,70,95,41,10.8
2007-07-11,0.0,16.9,30.8,22.6,1.9,12.3,59,85,27,14.0
2007-07-12,0.0,16.3,28.7,22.3,2.29,10.8,54,84,34,14.0
2007-07-13,0.0,15.8,30.9,23.6,2.22,11.2,48,78,27,14.0
2007-07-14,0.0,16.1,30.3,23.5,2.39,12.3,47,72,27,14.0
2007-07-15,0.0,16.9,30.7,23.8,2.15,10.5,50,73,30,14.0
2007-07-16,0.0,16.9,34.1,25.7,1.62,10.3,56,90,25,14.0
2007-07-17,0.0,18.1,34.9,26.8,1.96,11.9,43,70,20,14.0
2007-07-18,0.2,17.9,33.8,26.5,2.06,11.9,51,80,25,13.9
2007-07-19,0.8,16.8,33.5,26.0,1.81,11.7,48,79,21,13.9
2007-07-20,0.0,16.6,32.0,24.6,2.25,12.9,37,58,18,13.9
2007-07-21,0.0,17.3,32.1,24.6,1.29,8.0,46,81,17,13.9
2007-07-22,0.0,18.1,32.4,24.7,1.85,10.7,37,61,22,13.9
2007-07-23,0.0,16.3,34.2,25.8,1.97,9.1,41,76,14,13.9
2007-07-24,0.0,19.0,32.0,25.0,2.76,13.7,48,70,30,13.9
2007-07-25,0.0,18.9,32.9,24.5,2.15,11.5,62,84,31,13.5
2007-07-26,0.0,17.4,34.5,25.9,1.96,11.2,60,92,26,13.8
2007-07-27,0.0,17.8,34.4,26.6,1.91,10.4,46,72,24,13.8
2007-07-28,0.0,17.8,35.1,26.7,2.11,11.4,43,74,19,13.8
2007-07-29,0.0,18.6,33.8,25.9,2.13,10.8,43,65,20,13.8
2007-07-30,0.0,17.2,33.8,25.6,2.03,11.7,52,89,23,13.8
2007-07-31,0.2,17.9,35.4,26.8,1.96,11.5,47,79,18,13.8
2007-08-01,0.2,18.7,36.4,28.0,2.07,10.5,40,63,13,13.6
2007-08-02,0.2,18.4,35.6,27.4,2.21,10.8,46,75,18,13.8
2007-08-03,0.0,20.6,31.9,26.0,2.08,10.0,53,77,34,13.7
2007-08-04,0.0,18.2,34.1,26.2,1.67,9.2,49,82,23,13.7
2007-08-05,0.2,21.7,34.1,27.6,1.58,9.4,47,67,27,13.5
2007-08-06,0.1,20.4,31.0,25.6,1.91,9.0,55,82,31,13.2
2007-08-07,0.0,18.3,28.7,23.4,2.09,10.1,69,96,39,9.9
2007-08-08,0.0,18.1,30.8,23.5,2.1,13.0,64,86,30,13.4
2007-08-09,0.4,19.0,31.5,23.8,2.29,12.6,67,91,30,12.5
2007-08-10,3.8,19.3,28.6,22.7,1.66,9.3,80,98,48,8.2
2007-08-11,0.0,19.2,30.8,24.8,1.43,7.4,58,87,27,13.0
2007-08-12,0.0,17.7,31.1,24.9,2.42,10.5,41,69,20,13.4
2007-08-13,0.0,16.3,29.9,23.0,2.25,13.2,47,74,28,13.0
2007-08-14,0.0,18.0,31.9,24.5,1.42,9.7,60,93,26,12.4
2007-08-15,0.0,16.9,34.6,26.0,1.47,9.1,43,73,17,13.2
2007-08-16,0.0,18.0,32.5,24.4,2.67,13.8,46,74,23,13.2
2007-08-17,1.3,19.3,26.1,22.1,2.77,10.5,78,95,55,11.3
2007-08-18,0.0,18.9,30.7,23.6,2.06,10.0,69,93,37,12.9
2007-08-19,0.0,17.7,33.2,24.7,2.06,10.3,64,92,26,12.9
2007-08-20,1.0,18.8,28.9,22.5,2.61,11.3,74,94,40,11.7
2007-08-21,0.7,16.2,29.9,21.9,2.2,13.9,65,92,23,12.3
2007-08-22,12.4,15.0,22.3,18.2,1.84,7.3,78,95,52,12.4
2007-08-23,0.0,14.5,23.8,18.8,1.82,8.9,69,96,41,12.8
2007-08-24,2.8,13.0,21.2,17.6,2.78,12.3,77,91,62,9.0
2007-08-25,20.0,16.1,25.5,20.4,4.28,15.9,88,98,71,4.1
2007-08-26,0.4,16.5,28.5,22.3,2.06,10.8,75,94,53,12.6
2007-08-27,0.0,18.0,30.5,24.3,1.59,9.0,62,80,42,12.4
2007-08-28,0.0,16.3,33.6,25.0,1.51,7.1,57,88,25,12.3
2007-08-29,0.0,18.2,33.8,25.5,1.95,9.4,47,73,22,12.5
2007-08-30,0.1,14.9,29.9,22.2,2.08,11.6,50,82,27,12.3
2007-08-31,3.6,17.9,23.1,20.0,2.2,9.3,88,98,77,11.0
2007-09-01,0.2,17.1,24.6,20.4,1.86,9.2,76,99,52,12.1
2007-09-02,0.0,14.9,25.9,20.3,1.58,8.3,65,93,39,12.1
2007-09-03,0.0,13.9,27.4,20.7,1.59,8.0,61,91,32,12.1
2007-09-04,0.0,14.0,28.3,21.3,1.46,8.2,64,90,36,12.1
2007-09-05,0.0,15.0,24.8,19.8,2.31,11.1,76,94,56,11.5
2007-09-06,0.0,16.3,25.2,19.9,1.7,8.2,70,94,44,11.0
2007-09-07,0.0,12.3,27.5,19.7,1.87,10.5,58,85,28,12.0
2007-09-08,0.0,14.1,27.2,20.4,1.8,8.7,65,89,40,11.0
2007-09-09,0.0,15.8,27.2,21.2,1.39,8.3,65,87,37,10.9
2007-09-10,0.1,15.0,25.9,20.5,1.92,9.5,66,91,44,12.0
2007-09-11,0.2,14.6,25.6,20.2,1.96,10.5,62,86,42,12.0
2007-09-12,0.3,14.4,24.3,19.3,2.81,13.6,65,79,48,11.2
2007-09-13,0.0,13.3,24.5,19.4,1.58,6.8,69,93,46,11.1
2007-09-14,9.6,15.5,24.7,18.9,1.01,7.1,81,98,49,10.5
2007-09-15,0.0,15.4,24.2,19.3,1.45,7.5,79,99,52,12.0
2007-09-16,0.0,14.6,26.0,20.3,1.8,8.6,77,99,51,12.0
2007-09-17,0.0,15.4,27.8,21.2,1.2,9.8,70,97,41,11.8
2007-09-18,0.0,14.2,27.6,20.3,2.09,10.5,63,89,33,12.0
2007-09-19,9.8,17.4,22.5,19.3,2.03,7.9,88,98,69,8.2
2007-09-20,0.0,17.2,23.2,19.8,2.17,8.2,82,99,60,8.1
2007-09-21,7.2,16.4,22.5,18.8,1.92,11.9,86,99,69,7.2
2007-09-22,17.6,15.8,21.3,18.0,1.33,7.2,84,98,66,11.1
2007-09-23,0.6,14.0,21.1,17.5,1.84,7.2,83,98,66,11.5
2007-09-24,0.0,13.1,24.6,18.4,1.43,5.0,76,98,46,12.0
2007-09-25,0.0,13.3,27.6,20.1,1.2,6.8,69,94,35,11.9
2007-09-26,1.2,15.9,21.4,18.3,1.58,7.1,77,90,65,7.8
2007-09-27,0.4,9.7,23.6,16.4,1.45,7.4,66,95,30,11.8
2007-09-28,0.2,13.3,22.9,16.9,1.92,7.9,74,93,50,9.6
2007-09-29,0.2,12.1,23.9,18.0,1.11,7.5,73,96,44,11.7
2007-09-30,0.0,12.0,25.1,18.2,1.33,7.1,73,92,48,11.7
2007-10-01,0.0,13.7,25.5,18.9,1.29,7.7,78,97,49,10.5
2007-10-02,0.0,15.1,22.8,18.4,1.34,8.1,83,99,60,8.7
2007-10-03,12.8,15.7,21.6,17.7,1.74,11.7,86,99,57,8.4
2007-10-04,9.4,12.6,21.4,16.3,1.08,6.7,80,96,51,9.2
2007-10-05,0.0,10.2,22.7,16.2,1.24,5.6,73,97,42,11.5
2007-10-06,0.0,10.6,24.1,17.1,1.4,5.7,66,89,38,10.8
2007-10-07,0.0,11.4,24.4,17.6,1.29,4.9,66,87,41,11.1
2007-10-08,0.0,12.1,23.4,17.6,1.13,5.9,71,90,48,9.9
2007-10-09,0.4,13.2,22.0,17.5,1.21,5.7,75,93,55,10.2
2007-10-10,0.0,13.8,24.3,18.1,1.08,6.2,70,99,31,10.4
2007-10-11,12.1,10.6,13.6,12.7,2.72,8.7,75,86,63,9.6
2007-10-12,20.9,10.5,16.1,12.6,3.01,12.9,87,98,68,2.0
2007-10-13,0.0,7.5,19.3,13.1,1.79,5.9,78,96,54,10.8
2007-10-14,0.0,12.4,18.8,14.9,1.25,7.0,83,98,59,5.3
2007-10-15,0.0,10.7,19.4,14.8,1.4,7.3,82,99,56,10.4
2007-10-16,11.5,11.7,16.5,13.7,1.38,6.0,93,99,79,1.2
2007-10-17,0.0,8.6,20.0,14.1,2.22,7.2,77,99,51,10.3
2007-10-18,13.5,10.4,14.9,12.8,3.16,11.8,88,97,72,1.4
2007-10-19,6.8,13.1,17.5,14.6,1.74,7.6,91,99,79,9.5
2007-10-20,0.0,9.3,21.1,14.5,1.22,5.0,74,99,40,9.9
2007-10-21,2.2,10.7,16.2,13.0,1.67,7.5,84,98,72,4.2
2007-10-22,0.0,9.4,22.9,15.2,2.07,7.4,67,97,36,10.5
2007-10-23,0.0,10.9,20.3,15.1,1.69,7.2,61,78,41,7.4
2007-10-24,4.9,10.9,15.3,12.9,1.39,5.1,81,95,72,0.0
2007-10-25,0.8,9.6,14.2,11.4,2.04,8.7,85,96,63,4.5
2007-10-26,0.2,5.1,17.0,11.0,1.32,6.7,80,97,48,9.4
2007-10-27,1.8,9.8,14.4,11.6,1.52,7.3,82,99,60,8.3
2007-10-28,0.9,9.5,15.0,11.9,2.28,9.4,85,97,69,5.0
2007-10-29,0.0,8.2,18.2,12.5,2.8,11.2,69,89,47,8.6
2007-10-30,0.0,7.4,15.2,11.1,3.52,13.3,59,79,44,10.0
2007-10-31,0.0,6.2,13.3,9.7,2.93,10.7,58,73,46,10.1
2007-11-01,0.0,3.6,15.9,9.3,1.23,5.5,64,81,43,10.1
2007-11-02,0.0,3.9,16.3,10.4,1.45,7.3,68,84,47,10.1
2007-11-03,0.0,7.5,15.4,11.1,1.09,5.1,79,100,54,10.0
2007-11-04,0.0,4.3,16.9,9.8,1.23,4.3,71,93,43,10.0
2007-11-05,0.0,4.2,19.8,11.1,1.08,5.4,67,87,35,10.0
2007-11-06,0.0,6.8,17.6,12.2,0.89,4.6,72,92,54,10.0
2007-11-07,0.0,6.6,15.2,10.4,1.31,5.7,82,96,65,9.8
2007-11-08,0.0,5.5,21.4,12.0,1.33,4.6,66,97,31,9.9
2007-11-09,0.0,5.5,16.9,10.7,1.58,5.7,67,87,43,8.0
2007-11-10,0.1,5.6,14.4,10.1,0.92,4.3,90,100,75,1.4
2007-11-11,0.0,5.9,19.0,11.1,1.34,4.0,69,99,33,9.9
2007-11-12,0.0,3.5,18.7,10.3,1.39,4.3,55,75,24,9.9
2007-11-13,0.0,3.7,15.9,10.2,0.95,5.2,66,87,53,9.9
2007-11-14,0.0,3.3,17.1,9.6,2.41,10.2,59,92,28,9.9
2007-11-15,0.0,5.5,13.1,9.0,3.37,13.1,58,76,38,9.8
2007-11-16,0.0,-1.6,12.4,5.5,2.14,6.9,53,85,20,9.8
2007-11-17,0.0,-2.9,13.1,4.3,1.09,3.9,49,75,20,9.8
2007-11-18,0.0,-1.4,15.9,5.7,1.24,4.4,45,57,22,9.8
2007-11-19,0.6,3.1,17.1,8.3,1.83,8.9,60,83,40,8.7
2007-11-20,1.4,7.2,18.3,11.6,1.84,6.8,73,92,51,6.3
2007-11-21,2.3,8.6,15.4,12.1,1.13,6.6,92,98,82,1.5
2007-11-22,3.4,6.6,13.0,9.0,1.21,5.1,89,98,68,4.2
2007-11-23,0.0,5.0,11.2,7.7,2.21,8.3,80,94,57,9.3
2007-11-24,0.0,2.3,10.5,6.2,2.14,8.6,82,96,61,6.3
2007-11-25,0.0,4.8,10.8,7.3,2.69,10.6,76,94,55,9.7
2007-11-26,0.0,1.3,13.1,6.8,2.1,8.8,61,76,41,9.7
2007-11-27,0.0,1.9,11.6,6.8,1.71,6.6,69,90,48,9.7
2007-11-28,0.0,-0.1,13.3,6.1,1.3,4.6,70,88,45,9.6
2007-11-29,0.0,0.0,13.9,6.3,1.24,4.3,70,90,40,9.6
2007-11-30,0.0,0.1,13.4,6.1,1.28,4.6,75,92,47,9.6
2007-12-01,0.0,0.4,14.9,6.3,1.38,4.6,71,92,39,9.6
2007-12-02,0.0,2.0,14.6,7.3,1.49,4.7,75,91,47,9.5
2007-12-03,0.0,3.8,16.0,8.8,2.88,12.2,73,91,48,9.5
2007-12-04,0.0,5.2,15.5,9.5,2.02,7.4,76,91,53,9.5
2007-12-05,0.0,2.9,17.9,8.7,1.23,4.5,73,94,36,9.5
2007-12-06,0.0,3.5,17.0,9.1,1.74,5.5,70,88,48,9.5
2007-12-07,0.0,4.7,19.2,10.4,2.22,8.2,65,90,37,8.9
2007-12-08,0.0,5.5,16.8,10.1,2.14,7.3,71,90,45,9.4
2007-12-09,0.0,8.6,15.1,11.6,3.62,14.0,67,78,60,9.4
2007-12-10,0.0,4.7,12.6,9.0,2.83,10.6,63,85,37,9.4
2007-12-11,0.0,1.4,11.6,5.4,2.95,11.6,59,78,29,9.4
2007-12-12,0.0,-0.8,11.9,4.4,1.77,5.4,57,76,29,9.4
2007-12-13,0.0,-0.3,11.4,4.6,1.22,6.4,79,93,55,9.4
2007-12-14,0.0,2.1,9.7,5.4,1.23,6.1,81,97,54,7.8
2007-12-15,0.0,-1.5,12.3,4.0,1.72,5.5,66,96,29,9.4
2007-12-16,0.5,-0.0,6.7,3.0,1.98,8.4,76,96,50,8.5
2007-12-17,2.1,-0.2,6.9,2.5,1.34,8.5,88,97,73,7.3
2007-12-18,0.0,-0.8,8.5,3.7,2.05,10.0,85,100,61,6.8
2007-12-19,0.1,4.8,7.8,6.2,2.86,11.2,86,92,76,0.0
2007-12-20,4.4,6.6,9.2,7.7,3.34,11.0,95,98,88,0.0
2007-12-21,0.3,4.8,11.4,7.6,2.02,8.8,88,99,63,8.9
2007-12-22,11.7,6.1,9.0,7.5,1.19,4.0,98,99,95,1.3
2007-12-23,4.6,6.8,9.1,7.7,1.69,5.9,95,98,89,3.5
2007-12-24,1.7,4.4,9.3,7.2,1.74,6.3,92,98,76,8.5
2007-12-25,0.0,1.2,12.8,5.9,1.63,5.4,81,99,48,9.1
2007-12-26,0.0,2.8,10.6,6.2,1.57,7.8,82,94,61,8.4
2007-12-27,1.0,2.9,9.0,6.1,1.76,7.7,88,98,71,7.5
2007-12-28,0.0,-0.2,10.6,4.6,1.53,5.1,79,99,54,9.0
2007-12-29,0.0,-1.2,10.4,4.2,1.06,4.3,78,92,54,9.1
2007-12-30,0.0,-0.2,12.4,4.8,2.07,7.5,74,90,49,9.3
2007-12-31,0.0,-1.2,11.6,4.4,1.67,4.6,75,93,42,9.4
2008-01-01,0.0,-0.5,11.8,4.1,1.26,4.6,78,93,50,9.3
2008-01-02,1.8,0.3,9.8,4.3,1.58,8.9,88,93,81,4.5
2008-01-03,2.6,4.3,9.9,6.5,2.19,12.6,83,94,61,7.8
2008-01-04,0.0,0.6,9.2,4.5,2.8,11.3,75,92,48,9.3
2008-01-05,0.0,0.2,14.1,5.9,2.08,5.6,68,84,43,9.3
2008-01-06,0.0,6.4,17.0,10.4,2.68,8.6,79,92,53,9.2
2008-01-07,0.0,4.1,17.4,10.0,1.53,4.6,68,92,42,9.4
2008-01-08,0.0,6.3,12.8,9.2,0.97,5.4,78,98,69,4.5
2008-01-09,0.0,6.3,14.1,9.5,0.92,4.4,82,98,57,8.3
2008-01-10,0.0,5.9,14.0,9.5,1.05,4.8,77,92,54,9.2
2008-01-11,0.2,3.2,13.7,8.3,2.31,10.8,76,95,47,9.4
2008-01-12,0.0,1.3,11.3,6.6,2.45,10.2,60,85,38,9.5
2008-01-13,0.0,-1.5,13.5,4.8,1.05,4.9,65,86,37,9.5
2008-01-14,1.0,3.3,10.7,6.7,1.68,5.3,82,89,73,2.2
2008-01-15,0.0,1.4,12.0,5.8,2.0,6.4,78,95,51,9.4
2008-01-16,0.0,5.9,13.3,9.6,4.44,19.8,70,79,58,7.2
2008-01-17,0.0,4.8,14.9,8.8,2.39,7.1,72,89,47,9.6
2008-01-18,0.0,6.5,16.7,10.8,2.24,8.4,72,86,56,9.4
2008-01-19,0.0,4.2,16.4,9.5,1.29,5.6,81,96,58,9.5
2008-01-20,0.0,2.6,17.3,8.8,1.22,5.9,76,96,45,9.6
2008-01-21,0.0,3.0,19.4,9.5,1.04,4.1,75,93,41,9.6
2008-01-22,0.0,5.1,18.1,10.4,2.55,10.1,65,89,34,9.6
2008-01-23,0.0,2.6,14.7,8.5,1.82,7.9,70,90,49,9.6
2008-01-24,0.0,5.2,12.8,8.5,0.94,4.9,83,99,61,7.4
2008-01-25,0.2,6.5,10.7,8.0,1.09,6.2,82,98,61,6.5
2008-01-26,0.0,2.4,10.5,6.4,1.01,5.1,80,92,62,4.2
2008-01-27,0.0,0.6,11.2,5.4,1.49,6.1,81,96,60,9.6
2008-01-28,0.0,0.0,14.4,6.8,1.51,5.7,62,92,31,9.7
2008-01-29,0.0,-0.4,15.5,7.3,1.08,4.3,56,77,36,9.8
2008-01-30,0.0,0.7,16.4,7.6,1.58,5.1,63,86,32,9.8
2008-01-31,0.0,0.0,14.0,6.4,1.37,5.8,71,88,43,9.8
2008-02-01,0.0,0.1,14.7,6.8,0.96,4.9,68,93,35,9.7
2008-02-02,0.0,4.7,12.9,8.3,1.63,7.0,68,90,40,9.7
2008-02-03,0.0,3.5,14.1,7.7,1.8,8.4,77,99,37,8.3
2008-02-04,0.0,5.8,13.0,9.2,2.08,10.6,69,84,49,9.4
2008-02-05,0.0,2.0,16.4,8.2,1.19,4.5,71,97,41,10.1
2008-02-06,0.0,1.0,16.7,8.4,1.53,6.2,65,90,37,10.2
2008-02-07,0.0,3.0,14.5,8.6,1.43,8.1,66,82,45,10.2
2008-02-08,0.0,0.6,14.9,7.4,1.38,7.6,70,90,42,10.3
2008-02-09,0.0,4.1,12.2,7.7,1.51,9.5,75,98,46,10.4
2008-02-10,0.0,0.9,11.4,6.4,1.53,7.9,68,82,48,10.4
2008-02-11,0.0,4.2,10.2,6.4,1.57,8.3,76,91,56,9.0
2008-02-12,0.1,3.8,9.2,6.0,2.28,9.7,81,95,58,6.6
2008-02-13,1.3,3.6,8.3,5.7,2.75,12.4,87,98,72,7.0
2008-02-14,2.5,5.8,11.6,7.8,3.47,14.1,87,97,65,6.7
2008-02-15,2.8,7.2,11.3,8.6,2.23,8.4,86,98,65,5.4
2008-02-16,0.0,3.4,11.2,7.6,1.63,8.6,84,100,62,5.4
2008-02-17,1.4,4.8,9.2,6.7,3.1,11.5,86,97,64,1.0
2008-02-18,2.7,6.9,11.7,8.8,1.47,6.8,92,99,79,0.0
2008-02-19,2.0,8.6,11.8,9.7,1.31,5.3,94,99,83,0.0
2008-02-20,1.0,6.1,15.2,10.0,1.17,5.9,85,98,58,10.7
2008-02-21,0.9,7.6,12.4,9.5,1.47,8.7,87,96,71,7.7
2008-02-22,0.0,4.1,12.8,8.4,1.76,8.6,82,100,57,10.5
2008-02-23,0.0,4.9,13.7,8.7,1.39,9.0,79,93,59,9.3
2008-02-24,9.1,7.1,10.2,8.3,1.09,4.4,95,99,89,0.0
2008-02-25,0.0,6.3,16.3,10.8,1.21,6.5,83,99,58,10.8
2008-02-26,0.0,4.9,18.0,11.1,1.22,4.6,77,100,46,10.9
2008-02-27,0.0,4.9,19.6,11.8,1.39,7.0,71,91,38,10.9
2008-02-28,6.1,6.4,16.0,10.2,0.93,6.8,84,97,58,9.3
2008-02-29,0.0,4.7,15.9,10.1,1.96,8.3,79,98,52,10.6
2008-03-01,0.0,4.4,18.9,11.5,1.32,5.6,70,94,41,10.9
2008-03-02,0.0,5.6,19.2,11.8,1.73,6.8,72,89,49,11.0
2008-03-03,0.0,4.9,20.7,12.6,1.22,5.7,72,96,44,11.0
2008-03-04,0.0,6.4,15.3,10.7,3.05,14.5,60,95,22,11.0
2008-03-05,0.0,1.4,8.6,4.8,7.04,21.5,31,39,23,11.1
2008-03-06,0.0,-0.5,9.7,4.1,3.94,13.2,40,53,28,11.1
2008-03-07,0.0,3.1,15.6,9.0,4.6,13.9,37,50,25,11.2
2008-03-08,0.0,3.3,18.2,10.5,2.29,9.4,42,68,24,11.2
2008-03-09,0.0,1.7,16.1,8.9,2.31,12.2,59,83,35,11.3
2008-03-10,0.0,4.3,15.2,9.5,3.3,15.5,59,84,31,8.2
2008-03-11,0.0,10.7,21.0,14.6,2.95,10.3,62,78,42,11.0
2008-03-12,0.0,7.4,23.3,14.8,1.43,5.1,63,90,34,11.3
2008-03-13,0.0,10.0,20.8,15.0,1.73,8.8,56,76,42,11.1
2008-03-14,0.0,6.6,23.0,14.0,1.3,8.2,66,93,34,10.4
2008-03-15,0.0,7.4,24.1,15.0,2.15,13.5,51,73,26,11.2
2008-03-16,0.0,7.6,22.0,13.8,1.3,8.1,46,76,18,11.0
2008-03-17,0.0,5.6,22.2,13.1,1.67,8.5,44,72,19,10.2
2008-03-18,0.0,6.7,16.9,11.3,2.14,8.5,55,85,28,11.5
2008-03-19,0.0,3.4,17.4,10.1,1.99,9.4,52,76,28,11.7
2008-03-20,2.9,6.6,11.3,8.2,2.46,9.5,82,96,58,4.8
2008-03-21,0.0,5.3,17.5,10.8,1.95,9.4,62,95,28,11.8
2008-03-22,0.1,7.0,17.0,11.6,4.15,17.7,47,72,33,11.8
2008-03-23,2.5,2.0,9.8,5.9,5.78,17.8,52,90,25,11.8
2008-03-24,0.0,3.2,15.7,8.8,3.41,12.8,38,57,31,11.9
2008-03-25,0.0,2.3,17.6,10.2,2.01,9.0,52,78,29,11.9
2008-03-26,0.0,5.0,17.2,11.0,4.44,19.1,57,84,32,11.8
2008-03-27,0.0,6.5,14.9,10.9,4.81,17.7,60,70,50,11.9
2008-03-28,0.0,8.8,23.3,15.9,2.72,13.3,54,81,30,12.0
2008-03-29,0.0,9.6,17.2,13.7,2.24,10.4,65,89,46,8.0
2008-03-30,0.0,5.5,22.3,13.8,2.18,12.2,60,94,25,12.0
2008-03-31,0.0,7.0,16.4,11.6,4.59,13.6,43,66,21,12.1
2008-04-01,0.0,7.7,18.0,12.6,3.89,14.7,41,53,32,12.0
2008-04-02,0.0,4.0,20.2,12.6,1.51,7.4,53,90,24,12.2
2008-04-03,0.0,5.9,23.6,14.6,1.78,8.7,38,63,20,12.2
2008-04-04,0.0,7.7,19.5,13.0,2.38,11.2,45,58,33,12.2
2008-04-05,0.0,4.0,21.3,12.5,1.99,9.1,58,84,31,12.2
2008-04-06,0.0,6.6,24.7,16.1,2.13,14.6,47,81,17,12.1
2008-04-07,0.0,9.3,22.5,15.5,2.13,13.7,53,80,23,3.6
2008-04-08,2.6,10.6,19.2,14.3,2.53,12.7,60,93,38,6.3
2008-04-09,3.8,12.5,18.6,15.1,2.05,16.2,78,94,61,9.1
2008-04-10,0.0,11.6,20.6,15.5,3.74,17.9,60,84,30,11.4
2008-04-11,0.0,7.7,14.1,11.0,4.54,13.8,55,70,36,12.3
2008-04-12,0.0,5.0,16.0,10.6,2.72,11.3,53,82,29,12.3
2008-04-13,0.0,4.1,18.3,11.4,2.22,10.1,50,81,23,12.6
2008-04-14,0.0,4.7,20.8,12.8,1.7,9.6,52,85,23,12.6
2008-04-15,0.0,6.3,18.2,11.9,2.18,10.9,58,90,28,11.3
2008-04-16,0.0,6.8,19.0,13.0,1.59,7.8,45,73,23,8.9
2008-04-17,0.7,8.7,16.6,12.6,3.28,18.8,58,83,29,12.7
2008-04-18,2.0,8.5,16.0,11.8,3.98,21.7,59,82,35,12.3
2008-04-19,0.0,5.8,16.8,12.2,2.87,13.0,60,85,41,12.6
2008-04-20,2.8,8.2,15.2,11.6,3.89,16.8,62,90,36,12.5
2008-04-21,0.1,8.2,15.4,11.3,4.58,14.7,56,70,41,13.0
2008-04-22,0.0,7.1,20.0,13.7,2.79,11.3,52,81,34,13.2
2008-04-23,0.0,7.1,23.1,15.7,1.28,6.4,56,88,32,13.0
2008-04-24,0.0,9.9,25.3,17.9,1.91,9.1,55,87,24,12.6
2008-04-25,0.0,12.1,23.3,17.5,2.05,10.9,50,73,29,13.3
2008-04-26,0.0,6.9,26.0,16.9,1.8,10.0,41,76,14,13.5
2008-04-27,0.0,10.8,25.9,18.2,1.79,10.2,31,53,14,13.5
2008-04-28,0.0,9.5,27.2,18.3,2.04,11.6,50,81,24,12.4
2008-04-29,0.0,8.2,24.9,17.1,2.37,11.3,40,75,19,13.6
2008-04-30,0.0,7.7,23.0,15.5,1.79,8.0,42,71,21,13.6
2008-05-01,0.0,11.5,22.8,16.0,2.18,11.1,45,70,28,13.6
2008-05-02,0.0,8.9,24.6,16.5,2.06,9.7,49,87,22,13.7
2008-05-03,0.0,10.0,24.6,17.7,2.0,10.0,41,64,25,13.0
2008-05-04,0.0,11.2,27.1,19.1,1.83,10.1,42,70,23,12.3
2008-05-05,0.0,11.5,26.7,19.7,1.85,11.1,43,80,21,12.8
2008-05-06,0.0,12.6,26.2,19.4,2.16,11.5,37,64,18,13.8
2008-05-07,0.0,12.7,22.6,17.4,2.72,14.5,49,60,39,11.4
2008-05-08,22.2,11.4,15.1,12.8,1.45,5.3,87,96,61,1.4
2008-05-09,13.8,10.9,19.0,13.9,0.93,7.4,85,98,59,10.1
2008-05-10,6.4,9.1,15.2,11.7,2.92,13.5,71,94,51,12.9
2008-05-11,8.7,9.5,16.4,12.2,2.44,10.6,76,89,60,11.9
2008-05-12,0.0,6.1,18.7,12.9,1.67,6.9,69,95,43,13.7
2008-05-13,0.3,8.2,19.7,14.3,1.66,9.0,73,91,51,13.7
2008-05-14,0.8,10.2,19.6,15.3,1.04,5.7,73,96,53,10.5
2008-05-15,1.5,10.1,21.9,15.8,1.41,8.2,68,86,43,7.9
2008-05-16,11.7,11.2,20.6,15.3,1.21,8.9,80,96,53,13.5
2008-05-17,5.9,10.4,19.0,14.8,1.34,6.3,77,90,56,13.6
2008-05-18,7.1,9.5,19.5,14.5,1.37,7.7,70,93,42,12.8
2008-05-19,0.4,10.5,18.4,14.1,3.76,14.0,59,77,43,14.0
2008-05-20,0.1,9.4,19.7,14.9,2.62,10.5,60,83,40,14.0
2008-05-21,0.0,9.6,22.5,16.3,2.08,8.3,60,84,37,14.0
2008-05-22,1.4,11.2,25.2,18.2,1.73,7.9,64,88,39,14.0
2008-05-23,0.0,12.3,25.7,18.6,1.69,10.7,64,86,37,11.6
2008-05-24,0.2,12.6,23.4,17.9,1.79,8.7,56,86,31,14.0
2008-05-25,1.6,11.4,17.7,14.2,2.06,10.2,59,76,42,5.8
2008-05-26,0.6,10.9,20.0,14.5,1.42,9.2,67,93,31,6.4
2008-05-27,1.5,9.8,19.4,14.2,1.79,7.2,63,85,42,11.1
2008-05-28,1.6,9.6,19.1,14.4,1.7,7.7,67,89,48,14.0
2008-05-29,0.0,8.4,21.1,15.7,1.56,6.8,60,83,44,12.9
2008-05-30,3.3,12.0,20.6,15.7,1.26,7.6,77,92,56,10.6
2008-05-31,3.1,11.5,18.1,14.7,1.36,10.1,83,97,68,9.9
2008-06-01,0.1,10.1,20.0,15.6,1.26,6.0,66,93,42,14.0
2008-06-02,0.0,9.9,22.9,17.0,1.88,8.8,60,86,34,14.0
2008-06-03,0.0,10.5,23.3,17.3,2.0,10.6,60,83,36,13.7
2008-06-04,0.0,11.7,22.9,17.7,1.78,8.3,65,90,43,13.9
2008-06-05,0.0,12.1,25.8,19.7,1.22,6.9,59,87,35,14.0
2008-06-06,0.0,13.0,25.0,18.7,2.3,10.6,60,87,30,14.0
2008-06-07,0.0,11.1,23.1,17.5,1.63,9.4,68,99,40,14.0
2008-06-08,1.0,12.1,20.1,15.7,2.92,12.9,74,93,53,11.3
2008-06-09,26.4,11.8,15.8,13.2,2.93,11.3,93,99,79,4.0
2008-06-10,1.4,11.2,20.3,15.4,1.66,6.8,81,97,59,12.6
2008-06-11,0.7,11.5,21.0,16.5,1.08,6.1,76,98,53,13.7
2008-06-12,0.0,11.1,23.1,17.6,1.86,7.3,65,88,42,14.0
2008-06-13,0.0,12.0,25.4,19.3,1.12,5.2,62,90,36,14.0
2008-06-14,0.0,12.1,29.1,21.1,1.58,7.5,55,80,26,14.0
2008-06-15,0.0,14.1,30.1,22.5,0.96,8.2,51,84,21,13.8
2008-06-16,0.5,14.2,26.1,20.5,2.79,11.6,45,59,37,14.0
2008-06-17,0.0,13.7,26.7,20.1,2.38,10.4,54,82,29,14.0
2008-06-18,0.0,13.0,26.2,19.9,1.94,9.9,65,92,42,14.0
2008-06-19,0.0,12.8,28.9,21.3,1.78,9.4,62,94,37,14.0
2008-06-20,0.0,14.2,29.0,22.1,1.8,9.3,52,84,29,14.0
2008-06-21,0.0,15.6,28.4,22.2,2.08,10.0,43,65,25,14.0
2008-06-22,0.0,14.5,29.2,22.3,2.12,9.8,45,63,31,14.0
2008-06-23,0.0,16.6,30.5,23.5,2.15,10.3,48,66,34,14.0
2008-06-24,0.0,16.1,32.0,24.3,1.15,5.0,57,90,25,14.0
2008-06-25,0.0,17.2,30.6,24.4,2.31,9.8,53,77,37,14.0
2008-06-26,0.0,16.3,31.7,24.3,2.16,10.5,57,88,33,14.0
2008-06-27,0.0,16.1,31.8,24.0,2.12,11.7,56,81,31,14.0
2008-06-28,0.0,16.6,30.2,23.4,2.24,10.6,61,88,40,14.0
2008-06-29,0.0,16.8,30.7,23.8,2.01,10.4,55,86,28,14.0
2008-06-30,0.1,17.0,30.5,23.7,1.64,10.6,54,77,30,10.0
2008-07-01,1.0,16.1,32.6,25.0,2.03,10.8,52,85,23,14.0
2008-07-02,0.0,15.6,34.0,25.7,1.11,6.8,43,77,14,14.0
2008-07-03,0.0,17.1,32.5,25.2,1.83,9.1,37,63,19,14.0
2008-07-04,0.0,18.5,31.1,23.8,2.16,10.5,65,89,37,14.0
2008-07-05,1.8,17.0,34.8,26.1,1.66,9.1,58,94,26,13.9
2008-07-06,0.1,18.6,33.1,26.5,1.87,10.7,43,68,20,14.0
2008-07-07,0.0,16.9,32.8,25.3,2.36,11.3,38,66,18,14.0
2008-07-08,0.0,19.0,30.3,23.7,2.57,11.2,69,96,40,14.0
2008-07-09,0.0,18.7,31.6,24.7,2.06,10.2,67,96,38,13.7
2008-07-10,0.0,17.3,34.4,26.2,1.77,11.1,59,92,27,13.9
2008-07-11,0.0,17.9,34.9,27.0,1.53,8.3,38,75,14,14.0
2008-07-12,0.1,17.4,32.1,25.5,2.05,10.3,35,63,22,14.0
2008-07-13,0.0,17.7,29.6,23.0,2.28,12.8,44,74,26,14.0
2008-07-14,8.3,17.2,21.9,19.1,2.11,8.5,76,88,57,6.0
2008-07-15,0.3,15.7,23.2,19.4,2.09,9.6,75,97,54,9.7
2008-07-16,2.7,15.5,24.6,20.3,2.26,9.7,65,83,49,13.0
2008-07-17,0.1,15.2,27.8,21.7,1.62,7.5,65,91,39,14.0
2008-07-18,0.0,15.8,29.9,23.2,1.93,9.3,66,99,36,13.9
2008-07-19,0.0,16.4,31.0,24.0,1.83,9.8,57,90,30,13.9
2008-07-20,0.0,16.3,35.7,26.2,1.54,8.9,48,79,21,13.9
2008-07-21,0.0,18.9,33.2,25.6,2.33,12.0,52,81,27,13.9
2008-07-22,0.0,17.8,30.3,23.4,2.24,10.7,69,98,39,13.9
2008-07-23,0.0,16.9,33.2,24.8,1.84,9.8,59,94,30,13.9
2008-07-24,0.6,18.1,35.3,26.9,1.63,8.8,52,82,22,13.8
2008-07-25,0.0,18.2,33.7,26.5,1.73,7.2,34,58,17,13.9
2008-07-26,0.0,18.9,34.1,26.7,2.2,12.6,40,70,21,13.8
2008-07-27,0.0,18.2,34.1,26.3,1.79,10.2,45,68,25,13.8
2008-07-28,0.0,18.7,34.0,26.5,1.65,9.9,50,75,24,13.6
2008-07-29,0.0,19.2,32.6,25.7,2.17,12.0,56,74,31,13.6
2008-07-30,0.1,17.6,33.9,25.6,1.76,9.9,59,91,30,13.8
2008-07-31,0.0,18.2,35.0,27.0,1.25,8.6,48,83,16,13.7
2008-08-01,0.0,19.7,35.3,27.1,1.94,13.1,40,61,19,13.8
2008-08-02,0.0,20.5,31.1,25.3,1.99,10.1,59,78,37,13.5
2008-08-03,0.0,20.1,31.4,25.3,2.12,11.1,62,98,34,13.3
2008-08-04,0.0,16.8,35.1,26.2,1.93,10.2,47,81,18,13.7
2008-08-05,0.0,18.2,35.7,27.2,2.34,11.7,41,75,16,13.6
2008-08-06,0.0,18.9,35.6,27.2,1.92,11.9,39,58,20,13.4
2008-08-07,0.1,19.3,36.2,28.1,1.2,8.2,36,63,14,13.5
2008-08-08,0.0,17.9,33.0,25.7,2.46,12.5,36,81,19,13.5
2008-08-09,0.0,19.9,31.8,24.9,2.27,10.1,68,95,35,11.7
2008-08-10,0.0,18.0,33.5,25.8,1.95,10.9,61,94,27,13.2
2008-08-11,0.0,18.0,36.3,27.3,1.09,8.2,44,79,14,13.3
2008-08-12,0.0,19.7,35.6,28.0,2.15,10.4,30,54,17,13.4
2008-08-13,0.0,18.8,34.5,26.2,2.66,12.7,49,82,26,13.2
2008-08-14,1.2,21.0,34.6,26.7,2.21,9.7,58,94,20,9.8
2008-08-15,0.0,19.6,30.8,24.4,2.89,11.7,28,62,12,13.2
2008-08-16,0.0,15.6,31.6,23.3,1.73,8.9,51,91,17,12.5
2008-08-17,0.0,16.7,32.4,24.3,1.94,11.6,41,64,21,13.0
2008-08-18,0.0,18.8,32.5,24.9,2.09,10.8,56,81,29,12.9
2008-08-19,0.0,17.5,34.3,26.1,1.47,8.2,52,88,19,12.9
2008-08-20,0.0,18.4,32.1,24.6,2.08,11.5,52,80,33,12.9
2008-08-21,0.0,18.0,30.7,23.9,1.91,10.0,70,99,41,12.8
2008-08-22,3.9,18.7,33.2,25.3,1.47,10.1,59,91,26,11.8
2008-08-23,1.9,19.6,26.1,22.5,2.16,8.3,78,97,59,10.5
2008-08-24,0.0,19.0,29.7,23.7,1.87,9.4,68,97,32,12.7
2008-08-25,0.0,18.5,30.3,23.7,1.76,9.4,66,93,35,12.3
2008-08-26,0.0,18.2,29.3,22.8,1.95,10.6,71,99,39,11.5
2008-08-27,0.0,16.6,28.5,22.4,1.97,9.7,66,91,42,12.3
2008-08-28,0.0,16.6,28.7,22.4,1.93,10.1,64,92,35,12.3
2008-08-29,0.0,14.9,28.7,22.0,1.86,10.0,57,83,32,12.3
2008-08-30,0.0,14.5,31.3,22.8,1.6,9.3,59,89,26,10.8
2008-08-31,0.0,15.8,31.1,23.8,1.11,6.8,48,85,18,12.3
2008-09-01,0.0,15.2,29.8,22.6,2.25,11.4,47,78,27,12.1
2008-09-02,0.0,17.5,31.2,23.4,1.67,9.8,63,97,23,11.7
2008-09-03,0.0,15.8,32.4,23.9,1.39,12.3,47,86,12,11.2
2008-09-04,2.9,19.4,30.4,24.7,1.76,10.9,32,42,24,10.0
2008-09-05,0.0,16.1,29.7,23.0,2.19,10.4,39,64,25,12.0
2008-09-06,0.0,14.5,28.7,21.7,2.1,8.6,51,76,32,12.0
2008-09-07,0.0,17.6,26.2,21.4,2.03,9.3,64,82,43,11.5
2008-09-08,1.3,17.4,25.0,20.7,2.38,11.3,82,96,64,7.7
2008-09-09,0.8,16.6,29.1,22.0,1.66,8.2,73,97,43,10.4
2008-09-10,0.2,17.0,27.7,22.4,1.32,6.6,66,85,46,9.9
2008-09-11,0.0,15.8,30.3,23.0,1.38,6.5,60,87,33,11.3
2008-09-12,0.5,15.5,26.3,21.0,1.85,7.6,59,82,32,11.2
2008-09-13,0.0,15.6,25.1,19.5,1.02,6.7,61,85,26,12.0
2008-09-14,0.0,12.0,26.9,19.4,1.31,6.2,41,72,13,12.0
2008-09-15,0.0,10.8,29.9,20.5,1.1,5.4,30,61,12,12.0
2008-09-16,0.0,14.1,28.3,20.6,1.79,10.4,41,71,29,12.0
2008-09-17,0.1,14.8,26.0,19.7,1.34,8.1,71,98,41,7.2
2008-09-18,0.1,12.7,28.7,20.7,1.02,7.2,61,92,29,8.2
2008-09-19,0.0,17.0,29.0,22.4,1.44,6.1,55,77,29,10.9
2008-09-20,0.0,16.8,28.3,22.0,1.87,10.4,64,89,36,12.0
2008-09-21,0.2,16.4,28.0,21.9,1.07,7.4,69,95,43,10.0
2008-09-22,2.2,17.5,25.2,20.8,2.33,10.8,60,92,33,12.0
2008-09-23,6.7,16.2,20.1,17.9,1.26,6.3,70,93,59,10.4
2008-09-24,15.8,14.8,22.5,17.1,0.83,7.4,85,98,54,8.7
2008-09-25,17.4,13.7,15.8,14.9,1.03,4.7,96,99,90,0.4
2008-09-26,4.3,12.4,18.2,14.6,1.42,8.0,89,99,74,11.0
2008-09-27,16.5,12.8,15.3,13.7,1.78,8.3,95,99,89,1.2
2008-09-28,14.7,12.7,16.3,13.8,2.01,10.5,92,98,81,4.1
2008-09-29,0.0,11.9,18.2,14.9,1.73,8.5,78,97,55,11.2
2008-09-30,0.0,8.4,20.1,14.4,1.5,6.5,72,94,45,11.5
2008-10-01,0.0,9.1,22.0,15.1,1.26,6.5,72,95,43,11.6
2008-10-02,0.0,11.3,24.0,16.8,1.26,5.0,67,89,37,11.2
2008-10-03,0.3,10.5,21.3,15.9,1.63,6.3,64,89,39,11.2
2008-10-04,0.0,9.4,18.8,14.0,1.62,9.2,62,88,49,11.5
2008-10-05,0.0,7.0,21.8,14.2,1.13,6.1,75,97,47,11.5
2008-10-06,0.0,9.0,23.8,15.7,1.47,6.8,71,95,40,11.4
2008-10-07,0.0,9.7,23.6,16.3,1.51,7.3,63,91,33,8.9
2008-10-08,1.4,12.9,19.0,15.3,1.71,6.9,67,85,52,10.5
2008-10-09,14.0,10.4,12.6,11.5,3.36,14.3,87,95,70,1.0
2008-10-10,21.2,11.4,17.9,15.2,4.0,16.2,95,99,82,7.6
2008-10-11,21.4,15.5,19.1,17.1,4.67,16.3,96,99,87,2.9
2008-10-12,2.1,16.0,23.7,19.0,1.97,9.6,85,99,54,9.8
2008-10-13,22.3,15.0,21.8,17.0,1.26,7.9,90,100,61,7.6
2008-10-14,12.1,13.4,19.7,15.8,1.16,6.2,90,98,74,8.5
2008-10-15,0.0,11.5,21.4,15.7,1.52,4.9,79,99,46,10.3
2008-10-16,0.0,10.4,23.1,16.3,1.29,5.5,73,93,44,10.6
2008-10-17,0.0,11.8,22.8,16.6,1.56,6.4,73,90,43,10.6
2008-10-18,3.2,11.9,19.6,15.3,1.01,6.5,84,96,69,7.3
2008-10-19,3.2,13.8,19.9,16.0,1.32,10.1,85,98,62,10.0
2008-10-20,11.1,14.4,19.3,16.0,1.53,10.6,93,99,81,9.4
2008-10-21,2.5,13.2,20.2,15.7,1.28,6.6,88,99,66,9.9
2008-10-22,8.5,11.3,18.0,14.1,1.65,8.1,90,99,72,9.5
2008-10-23,9.4,12.8,13.8,13.3,2.76,8.5,96,99,92,0.0
2008-10-24,9.4,12.5,14.9,13.1,1.38,4.9,97,99,94,2.4
2008-10-25,5.9,10.8,16.0,13.0,2.75,12.2,90,99,74,9.7
2008-10-26,1.4,11.5,16.0,13.6,2.74,10.4,89,97,83,2.8
2008-10-27,0.0,8.6,20.6,13.9,1.43,5.7,83,95,61,10.0
2008-10-28,6.7,9.6,16.7,12.9,1.54,8.9,85,95,72,5.3
2008-10-29,0.0,5.3,11.3,8.0,5.17,16.6,55,75,36,10.1
2008-10-30,0.0,4.6,13.7,8.8,2.95,11.5,60,70,47,10.1
2008-10-31,0.6,7.5,14.3,10.9,2.39,11.9,80,92,69,5.4
2008-11-01,11.6,7.3,13.5,10.3,1.11,6.2,91,98,69,2.7
2008-11-02,11.6,6.5,13.9,10.2,2.56,11.5,75,98,47,10.0
2008-11-03,0.0,3.0,12.3,7.4,0.96,4.3,76,91,55,7.8
2008-11-04,1.7,4.4,11.2,7.3,1.85,7.7,80,96,59,7.3
2008-11-05,0.0,5.5,12.6,8.6,2.54,10.0,72,88,54,9.8
2008-11-06,0.0,5.4,15.2,9.7,2.79,9.0,71,84,52,9.9
2008-11-07,0.0,3.2,15.7,8.8,1.21,4.3,74,91,45,9.0
2008-11-08,0.0,4.4,15.8,9.8,1.19,4.3,76,92,51,9.9
2008-11-09,0.0,4.2,16.4,10.0,1.26,5.4,79,95,55,9.9
2008-11-10,0.0,4.2,16.2,9.4,1.36,6.0,82,98,55,9.9
2008-11-11,0.0,4.2,16.4,9.9,0.87,3.9,79,96,53,6.3
2008-11-12,0.1,5.9,14.9,10.2,2.43,8.8,73,90,53,9.9
2008-11-13,0.0,5.4,12.3,8.5,3.76,11.9,59,75,44,9.9
2008-11-14,0.0,3.3,11.7,7.0,2.46,8.2,58,76,41,9.9
2008-11-15,0.0,0.2,13.9,6.4,1.35,4.3,65,83,39,9.8
2008-11-16,0.0,1.5,14.5,7.3,1.07,3.9,71,88,45,9.8
2008-11-17,0.0,1.7,16.3,8.0,1.45,4.5,69,86,39,9.8
2008-11-18,0.0,1.8,15.6,7.8,1.7,5.4,70,89,39,9.5
2008-11-19,0.1,3.5,11.2,7.2,2.06,9.1,79,89,63,9.3
2008-11-20,2.1,4.3,10.4,7.1,2.09,7.0,92,97,81,4.9
2008-11-21,0.0,5.2,14.7,8.7,1.29,4.7,83,99,56,9.8
2008-11-22,0.0,5.3,15.2,9.8,2.79,10.4,74,86,57,9.8
2008-11-23,0.0,4.4,13.6,8.6,2.36,7.6,76,91,52,9.7
2008-11-24,0.0,4.6,12.7,7.9,3.14,13.0,70,82,52,9.0
2008-11-25,0.0,3.6,9.1,6.0,3.97,13.1,60,77,40,9.7
2008-11-26,3.6,-2.0,5.9,1.9,2.48,9.5,68,97,47,6.9
2008-11-27,3.9,1.2,5.7,3.9,2.71,10.4,85,97,66,2.5
2008-11-28,0.0,-1.3,9.0,3.6,3.0,11.6,64,80,40,9.6
2008-11-29,2.4,4.9,7.7,6.0,4.03,16.3,71,90,54,8.7
2008-11-30,0.0,2.6,6.6,4.5,3.42,15.3,72,92,60,5.7
2008-12-01,0.0,1.8,7.1,3.7,3.33,13.0,63,73,46,9.5
2008-12-02,0.0,0.8,7.0,3.1,4.45,16.6,63,75,44,8.6
2008-12-03,0.0,1.2,7.8,4.1,3.55,12.1,63,73,56,8.8
2008-12-04,0.0,3.6,11.5,6.7,2.35,9.0,75,91,53,7.8
2008-12-05,0.0,7.3,13.6,10.6,3.62,11.7,76,83,66,6.5
2008-12-06,0.0,7.8,14.9,10.7,1.22,6.9,83,95,63,8.5
2008-12-07,0.0,7.5,14.8,9.9,1.17,4.1,83,93,59,6.9
2008-12-08,10.0,6.6,10.5,8.2,0.62,4.1,93,98,85,3.5
2008-12-09,0.3,5.3,9.9,7.3,1.65,5.3,90,97,73,6.6
2008-12-10,0.0,3.5,7.6,5.8,4.6,14.7,64,94,42,9.4
2008-12-11,0.0,1.1,8.9,4.0,3.43,12.2,56,80,45,9.4
2008-12-12,1.6,0.4,9.0,3.7,2.07,5.8,78,88,66,9.0
2008-12-13,2.5,-0.0,8.7,3.8,2.41,8.5,78,91,51,5.4
2008-12-14,1.6,2.2,6.5,4.5,3.26,17.0,73,90,57,9.1
2008-12-15,0.0,0.8,5.5,2.6,5.07,15.1,62,73,45,9.4
2008-12-16,0.0,2.0,7.4,4.6,4.83,14.7,67,72,57,6.2
2008-12-17,0.0,4.5,10.1,6.7,4.81,14.5,65,73,49,8.8
2008-12-18,0.0,4.4,10.6,6.7,3.48,11.9,70,83,52,9.4
2008-12-19,0.0,0.8,13.2,6.2,1.5,6.0,76,90,53,9.4
2008-12-20,0.0,0.2,14.4,6.3,1.23,3.9,74,94,45,9.3
2008-12-21,0.0,1.3,17.4,8.0,1.27,4.3,66,81,39,9.3
2008-12-22,0.0,5.2,14.0,9.1,1.05,4.1,57,71,45,9.3
2008-12-23,0.0,2.1,12.1,6.8,1.16,4.4,60,77,49,9.4
2008-12-24,0.0,2.5,10.7,5.8,1.01,4.8,70,93,59,9.1
2008-12-25,0.0,-0.0,12.4,5.1,0.97,4.3,75,94,46,9.0
2008-12-26,0.0,-0.7,10.3,3.9,1.64,5.5,73,86,51,9.4
2008-12-27,1.6,2.5,6.8,4.6,2.09,7.7,95,99,87,0.0
2008-12-28,3.4,3.4,8.7,5.7,1.25,5.0,91,99,75,6.3
2008-12-29,0.0,3.8,11.4,6.8,1.17,4.6,90,97,71,6.1
2008-12-30,0.0,4.4,11.6,7.1,1.18,6.8,91,100,69,8.2
2008-12-31,0.0,5.4,9.6,7.3,0.91,4.1,95,100,84,0.0
2009-01-01,0.0,2.4,13.2,7.1,1.2,3.9,86,99,66,7.3
2009-01-02,0.2,4.7,11.8,7.8,1.47,4.5,88,98,70,5.7
2009-01-03,10.7,5.6,11.4,8.3,1.08,6.6,94,98,86,0.2
2009-01-04,9.3,4.4,7.5,6.0,1.8,7.4,95,98,90,2.1
2009-01-05,1.1,2.7,10.2,6.1,0.99,4.8,82,99,54,9.2
2009-01-06,0.6,1.0,7.4,3.9,1.6,7.4,86,93,75,9.0
2009-01-07,0.0,-2.8,4.5,0.4,2.38,8.6,65,85,40,9.3
2009-01-08,1.8,-1.4,2.0,-0.0,1.23,4.7,67,94,56,2.4
2009-01-09,5.7,-1.1,5.1,1.3,1.19,5.1,88,96,72,7.4
2009-01-10,8.3,-5.8,3.7,-0.8,1.64,9.6,84,97,66,7.7
2009-01-11,7.3,0.1,5.9,3.1,2.31,8.8,93,99,78,7.6
2009-01-12,0.0,-4.2,7.5,1.6,2.22,7.6,83,96,61,9.3
2009-01-13,0.0,-4.4,8.4,1.1,1.78,5.6,78,88,55,8.9
2009-01-14,0.0,1.4,8.5,4.7,2.92,10.4,71,89,51,9.5
2009-01-15,0.0,-3.1,11.2,3.4,0.95,3.8,68,86,44,9.5
2009-01-16,0.0,1.9,8.4,5.0,1.22,4.6,74,86,63,5.7
2009-01-17,0.0,0.2,9.7,4.6,1.24,5.7,84,96,64,9.3
2009-01-18,0.0,-1.4,14.2,4.8,1.54,5.2,76,95,45,9.6
2009-01-19,1.5,3.7,13.5,8.4,2.54,10.4,81,90,65,9.0
2009-01-20,0.2,2.6,9.6,6.3,3.53,14.6,72,88,55,9.3
2009-01-21,0.0,0.4,6.7,3.1,4.8,14.6,57,69,41,9.6
2009-01-22,1.5,1.6,11.6,6.1,3.22,17.1,73,78,64,4.0
2009-01-23,0.0,11.5,16.2,13.6,4.92,16.2,70,79,62,8.7
2009-01-24,0.0,7.7,12.1,10.2,7.43,24.2,59,66,50,9.4
2009-01-25,0.5,3.3,12.2,6.9,3.82,16.1,69,85,55,9.6
2009-01-26,0.0,2.6,7.8,4.9,6.81,17.8,61,67,52,9.7
2009-01-27,0.0,3.7,9.9,6.3,4.97,15.5,66,76,58,9.7
2009-01-28,0.4,6.5,12.5,9.0,4.68,13.9,76,81,68,9.5
2009-01-29,0.0,8.5,14.8,11.2,2.72,11.7,78,92,64,9.6
2009-01-30,0.0,4.6,16.2,9.5,1.7,5.9,82,96,56,9.4
2009-01-31,3.6,5.7,8.6,7.2,2.76,14.1,79,98,58,8.2
2009-02-01,3.2,2.6,6.5,4.1,1.93,9.8,87,98,69,0.0
2009-02-02,4.2,3.5,8.5,5.6,1.01,5.2,92,98,77,0.8
2009-02-03,0.0,2.7,10.6,6.0,2.79,12.1,75,92,51,9.9
2009-02-04,0.1,4.0,13.2,7.6,2.13,9.3,72,90,44,10.1
2009-02-05,0.2,3.6,11.9,6.9,1.87,11.2,80,96,54,5.9
2009-02-06,0.1,2.9,8.2,5.4,3.95,18.2,68,85,53,7.4
2009-02-07,0.0,1.1,6.4,3.4,5.65,15.7,54,68,38,10.3
2009-02-08,0.0,1.3,9.8,5.4,4.1,13.4,60,73,50,10.3
2009-02-09,0.0,7.5,14.8,10.2,2.39,12.2,73,84,56,9.7
2009-02-10,0.0,6.3,13.3,9.4,2.63,10.7,76,90,57,8.9
2009-02-11,0.0,1.9,13.8,7.9,2.58,9.3,64,90,39,10.5
2009-02-12,0.0,3.0,14.3,8.4,2.8,9.8,65,84,49,10.5
2009-02-13,0.0,0.1,13.5,6.7,1.66,6.0,72,94,44,10.6
2009-02-14,0.0,2.3,15.5,8.3,1.14,4.6,71,97,38,10.6
2009-02-15,1.1,4.8,8.7,6.5,1.86,8.9,87,100,70,1.6
2009-02-16,0.0,1.7,9.3,5.0,1.15,5.6,80,98,58,10.7
2009-02-17,0.0,-0.5,10.3,4.5,1.24,5.9,77,94,51,10.7
2009-02-18,0.0,0.6,16.4,7.3,1.98,6.5,67,88,38,10.7
2009-02-19,0.0,0.7,15.1,7.4,1.76,7.1,75,97,48,10.8
2009-02-20,0.5,4.8,9.3,7.0,1.42,8.7,88,100,73,5.1
2009-02-21,0.0,2.4,13.6,7.4,1.41,7.5,74,99,43,10.4
2009-02-22,0.0,1.9,15.4,7.9,1.12,4.8,69,84,43,10.8
2009-02-23,0.0,2.9,17.5,9.2,1.83,6.4,65,87,37,10.8
2009-02-24,0.0,0.9,15.8,7.9,1.34,7.8,76,93,52,10.9
2009-02-25,0.0,3.8,12.9,8.0,1.49,8.6,84,100,56,7.3
2009-02-26,0.0,3.0,12.7,7.5,1.31,7.2,81,100,52,10.9
2009-02-27,0.0,1.0,15.9,7.6,1.44,7.8,62,91,37,10.6
2009-02-28,2.4,2.7,12.0,7.7,0.9,5.8,78,90,64,8.0
2009-03-01,2.0,4.6,14.7,9.0,1.78,9.3,78,96,53,10.9
2009-03-02,1.0,3.9,10.8,7.4,1.34,4.8,85,94,67,1.9
2009-03-03,33.5,4.4,7.7,6.5,2.88,11.3,97,99,95,0.0
2009-03-04,6.8,3.8,10.3,6.6,4.42,17.2,82,98,59,9.8
2009-03-05,1.9,4.1,10.3,6.9,6.27,25.7,68,80,44,11.0
2009-03-06,0.0,4.3,10.7,7.4,6.64,20.5,60,71,50,10.8
2009-03-07,0.0,10.2,17.0,12.7,4.52,14.3,63,77,44,11.1
2009-03-08,0.0,3.5,18.3,11.2,1.7,6.4,68,89,46,11.2
2009-03-09,0.0,5.3,16.2,10.2,1.59,7.4,77,95,55,11.0
2009-03-10,0.0,2.8,16.6,9.6,1.14,6.0,74,97,49,11.2
2009-03-11,0.0,3.9,19.8,11.3,1.44,5.1,69,94,35,11.4
2009-03-12,0.0,7.1,15.1,10.9,1.52,8.1,73,89,59,11.5
2009-03-13,0.0,1.6,18.7,9.8,1.27,5.9,66,96,32,11.5
2009-03-14,0.0,4.4,21.6,12.3,1.46,4.6,60,84,30,11.6
2009-03-15,0.0,8.7,17.6,12.8,1.46,9.1,54,78,32,11.6
2009-03-16,0.0,4.5,17.8,10.9,1.69,9.0,62,80,41,11.6
2009-03-17,0.0,2.5,14.5,8.9,2.11,10.5,68,92,45,11.7
2009-03-18,0.0,2.7,14.5,8.9,1.51,8.4,74,92,56,11.7
2009-03-19,0.0,1.2,18.2,9.2,1.05,5.2,67,98,34,11.7
2009-03-20,0.0,4.4,21.1,12.0,1.98,7.4,60,86,30,11.7
2009-03-21,0.0,6.9,14.8,10.2,1.78,9.1,78,100,54,11.2
2009-03-22,0.4,6.2,14.1,9.6,1.7,8.5,75,99,46,11.8
2009-03-23,0.0,1.3,16.1,8.7,1.78,9.1,61,90,32,11.8
2009-03-24,0.0,1.6,19.0,10.3,2.21,8.0,51,76,25,10.0
2009-03-25,0.0,7.2,18.5,12.3,1.71,7.4,58,87,42,11.9
2009-03-26,0.0,5.0,20.8,12.6,1.64,8.3,68,93,40,11.9
2009-03-27,0.0,6.4,22.7,13.9,1.44,7.7,64,93,34,11.9
2009-03-28,7.1,8.0,19.5,12.7,1.08,5.5,73,94,44,10.8
2009-03-29,26.1,6.6,10.4,8.5,2.93,13.7,95,99,92,2.0
2009-03-30,17.2,4.2,9.3,6.4,2.56,11.0,94,99,77,7.3
2009-03-31,3.5,3.9,10.5,6.6,1.94,7.1,82,98,56,10.6
2009-04-01,0.0,1.2,14.7,8.0,2.78,10.3,66,93,35,12.0
2009-04-02,0.0,5.7,16.0,10.7,2.18,9.6,60,77,43,11.3
2009-04-03,2.3,4.9,16.8,10.5,1.47,8.7,75,95,52,11.2
2009-04-04,0.0,6.0,18.4,11.9,1.42,7.6,75,97,46,12.1
2009-04-05,0.8,7.4,19.7,13.1,1.56,8.2,80,98,54,12.0
2009-04-06,0.5,7.8,20.7,13.9,1.6,8.5,78,96,50,11.6
2009-04-07,4.3,8.1,14.8,11.0,2.91,12.8,71,94,50,12.1
2009-04-08,0.0,6.1,16.4,10.8,3.37,13.7,52,74,34,12.3
2009-04-09,0.0,3.1,17.2,10.5,1.78,9.2,71,93,49,12.1
2009-04-10,0.3,4.8,15.0,9.5,2.35,11.6,71,99,36,12.3
2009-04-11,0.0,5.1,12.0,8.6,4.73,16.5,44,63,36,12.1
2009-04-12,0.0,4.1,14.0,8.8,4.14,14.1,47,68,29,12.4
2009-04-13,0.0,3.0,18.2,10.6,2.35,10.4,51,73,36,12.6
2009-04-14,0.0,4.7,20.0,12.3,1.93,9.9,59,79,33,12.6
2009-04-15,0.7,6.9,14.0,10.8,2.23,11.3,62,79,44,12.3
2009-04-16,0.0,4.5,15.1,10.0,3.03,12.7,60,87,39,12.7
2009-04-17,0.0,7.1,14.6,10.7,2.69,9.7,60,81,39,11.4
2009-04-18,3.5,5.8,15.4,10.1,1.41,7.5,74,89,52,12.0
2009-04-19,27.1,4.7,13.1,8.9,2.32,11.3,85,98,69,7.5
2009-04-20,1.3,4.3,16.9,10.4,2.36,9.0,72,92,44,12.6
2009-04-21,0.2,5.7,18.7,12.4,2.56,11.3,63,82,43,12.8
2009-04-22,0.0,4.2,19.4,12.4,1.98,8.0,60,87,35,13.1
2009-04-23,0.0,6.0,22.1,14.3,1.63,6.7,62,90,35,13.2
2009-04-24,0.0,6.4,24.3,15.6,1.7,6.6,54,82,27,13.2
2009-04-25,3.5,8.9,22.2,15.4,1.4,10.0,59,85,35,12.7
2009-04-26,2.5,8.1,13.7,10.7,2.56,11.4,56,68,41,8.5
2009-04-27,0.0,6.1,17.8,11.8,3.32,11.3,57,82,33,13.4
2009-04-28,0.0,6.1,15.9,11.2,3.03,11.6,64,85,49,13.5
2009-04-29,0.0,6.2,20.7,13.3,1.8,6.8,62,86,37,13.6
2009-04-30,0.2,7.6,20.7,14.3,2.44,11.8,59,86,39,13.6
2009-05-01,0.0,10.1,16.9,13.6,3.63,11.7,60,79,42,13.2
2009-05-02,0.0,5.7,18.9,12.5,2.3,9.7,64,89,37,13.7
2009-05-03,0.0,4.8,20.3,13.0,1.73,9.0,60,87,33,13.7
2009-05-04,0.0,7.4,20.9,14.5,1.75,7.3,52,69,34,13.7
2009-05-05,0.0,6.6,22.9,14.8,1.9,10.3,62,87,36,13.8
2009-05-06,0.0,8.0,23.7,15.9,1.69,8.2,62,90,35,13.8
2009-05-07,0.0,8.6,25.1,17.2,1.68,8.7,57,88,28,13.8
2009-05-08,0.0,7.7,24.2,16.5,1.84,8.5,57,81,34,13.9
2009-05-09,0.2,9.2,20.9,15.9,1.19,8.3,71,90,51,3.2
2009-05-10,0.0,9.6,24.5,16.9,2.22,11.6,70,95,40,13.9
2009-05-11,0.1,10.8,25.2,17.9,1.76,10.4,72,95,44,13.6
2009-05-12,0.0,10.3,25.0,17.9,1.95,10.2,67,93,43,13.9
2009-05-13,6.7,11.2,21.4,16.4,1.21,7.7,73,92,52,12.2
2009-05-14,0.0,11.9,21.1,16.0,3.38,13.4,59,93,40,13.2
2009-05-15,0.0,8.9,21.5,15.8,2.46,9.3,46,69,31,14.0
2009-05-16,0.0,8.2,24.5,17.0,2.02,10.2,56,85,33,14.0
2009-05-17,0.0,10.3,26.9,18.9,1.48,7.9,57,86,28,13.0
2009-05-18,0.0,10.8,25.8,18.6,1.98,9.5,60,85,37,14.0
2009-05-19,0.0,10.9,25.3,18.5,1.55,8.3,65,91,42,14.0
2009-05-20,0.0,11.3,27.4,19.6,1.96,11.8,63,90,39,12.9
2009-05-21,0.0,13.0,30.8,21.7,1.95,10.5,59,89,30,13.5
2009-05-22,0.0,16.2,28.1,22.0,1.95,12.4,60,81,37,11.9
2009-05-23,1.0,14.7,25.0,19.5,1.91,9.3,61,88,39,14.0
2009-05-24,1.5,12.8,23.5,18.4,2.39,11.5,62,87,37,14.0
2009-05-25,0.0,9.9,25.2,18.0,1.42,7.3,56,87,31,14.0
2009-05-26,0.0,11.3,25.7,18.6,2.5,11.0,52,81,29,14.0
2009-05-27,0.0,14.0,22.0,17.7,2.04,8.8,63,79,44,14.0
2009-05-28,0.0,10.5,22.7,16.8,2.42,12.4,56,90,28,14.0
2009-05-29,0.0,10.6,25.3,18.5,2.18,10.9,47,73,28,14.0
2009-05-30,0.5,11.2,27.5,19.7,1.45,8.5,51,77,31,12.7
2009-05-31,1.1,13.6,27.2,20.6,1.35,10.0,61,89,32,14.0
2009-06-01,0.0,14.0,30.3,22.4,1.64,8.7,52,86,21,14.0
2009-06-02,0.0,14.5,29.8,22.4,1.88,11.1,51,77,23,14.0
2009-06-03,1.0,14.7,29.4,22.1,1.59,8.5,65,93,32,14.0
2009-06-04,0.8,14.6,29.7,22.3,1.4,9.3,63,87,34,13.4
2009-06-05,0.6,15.4,25.0,20.4,3.02,13.1,55,86,29,13.0
2009-06-06,0.0,14.1,21.5,17.7,3.89,12.7,52,68,36,14.0
2009-06-07,0.0,11.1,24.8,17.9,2.45,11.4,52,78,29,14.0
2009-06-08,0.4,11.0,23.8,17.7,1.88,12.3,55,78,29,12.3
2009-06-09,0.0,12.7,26.1,19.3,1.79,6.3,56,86,29,14.0
2009-06-10,0.0,11.8,29.1,20.9,1.55,8.8,52,80,31,13.4
2009-06-11,0.0,14.9,32.0,23.8,1.74,9.5,48,79,27,14.0
2009-06-12,0.0,17.2,30.2,23.7,2.04,9.9,40,59,25,14.0
2009-06-13,0.0,15.1,32.7,24.4,1.7,9.2,45,74,24,12.3
2009-06-14,0.0,18.2,33.5,26.2,2.22,11.2,45,70,26,14.0
2009-06-15,0.6,18.3,31.7,25.2,1.57,8.6,48,77,28,13.3
2009-06-16,0.0,19.3,29.9,24.3,2.0,10.3,59,80,39,11.7
2009-06-17,0.1,16.7,32.0,24.6,1.79,9.9,58,91,29,14.0
2009-06-18,0.0,17.1,31.6,24.7,1.59,8.9,50,84,25,13.5
2009-06-19,0.0,18.9,34.1,27.1,1.52,8.0,41,72,22,14.0
2009-06-20,0.0,18.8,31.8,24.7,2.18,11.1,47,63,28,14.0
2009-06-21,0.0,17.1,29.3,22.7,2.15,10.1,65,90,40,14.0
2009-06-22,0.0,15.8,30.1,22.8,1.95,9.2,67,97,37,13.5
2009-06-23,1.4,16.6,32.8,25.3,1.62,9.9,51,81,25,14.0
2009-06-24,0.0,19.5,32.7,25.9,1.28,7.5,49,84,18,13.4
2009-06-25,0.0,19.0,29.8,24.8,2.63,10.5,32,56,19,14.0
2009-06-26,0.0,16.3,28.9,23.3,1.89,8.8,37,72,19,14.0
2009-06-27,0.0,15.4,29.5,23.1,2.39,9.6,38,67,24,14.0
2009-06-28,0.0,15.1,31.4,23.9,1.4,7.5,45,70,24,14.0
2009-06-29,0.0,17.1,31.9,25.1,1.97,8.4,42,67,24,14.0
2009-06-30,0.0,16.9,32.8,25.5,1.51,8.2,47,77,25,14.0
2009-07-01,0.0,18.0,33.3,26.2,1.62,9.2,52,81,27,14.0
2009-07-02,0.0,18.9,35.8,27.7,1.38,7.6,47,79,20,14.0
2009-07-03,0.0,19.1,35.3,27.8,1.78,10.4,38,64,18,14.0
2009-07-04,0.0,19.3,35.2,27.8,1.41,7.9,36,61,15,14.0
2009-07-05,0.0,19.6,34.5,27.4,1.7,7.5,29,53,14,14.0
2009-07-06,0.0,21.1,33.2,27.1,1.83,9.1,32,52,18,13.5
2009-07-07,0.0,17.6,32.6,25.2,1.98,12.4,39,61,22,14.0
2009-07-08,0.0,19.0,30.8,24.0,2.1,10.4,66,92,35,13.8
2009-07-09,0.0,19.6,28.6,23.4,2.31,11.0,73,97,46,14.0
2009-07-10,0.0,18.3,30.5,23.8,1.95,10.8,66,93,34,13.3
2009-07-11,0.0,18.9,31.0,24.3,1.94,10.4,64,90,34,13.0
2009-07-12,0.0,17.2,34.0,26.0,2.07,10.7,55,93,26,14.0
2009-07-13,0.0,17.5,35.2,26.8,2.02,9.8,47,78,21,13.3
2009-07-14,3.3,19.8,33.0,27.0,1.46,10.0,49,80,24,14.0
2009-07-15,0.0,18.1,33.0,25.9,2.07,9.6,40,62,22,14.0
2009-07-16,0.0,18.1,33.6,26.4,2.06,10.0,59,93,32,14.0
2009-07-17,0.0,19.0,33.2,26.7,2.73,11.6,33,74,14,14.0
2009-07-18,0.0,17.9,28.8,22.9,2.39,9.9,42,66,19,13.9
2009-07-19,0.0,17.1,28.7,22.6,2.09,10.3,55,87,27,13.6
2009-07-20,0.0,16.7,31.1,23.9,2.06,10.9,51,78,25,13.7
2009-07-21,1.0,17.4,34.5,25.9,1.71,13.0,57,84,30,13.5
2009-07-22,0.0,18.9,39.1,29.5,2.21,14.0,43,79,12,13.9
2009-07-23,0.0,21.7,37.0,29.3,2.34,8.5,28,41,16,13.9
2009-07-24,0.0,21.0,38.6,29.7,1.92,7.8,31,55,12,13.9
2009-07-25,0.0,20.5,31.2,25.8,2.65,11.0,42,69,26,13.9
2009-07-26,0.0,18.3,33.6,26.0,1.73,9.5,55,88,27,13.3
2009-07-27,3.3,20.1,37.1,28.7,1.18,10.2,43,72,17,13.8
2009-07-28,0.0,21.7,34.0,27.3,2.12,10.7,50,76,33,13.7
2009-07-29,0.0,18.9,37.9,28.6,1.65,9.1,42,89,10,13.8
2009-07-30,0.0,19.3,34.1,26.6,2.41,11.5,36,79,18,13.8
2009-07-31,0.0,19.3,32.5,25.4,1.88,10.4,65,94,32,13.0
2009-08-01,0.0,17.6,34.9,26.6,1.48,8.5,43,77,15,13.5
2009-08-02,0.0,18.4,32.0,25.1,2.6,12.9,44,77,25,13.7
2009-08-03,0.0,19.8,33.2,25.1,1.64,11.0,68,97,25,11.7
2009-08-04,0.0,19.3,32.1,25.0,2.05,10.1,66,98,32,13.0
2009-08-05,0.0,18.4,33.5,25.9,2.12,11.4,56,94,23,13.4
2009-08-06,0.0,18.3,35.0,26.7,1.39,9.3,52,82,23,13.5
2009-08-07,0.1,19.3,32.1,25.8,2.07,10.0,49,77,28,13.5
2009-08-08,1.0,19.7,27.3,23.2,1.96,9.2,75,98,53,12.6
2009-08-09,0.9,19.2,26.6,22.8,2.0,10.5,77,98,52,13.0
2009-08-10,2.4,19.1,25.4,22.0,2.46,10.6,79,99,53,7.6
2009-08-11,2.4,19.0,26.8,22.7,2.43,10.8,74,95,51,11.3
2009-08-12,0.0,16.8,29.3,23.3,2.04,7.7,61,91,35,13.3
2009-08-13,0.0,16.6,29.9,23.6,1.72,9.1,58,89,34,13.3
2009-08-14,0.0,16.7,30.5,23.9,1.7,9.5,55,85,31,13.2
2009-08-15,0.0,18.0,31.3,24.5,1.87,8.3,47,68,22,13.2
2009-08-16,0.0,17.0,31.7,24.3,1.6,9.0,53,78,23,13.1
2009-08-17,0.0,16.4,32.7,24.9,1.72,9.2,54,93,21,13.1
2009-08-18,0.0,17.9,32.2,24.8,1.95,10.3,41,66,18,13.0
2009-08-19,0.0,16.7,33.0,25.1,1.72,9.1,46,77,21,13.0
2009-08-20,0.0,16.7,33.1,25.2,1.84,10.2,50,86,21,12.9
2009-08-21,0.0,17.1,33.2,25.3,2.05,11.3,49,84,19,12.9
2009-08-22,0.0,17.6,33.1,25.3,2.03,11.0,41,64,20,12.9
2009-08-23,0.0,17.6,33.0,25.1,1.86,10.1,38,60,16,12.8
2009-08-24,0.0,15.8,33.9,25.1,1.84,10.7,42,67,14,12.8
2009-08-25,0.0,18.7,31.0,24.9,1.14,6.5,40,64,20,11.7
2009-08-26,0.0,19.1,30.3,24.3,1.78,9.2,47,70,32,12.4
2009-08-27,0.0,17.3,31.4,24.7,1.86,9.2,61,97,28,12.5
2009-08-28,0.0,16.9,32.9,25.0,2.01,10.6,57,90,25,12.3
2009-08-29,0.0,17.8,30.9,24.1,2.06,10.8,66,94,36,12.3
2009-08-30,0.0,18.5,31.5,24.4,1.9,9.4,65,95,34,11.7
2009-08-31,0.0,18.2,31.6,24.5,2.02,10.0,65,96,35,12.0
2009-09-01,0.0,16.8,32.6,24.9,2.0,10.3,61,92,29,12.0
2009-09-02,0.0,18.9,33.2,25.9,1.39,9.3,58,88,24,12.1
2009-09-03,0.0,17.5,34.1,25.8,1.55,7.4,40,64,16,12.2
2009-09-04,0.0,17.6,35.0,26.2,1.66,8.7,34,54,15,12.1
2009-09-05,1.0,20.0,29.1,23.5,2.45,11.3,68,89,42,11.3
2009-09-06,0.5,19.1,26.3,22.2,2.65,9.4,78,98,53,11.0
2009-09-07,0.0,16.9,27.9,21.8,2.09,10.1,70,94,44,12.0
2009-09-08,0.0,17.0,27.0,21.5,1.92,9.2,64,86,38,12.0
2009-09-09,0.0,14.3,26.6,20.9,1.77,8.7,63,98,35,12.0
2009-09-10,0.0,13.3,26.9,20.9,1.85,9.6,55,95,26,12.0
2009-09-11,0.0,14.8,25.9,20.5,1.91,9.9,49,67,25,11.5
2009-09-12,0.0,13.5,26.5,20.7,1.42,8.5,54,83,28,12.0
2009-09-13,4.5,15.0,25.2,19.8,1.33,8.4,67,86,42,7.1
2009-09-14,3.3,15.7,25.0,19.4,1.36,6.3,68,85,38,8.0
2009-09-15,8.5,13.9,20.2,16.3,1.25,6.4,81,96,63,9.4
2009-09-16,10.3,12.8,20.3,16.1,1.02,7.1,77,98,45,11.5
2009-09-17,5.3,12.1,19.6,15.5,1.57,9.9,77,90,57,12.0
2009-09-18,0.0,11.2,22.3,16.2,2.26,7.6,60,86,32,12.0
2009-09-19,0.0,14.0,22.8,17.8,2.1,9.6,59,77,37,12.0
2009-09-20,0.0,12.9,20.7,17.1,1.5,5.5,58,78,42,7.4
2009-09-21,0.6,10.6,22.0,16.5,2.24,9.2,58,80,36,12.0
2009-09-22,1.8,10.6,22.1,16.5,2.25,10.0,63,84,39,7.5
2009-09-23,11.1,14.8,18.7,16.2,2.9,11.4,87,95,78,8.3
2009-09-24,0.0,13.8,23.1,17.8,1.75,6.7,77,98,48,11.8
2009-09-25,0.0,11.0,24.8,17.7,1.65,7.3,64,93,31,11.9
2009-09-26,0.0,11.4,22.6,17.1,1.83,9.6,63,81,46,11.0
2009-09-27,13.9,14.7,18.8,16.1,2.27,11.3,92,97,81,5.3
2009-09-28,18.3,14.6,16.4,15.2,2.17,6.9,97,99,94,0.0
2009-09-29,6.0,14.6,18.8,15.8,1.47,6.0,93,99,76,8.3
2009-09-30,0.7,14.3,20.3,16.7,1.05,5.6,88,99,69,9.3
2009-10-01,0.7,12.1,22.5,16.9,1.48,6.1,79,96,50,11.2
2009-10-02,0.0,13.6,23.5,18.2,2.39,8.3,71,90,45,11.6
2009-10-03,0.0,12.3,25.2,18.2,1.62,5.3,61,81,35,11.6
2009-10-04,0.0,11.3,25.9,18.1,1.51,6.0,66,87,37,11.5
2009-10-05,0.0,12.4,26.9,19.0,1.45,6.8,71,92,42,11.5
2009-10-06,0.0,12.6,27.8,19.5,1.27,6.0,70,94,39,11.4
2009-10-07,0.2,13.3,28.5,20.2,1.23,7.4,70,91,37,10.9
2009-10-08,2.9,15.0,25.6,19.3,0.97,7.4,76,92,49,10.9
2009-10-09,0.0,13.2,23.5,18.2,1.49,5.2,76,92,52,11.1
2009-10-10,0.0,13.3,25.0,18.8,1.2,4.6,74,96,42,10.8
2009-10-11,0.0,15.3,23.3,18.7,1.25,5.1,74,93,46,10.5
2009-10-12,0.0,11.9,24.7,18.1,1.32,5.9,64,91,39,11.0
2009-10-13,1.4,15.0,19.5,17.4,1.6,8.8,75,94,54,10.1
2009-10-14,0.0,11.7,22.6,16.4,1.26,5.7,79,100,50,10.4
2009-10-15,0.0,11.5,22.4,16.3,1.14,6.8,78,97,50,9.7
2009-10-16,9.9,12.7,15.0,13.9,1.79,8.1,97,100,87,1.7
2009-10-17,0.0,11.4,21.5,15.6,1.12,5.6,77,97,46,10.2
2009-10-18,0.1,8.1,19.9,13.9,1.66,8.0,74,93,41,10.6
2009-10-19,0.2,12.6,19.9,15.0,2.07,9.4,82,96,50,7.9
2009-10-20,0.0,11.8,19.3,14.8,1.72,8.3,82,98,53,5.0
2009-10-21,2.9,11.7,17.3,14.0,2.6,11.5,67,92,40,9.4
2009-10-22,1.1,11.0,17.8,14.3,4.08,20.5,64,84,42,10.1
2009-10-23,0.0,8.0,22.1,14.8,1.99,7.5,58,84,37,10.4
2009-10-24,0.0,11.5,25.2,17.0,2.13,6.5,63,83,38,10.3
2009-10-25,0.0,11.3,24.0,17.1,1.61,5.6,73,89,50,10.3
2009-10-26,0.0,12.3,22.9,17.5,1.27,6.8,75,93,53,10.2
2009-10-27,0.0,10.3,22.9,16.0,1.31,6.3,80,99,51,10.0
2009-10-28,0.0,12.2,22.0,16.0,1.23,6.4,79,99,49,10.0
2009-10-29,0.0,9.6,25.9,17.0,1.24,4.8,68,96,36,10.0
2009-10-30,0.0,11.9,27.0,18.5,1.31,4.4,61,81,31,10.1
2009-10-31,0.0,12.0,25.6,18.3,1.34,4.5,63,78,40,9.6
2009-11-01,0.0,13.8,24.8,18.4,0.99,5.9,72,92,45,10.0
2009-11-02,0.0,13.8,21.8,17.1,2.6,11.4,67,83,49,10.0
2009-11-03,0.0,9.0,23.6,15.4,2.13,6.9,60,84,36,10.0
2009-11-04,0.0,12.3,19.4,15.2,3.37,12.6,58,66,50,10.0
2009-11-05,0.0,9.4,14.6,12.0,4.18,16.3,57,70,40,10.0
2009-11-06,0.0,8.3,14.3,11.2,4.8,17.8,63,71,51,10.0
2009-11-07,0.0,12.1,19.4,14.8,4.17,15.7,63,83,39,10.0
2009-11-08,0.0,8.3,13.6,11.0,4.46,16.5,55,65,42,9.9
2009-11-09,0.0,8.0,13.9,10.6,6.45,19.7,47,64,32,9.9
2009-11-10,0.0,7.1,16.9,11.4,3.39,11.6,51,66,40,9.5
2009-11-11,0.0,7.3,20.4,12.8,1.6,5.5,62,86,33,9.9
2009-11-12,0.0,4.9,21.3,12.2,1.23,4.9,61,88,26,9.9
2009-11-13,0.0,5.2,21.1,12.0,1.27,5.3,54,73,25,9.9
2009-11-14,0.0,8.3,23.8,14.6,1.52,5.7,46,69,26,9.9
2009-11-15,0.0,8.4,24.9,15.4,1.93,8.3,52,69,26,9.8
2009-11-16,0.0,10.2,24.7,16.1,1.83,6.4,51,65,26,9.8
2009-11-17,0.0,8.8,23.6,15.2,1.13,4.5,53,73,26,9.8
2009-11-18,0.0,10.4,20.4,14.5,1.62,6.3,52,74,35,8.4
2009-11-19,0.0,6.2,19.5,12.4,1.06,5.3,67,86,39,9.8
2009-11-20,0.0,6.7,18.4,12.0,1.24,6.3,76,94,48,9.8
2009-11-21,0.0,8.5,18.2,12.3,1.44,7.9,80,96,54,9.5
2009-11-22,1.3,7.3,18.3,11.8,1.84,8.4,75,92,45,9.4
2009-11-23,0.0,3.4,17.4,10.0,1.56,5.8,64,91,35,9.7
2009-11-24,0.0,2.8,18.3,9.6,1.45,6.4,62,83,30,9.7
2009-11-25,0.0,3.1,20.0,10.1,1.23,5.9,62,83,28,9.7
2009-11-26,0.1,7.2,17.6,11.9,1.43,5.4,77,94,53,8.9
2009-11-27,0.0,9.1,14.9,11.7,2.34,8.4,69,90,42,9.0
2009-11-28,0.0,3.4,15.5,9.0,1.72,7.0,67,92,36,9.6
2009-11-29,5.7,5.4,12.5,8.2,1.72,9.1,82,88,62,0.8
2009-11-30,0.0,4.1,8.8,6.0,5.46,16.0,60,76,43,9.6
2009-12-01,0.0,4.0,10.3,6.7,4.05,13.1,59,70,45,9.6
2009-12-02,0.0,6.9,15.7,10.4,1.66,6.7,75,91,55,9.5
2009-12-03,0.3,8.7,12.1,10.3,3.93,14.6,68,84,49,9.5
2009-12-04,0.0,4.3,15.2,8.8,2.62,9.0,63,82,40,9.5
2009-12-05,0.0,2.7,16.1,8.3,1.58,5.1,65,89,32,9.5
2009-12-06,0.0,2.2,17.6,8.3,1.1,4.4,62,83,33,9.5
2009-12-07,0.0,3.0,17.6,8.9,1.68,5.4,62,88,35,8.8
2009-12-08,0.0,8.3,16.5,11.3,1.99,6.5,78,94,50,8.6
2009-12-09,0.0,6.7,16.3,11.0,1.22,4.7,76,97,46,9.3
2009-12-10,0.0,3.4,15.2,9.3,1.2,5.3,72,89,48,9.4
2009-12-11,0.0,2.6,16.8,8.6,1.07,4.0,69,93,35,9.4
2009-12-12,0.0,3.2,16.2,8.8,1.46,4.6,73,92,42,9.4
2009-12-13,2.5,5.4,10.0,7.3,1.19,6.9,87,96,75,2.6
2009-12-14,26.2,1.3,5.3,2.5,3.37,16.6,94,100,81,0.7
2009-12-15,0.0,-5.7,3.0,-0.6,3.86,14.8,72,82,55,9.4
2009-12-16,0.0,-6.9,10.0,1.4,1.59,8.8,74,86,62,6.2
2009-12-17,0.0,7.8,12.8,10.0,3.89,15.1,71,84,52,9.3
2009-12-18,6.9,4.2,10.7,7.2,1.21,8.6,87,98,71,5.3
2009-12-19,18.6,-5.1,4.1,0.9,2.25,8.5,77,99,56,6.4
2009-12-20,0.0,-14.3,3.6,-3.5,1.79,5.1,58,75,26,9.4
2009-12-21,8.4,-0.8,10.6,5.3,1.57,9.8,89,97,64,2.3
2009-12-22,4.8,7.4,13.8,9.8,2.9,16.7,85,96,63,5.0
2009-12-23,3.7,5.8,16.7,10.9,3.32,19.7,77,93,59,6.5
2009-12-24,21.6,11.0,15.3,12.7,2.57,11.7,85,97,65,2.7
2009-12-25,8.4,7.9,14.2,11.5,2.04,12.4,78,97,61,4.7
2009-12-26,5.1,7.7,12.5,9.7,1.25,9.4,92,98,81,1.6
2009-12-27,0.0,4.0,14.3,8.7,2.62,14.2,72,89,48,9.3
2009-12-28,0.0,4.2,17.7,10.2,1.64,7.6,70,88,55,7.9
2009-12-29,0.0,13.2,20.9,16.0,2.5,9.9,76,86,60,8.8
2009-12-30,0.1,11.1,16.5,13.8,2.22,10.6,72,90,56,8.9
2009-12-31,0.1,7.5,12.6,9.6,3.52,15.3,72,83,57,8.9
2010-01-01,0.0,4.9,9.6,7.1,4.76,17.3,64,73,56,9.3
2010-01-02,0.0,3.8,13.3,7.7,1.32,5.1,77,92,54,9.0
2010-01-03,0.8,1.9,14.9,7.3,0.92,6.4,81,95,53,7.2
2010-01-04,0.6,6.8,12.5,9.1,1.31,5.8,90,97,77,5.1
2010-01-05,0.5,6.3,11.6,8.5,2.31,11.5,85,96,68,9.0
2010-01-06,0.0,4.6,10.7,7.1,2.04,6.7,71,85,49,9.3
2010-01-07,21.6,2.8,4.3,3.5,1.53,7.4,95,99,83,0.0
2010-01-08,1.1,-1.1,2.4,0.6,5.91,18.9,67,96,46,8.2
2010-01-09,0.0,-1.8,2.4,-0.2,5.33,16.4,52,61,43,9.5
2010-01-10,1.9,-4.3,4.5,-0.2,1.5,7.2,71,94,51,6.9
2010-01-11,0.0,-0.1,8.0,3.9,1.11,6.8,88,95,78,6.5
2010-01-12,3.2,3.3,10.6,6.9,1.9,11.0,86,92,76,0.3
2010-01-13,3.0,6.1,12.8,8.8,3.14,15.7,72,90,55,8.1
2010-01-14,0.0,7.7,10.8,9.7,6.35,23.2,73,91,62,9.3
2010-01-15,0.0,4.3,13.4,8.5,3.85,17.5,64,85,43,9.3
2010-01-16,0.0,3.5,16.7,8.8,1.27,4.8,70,89,48,9.0
2010-01-17,0.0,6.3,17.3,10.3,1.43,5.4,79,94,50,7.0
2010-01-18,0.0,2.8,16.0,9.3,1.35,7.0,79,93,61,9.6
2010-01-19,0.2,5.0,16.2,10.1,1.06,4.6,82,98,56,8.7
2010-01-20,0.0,7.6,12.2,10.0,3.08,14.2,74,92,57,9.4
2010-01-21,0.0,3.8,13.5,8.6,1.53,7.4,72,94,48,9.2
2010-01-22,0.0,1.1,14.8,7.5,1.13,3.9,74,94,44,9.6
2010-01-23,0.2,6.0,9.4,7.6,1.29,7.6,86,98,72,1.6
2010-01-24,0.0,4.3,9.0,6.5,1.9,8.0,86,99,65,7.4
2010-01-25,3.2,4.3,7.8,5.7,2.42,8.6,89,98,77,6.8
2010-01-26,24.1,3.2,5.6,4.2,3.29,16.6,96,99,91,0.6
2010-01-27,3.1,-4.5,3.6,1.0,2.1,8.0,91,96,73,4.8
2010-01-28,0.0,-2.7,9.2,2.9,2.21,7.8,73,97,42,9.8
2010-01-29,0.0,-0.1,11.2,4.5,3.23,10.4,61,72,50,9.8
2010-01-30,0.0,4.2,8.9,6.1,3.35,11.6,69,78,57,9.8
2010-01-31,0.0,2.0,9.5,5.4,2.52,10.3,73,90,55,9.7
2010-02-01,0.0,0.8,10.0,5.0,2.13,9.1,73,91,48,9.9
2010-02-02,0.0,1.2,9.5,4.8,1.63,7.2,86,99,64,10.0
2010-02-03,0.0,-1.8,11.8,4.5,1.24,5.6,77,96,47,9.9
2010-02-04,5.4,3.5,12.7,7.3,1.16,9.7,88,96,73,3.2
2010-02-05,0.0,7.1,13.3,10.0,2.56,10.9,75,93,55,9.9
2010-02-06,0.0,3.8,15.3,8.4,2.51,9.6,73,91,45,10.2
2010-02-07,0.0,2.5,15.3,8.3,1.35,4.7,74,91,48,7.6
2010-02-08,0.9,4.2,12.4,8.1,1.46,7.9,80,93,70,3.4
2010-02-09,0.2,6.2,10.4,8.0,4.25,15.9,74,85,59,10.2
2010-02-10,0.9,3.8,10.2,6.7,2.02,9.3,74,91,49,4.8
2010-02-11,0.0,2.3,7.3,5.0,3.37,13.1,63,93,39,10.5
2010-02-12,0.2,-1.1,7.2,2.7,2.6,9.4,44,66,38,9.8
2010-02-13,5.9,0.9,3.5,2.1,1.37,6.8,84,96,71,3.0
2010-02-14,0.7,-0.3,6.9,2.9,1.5,6.7,84,95,62,6.5
2010-02-15,15.0,1.5,3.3,2.3,1.64,5.7,97,100,92,0.0
2010-02-16,2.7,1.6,7.2,4.1,0.86,6.8,97,99,93,0.0
2010-02-17,1.9,4.2,10.5,7.3,2.54,14.3,82,100,62,9.7
2010-02-18,6.0,2.1,9.1,6.4,1.53,9.4,87,98,73,2.1
2010-02-19,2.6,4.2,9.9,6.9,2.7,13.5,84,98,63,4.3
2010-02-20,0.0,2.3,9.8,5.5,2.74,10.3,60,77,39,10.8
2010-02-21,3.1,1.6,14.4,6.8,1.73,12.3,76,90,61,6.9
2010-02-22,0.1,6.1,15.3,10.5,3.33,18.9,71,86,54,10.8
2010-02-23,0.0,9.7,14.1,11.4,4.05,17.0,68,81,54,10.8
2010-02-24,0.0,9.2,15.0,11.6,4.71,17.5,63,76,45,10.8
2010-02-25,0.0,3.3,18.3,10.6,2.8,13.5,73,92,51,10.9
2010-02-26,0.5,10.1,13.9,12.3,1.44,8.1,78,93,68,3.9
2010-02-27,0.0,6.9,19.8,12.6,2.3,12.2,79,97,55,8.7
2010-02-28,0.0,8.6,16.4,12.0,2.73,13.9,64,87,54,2.3
2010-03-01,0.0,6.4,13.8,9.4,1.81,8.2,66,93,42,10.9
2010-03-02,7.8,6.6,11.1,8.6,1.42,9.9,69,97,54,0.3
2010-03-03,7.6,7.6,14.5,10.4,2.35,11.2,75,98,45,11.0
2010-03-04,0.0,7.2,15.0,10.6,2.01,8.6,73,89,52,10.3
2010-03-05,0.2,5.5,11.2,7.8,2.21,9.7,85,95,76,1.5
2010-03-06,4.2,3.3,7.6,5.3,2.55,10.1,83,97,63,0.0
2010-03-07,1.0,4.7,10.5,7.4,1.41,6.6,83,96,70,3.7
2010-03-08,0.8,4.0,8.6,7.1,2.89,11.5,78,96,55,9.7
2010-03-09,2.7,1.0,10.0,4.6,3.19,9.9,46,57,38,11.0
2010-03-10,0.0,-0.5,10.0,4.6,2.45,8.9,46,59,34,11.4
2010-03-11,0.0,-2.1,12.1,4.5,1.59,8.2,65,91,38,11.0
2010-03-12,4.5,3.3,9.0,5.6,1.24,5.0,82,97,64,6.2
2010-03-13,0.3,0.7,10.2,5.9,1.69,7.6,63,83,40,11.2
2010-03-14,0.4,-1.4,10.2,4.6,1.47,5.8,66,87,41,11.6
2010-03-15,0.0,-1.5,13.1,5.5,1.28,6.0,66,87,40,11.6
2010-03-16,0.0,1.6,12.8,6.7,1.54,8.6,62,85,39,11.6
2010-03-17,0.0,1.5,14.4,7.6,1.68,8.6,69,92,46,11.0
2010-03-18,0.0,2.4,18.1,9.6,1.25,6.7,73,91,51,8.8
2010-03-19,1.0,6.1,20.2,12.3,1.4,5.3,80,95,49,7.9
2010-03-20,1.8,9.2,18.3,12.7,1.93,7.2,75,94,56,0.0
2010-03-21,5.6,9.4,14.3,11.3,1.1,6.1,88,95,73,0.0
2010-03-22,0.6,5.9,17.2,12.0,1.78,7.0,74,96,50,11.8
2010-03-23,0.1,7.8,15.8,11.7,1.68,9.5,76,99,63,7.7
2010-03-24,0.3,7.6,17.1,11.1,1.73,8.3,85,100,58,8.0
2010-03-25,0.1,9.3,18.1,12.9,1.63,7.6,78,100,50,6.9
2010-03-26,0.0,7.4,16.5,11.7,2.12,8.3,62,81,40,10.6
2010-03-27,0.0,4.0,18.6,11.1,1.28,5.5,67,89,43,11.9
2010-03-28,0.0,5.0,19.5,13.2,1.87,9.0,64,90,46,11.5
2010-03-29,0.0,4.8,20.0,11.9,2.16,14.4,69,95,34,12.0
2010-03-30,0.0,8.8,14.7,11.4,4.12,15.0,57,70,44,12.0
2010-03-31,0.0,3.9,17.6,10.4,1.71,6.2,62,89,35,12.1
2010-04-01,0.0,2.7,15.4,9.4,1.81,8.2,62,89,36,12.1
2010-04-02,0.0,1.8,18.6,10.1,1.34,5.7,62,87,34,12.1
2010-04-03,0.0,3.0,19.6,11.4,1.0,5.5,62,88,34,12.2
2010-04-04,0.0,7.0,15.6,10.9,3.45,12.3,57,82,30,12.2
2010-04-05,0.0,4.6,13.5,8.9,2.19,13.1,66,96,45,8.0
2010-04-06,0.0,5.2,19.0,11.5,1.61,6.7,63,83,51,11.6
2010-04-07,0.0,7.5,19.9,13.8,2.23,12.5,65,93,35,12.3
2010-04-08,0.0,5.5,18.3,11.9,1.35,6.8,59,81,36,12.4
2010-04-09,0.0,4.8,16.5,10.6,2.15,10.4,69,100,37,12.3
2010-04-10,0.0,4.6,15.8,10.5,2.59,12.4,65,87,43,12.5
2010-04-11,0.0,3.5,17.8,11.2,1.47,6.4,63,93,36,10.6
2010-04-12,1.9,4.9,17.8,11.5,1.91,9.7,73,93,49,12.0
2010-04-13,2.9,9.1,11.4,10.0,2.11,7.6,93,99,84,0.4
2010-04-14,3.3,8.7,14.0,10.6,2.32,8.7,87,99,67,1.6
2010-04-15,0.0,6.8,14.4,10.4,2.1,7.0,84,98,66,4.3
2010-04-16,0.2,8.6,15.3,11.6,1.28,7.4,82,99,59,4.0
2010-04-17,0.8,7.4,14.6,10.9,2.18,10.2,87,100,65,7.2
2010-04-18,5.6,9.3,16.4,11.8,1.85,9.1,85,99,59,9.4
2010-04-19,0.0,6.0,18.6,12.4,1.14,6.0,72,97,45,12.9
2010-04-20,0.0,8.1,18.9,14.0,1.57,7.5,66,85,49,10.8
2010-04-21,0.1,7.1,19.9,13.6,1.68,9.3,67,93,42,10.0
2010-04-22,7.8,10.5,19.3,14.2,0.97,8.2,74,95,47,7.9
2010-04-23,0.1,11.1,20.1,15.4,1.57,8.7,65,86,44,12.8
2010-04-24,0.0,8.6,21.2,15.3,1.43,7.1,70,92,47,13.2
2010-04-25,0.2,11.6,21.7,16.3,1.52,9.5,74,92,55,11.3
2010-04-26,0.0,10.3,22.5,16.3,1.62,8.7,66,93,40,13.3
2010-04-27,0.0,9.0,26.2,17.9,1.42,7.9,60,89,34,13.5
2010-04-28,0.0,12.1,23.2,17.8,2.07,10.2,57,78,44,13.5
2010-04-29,0.0,9.1,25.3,17.1,2.05,9.2,59,85,33,12.7
2010-04-30,0.6,10.2,26.2,18.2,1.59,9.7,65,92,38,10.9
2010-05-01,1.9,10.7,23.3,17.3,0.94,8.0,66,90,41,13.4
2010-05-02,1.0,9.6,22.6,16.4,1.93,10.4,68,90,38,12.7
2010-05-03,5.4,11.1,17.8,14.3,3.13,18.6,67,94,35,12.9
2010-05-04,0.0,5.9,12.5,9.7,6.12,19.0,44,59,34,13.2
2010-05-05,0.0,6.0,15.5,10.7,5.01,15.5,45,59,31,13.1
2010-05-06,0.0,3.1,19.9,12.1,1.69,9.4,54,83,30,11.7
2010-05-07,1.2,9.4,19.7,14.2,1.39,9.4,63,94,33,13.1
2010-05-08,0.0,8.7,22.4,15.4,2.3,12.2,57,84,31,13.9
2010-05-09,2.6,9.3,20.3,15.1,1.84,10.4,69,89,48,13.9
2010-05-10,0.2,9.2,20.3,15.0,1.96,9.3,62,90,37,13.9
2010-05-11,1.6,9.3,20.0,14.4,1.73,9.3,66,90,42,13.3
2010-05-12,0.0,8.2,16.7,12.8,3.39,13.5,61,86,40,13.9
2010-05-13,1.3,6.5,17.0,12.0,2.25,9.5,56,84,35,13.9
2010-05-14,1.6,6.9,14.2,10.7,4.24,18.0,58,84,29,14.0
2010-05-15,0.0,9.4,17.8,13.2,3.6,12.6,53,77,33,14.0
2010-05-16,0.0,4.5,20.8,13.3,1.86,8.7,50,82,29,14.0
2010-05-17,0.0,6.2,22.8,15.2,1.64,9.9,49,75,28,14.0
2010-05-18,0.0,7.5,24.1,16.2,1.58,7.9,56,85,31,14.0
2010-05-19,0.0,9.0,27.0,18.1,1.84,11.4,52,87,22,14.0
2010-05-20,0.0,10.3,21.5,16.1,2.22,10.0,57,82,40,14.0
2010-05-21,0.0,9.0,24.0,16.9,2.21,11.6,51,78,29,14.0
2010-05-22,0.0,11.3,23.8,17.8,2.08,10.7,45,62,32,14.0
2010-05-23,0.0,10.1,24.3,17.5,2.13,10.4,50,83,28,14.0
2010-05-24,0.0,10.1,24.1,17.8,2.43,11.9,45,72,30,14.0
2010-05-25,0.0,9.6,27.2,18.8,1.94,10.7,48,78,26,14.0
2010-05-26,0.0,12.2,28.3,20.7,1.2,6.5,48,80,23,13.2
2010-05-27,3.2,14.4,24.6,18.8,1.83,8.1,57,85,36,13.6
2010-05-28,3.8,11.4,20.4,15.7,1.11,6.5,76,92,51,12.6
2010-05-29,0.0,9.4,24.3,17.2,1.88,8.5,64,94,32,14.0
2010-05-30,0.0,11.8,28.4,20.4,2.07,8.2,51,77,28,14.0
2010-05-31,0.0,14.6,30.7,23.1,2.27,8.7,49,73,28,14.0
2010-06-01,0.0,15.5,32.7,24.7,1.52,9.0,47,78,24,14.0
2010-06-02,0.0,16.4,30.9,23.6,1.72,11.8,52,77,28,11.7
2010-06-03,1.3,17.1,30.0,22.9,1.32,9.0,59,80,33,13.4
2010-06-04,0.1,15.9,29.9,23.3,2.05,10.4,56,79,33,14.0
2010-06-05,0.0,17.5,29.6,23.2,2.16,11.8,58,85,33,14.0
2010-06-06,0.4,15.6,29.3,22.9,1.68,9.3,54,82,32,13.5
2010-06-07,0.0,15.9,28.2,22.0,1.8,10.0,58,84,36,14.0
2010-06-08,0.0,14.4,30.2,22.9,1.31,8.8,54,88,26,14.0
2010-06-09,5.6,16.8,21.9,19.4,1.29,8.5,66,92,43,4.5
2010-06-10,1.3,14.2,22.6,18.1,2.63,11.4,56,88,29,14.0
2010-06-11,0.0,12.5,21.4,16.8,2.9,10.4,53,80,33,14.0
2010-06-12,2.2,10.2,23.0,16.6,1.69,6.9,61,94,36,12.6
2010-06-13,3.1,12.3,20.9,16.3,1.63,8.1,77,97,52,11.6
2010-06-14,2.6,11.1,19.6,16.1,0.95,6.3,71,89,53,10.9
2010-06-15,20.4,12.4,18.9,15.6,1.08,8.5,83,96,66,13.7
2010-06-16,0.3,9.2,22.2,16.3,1.14,8.0,62,93,31,14.0
2010-06-17,0.0,9.9,24.7,17.5,2.03,10.4,57,81,36,14.0
2010-06-18,6.9,12.5,23.8,18.3,1.35,6.8,73,97,48,14.0
2010-06-19,0.2,12.7,24.7,19.1,2.96,12.3,55,81,32,14.0
2010-06-20,0.0,13.9,25.7,20.1,2.98,11.1,51,77,32,14.0
2010-06-21,0.0,14.0,26.8,19.9,1.42,9.2,51,75,27,14.0
2010-06-22,0.0,10.8,28.1,20.2,1.51,9.1,55,86,27,14.0
2010-06-23,0.0,13.5,28.0,20.9,1.94,9.4,65,97,37,14.0
2010-06-24,0.0,14.5,28.2,21.5,1.81,9.5,53,83,29,14.0
2010-06-25,0.0,13.6,27.8,21.4,1.97,8.7,49,81,27,14.0
2010-06-26,0.0,13.7,28.0,21.5,1.91,9.5,45,71,28,14.0
2010-06-27,1.6,15.8,25.3,20.9,1.79,8.6,45,60,30,14.0
2010-06-28,0.9,14.3,26.7,20.9,1.97,9.7,52,82,32,12.9
2010-06-29,0.0,13.7,29.3,22.2,1.75,10.0,46,78,26,14.0
2010-06-30,0.0,14.7,30.3,23.0,1.91,10.5,44,76,25,14.0
2010-07-01,0.0,15.4,31.6,24.1,1.94,10.5,44,74,24,14.0
2010-07-02,0.0,16.4,30.0,23.9,2.21,10.7,48,69,31,14.0
2010-07-03,0.3,16.7,27.3,22.6,1.26,8.1,55,83,37,11.6
2010-07-04,0.0,17.8,30.0,23.9,2.41,11.4,49,80,26,12.4
2010-07-05,0.0,17.2,31.8,24.5,2.23,9.7,46,69,28,14.0
2010-07-06,0.0,17.2,30.8,24.4,1.98,9.6,54,77,33,14.0
2010-07-07,0.0,15.9,32.4,24.7,1.82,9.4,53,86,28,14.0
2010-07-08,0.0,18.2,34.2,26.4,2.11,12.1,44,75,19,14.0
2010-07-09,0.0,17.4,35.8,26.6,2.02,11.1,42,67,21,14.0
2010-07-10,0.0,18.8,33.0,26.0,1.71,8.9,50,79,26,14.0
2010-07-11,0.0,18.7,33.3,26.3,1.77,9.9,54,85,31,14.0
2010-07-12,0.0,18.0,34.3,27.0,1.41,8.5,52,88,25,14.0
2010-07-13,0.0,19.4,34.4,27.5,2.04,10.0,43,64,21,14.0
2010-07-14,0.0,19.0,35.1,27.6,1.0,6.5,44,74,21,14.0
2010-07-15,0.0,18.9,33.8,26.7,2.44,10.3,41,67,24,14.0
2010-07-16,0.0,18.6,35.0,27.2,1.56,9.8,58,91,26,14.0
2010-07-17,0.0,20.4,33.0,26.7,2.07,9.6,60,75,39,14.0
2010-07-18,0.0,20.4,32.2,25.6,2.01,9.8,66,93,39,13.9
2010-07-19,0.0,18.8,33.8,26.4,1.76,10.3,63,94,33,13.9
2010-07-20,0.0,20.8,32.5,25.9,1.88,9.6,67,89,37,13.9
2010-07-21,0.0,20.0,34.8,27.1,1.5,8.9,54,90,19,13.7
2010-07-22,0.0,18.8,33.8,26.8,1.84,10.7,51,79,27,13.9
2010-07-23,0.2,20.7,31.7,25.3,2.08,10.2,73,96,43,13.4
2010-07-24,0.1,20.8,29.0,24.4,2.47,8.9,76,95,52,10.8
2010-07-25,0.0,19.0,32.8,25.2,1.63,10.6,66,97,29,13.9
2010-07-26,0.0,18.5,31.5,24.0,1.9,11.7,67,94,34,13.8
2010-07-27,0.0,17.8,29.2,23.3,2.15,10.1,64,91,40,13.8
2010-07-28,0.0,16.3,32.1,24.3,1.81,9.8,57,90,28,13.8
2010-07-29,0.4,18.9,34.8,26.8,1.62,9.6,50,76,25,13.8
2010-07-30,0.0,20.1,32.1,25.2,2.08,10.9,68,95,38,13.2
2010-07-31,0.0,19.3,30.8,24.6,2.19,9.5,67,98,38,13.4
2010-08-01,0.0,18.6,32.9,25.7,2.12,10.6,57,91,28,13.7
2010-08-02,0.0,18.5,34.7,26.5,1.87,10.3,52,85,22,13.7
2010-08-03,0.0,20.0,30.9,24.5,2.18,10.7,69,96,37,12.6
2010-08-04,0.0,19.4,31.9,24.8,2.02,9.2,67,95,34,13.2
2010-08-05,0.0,19.5,31.0,24.5,1.73,10.6,66,86,37,12.9
2010-08-06,0.0,19.1,29.9,23.8,2.29,11.2,66,90,41,13.4
2010-08-07,0.0,18.4,30.9,24.0,1.82,9.5,64,95,35,13.3
2010-08-08,0.0,17.5,30.9,24.7,1.99,8.8,48,82,22,13.2
2010-08-09,0.0,19.5,33.3,26.4,1.52,8.1,39,65,23,13.1
2010-08-10,0.3,21.2,34.4,27.4,1.18,8.1,46,68,27,11.7
2010-08-11,0.0,21.4,35.6,28.9,1.99,9.2,41,68,18,13.4
2010-08-12,0.0,18.9,34.6,26.9,2.14,12.1,38,75,19,13.4
2010-08-13,8.8,18.2,25.3,21.3,2.1,10.4,84,94,64,8.8
2010-08-14,3.9,17.7,24.2,20.1,1.59,8.3,83,98,60,11.6
2010-08-15,0.0,18.5,28.5,22.6,2.29,10.9,73,95,43,12.9
2010-08-16,1.2,17.6,23.6,20.6,2.15,9.5,81,97,69,10.1
2010-08-17,4.0,17.9,23.7,20.5,1.74,8.0,84,98,67,8.5
2010-08-18,0.1,15.9,27.1,21.4,1.03,6.4,75,99,52,12.8
2010-08-19,8.8,18.7,24.9,21.2,0.96,8.2,81,95,64,11.4
2010-08-20,0.0,16.1,28.5,22.2,1.52,6.3,74,97,46,12.5
2010-08-21,0.0,17.0,29.3,23.2,1.53,7.3,72,99,45,12.8
2010-08-22,0.0,16.2,32.2,24.3,1.48,8.3,66,95,37,12.8
2010-08-23,0.0,18.9,34.0,26.2,1.37,6.5,55,83,28,12.8
2010-08-24,0.0,18.6,32.5,25.8,1.44,6.2,42,65,27,12.8
2010-08-25,0.0,18.0,31.6,25.1,1.67,8.3,49,70,33,12.8
2010-08-26,0.0,16.8,35.8,26.0,1.64,7.9,51,79,23,12.7
2010-08-27,0.0,20.1,37.1,28.1,1.67,9.0,42,63,19,12.7
2010-08-28,0.0,19.4,32.7,25.8,2.36,11.2,49,84,31,12.3
2010-08-29,0.0,19.4,29.6,23.8,2.17,9.1,72,95,47,12.3
2010-08-30,0.0,18.0,30.4,23.9,1.49,7.7,71,94,45,12.3
2010-08-31,0.0,18.2,26.9,21.9,2.58,10.6,75,99,48,11.1
2010-09-01,0.0,17.2,28.1,21.9,1.96,9.7,67,91,42,12.1
2010-09-02,1.7,16.5,24.6,20.5,1.09,7.4,73,89,57,12.0
2010-09-03,0.0,15.5,25.6,20.7,1.29,6.9,74,96,49,12.1
2010-09-04,0.0,15.0,29.1,22.1,1.44,7.1,64,97,32,12.1
2010-09-05,0.0,15.0,30.5,23.0,1.49,8.3,56,91,26,12.0
2010-09-06,0.0,15.1,31.4,23.3,1.92,11.0,50,77,23,12.0
2010-09-07,0.0,17.4,27.3,22.5,3.01,14.1,47,68,30,12.0
2010-09-08,0.0,15.9,27.5,21.3,1.54,7.1,48,77,26,12.0
2010-09-09,0.0,13.1,26.7,20.0,2.11,9.0,42,68,25,12.0
2010-09-10,0.0,13.4,26.7,20.2,1.65,8.0,63,94,33,12.0
2010-09-11,0.0,13.8,26.7,20.1,1.62,8.5,65,93,35,12.0
2010-09-12,0.0,13.3,28.1,20.7,1.7,9.1,63,92,32,12.0
2010-09-13,0.0,15.8,28.8,21.9,1.4,8.2,55,86,28,12.0
2010-09-14,0.0,15.0,30.7,22.3,1.65,10.0,60,85,34,12.0
2010-09-15,0.0,15.2,30.4,22.3,1.57,9.0,67,99,31,12.0
2010-09-16,2.4,17.1,27.1,21.3,1.01,5.6,73,92,45,4.4
2010-09-17,2.4,17.4,24.1,20.2,1.28,13.2,77,91,60,12.0
2010-09-18,0.4,15.4,26.1,20.3,1.35,5.3,63,88,32,12.0
2010-09-19,0.0,15.0,26.2,20.0,1.65,8.0,69,92,45,11.5
2010-09-20,19.3,15.4,22.0,18.4,1.24,7.9,87,98,72,10.3
2010-09-21,0.0,15.4,25.4,20.1,1.4,6.5,77,98,44,11.5
2010-09-22,0.1,14.6,25.0,19.6,1.57,9.0,78,98,47,11.8
2010-09-23,3.2,16.7,22.9,19.2,0.79,8.4,86,99,62,2.7
2010-09-24,0.0,15.2,24.4,19.3,3.09,11.8,62,87,41,11.9
2010-09-25,0.0,12.6,24.6,18.6,1.93,8.1,61,89,35,11.9
2010-09-26,0.0,11.3,23.7,17.3,1.34,6.7,54,76,33,11.9
2010-09-27,0.1,13.5,22.7,17.4,1.17,8.5,71,90,41,11.5
2010-09-28,0.0,12.2,24.7,18.0,1.54,8.4,64,93,27,11.6
2010-09-29,0.0,10.6,25.9,18.2,1.19,5.1,61,91,29,11.7
2010-09-30,0.0,11.7,27.0,19.0,1.45,7.5,52,77,26,11.7
2010-10-01,0.0,11.0,27.4,18.9,1.43,8.0,53,79,24,11.7
2010-10-02,0.0,11.7,28.8,19.5,1.16,7.5,54,76,21,11.0
2010-10-03,0.0,14.0,28.4,20.7,1.72,8.7,51,76,23,10.3
2010-10-04,0.1,15.6,20.7,18.5,3.39,10.9,51,69,37,6.8
2010-10-05,0.0,9.5,23.1,16.1,1.59,6.6,59,86,33,11.5
2010-10-06,0.0,10.4,25.5,17.8,1.49,7.9,60,86,33,11.5
2010-10-07,0.0,13.7,25.7,19.5,1.57,8.2,70,91,45,11.0
2010-10-08,0.0,15.1,25.8,19.6,1.44,8.1,80,100,47,9.5
2010-10-09,8.7,16.0,24.9,19.0,1.65,11.7,82,100,48,9.1
2010-10-10,0.8,13.0,18.2,15.1,2.7,11.7,71,93,48,10.4
2010-10-11,0.0,9.9,18.5,13.8,1.88,7.1,68,89,43,10.3
2010-10-12,1.2,8.3,18.6,13.3,2.77,10.7,70,88,44,6.5
2010-10-13,0.6,13.3,20.8,16.7,3.28,11.2,64,86,45,9.4
2010-10-14,0.0,10.8,21.8,16.2,1.03,4.8,68,90,43,10.4
2010-10-15,0.0,12.4,20.8,16.4,1.36,5.1,65,89,38,10.4
2010-10-16,0.0,8.9,20.3,15.2,0.95,4.9,63,91,36,10.6
2010-10-17,0.0,9.2,18.0,13.6,2.73,11.7,57,89,28,10.6
2010-10-18,0.0,4.3,18.5,11.9,2.18,10.0,44,80,17,10.7
2010-10-19,0.0,3.6,20.1,11.6,1.29,6.2,44,73,20,10.6
2010-10-20,0.0,4.8,21.4,12.9,1.29,5.8,50,77,21,10.6
2010-10-21,0.0,6.0,19.0,12.9,1.33,7.3,66,98,36,10.1
2010-10-22,0.0,5.1,19.7,12.2,1.5,6.8,69,95,36,9.2
2010-10-23,0.0,8.0,20.8,14.3,1.15,5.7,70,96,38,10.2
2010-10-24,0.0,7.4,21.9,14.6,1.66,7.9,63,94,29,10.3
2010-10-25,0.0,11.5,19.0,14.6,3.67,10.9,52,75,28,10.1
2010-10-26,0.0,3.2,19.5,11.5,2.61,9.3,29,50,11,10.4
2010-10-27,0.0,4.0,21.9,12.2,1.28,4.8,34,58,12,10.3
2010-10-28,0.0,5.8,22.1,13.6,1.21,5.3,36,59,14,8.8
2010-10-29,0.0,6.7,23.1,14.7,1.19,6.5,49,74,26,9.8
2010-10-30,0.4,11.6,16.3,13.5,1.89,9.7,63,80,46,2.9
2010-10-31,3.8,11.1,14.0,12.7,4.1,19.8,73,90,56,10.0
2010-11-01,0.0,9.5,15.4,12.2,5.85,18.1,63,72,49,10.0
2010-11-02,0.0,9.7,17.2,12.9,4.24,15.0,59,74,41,10.0
2010-11-03,0.0,6.4,20.3,13.0,1.8,6.0,62,87,36,10.0
2010-11-04,0.0,7.3,19.8,12.8,1.45,6.5,64,83,39,10.0
2010-11-05,0.0,7.1,17.3,12.0,1.76,8.5,73,87,56,9.5
2010-11-06,0.0,7.1,18.8,12.3,1.54,5.8,71,99,37,10.0
2010-11-07,0.0,7.1,18.1,12.0,2.53,10.0,67,88,42,9.9
2010-11-08,0.0,8.7,14.1,11.5,3.98,16.5,66,87,45,9.9
2010-11-09,1.5,9.6,14.7,12.2,5.44,22.1,70,80,65,7.5
2010-11-10,0.0,8.4,12.6,10.0,4.88,16.4,60,67,48,9.9
2010-11-11,0.0,3.7,16.7,9.9,2.05,8.4,58,84,30,9.9
2010-11-12,0.0,6.2,20.9,12.2,1.62,5.2,61,81,35,9.9
2010-11-13,0.0,6.0,21.8,12.7,1.24,4.8,63,88,31,9.9
2010-11-14,0.1,6.0,19.9,12.3,1.13,4.8,67,89,33,9.8
2010-11-15,0.2,7.5,12.5,10.2,3.79,14.4,62,88,33,9.8
2010-11-16,0.0,4.1,15.2,9.0,2.53,9.6,53,74,27,9.8
2010-11-17,0.2,4.0,12.4,8.0,2.07,9.3,65,79,50,1.1
2010-11-18,0.0,4.1,13.7,8.5,2.38,8.9,65,89,36,9.8
2010-11-19,0.0,2.2,12.9,6.8,1.17,5.8,72,89,47,4.2
2010-11-20,0.9,3.2,13.7,8.1,1.53,6.5,81,91,56,8.0
2010-11-21,0.0,6.1,10.2,8.1,3.7,15.3,70,81,58,9.8
2010-11-22,0.0,6.1,11.2,8.0,3.76,12.8,63,77,46,9.8
2010-11-23,0.0,2.6,12.2,7.1,2.08,8.4,67,87,45,8.0
2010-11-24,4.0,7.8,13.0,9.9,0.62,6.6,81,97,69,4.5
2010-11-25,0.2,9.6,13.8,10.9,0.59,6.2,89,98,72,3.6
2010-11-26,0.0,5.0,10.3,7.9,1.57,6.0,63,89,44,6.3
2010-11-27,15.8,4.2,6.3,5.4,0.77,4.3,91,98,77,0.4
2010-11-28,7.0,3.0,9.8,5.9,1.94,7.4,77,98,47,9.6
2010-11-29,13.1,1.7,3.8,2.8,0.94,4.0,88,99,77,0.0
2010-11-30,0.2,3.3,10.7,6.9,1.01,5.2,91,97,78,2.1
2010-12-01,0.0,3.8,9.7,6.4,3.2,13.7,72,85,54,9.6
2010-12-02,0.0,2.4,8.7,5.0,2.59,12.4,72,92,47,9.2
2010-12-03,0.0,-0.8,6.4,3.3,3.57,15.7,56,71,41,9.1
2010-12-04,0.0,-2.9,8.1,1.7,1.53,6.7,61,76,37,9.5
2010-12-05,0.5,1.1,14.3,7.0,1.27,11.4,72,90,52,8.1
2010-12-06,0.0,8.6,18.9,12.5,1.98,8.9,79,90,59,8.2
2010-12-07,0.0,10.7,18.2,13.4,1.49,7.9,82,92,62,5.2
2010-12-08,0.1,10.6,19.6,13.7,1.68,7.2,80,93,55,8.6
2010-12-09,0.0,9.2,20.5,13.9,1.32,5.2,78,92,54,9.4
2010-12-10,0.1,8.8,13.2,11.3,1.37,6.3,90,100,81,2.9
2010-12-11,0.0,4.6,14.7,8.8,1.0,4.6,78,99,44,8.3
2010-12-12,0.0,3.8,19.8,9.9,1.46,4.8,75,91,41,7.7
2010-12-13,0.0,6.7,13.4,9.5,1.45,4.3,82,93,61,4.3
2010-12-14,1.3,5.8,14.1,9.1,1.18,9.1,87,97,69,9.0
2010-12-15,0.0,0.2,6.3,3.9,3.4,14.2,53,96,31,9.4
2010-12-16,0.0,-3.6,4.3,-0.3,2.4,11.8,53,66,33,9.4
2010-12-17,0.0,-3.2,12.5,2.5,1.4,5.3,49,67,31,8.6
2010-12-18,4.3,2.7,9.2,5.9,1.31,6.3,77,98,39,3.3
2010-12-19,4.9,6.1,13.2,8.6,1.66,9.1,92,99,75,4.2
2010-12-20,0.0,3.0,12.6,6.9,1.43,5.0,78,94,49,9.4
2010-12-21,1.3,5.6,13.5,8.9,1.71,6.6,89,98,78,0.4
2010-12-22,1.4,6.4,14.0,9.5,1.91,12.4,88,98,65,5.5
2010-12-23,0.7,4.8,9.9,6.6,4.03,18.4,84,97,71,9.0
2010-12-24,0.0,2.2,5.8,3.8,4.68,15.3,64,78,50,9.3
2010-12-25,0.0,1.7,8.0,4.0,3.38,11.3,54,67,37,9.3
2010-12-26,0.0,-3.4,8.8,2.2,1.74,6.3,56,76,29,9.4
2010-12-27,0.0,-2.9,11.6,2.6,1.15,4.4,59,81,29,9.4
2010-12-28,0.0,-0.7,12.5,4.7,1.1,3.8,69,84,43,8.5
2010-12-29,0.0,0.9,13.6,6.1,1.04,4.4,74,90,48,8.8
2010-12-30,0.1,3.4,11.3,6.4,0.95,4.0,77,96,64,7.9
2010-12-31,2.2,3.2,11.6,6.5,1.0,3.8,92,98,71,5.0
2011-01-01,0.6,5.4,12.3,8.0,1.34,7.4,89,98,70,9.0
2011-01-02,0.0,4.4,12.6,7.9,2.68,10.3,78,96,51,9.1
2011-01-03,0.0,3.1,12.3,7.0,1.71,6.0,76,95,47,9.3
2011-01-04,0.0,0.2,14.0,6.0,0.97,4.2,80,94,53,9.3
2011-01-05,0.5,2.3,13.1,6.4,1.56,8.7,86,95,66,4.0
2011-01-06,0.3,6.2,17.6,10.4,1.5,8.1,84,96,58,9.2
2011-01-07,0.7,6.8,16.0,10.2,1.52,5.9,76,98,43,8.0
2011-01-08,0.0,3.1,16.5,8.8,1.8,5.8,79,94,47,9.5
2011-01-09,0.0,5.2,13.3,8.6,1.92,8.7,71,88,45,9.0
2011-01-10,0.0,3.4,11.7,6.9,2.26,8.2,71,91,43,9.4
2011-01-11,0.0,5.2,13.0,9.2,3.21,14.6,76,84,65,9.1
2011-01-12,0.0,7.5,15.7,11.1,2.94,11.0,74,90,55,9.4
2011-01-13,0.0,4.1,17.5,9.7,1.2,4.0,76,96,44,9.5
2011-01-14,0.0,3.2,17.9,9.8,0.98,3.7,70,92,38,9.5
2011-01-15,0.0,3.4,16.1,8.8,1.5,6.1,76,92,49,9.5
2011-01-16,0.0,1.9,16.1,8.2,1.1,4.0,72,96,41,9.4
2011-01-17,0.0,2.2,16.3,8.5,1.48,4.5,71,93,36,9.5
2011-01-18,0.0,2.5,12.9,7.3,1.19,5.2,74,88,54,8.5
2011-01-19,0.0,4.6,10.5,7.1,0.97,4.6,81,96,59,1.1
2011-01-20,0.0,1.1,11.5,6.0,1.32,6.3,76,95,49,9.5
2011-01-21,0.0,0.1,7.2,3.3,1.82,7.9,62,92,32,9.6
2011-01-22,0.0,-2.4,4.8,0.6,1.47,5.8,40,49,33,9.6
2011-01-23,0.4,-1.6,3.2,1.2,2.3,9.8,66,86,48,4.6
2011-01-24,0.9,1.2,5.0,2.5,2.33,9.7,81,94,60,6.6
2011-01-25,0.4,1.3,5.8,3.4,1.08,4.8,86,91,78,0.0
2011-01-26,1.3,2.4,6.6,4.5,1.35,7.0,92,98,79,1.2
2011-01-27,10.6,2.6,6.0,3.9,1.25,5.6,95,99,82,2.5
2011-01-28,1.0,1.7,9.8,4.8,0.99,9.4,94,99,83,4.0
2011-01-29,0.0,1.1,9.7,4.7,2.52,10.7,74,95,47,9.7
2011-01-30,1.1,-0.4,9.4,3.8,1.39,5.8,74,92,42,9.7
2011-01-31,0.0,-1.4,7.2,2.6,2.73,11.2,73,90,50,9.8
2011-02-01,0.0,-1.3,8.8,3.1,2.53,9.3,67,85,41,9.6
2011-02-02,0.0,0.4,12.1,4.9,2.8,8.3,57,78,30,10.0
2011-02-03,0.0,-1.5,12.3,5.0,2.22,8.3,60,84,31,10.0
2011-02-04,0.0,-1.1,14.8,6.0,1.45,5.0,60,79,35,10.1
2011-02-05,0.0,-0.3,15.9,7.1,1.34,4.6,61,85,31,10.1
2011-02-06,0.0,0.6,16.3,7.8,1.51,5.5,55,78,30,10.2
2011-02-07,0.0,0.5,15.0,7.7,1.24,5.2,55,74,34,10.2
2011-02-08,0.0,-0.5,13.8,6.2,1.05,4.5,71,91,42,8.4
2011-02-09,0.0,2.0,15.0,7.6,1.45,6.0,75,99,41,10.4
2011-02-10,0.0,1.0,14.5,7.2,1.25,6.0,71,94,39,10.5
2011-02-11,0.0,-0.3,15.3,6.9,1.21,5.1,69,94,36,10.5
2011-02-12,0.0,1.4,15.4,7.7,1.89,7.9,67,96,34,10.5
2011-02-13,0.0,0.8,15.9,7.8,1.89,9.1,63,90,29,9.9
2011-02-14,0.7,4.3,10.0,7.1,4.45,16.6,62,90,39,10.2
2011-02-15,6.9,5.8,10.2,7.4,2.11,9.7,81,89,66,2.2
2011-02-16,0.3,4.5,12.1,7.7,3.66,14.2,61,77,44,8.8
2011-02-17,0.0,5.4,9.2,7.0,5.94,22.5,64,73,52,10.7
2011-02-18,0.0,5.4,14.0,8.4,3.81,15.0,63,80,36,10.7
2011-02-19,0.0,2.6,16.6,8.6,1.78,6.2,68,91,41,9.2
2011-02-20,0.0,6.9,13.8,10.0,2.83,12.2,74,94,48,10.8
2011-02-21,0.0,7.8,14.3,10.5,4.63,13.4,59,76,41,10.4
2011-02-22,0.0,9.6,16.1,12.0,4.8,14.7,67,76,53,9.9
2011-02-23,0.0,8.8,17.2,12.6,3.43,11.6,63,77,42,10.6
2011-02-24,0.0,4.1,19.1,11.4,1.64,6.1,64,91,36,10.8
2011-02-25,0.0,4.2,17.7,10.6,1.35,5.6,68,90,41,10.9
2011-02-26,0.0,7.2,21.9,13.5,3.02,12.0,51,80,23,10.9
2011-02-27,0.2,5.6,12.3,9.2,3.25,13.5,64,95,34,9.9
2011-02-28,0.3,2.4,10.1,6.4,4.73,19.1,44,56,34,10.9
2011-03-01,0.0,1.1,9.8,5.2,3.08,12.2,46,62,27,10.9
2011-03-02,0.0,-1.8,11.8,4.8,2.09,8.8,51,77,27,11.0
2011-03-03,0.7,-1.2,11.2,4.9,1.82,9.2,62,84,32,10.9
2011-03-04,9.5,2.2,8.9,4.7,2.08,10.2,94,99,87,10.9
2011-03-05,0.9,3.7,10.3,6.3,1.88,8.3,80,98,52,8.7
2011-03-06,0.2,-0.1,12.5,6.7,1.55,7.9,71,98,44,11.0
2011-03-07,0.5,2.4,13.0,7.7,2.14,9.2,68,84,47,10.6
2011-03-08,0.8,2.0,10.7,6.8,3.38,14.6,89,97,78,3.1
2011-03-09,4.1,5.9,9.9,7.3,2.98,12.2,89,97,75,0.0
2011-03-10,0.2,3.9,10.7,6.9,2.16,9.6,82,97,63,5.1
2011-03-11,6.4,4.9,8.5,6.7,2.33,10.1,93,99,85,0.5
2011-03-12,12.1,7.5,14.8,10.0,2.13,9.2,83,100,57,7.6
2011-03-13,0.3,4.8,16.3,9.8,1.9,8.7,76,94,43,11.2
2011-03-14,7.4,6.7,14.2,9.8,1.66,9.0,92,100,77,7.0
2011-03-15,0.0,7.1,14.1,9.8,2.45,10.6,71,99,42,10.7
2011-03-16,0.1,4.8,12.5,8.2,3.87,14.5,57,67,40,10.2
2011-03-17,0.0,8.0,15.6,11.3,4.74,15.0,59,77,41,11.7
2011-03-18,0.0,5.1,18.6,11.6,2.22,10.2,56,81,30,11.7
2011-03-19,0.0,4.1,20.9,12.4,1.64,5.4,59,83,32,11.7
2011-03-20,0.0,6.1,17.6,11.5,1.69,11.2,66,88,46,11.7
2011-03-21,0.0,6.6,12.7,9.1,2.11,10.7,70,90,47,11.0
2011-03-22,0.2,3.5,10.1,6.9,3.37,13.3,72,97,47,9.7
2011-03-23,18.7,4.7,12.7,8.1,3.62,13.3,95,100,82,7.2
2011-03-24,14.4,7.6,12.8,9.6,3.21,11.7,95,99,85,5.7
2011-03-25,0.0,7.0,15.1,10.5,1.37,7.5,86,100,61,3.8
2011-03-26,0.0,6.5,19.4,12.2,1.43,6.9,75,100,40,11.9
2011-03-27,0.0,8.2,16.6,11.9,2.77,11.5,66,93,40,11.9
2011-03-28,0.0,8.0,17.0,12.4,3.01,11.3,63,87,44,11.9
2011-03-29,5.5,7.3,16.6,11.7,2.17,10.6,73,92,54,11.7
2011-03-30,0.0,8.0,17.5,13.0,3.0,12.7,65,86,45,11.9
2011-03-31,0.0,6.4,21.2,13.7,1.73,6.2,68,88,44,12.0
2011-04-01,0.0,6.9,21.3,14.0,1.85,9.8,66,90,39,12.1
2011-04-02,0.0,5.7,25.6,15.2,1.67,7.9,59,82,31,12.0
2011-04-03,0.0,10.9,21.1,15.7,1.56,7.7,69,87,46,2.0
2011-04-04,0.0,10.9,21.4,15.4,2.3,9.8,70,95,41,11.9
2011-04-05,0.0,9.1,20.4,14.4,2.05,11.8,61,79,44,12.2
2011-04-06,0.0,9.6,21.4,15.0,2.04,11.1,54,76,28,12.2
2011-04-07,0.0,8.5,22.3,16.1,1.73,9.3,34,51,23,12.3
2011-04-08,0.0,6.0,26.7,16.4,1.36,6.2,43,70,20,12.4
2011-04-09,0.0,10.4,28.4,19.3,2.57,10.6,44,71,19,12.4
2011-04-10,0.0,12.0,27.0,19.4,2.43,8.4,49,81,28,12.2
2011-04-11,0.0,11.4,20.4,16.3,1.62,8.0,59,82,36,11.6
2011-04-12,0.0,10.0,21.9,15.7,1.77,9.1,61,87,34,12.5
2011-04-13,0.0,7.4,25.2,16.6,1.82,9.3,53,87,22,12.6
2011-04-14,0.0,7.3,27.0,17.6,1.35,7.7,45,71,20,12.7
2011-04-15,0.1,10.3,22.0,15.3,2.26,11.1,64,83,41,12.2
2011-04-16,0.0,9.4,17.5,12.9,2.85,11.6,66,88,44,12.6
2011-04-17,0.0,6.3,18.0,12.1,2.14,10.4,60,85,39,12.8
2011-04-18,0.0,7.7,19.3,12.7,1.82,9.6,56,83,38,12.1
2011-04-19,0.0,6.5,20.3,13.3,2.14,11.2,68,91,41,10.7
2011-04-20,0.0,9.3,20.4,14.0,2.18,11.4,76,99,46,12.6
2011-04-21,10.0,9.2,17.2,12.8,2.28,9.7,85,96,65,7.2
2011-04-22,9.1,7.2,18.1,12.6,1.37,8.2,77,99,41,10.1
2011-04-23,2.7,6.6,15.6,11.2,1.46,7.3,78,92,60,12.3
2011-04-24,3.8,8.6,15.8,11.7,2.13,10.6,83,99,68,8.5
2011-04-25,15.4,9.4,14.1,11.5,2.66,9.8,85,91,74,3.6
2011-04-26,2.1,6.9,20.4,13.7,1.71,6.5,72,93,46,12.7
2011-04-27,1.9,8.3,20.5,14.3,1.51,10.1,75,91,54,13.3
2011-04-28,0.0,7.4,21.1,15.0,1.71,7.8,69,96,44,13.5
2011-04-29,10.6,10.1,13.8,11.9,1.64,6.1,79,91,66,0.0
2011-04-30,1.5,8.7,15.5,12.1,1.65,7.4,77,95,57,7.0
2011-05-01,1.0,8.9,17.2,12.8,2.02,9.6,80,98,56,11.1
2011-05-02,20.5,9.7,16.1,12.2,1.72,5.9,92,98,74,3.1
2011-05-03,9.3,10.5,20.7,15.5,2.38,10.4,74,96,48,13.5
2011-05-04,0.0,10.1,21.5,16.1,1.93,7.1,68,92,41,13.7
2011-05-05,0.6,10.5,20.9,16.1,1.9,10.4,75,93,53,13.8
2011-05-06,0.0,9.0,21.8,15.7,2.27,11.5,78,100,56,13.1
2011-05-07,6.7,11.8,18.3,14.8,1.64,11.3,75,95,50,10.9
2011-05-08,0.0,7.2,23.0,15.3,1.43,5.0,64,89,42,13.9
2011-05-09,0.0,8.8,23.5,16.7,1.78,9.3,67,89,43,13.9
2011-05-10,0.0,12.9,21.9,16.9,1.97,10.9,68,87,49,13.9
2011-05-11,0.0,9.3,22.2,16.2,1.81,9.5,55,80,35,13.7
2011-05-12,0.0,10.2,22.8,17.0,1.54,8.9,53,80,35,13.1
2011-05-13,0.3,12.4,20.9,17.1,1.34,7.2,54,69,40,10.9
2011-05-14,0.2,10.8,27.0,19.4,1.42,7.3,60,88,37,14.0
2011-05-15,0.0,12.7,18.5,16.2,2.16,10.1,75,91,64,6.1
2011-05-16,0.0,11.4,20.3,15.3,2.17,9.9,72,98,50,12.7
2011-05-17,0.0,11.1,21.4,16.0,1.99,10.9,61,87,39,13.1
2011-05-18,2.9,11.6,18.4,14.5,1.91,10.2,70,83,56,8.1
2011-05-19,0.3,8.6,16.7,13.4,2.04,7.3,73,91,54,8.2
2011-05-20,0.1,8.3,19.0,14.5,2.53,10.5,68,94,47,14.0
2011-05-21,0.0,7.6,22.8,15.8,2.28,9.1,54,80,29,14.0
2011-05-22,0.0,9.1,25.4,17.6,1.68,10.2,56,86,28,14.0
2011-05-23,0.0,9.9,25.6,18.5,1.51,7.7,51,83,25,14.0
2011-05-24,0.0,11.5,27.2,19.8,2.11,10.4,47,75,27,14.0
2011-05-25,0.0,11.0,28.2,20.6,1.99,9.9,47,80,25,14.0
2011-05-26,0.0,13.1,28.9,21.6,2.28,10.6,41,71,19,11.7
2011-05-27,0.1,14.9,26.8,21.5,1.81,8.6,54,79,36,12.5
2011-05-28,0.6,15.7,26.3,20.3,1.76,10.4,70,87,46,13.2
2011-05-29,0.1,14.8,26.0,20.2,2.09,11.6,68,93,43,12.6
2011-05-30,2.7,12.8,25.2,19.2,1.15,9.6,69,93,45,14.0
2011-05-31,0.0,13.4,24.0,19.0,2.03,7.9,62,86,39,13.9
2011-06-01,6.4,14.3,17.9,15.9,1.89,8.0,87,97,77,6.4
2011-06-02,0.2,13.0,17.6,14.9,1.71,7.5,78,96,56,6.7
2011-06-03,0.0,11.5,18.9,15.1,1.59,7.2,68,95,45,13.7
2011-06-04,0.0,9.3,21.2,15.5,1.83,8.1,61,89,33,14.0
2011-06-05,0.0,9.1,23.2,16.6,1.99,9.8,65,95,38,14.0
2011-06-06,7.3,12.0,20.9,16.4,1.35,9.9,74,86,56,12.2
2011-06-07,2.0,11.9,20.1,16.3,1.68,8.2,71,91,53,13.0
2011-06-08,0.0,13.7,21.6,17.7,2.08,9.7,61,81,43,14.0
2011-06-09,0.0,10.2,25.4,18.6,1.86,9.8,54,82,30,13.0
2011-06-10,0.0,13.0,24.7,19.9,1.42,7.4,53,83,33,14.0
2011-06-11,0.1,14.3,24.3,19.2,2.05,9.8,60,78,44,13.9
2011-06-12,0.0,12.4,29.2,21.1,1.79,11.4,62,95,34,14.0
2011-06-13,0.0,14.0,30.7,23.1,0.88,6.9,53,87,26,14.0
2011-06-14,0.0,14.2,30.0,22.5,2.16,12.4,49,71,28,14.0
2011-06-15,0.0,14.1,31.2,23.3,1.82,11.8,55,85,28,14.0
2011-06-16,0.0,15.0,32.8,24.7,1.38,8.8,50,83,22,14.0
2011-06-17,0.0,16.4,33.4,25.6,1.23,8.7,46,78,21,14.0
2011-06-18,0.0,17.1,32.0,25.4,1.95,9.0,37,66,22,14.0
2011-06-19,0.2,17.6,29.9,23.3,2.38,11.1,56,89,35,14.0
2011-06-20,0.0,16.5,30.1,23.3,1.81,10.6,66,96,37,14.0
2011-06-21,0.0,16.1,31.5,24.4,1.88,10.8,58,93,30,13.6
2011-06-22,1.7,16.8,33.5,25.8,1.52,9.0,50,83,24,14.0
2011-06-23,0.0,17.4,31.2,24.7,2.33,11.0,56,77,33,14.0
2011-06-24,0.2,18.6,28.1,22.6,2.28,9.9,70,92,46,12.6
2011-06-25,0.0,17.2,29.8,23.1,1.82,9.7,59,87,35,14.0
2011-06-26,0.0,16.6,32.1,24.6,1.9,10.0,51,82,27,14.0
2011-06-27,0.0,18.4,32.8,25.4,1.76,9.6,47,72,23,14.0
2011-06-28,0.2,16.8,36.0,27.1,1.6,9.8,48,86,18,14.0
2011-06-29,0.5,18.5,32.5,26.2,2.29,11.0,47,69,34,14.0
2011-06-30,0.0,18.3,29.6,23.7,2.37,10.4,71,97,45,14.0
2011-07-01,0.5,18.6,31.0,24.3,1.8,9.0,68,94,39,12.0
2011-07-02,0.0,17.7,34.8,27.2,1.19,10.7,44,77,16,14.0
2011-07-03,4.8,20.6,31.5,25.8,1.24,8.9,46,67,32,13.0
2011-07-04,0.0,15.7,30.7,23.5,1.75,8.1,42,67,21,14.0
2011-07-05,0.0,16.0,33.3,25.2,1.68,11.6,44,75,21,14.0
2011-07-06,0.0,18.6,35.6,27.5,1.71,8.5,35,59,16,14.0
2011-07-07,0.0,19.3,34.5,27.5,2.05,11.0,28,62,11,14.0
2011-07-08,0.0,16.5,33.1,25.4,2.49,12.8,32,60,17,14.0
2011-07-09,0.0,16.6,33.4,25.8,1.81,10.1,47,75,24,14.0
2011-07-10,0.0,18.1,34.1,26.5,1.95,10.8,53,82,27,13.4
2011-07-11,0.0,20.6,33.1,26.5,2.02,10.7,58,80,37,13.4
2011-07-12,1.6,21.1,35.7,27.4,1.57,13.8,57,87,24,10.2
2011-07-13,0.0,19.9,29.8,25.0,2.46,9.3,35,51,22,14.0
2011-07-14,1.5,18.5,27.1,22.6,2.03,10.6,57,80,41,13.9
2011-07-15,0.0,17.4,28.4,22.4,2.17,11.0,68,97,38,13.7
2011-07-16,0.0,15.9,33.5,25.0,2.26,12.2,53,92,22,14.0
2011-07-17,0.0,19.5,33.9,27.0,2.71,11.4,37,57,20,14.0
2011-07-18,0.6,19.5,29.0,23.9,2.57,12.3,56,82,35,12.3
2011-07-19,0.0,17.6,29.9,24.0,2.68,12.1,44,82,26,13.9
2011-07-20,0.0,17.1,30.0,23.0,2.4,10.3,61,96,33,13.8
2011-07-21,0.0,17.5,31.8,24.2,2.03,10.3,54,83,28,13.8
2011-07-22,0.1,18.1,29.1,22.7,2.11,10.5,59,79,36,13.3
2011-07-23,0.2,18.9,27.7,23.2,2.17,8.8,71,93,52,11.0
2011-07-24,0.0,18.5,31.4,24.3,1.73,10.9,53,79,22,13.2
2011-07-25,0.1,19.1,31.0,24.7,1.47,8.0,55,95,22,12.2
2011-07-26,0.0,19.1,33.2,26.2,2.02,12.7,49,77,22,13.7
2011-07-27,0.0,19.7,31.3,24.6,2.45,12.3,57,75,33,13.8
2011-07-28,0.0,18.3,30.3,23.4,2.38,10.7,64,86,39,13.6
2011-07-29,0.0,18.0,32.6,25.0,1.96,10.1,62,94,29,13.7
2011-07-30,0.3,19.7,32.5,25.4,1.93,11.7,57,79,26,11.7
2011-07-31,0.0,19.3,32.7,24.9,2.24,11.3,68,98,29,12.6
2011-08-01,0.0,19.3,31.1,24.5,2.53,11.8,68,99,35,12.6
2011-08-02,0.0,17.8,32.2,24.7,1.69,10.8,56,83,28,13.6
2011-08-03,0.0,17.7,33.8,25.7,1.77,11.3,52,82,22,13.6
2011-08-04,0.0,18.8,32.7,25.5,1.84,9.9,61,87,32,13.6
2011-08-05,0.4,19.2,33.0,26.1,1.59,9.4,60,88,31,13.2
2011-08-06,0.0,19.3,35.4,27.7,0.99,6.3,46,77,22,13.4
2011-08-07,0.0,20.5,37.2,28.9,1.85,9.1,39,68,20,13.5
2011-08-08,0.0,19.7,36.2,27.1,2.4,14.3,46,75,19,13.5
2011-08-09,0.2,20.1,29.7,23.8,2.96,10.6,66,89,40,13.2
2011-08-10,0.0,18.0,28.3,22.4,2.37,11.0,65,88,42,13.3
2011-08-11,0.0,17.2,31.0,23.7,1.79,9.2,58,83,35,13.4
2011-08-12,0.0,18.6,33.0,25.3,1.97,11.3,49,82,20,13.3
2011-08-13,0.0,17.0,31.7,25.2,1.2,7.3,41,71,24,13.4
2011-08-14,0.0,18.3,35.4,27.1,1.66,10.6,41,68,18,13.3
2011-08-15,0.0,19.2,35.8,27.7,1.99,12.4,44,64,22,13.2
2011-08-16,0.0,20.9,34.1,27.0,1.89,10.7,55,82,29,13.1
2011-08-17,0.0,18.6,35.2,27.0,1.77,11.4,48,84,21,13.1
2011-08-18,0.0,20.3,33.2,26.4,2.21,11.2,48,68,28,13.0
2011-08-19,0.0,20.5,34.2,26.8,1.84,10.0,51,76,26,12.9
2011-08-20,0.0,20.1,34.4,26.9,1.99,11.3,45,74,22,12.9
2011-08-21,0.0,19.8,34.4,26.7,2.16,12.0,37,57,17,12.9
2011-08-22,0.0,18.3,34.0,26.0,1.67,10.1,48,74,26,12.8
2011-08-23,0.1,18.2,34.6,26.5,1.96,9.6,47,70,22,12.7
2011-08-24,0.0,18.5,35.2,27.0,1.7,9.6,46,71,19,12.8
2011-08-25,0.0,17.9,35.1,27.0,1.19,9.3,35,62,13,12.8
2011-08-26,0.0,18.0,31.3,25.2,2.65,11.3,36,62,24,12.7
2011-08-27,0.0,17.8,28.4,22.6,2.96,12.2,46,76,33,12.3
2011-08-28,0.0,19.7,29.1,23.3,2.43,9.1,72,91,45,9.1
2011-08-29,9.0,17.0,31.6,22.9,1.16,9.8,69,92,31,10.8
2011-08-30,0.0,17.6,31.5,24.4,1.44,7.1,53,79,26,12.4
2011-08-31,0.0,16.9,31.4,24.1,1.74,8.8,44,67,22,12.3
2011-09-01,0.3,15.0,29.5,22.8,1.86,11.5,50,78,30,12.2
2011-09-02,7.0,17.4,22.4,19.5,1.12,10.4,77,91,58,5.0
2011-09-03,0.0,14.0,23.8,18.9,2.15,8.7,65,91,40,12.0
2011-09-04,0.0,14.4,28.2,21.2,1.63,6.8,54,79,32,12.1
2011-09-05,0.0,14.0,29.2,21.5,1.92,10.6,57,84,29,12.0
2011-09-06,0.0,17.9,29.0,22.5,1.65,10.0,65,84,35,12.0
2011-09-07,0.0,15.4,31.3,23.6,1.44,8.3,59,96,23,12.0
2011-09-08,0.0,15.4,32.5,24.3,1.76,9.7,49,78,21,12.0
2011-09-09,0.0,15.8,32.4,24.3,2.06,10.7,39,65,16,12.0
2011-09-10,0.0,14.2,33.2,23.8,1.79,10.2,36,61,11,12.0
2011-09-11,0.0,15.7,33.3,24.6,1.16,6.2,38,62,17,12.0
2011-09-12,0.0,17.1,31.0,24.0,2.2,9.7,42,66,24,12.0
2011-09-13,0.0,17.4,29.7,23.5,1.59,9.3,55,78,31,12.0
2011-09-14,0.0,17.7,28.8,23.0,1.93,10.2,55,79,29,12.0
2011-09-15,0.0,14.6,29.2,22.1,1.81,9.5,60,88,30,12.0
2011-09-16,0.0,14.4,31.7,23.0,1.52,9.2,60,96,23,12.0
2011-09-17,0.0,16.4,32.6,24.3,1.2,8.7,56,91,21,12.0
2011-09-18,0.0,16.4,32.1,24.1,2.07,10.4,38,65,17,12.0
2011-09-19,0.0,16.7,27.7,21.1,1.85,9.6,56,79,27,10.3
2011-09-20,0.0,14.3,26.7,20.1,1.67,8.7,64,95,33,12.0
2011-09-21,0.0,14.2,28.0,20.6,1.6,8.8,64,89,34,12.0
2011-09-22,0.0,14.8,28.3,21.4,1.54,9.3,67,93,35,12.0
2011-09-23,2.5,17.1,26.3,20.8,1.41,8.9,75,99,41,8.2
2011-09-24,3.6,14.2,27.2,20.8,1.43,7.9,63,97,27,12.0
2011-09-25,0.0,17.0,26.0,20.6,1.65,9.3,56,86,40,11.9
2011-09-26,0.0,14.7,25.7,19.9,1.62,8.5,71,99,40,10.9
2011-09-27,0.0,13.4,25.7,19.7,1.84,9.0,67,95,33,11.8
2011-09-28,0.0,13.1,24.8,19.3,1.84,9.7,66,95,36,11.5
2011-09-29,1.8,14.5,22.7,18.4,2.09,10.1,73,90,56,11.2
2011-09-30,0.2,12.9,23.9,18.4,1.94,9.5,73,99,41,11.7
2011-10-01,0.0,13.4,22.9,18.1,2.35,10.8,74,98,46,11.0
2011-10-02,0.0,14.0,23.9,18.5,1.89,8.1,72,98,42,11.6
2011-10-03,0.0,12.2,27.1,19.5,1.36,6.6,62,97,25,11.0
2011-10-04,0.0,13.1,26.0,19.5,1.56,8.1,52,79,25,11.5
2011-10-05,0.0,11.0,26.8,18.9,1.44,7.2,43,66,20,11.5
2011-10-06,0.0,10.7,29.0,19.6,1.3,6.5,42,70,14,11.5
2011-10-07,0.0,12.2,28.7,19.8,1.75,9.7,45,81,19,8.8
2011-10-08,0.2,13.0,22.0,17.2,2.07,8.6,53,93,27,11.2
2011-10-09,0.0,10.1,24.1,16.7,1.43,6.4,48,68,25,11.2
2011-10-10,0.0,9.9,25.7,18.0,1.37,8.4,55,90,24,11.1
2011-10-11,0.0,11.1,29.6,19.8,1.31,5.6,38,65,13,11.0
2011-10-12,0.0,12.7,30.0,20.8,1.45,6.5,34,52,14,11.0
2011-10-13,0.0,12.5,30.1,20.9,1.32,5.7,36,60,12,11.0
2011-10-14,0.0,14.3,25.8,19.7,1.51,9.0,46,83,34,10.8
2011-10-15,0.5,15.2,21.6,17.9,1.66,8.4,77,96,53,10.4
2011-10-16,0.0,13.6,22.4,17.1,1.44,8.9,75,96,41,9.5
2011-10-17,0.5,13.9,20.2,16.3,1.34,7.2,76,98,47,8.9
2011-10-18,0.0,8.8,20.3,14.9,1.38,6.9,67,98,37,10.4
2011-10-19,0.0,8.1,24.7,16.2,1.09,4.9,54,89,19,10.5
2011-10-20,0.0,10.9,19.6,15.0,1.67,6.3,61,80,47,7.7
2011-10-21,0.7,12.7,19.4,15.1,1.54,8.3,80,96,52,9.0
2011-10-22,1.8,12.6,18.9,15.0,1.53,8.8,81,99,53,9.3
2011-10-23,1.2,11.0,21.4,15.2,1.5,9.1,80,100,45,10.2
2011-10-24,2.9,12.2,17.7,14.3,1.45,11.4,82,95,65,3.3
2011-10-25,0.0,8.5,17.9,13.1,2.27,9.6,62,89,31,10.3
2011-10-26,0.0,5.9,18.3,12.1,2.28,10.4,69,89,41,6.8
2011-10-27,5.3,8.9,18.2,12.6,1.36,9.3,79,99,45,4.9
2011-10-28,1.1,9.8,17.3,13.0,2.28,9.2,76,93,53,9.9
2011-10-29,2.3,12.2,18.7,14.6,3.26,12.8,83,95,65,8.7
2011-10-30,0.1,13.3,18.7,15.6,2.42,8.7,80,97,58,9.0
2011-10-31,0.0,8.6,20.7,14.6,1.26,6.3,75,98,46,10.1
2011-11-01,0.0,11.9,21.2,15.7,1.33,6.8,78,96,47,9.8
2011-11-02,0.0,12.8,19.3,15.2,1.66,7.5,82,100,52,2.4
2011-11-03,4.5,13.1,19.7,15.2,2.01,10.8,80,99,51,6.8
2011-11-04,5.1,9.8,15.4,12.5,1.85,11.2,81,98,61,4.5
2011-11-05,1.1,7.7,11.5,9.4,4.74,15.8,70,82,58,5.9
2011-11-06,0.0,9.0,14.9,11.1,6.5,18.0,60,74,44,9.6
2011-11-07,1.0,10.1,13.2,11.5,3.23,12.1,69,72,63,1.2
2011-11-08,0.0,7.5,18.7,12.8,1.25,5.8,69,91,41,9.9
2011-11-09,0.0,5.8,18.9,11.9,1.22,5.1,70,95,43,9.9
2011-11-10,0.0,6.2,20.5,12.6,1.2,6.0,70,91,41,9.9
2011-11-11,0.0,6.9,20.9,13.3,1.13,6.3,75,93,47,9.9
2011-11-12,0.0,7.6,18.8,13.5,1.61,10.0,77,99,44,9.9
2011-11-13,1.3,11.5,17.5,13.8,2.46,10.0,88,99,63,7.5
2011-11-14,1.1,11.2,16.1,13.0,2.19,9.5,88,99,67,4.1
2011-11-15,0.0,7.3,15.2,11.2,2.34,10.1,75,98,44,9.8
2011-11-16,0.0,6.1,15.7,10.4,1.97,7.0,69,91,42,9.8
2011-11-17,1.4,4.1,14.9,9.3,1.6,7.5,80,98,59,9.0
2011-11-18,8.0,9.6,13.0,10.8,1.35,6.1,98,99,94,2.4
2011-11-19,1.4,10.0,14.8,11.6,1.61,7.9,88,100,62,7.6
2011-11-20,7.2,10.3,14.6,11.5,2.07,11.6,94,100,84,5.3
2011-11-21,9.5,9.6,13.1,11.0,2.46,7.6,93,99,86,3.7
2011-11-22,0.0,10.5,14.0,11.6,3.18,10.0,74,84,59,7.5
2011-11-23,22.7,7.6,11.5,9.7,2.14,9.6,91,97,72,0.3
2011-11-24,2.0,6.4,12.2,9.1,1.53,8.3,91,97,80,6.2
2011-11-25,0.0,5.9,13.8,9.1,1.97,7.5,84,99,60,9.7
2011-11-26,0.0,2.9,14.0,8.5,1.57,5.9,68,89,42,9.7
2011-11-27,0.0,2.4,12.3,7.3,2.01,7.9,74,91,62,7.2
2011-11-28,0.0,5.6,12.9,9.0,2.64,9.4,87,96,72,3.9
2011-11-29,0.0,5.7,15.6,9.7,1.41,4.6,84,98,59,9.6
2011-11-30,0.0,3.7,15.7,8.9,1.38,6.5,84,96,57,9.6
2011-12-01,0.0,5.4,15.3,9.3,1.22,5.6,83,99,56,9.6
2011-12-02,4.2,5.2,13.2,7.8,2.17,12.1,83,94,60,5.6
2011-12-03,6.8,5.1,10.1,7.6,2.85,12.0,88,95,80,3.6
2011-12-04,0.0,4.9,14.9,9.0,1.2,4.2,80,97,51,9.1
2011-12-05,0.0,3.5,15.8,8.4,2.16,8.9,79,94,57,9.5
2011-12-06,0.0,4.6,15.3,8.9,1.81,5.2,80,94,56,9.5
2011-12-07,0.0,4.1,16.1,8.7,1.47,4.3,73,95,43,9.5
2011-12-08,0.0,2.6,16.7,8.5,1.33,4.5,70,87,42,9.4
2011-12-09,0.0,2.9,14.7,7.9,0.89,3.1,74,90,43,5.9
2011-12-10,0.0,2.8,14.2,7.6,1.1,4.3,76,91,49,7.3
2011-12-11,0.3,4.0,11.3,7.3,1.72,7.7,82,95,65,9.0
2011-12-12,0.0,5.0,12.2,8.3,2.39,9.3,75,90,58,7.7
2011-12-13,0.0,3.3,15.2,7.5,1.64,4.9,76,95,46,9.3
2011-12-14,0.0,5.6,14.7,9.3,1.7,6.3,78,91,59,9.1
2011-12-15,0.0,4.8,14.5,9.5,2.12,9.8,67,82,40,9.1
2011-12-16,0.0,3.9,14.6,8.3,3.49,14.8,64,85,37,8.9
2011-12-17,0.2,5.4,11.8,9.3,3.12,12.7,62,83,40,8.0
2011-12-18,0.0,2.8,9.6,5.5,3.16,12.0,58,75,40,9.4
2011-12-19,0.0,-1.8,9.4,3.3,2.26,9.5,63,82,38,9.1
2011-12-20,0.0,-0.3,13.9,5.5,2.41,8.2,59,79,32,9.4
2011-12-21,0.0,7.0,16.2,10.7,4.09,12.1,63,76,50,9.2
2011-12-22,0.0,5.6,18.3,10.5,1.89,6.7,66,86,36,9.4
2011-12-23,0.0,2.1,17.7,8.4,1.23,4.0,67,89,34,9.4
2011-12-24,0.0,2.4,13.7,7.2,1.75,5.2,75,86,53,9.4
2011-12-25,0.0,5.3,11.1,7.5,0.98,5.9,81,99,58,8.8
2011-12-26,0.1,6.0,9.2,7.4,1.13,5.7,84,97,68,2.1
2011-12-27,0.0,1.3,10.7,5.9,2.02,9.1,73,98,43,9.3
2011-12-28,0.0,3.5,11.6,6.7,2.3,8.6,78,97,50,9.0
2011-12-29,0.0,0.6,11.1,5.3,2.6,10.1,70,89,48,9.0
2011-12-30,0.0,-0.8,12.3,5.3,2.73,9.9,60,84,32,9.3
2011-12-31,0.0,3.8,17.1,8.7,2.66,8.4,61,86,44,9.3
2012-01-01,0.0,3.3,18.2,9.3,1.44,4.8,72,91,41,9.3
2012-01-02,0.0,6.0,12.4,8.6,2.94,15.1,71,85,55,9.3
2012-01-03,0.0,3.1,16.5,8.3,1.76,5.5,67,91,33,9.3
2012-01-04,0.0,1.7,16.5,7.8,2.13,10.1,62,86,28,9.4
2012-01-05,0.0,3.9,19.3,9.8,2.59,9.9,57,83,25,9.3
2012-01-06,0.0,7.9,16.8,11.9,4.06,14.9,48,79,36,8.7
2012-01-07,0.0,2.1,15.4,8.3,1.19,4.8,69,94,35,9.1
2012-01-08,0.0,0.2,15.4,7.1,0.96,4.3,62,85,31,9.5
2012-01-09,0.0,0.7,13.5,6.2,1.59,6.9,63,85,39,9.5
2012-01-10,0.0,3.5,11.6,6.4,1.31,7.4,82,98,58,6.1
2012-01-11,0.0,0.5,12.1,5.4,1.35,7.6,74,95,43,9.0
2012-01-12,0.0,4.9,11.0,7.1,0.96,5.3,83,98,57,7.2
2012-01-13,0.1,4.0,12.4,7.6,0.72,3.9,76,93,51,7.6
2012-01-14,0.0,1.6,13.0,6.5,2.53,8.9,71,91,43,9.5
2012-01-15,1.2,1.1,12.8,6.1,1.52,5.6,75,93,41,7.2
2012-01-16,4.2,3.1,9.1,5.5,1.6,10.5,81,97,54,8.6
2012-01-17,7.4,3.3,9.1,6.1,4.41,11.8,88,99,68,5.4
2012-01-18,0.0,4.9,11.8,7.6,1.72,5.9,77,97,49,9.0
2012-01-19,0.0,0.8,12.2,5.9,1.02,4.3,72,93,42,9.4
2012-01-20,0.0,0.6,14.1,6.3,2.29,9.7,69,86,51,9.6
2012-01-21,0.0,0.8,14.5,7.2,1.56,5.0,70,93,40,9.6
2012-01-22,0.0,0.3,15.1,6.9,1.26,4.5,63,83,37,9.6
2012-01-23,0.0,1.2,15.7,7.6,1.4,4.7,71,92,42,9.6
2012-01-24,0.0,1.0,15.0,7.3,1.3,5.1,75,93,49,9.6
2012-01-25,0.0,1.2,14.6,7.3,1.3,6.3,78,96,47,9.6
2012-01-26,0.0,1.9,14.1,7.3,1.36,4.7,76,96,44,9.6
2012-01-27,3.9,2.7,9.7,5.9,1.05,6.2,91,98,82,6.7
2012-01-28,0.0,3.8,9.1,6.3,2.14,8.5,84,98,64,4.8
2012-01-29,0.0,0.0,9.3,4.2,3.91,14.2,54,85,26,9.8
2012-01-30,0.0,0.0,10.0,4.5,2.89,10.1,39,63,23,9.8
2012-01-31,0.0,-1.6,14.4,4.9,1.46,5.3,52,71,30,9.9
2012-02-01,0.0,0.3,15.2,6.3,2.1,8.7,57,77,27,9.9
2012-02-02,6.4,0.8,5.2,2.5,3.02,13.3,67,100,34,6.2
2012-02-03,0.0,-2.8,3.9,-0.1,5.62,15.2,36,52,16,10.0
2012-02-04,0.0,-2.6,4.7,0.3,6.69,22.1,27,38,19,10.0
2012-02-05,0.6,-0.5,5.9,2.6,5.12,17.5,55,71,42,4.9
2012-02-06,0.0,2.7,11.6,6.8,6.78,18.5,57,72,41,9.8
2012-02-07,0.4,3.4,8.9,6.5,5.91,15.2,63,74,37,5.6
2012-02-08,0.0,-1.4,5.0,1.8,3.69,13.5,31,38,22,10.4
2012-02-09,0.0,-2.9,7.6,2.4,1.36,5.6,34,54,25,10.4
2012-02-10,0.0,-1.9,10.1,3.0,2.05,8.3,44,62,24,10.4
2012-02-11,0.0,-3.6,7.0,1.2,2.75,11.4,38,66,13,10.5
2012-02-12,0.0,-4.8,5.1,-0.4,2.85,11.2,30,49,21,10.5
2012-02-13,0.0,-3.9,6.6,0.7,3.17,12.6,27,37,14,10.6
2012-02-14,0.1,-0.3,9.1,4.1,4.02,14.2,55,78,39,9.4
2012-02-15,0.0,-3.4,10.1,3.0,1.38,6.9,60,86,26,10.6
2012-02-16,0.0,-0.6,9.4,3.9,2.36,9.2,61,81,40,8.5
2012-02-17,0.2,0.1,8.7,4.6,1.64,8.5,73,87,56,8.5
2012-02-18,0.0,-0.4,13.3,6.1,1.01,5.6,69,96,33,10.7
2012-02-19,0.0,-1.1,14.1,6.3,2.08,9.3,56,86,27,10.8
2012-02-20,0.0,0.0,12.1,5.5,1.56,7.8,58,82,25,10.8
2012-02-21,0.0,-1.0,11.6,5.0,1.56,7.4,66,97,29,10.8
2012-02-22,0.0,-0.8,12.4,5.7,1.63,6.6,64,98,27,10.8
2012-02-23,0.0,-0.8,14.9,6.2,1.7,6.9,44,67,17,10.8
2012-02-24,0.0,-1.1,15.6,6.9,1.71,8.2,38,57,17,10.8
2012-02-25,0.0,-0.2,17.9,8.6,1.56,7.4,46,82,18,10.9
2012-02-26,0.0,5.2,19.2,11.4,3.06,12.8,35,44,24,10.9
2012-02-27,0.0,4.3,17.4,10.8,2.4,9.1,52,86,35,10.9
2012-02-28,0.0,4.6,16.2,9.8,1.59,9.0,71,98,38,10.9
2012-02-29,0.2,1.5,17.7,9.6,1.33,6.9,63,92,31,10.9
2012-03-01,0.3,2.0,18.3,9.9,1.63,9.4,65,90,30,10.9
2012-03-02,2.9,5.2,12.0,8.4,1.66,9.0,90,99,76,6.9
2012-03-03,0.0,3.6,17.0,9.4,2.58,10.5,67,96,31,11.0
2012-03-04,0.0,3.8,18.9,11.1,3.02,13.3,58,83,35,11.0
2012-03-05,0.0,8.6,17.0,12.1,2.54,8.8,56,88,18,11.0
2012-03-06,0.0,2.7,14.1,8.5,2.75,11.9,40,76,13,11.1
2012-03-07,0.0,0.5,12.9,7.0,2.03,7.7,42,74,23,11.2
2012-03-08,0.0,2.3,17.8,9.7,3.61,13.8,37,54,23,11.2
2012-03-09,0.0,4.9,14.5,9.0,1.71,8.8,51,78,27,10.1
2012-03-10,0.0,1.1,14.0,7.6,1.53,7.8,63,98,25,11.3
2012-03-11,0.0,0.7,16.7,8.6,1.56,7.5,44,65,22,11.4
2012-03-12,0.0,1.4,20.1,10.5,1.58,7.8,43,67,18,11.5
2012-03-13,0.0,2.7,21.0,11.9,1.41,7.4,46,78,18,11.6
2012-03-14,0.0,5.5,22.2,13.4,1.52,8.7,36,56,16,11.6
2012-03-15,0.0,5.7,20.7,12.9,1.72,9.9,38,55,19,11.3
2012-03-16,0.0,2.4,19.8,11.4,1.66,10.4,50,77,22,11.7
2012-03-17,0.0,3.8,21.1,12.0,1.13,6.7,57,90,20,11.7
2012-03-18,0.0,4.3,20.3,12.1,1.56,7.0,48,85,19,11.7
2012-03-19,0.0,3.3,14.5,9.0,2.65,10.9,42,74,27,10.7
2012-03-20,34.7,1.9,7.0,3.5,3.3,12.6,94,99,77,0.4
2012-03-21,1.6,-0.4,11.6,4.9,1.89,7.9,75,94,40,11.8
2012-03-22,0.0,-2.4,14.3,6.7,1.29,5.5,60,83,33,11.8
2012-03-23,0.0,2.2,16.7,9.3,1.68,9.6,61,84,36,11.8
2012-03-24,0.0,3.7,15.0,9.9,1.19,5.9,55,74,38,6.4
2012-03-25,0.0,5.3,17.1,11.0,1.79,9.3,60,83,36,11.9
2012-03-26,0.0,5.1,15.5,10.4,2.2,11.6,64,81,42,11.9
2012-03-27,0.0,3.4,16.4,10.6,2.56,11.6,57,80,34,11.9
2012-03-28,0.0,4.2,16.9,10.8,2.56,12.8,59,80,34,12.0
2012-03-29,0.0,4.2,16.9,10.8,2.12,11.0,62,85,38,12.0
2012-03-30,0.0,3.2,18.8,11.4,1.7,9.2,53,87,26,12.0
2012-03-31,0.0,6.0,19.5,12.3,1.37,7.2,49,70,26,10.4
2012-04-01,0.0,5.0,19.8,12.7,1.47,7.2,62,88,36,10.4
2012-04-02,0.0,6.1,17.6,12.3,1.51,8.3,68,92,44,12.0
2012-04-03,6.8,7.5,16.3,11.3,1.15,6.6,77,95,51,10.3
2012-04-04,5.5,7.4,17.2,11.2,1.4,8.7,79,94,49,10.6
2012-04-05,6.7,5.9,15.4,10.3,1.47,8.7,73,95,44,12.1
2012-04-06,3.6,5.2,14.0,9.2,2.28,10.9,59,92,26,12.0
2012-04-07,0.1,5.1,14.5,9.5,3.11,13.5,51,76,28,12.4
2012-04-08,0.0,2.5,19.9,11.3,2.04,8.7,51,78,27,12.4
2012-04-09,0.0,4.1,23.9,13.8,1.61,9.4,52,81,25,12.4
2012-04-10,0.0,9.0,19.7,14.4,3.68,16.4,50,73,30,11.8
2012-04-11,0.0,10.8,21.2,14.9,2.01,9.3,48,70,26,12.5
2012-04-12,2.7,6.8,17.0,11.3,1.37,6.1,64,89,37,5.5
2012-04-13,1.0,6.3,14.2,9.8,4.21,17.0,64,89,38,10.5
2012-04-14,0.4,7.7,12.4,9.9,4.9,22.1,64,74,44,12.4
2012-04-15,0.2,6.0,13.2,9.0,5.49,17.6,58,76,42,12.2
2012-04-16,0.0,4.3,14.5,9.4,5.56,17.3,37,57,19,12.5
2012-04-17,0.0,4.2,18.9,11.4,3.88,13.4,37,49,28,12.9
2012-04-18,0.0,9.2,17.4,12.8,3.85,14.5,49,74,30,11.1
2012-04-19,0.0,8.6,14.4,11.5,5.29,18.8,61,73,50,12.7
2012-04-20,0.0,9.0,16.8,12.8,3.96,14.4,59,71,45,13.0
2012-04-21,0.0,8.0,21.5,14.8,2.18,12.1,59,92,31,13.0
2012-04-22,0.4,7.4,21.8,14.9,1.55,8.8,58,89,32,12.9
2012-04-23,0.0,6.9,22.7,15.0,2.77,12.9,49,79,24,13.2
2012-04-24,0.0,9.7,21.9,15.8,2.18,9.3,47,80,26,13.2
2012-04-25,0.0,7.1,25.8,16.5,1.74,10.4,45,75,19,12.7
2012-04-26,0.0,8.4,26.5,17.6,2.13,11.9,47,78,22,13.4
2012-04-27,0.0,11.9,25.4,18.1,2.13,12.2,52,83,28,13.0
2012-04-28,3.8,10.9,20.9,13.9,2.48,17.5,68,89,48,11.5
2012-04-29,4.8,6.2,14.2,10.3,1.97,9.8,64,83,40,8.2
2012-04-30,0.4,5.3,16.5,10.3,1.86,9.1,60,85,32,12.4
2012-05-01,0.1,4.0,16.6,10.7,2.24,9.6,59,89,34,13.7
2012-05-02,0.0,5.4,20.3,13.1,1.61,10.1,56,85,29,13.7
2012-05-03,0.0,5.3,22.1,14.4,1.29,7.7,57,93,24,13.7
2012-05-04,0.0,9.2,18.5,14.4,2.84,14.1,57,83,37,13.0
2012-05-05,7.6,9.3,16.0,12.8,1.35,7.7,76,95,53,5.3
2012-05-06,0.3,9.6,19.6,14.0,2.69,10.8,63,96,33,13.8
2012-05-07,0.0,6.0,24.0,15.2,1.64,10.0,52,84,27,13.9
2012-05-08,0.0,8.9,26.9,18.1,1.32,8.3,56,84,33,12.9
2012-05-09,0.0,12.6,27.1,20.3,1.8,9.7,53,87,25,13.9
2012-05-10,0.0,12.6,28.1,20.6,2.11,11.3,38,59,25,13.9
2012-05-11,0.0,14.0,29.1,21.7,1.79,10.3,39,59,24,13.9
2012-05-12,0.0,12.9,31.2,22.8,1.58,8.7,41,70,21,13.9
2012-05-13,0.0,15.1,32.7,24.8,0.99,8.1,36,66,20,13.5
2012-05-14,0.0,19.1,30.1,24.0,2.37,11.4,38,52,24,14.0
2012-05-15,0.0,15.4,29.0,22.3,1.99,11.6,46,65,29,14.0
2012-05-16,0.0,14.9,26.5,19.9,2.23,11.0,52,75,32,12.8
2012-05-17,0.0,12.4,29.6,20.7,1.96,10.3,50,79,25,13.0
2012-05-18,0.0,14.7,28.9,22.2,1.84,9.8,48,75,23,13.6
2012-05-19,0.0,12.5,24.8,19.2,2.34,11.2,50,82,23,14.0
2012-05-20,0.2,10.9,17.7,14.0,4.39,14.2,48,62,29,13.6
2012-05-21,0.0,9.3,20.1,14.3,5.11,15.5,45,70,20,14.0
2012-05-22,0.0,10.6,26.0,18.2,2.91,11.3,32,47,19,14.0
2012-05-23,0.0,10.7,29.3,20.4,2.03,10.5,37,68,13,14.0
2012-05-24,0.0,13.1,29.1,21.1,2.14,12.0,39,66,18,14.0
2012-05-25,0.0,13.0,29.1,21.1,2.42,12.3,38,56,23,12.0
2012-05-26,0.1,12.0,30.5,22.3,1.62,8.5,44,77,20,14.0
2012-05-27,0.0,14.6,29.1,22.4,2.16,10.3,37,55,19,14.0
2012-05-28,0.0,16.6,28.2,21.9,1.94,10.7,47,65,29,13.2
2012-05-29,0.0,13.7,29.2,21.8,2.01,11.0,50,86,24,14.0
2012-05-30,0.0,16.0,29.4,22.5,2.09,11.8,42,66,23,13.5
2012-05-31,0.0,16.4,29.2,22.6,2.27,12.2,36,55,21,14.0
2012-06-01,0.0,14.1,30.5,23.4,2.12,11.3,33,60,18,14.0
2012-06-02,0.0,14.6,33.0,24.6,2.0,12.1,33,61,18,12.2
2012-06-03,0.6,19.5,29.0,24.4,1.88,8.8,45,72,29,12.8
2012-06-04,0.0,15.6,31.8,23.5,1.95,12.9,46,70,19,13.9
2012-06-05,0.0,17.1,31.8,23.7,1.87,11.8,53,75,24,14.0
2012-06-06,0.0,15.9,34.9,26.0,1.73,10.1,38,70,12,14.0
2012-06-07,2.5,17.7,35.8,27.0,1.46,9.7,32,56,16,11.7
2012-06-08,0.9,18.7,31.2,25.2,2.19,10.2,37,66,23,14.0
2012-06-09,0.0,16.5,30.2,23.4,1.76,11.4,32,51,16,14.0
2012-06-10,0.0,16.2,32.7,25.3,2.05,10.5,37,59,25,14.0
2012-06-11,0.0,18.9,31.1,25.4,3.34,15.4,37,69,20,14.0
2012-06-12,0.0,16.1,28.9,22.1,2.9,11.2,32,57,14,14.0
2012-06-13,0.0,15.6,26.4,20.8,2.53,11.8,48,78,25,14.0
2012-06-14,0.0,13.2,28.9,21.2,2.12,10.2,38,62,20,14.0
2012-06-15,0.0,13.6,31.8,23.1,2.05,10.9,44,75,20,14.0
2012-06-16,0.0,15.5,33.1,24.7,1.93,10.2,41,64,22,14.0
2012-06-17,0.0,16.9,30.3,24.5,2.24,11.7,46,68,30,14.0
2012-06-18,0.3,17.5,31.0,24.2,1.89,11.4,52,77,29,13.6
2012-06-19,3.0,17.8,29.7,22.8,1.73,9.6,69,92,39,13.8
2012-06-20,0.0,16.9,31.6,24.5,1.63,10.0,61,94,29,14.0
2012-06-21,0.0,16.9,32.5,25.3,1.48,8.4,39,65,22,14.0
2012-06-22,0.0,18.1,32.8,25.4,2.8,12.0,43,65,22,14.0
2012-06-23,0.0,18.6,32.9,24.9,2.13,11.2,55,81,28,14.0
2012-06-24,0.0,16.8,34.9,26.2,1.99,10.7,49,88,22,14.0
2012-06-25,0.0,19.4,34.3,26.7,2.1,10.9,40,69,20,14.0
2012-06-26,0.0,17.8,36.3,27.5,1.98,10.2,37,65,18,14.0
2012-06-27,0.9,20.8,37.0,28.5,1.34,9.9,39,63,18,11.6
2012-06-28,0.0,21.0,37.3,29.8,2.15,9.7,30,50,12,14.0
2012-06-29,0.0,21.3,38.0,30.2,1.96,8.2,24,45,10,14.0
2012-06-30,0.9,20.0,36.2,28.3,1.86,9.4,24,41,14,14.0
2012-07-01,0.0,18.9,28.5,23.8,3.65,13.3,25,41,15,14.0
2012-07-02,0.0,15.8,30.1,23.1,2.19,11.7,46,80,26,13.1
2012-07-03,0.0,16.7,31.7,24.1,2.31,12.0,51,87,22,13.1
2012-07-04,0.0,16.2,35.0,26.3,1.39,8.9,40,71,16,14.0
2012-07-05,0.0,18.4,33.5,26.8,1.82,9.6,28,49,15,14.0
2012-07-06,0.0,15.7,33.8,25.3,2.55,13.5,28,62,12,14.0
2012-07-07,0.0,17.3,35.0,26.1,1.87,11.2,52,83,20,14.0
2012-07-08,0.0,17.8,36.1,27.1,2.26,13.5,43,70,15,14.0
2012-07-09,0.3,18.7,35.0,26.7,2.11,11.9,47,74,18,14.0
2012-07-10,0.0,17.7,36.6,27.6,1.82,11.0,39,72,11,14.0
2012-07-11,0.0,17.9,35.2,26.9,2.18,13.3,34,61,14,14.0
2012-07-12,0.0,18.6,33.6,25.7,2.13,11.4,45,72,26,14.0
2012-07-13,0.0,17.2,39.3,29.0,1.55,10.4,43,88,12,14.0
2012-07-14,0.0,21.7,37.4,29.8,2.2,10.3,23,40,8,14.0
2012-07-15,0.1,20.4,31.3,24.6,3.15,12.6,66,93,37,12.2
2012-07-16,0.0,18.4,29.6,23.2,2.73,10.3,65,90,38,14.0
2012-07-17,0.0,17.0,30.7,24.0,2.02,10.2,55,88,32,14.0
2012-07-18,0.0,15.9,33.6,25.3,1.84,10.5,37,72,13,13.9
2012-07-19,0.0,16.5,35.0,26.4,2.02,11.5,27,48,13,13.9
2012-07-20,0.0,18.6,36.0,28.1,2.0,11.6,31,52,16,13.9
2012-07-21,0.4,19.3,33.4,26.1,2.59,11.9,36,73,23,13.9
2012-07-22,0.0,19.2,32.8,24.8,2.42,11.8,65,94,32,13.1
2012-07-23,0.0,18.2,29.9,23.2,2.82,12.3,67,97,38,13.8
2012-07-24,0.0,17.0,29.7,22.9,2.5,10.8,55,87,31,13.7
2012-07-25,0.0,17.0,31.7,24.5,2.11,11.3,44,71,23,13.8
2012-07-26,0.0,18.9,32.0,25.2,2.36,11.5,47,67,35,13.8
2012-07-27,1.9,18.7,32.7,25.2,1.34,9.5,61,90,33,13.8
2012-07-28,0.1,17.6,31.4,24.9,1.72,8.9,49,66,32,13.8
2012-07-29,0.0,18.2,32.6,25.5,1.91,10.5,56,79,33,13.8
2012-07-30,0.0,18.1,34.0,26.0,1.91,10.6,62,92,32,13.8
2012-07-31,0.0,18.3,37.1,27.8,1.85,11.6,53,82,23,13.8
2012-08-01,0.5,20.0,40.0,30.3,1.21,9.3,36,67,11,13.5
2012-08-02,0.0,21.6,38.9,30.5,2.16,11.5,25,46,13,13.7
2012-08-03,0.0,20.8,36.5,28.5,1.88,11.3,37,60,17,13.6
2012-08-04,1.2,18.3,37.2,28.0,1.49,10.6,42,79,12,13.6
2012-08-05,0.0,18.7,34.8,27.4,1.51,8.3,32,56,12,13.6
2012-08-06,0.0,19.0,32.0,25.4,2.57,12.7,37,63,17,13.6
2012-08-07,0.1,18.7,30.1,23.9,2.91,12.6,64,95,34,13.0
2012-08-08,0.0,18.0,32.9,25.4,1.6,11.0,54,83,30,11.4
2012-08-09,0.3,20.1,37.7,29.2,1.57,9.5,43,73,17,13.1
2012-08-10,0.0,22.3,40.5,31.9,1.38,5.9,27,46,9,13.5
2012-08-11,0.7,22.3,39.9,31.6,1.39,8.1,21,35,9,13.4
2012-08-12,0.0,21.9,37.6,30.4,2.55,13.0,18,28,10,13.4
2012-08-13,0.0,19.3,34.5,27.2,1.68,9.2,25,43,13,13.3
2012-08-14,0.0,18.6,35.4,27.1,1.7,11.3,38,56,16,13.2
2012-08-15,0.0,18.5,35.6,27.3,1.24,6.8,35,63,11,13.2
2012-08-16,0.0,18.8,36.4,27.6,1.98,10.0,31,48,18,13.1
2012-08-17,0.0,19.3,36.8,28.2,1.93,10.8,42,70,19,13.1
2012-08-18,0.0,19.9,36.6,28.3,1.61,10.1,47,76,21,12.8
2012-08-19,0.0,21.0,35.7,28.6,1.75,9.4,45,75,20,12.1
2012-08-20,0.0,21.2,36.4,28.8,1.75,10.0,36,56,15,12.9
2012-08-21,0.4,20.7,37.2,28.8,1.55,10.1,41,66,19,12.9
2012-08-22,0.3,20.9,36.7,28.9,1.91,10.9,42,64,20,12.5
2012-08-23,0.4,20.1,36.1,28.2,1.59,10.3,50,74,23,12.2
2012-08-24,0.0,19.8,36.0,28.3,1.25,7.7,35,68,14,12.8
2012-08-25,0.0,19.4,33.7,27.4,2.21,8.8,29,36,23,12.6
2012-08-26,0.1,19.4,34.4,26.1,2.51,14.2,44,75,21,12.3
2012-08-27,0.2,20.8,33.8,25.9,2.21,11.3,65,92,30,12.3
2012-08-28,0.0,18.6,34.8,27.0,1.65,9.8,50,79,19,12.4
2012-08-29,0.0,19.8,35.7,27.8,1.64,10.2,45,73,16,12.4
2012-08-30,0.4,19.3,35.1,26.6,2.0,12.4,42,85,15,12.0
2012-08-31,25.0,17.3,24.8,20.7,2.08,8.9,75,96,48,10.5
2012-09-01,0.5,17.2,26.8,21.2,1.3,6.9,69,94,37,11.7
2012-09-02,0.4,16.5,21.9,18.4,2.08,7.6,73,92,45,6.0
2012-09-03,0.0,12.0,26.0,18.8,1.61,8.6,65,98,31,12.1
2012-09-04,0.0,13.0,25.5,19.4,1.49,8.0,60,86,34,12.1
2012-09-05,0.0,13.8,26.0,19.8,1.64,8.5,65,86,44,12.0
2012-09-06,0.0,14.8,26.5,20.6,1.79,9.5,61,81,42,12.0
2012-09-07,0.0,15.1,26.7,21.0,1.76,9.5,60,82,41,12.0
2012-09-08,0.0,13.9,28.9,21.6,1.44,9.0,61,93,30,12.0
2012-09-09,0.0,15.4,29.1,22.2,1.29,7.8,61,88,30,12.0
2012-09-10,0.0,17.6,28.4,22.3,1.19,7.5,66,88,37,12.0
2012-09-11,0.0,15.2,29.9,22.9,1.29,6.8,59,87,29,12.0
2012-09-12,0.0,15.9,32.6,24.2,0.94,4.5,54,91,17,12.0
2012-09-13,0.0,17.7,28.2,22.8,2.13,10.2,42,65,20,12.0
2012-09-14,0.0,14.0,27.6,20.6,1.34,6.7,44,74,17,12.0
2012-09-15,0.0,13.5,32.4,22.6,1.66,8.0,40,66,14,12.0
2012-09-16,0.0,14.3,32.8,23.4,1.66,9.1,40,63,13,12.0
2012-09-17,0.0,14.7,32.9,23.7,1.25,7.7,39,61,17,12.0
2012-09-18,0.0,16.7,32.2,24.5,0.97,6.6,40,65,18,7.7
2012-09-19,0.4,19.5,26.4,22.5,2.09,9.6,59,89,47,11.1
2012-09-20,1.5,18.1,24.8,20.3,2.08,9.4,83,99,55,9.3
2012-09-21,0.0,15.2,28.5,21.3,1.4,7.0,71,96,43,12.0
2012-09-22,0.0,15.7,30.8,22.9,1.43,9.4,69,94,38,12.0
2012-09-23,0.0,17.9,33.4,24.8,1.55,9.1,49,87,14,12.0
2012-09-24,0.0,17.4,27.0,22.0,2.66,9.5,37,63,14,11.2
2012-09-25,0.0,11.8,25.9,18.7,2.08,8.0,40,67,20,11.9
2012-09-26,3.4,15.5,23.0,17.7,2.64,15.6,63,90,39,8.2
2012-09-27,3.8,14.2,20.0,16.5,1.52,9.3,84,97,66,7.3
2012-09-28,96.7,12.5,16.9,15.7,1.82,13.9,95,99,81,0.3
2012-09-29,0.1,10.5,18.3,14.3,1.34,6.3,76,92,60,10.2
2012-09-30,0.0,11.5,21.1,16.0,2.0,8.3,66,91,39,11.7
2012-10-01,0.0,8.9,22.8,16.0,0.76,4.5,68,91,40,11.6
2012-10-02,0.0,10.1,23.7,16.7,1.32,5.6,71,90,45,11.6
2012-10-03,0.0,10.8,24.1,17.2,1.43,6.9,72,94,42,11.6
2012-10-04,0.0,10.5,24.9,17.8,1.29,5.9,69,92,44,11.5
2012-10-05,0.0,12.3,24.5,18.2,1.11,5.0,67,84,46,10.8
2012-10-06,0.0,11.9,25.4,18.4,1.01,5.4,75,93,48,11.1
2012-10-07,0.0,13.3,26.9,19.8,1.09,4.3,69,93,41,11.3
2012-10-08,0.0,14.1,28.6,20.9,1.05,4.9,65,86,39,11.2
2012-10-09,0.0,14.1,29.4,21.3,1.51,4.5,55,73,32,11.1
2012-10-10,0.0,15.0,28.5,21.2,0.99,4.9,59,81,34,10.0
2012-10-11,0.2,16.4,24.2,20.1,2.32,11.9,63,88,43,10.6
2012-10-12,5.7,13.9,21.5,16.8,1.21,5.6,74,87,52,7.6
2012-10-13,0.0,11.6,21.3,16.1,1.53,6.7,66,91,33,10.5
2012-10-14,0.0,9.6,22.1,15.3,2.02,8.2,56,79,33,9.5
2012-10-15,0.5,11.1,18.3,14.9,2.78,10.7,55,86,29,10.8
2012-10-16,0.0,6.5,21.6,13.6,1.51,7.7,59,86,33,10.6
2012-10-17,0.0,8.4,23.2,15.1,1.24,6.8,68,91,37,10.3
2012-10-18,0.0,11.6,23.8,17.0,1.98,11.2,67,85,48,9.1
2012-10-19,4.6,13.5,17.5,15.6,1.82,9.8,83,95,73,6.6
2012-10-20,27.0,13.2,15.3,14.1,0.86,8.8,94,99,84,0.0
2012-10-21,21.4,10.3,15.4,12.4,2.45,9.0,76,88,56,3.7
2012-10-22,0.0,9.5,21.4,14.7,1.39,5.8,73,93,48,10.2
2012-10-23,0.0,9.3,21.4,15.5,1.26,5.9,78,98,58,10.2
2012-10-24,0.2,10.6,20.4,15.4,1.14,6.3,85,99,66,5.2
2012-10-25,5.4,12.3,16.8,14.3,0.93,10.0,96,100,90,1.5
2012-10-26,0.3,12.9,18.5,15.1,1.56,11.2,81,99,60,9.6
2012-10-27,0.1,12.8,16.6,14.4,3.5,15.0,72,81,61,10.0
2012-10-28,0.1,5.4,13.0,9.5,3.36,12.3,43,70,31,10.2
2012-10-29,0.0,1.3,15.3,8.1,1.32,6.9,63,83,38,10.1
2012-10-30,4.7,4.9,14.0,9.5,1.67,9.8,83,99,66,6.3
2012-10-31,0.2,7.6,15.4,10.9,2.53,11.1,74,99,48,10.1
2012-11-01,0.0,5.5,17.4,10.7,2.14,9.6,72,93,43,10.0
2012-11-02,0.0,6.3,18.5,11.9,1.31,6.0,74,94,47,9.6
2012-11-03,1.7,11.7,20.9,15.8,1.44,7.3,84,93,71,9.1
2012-11-04,0.3,16.0,22.4,18.7,2.76,11.7,78,92,64,10.0
2012-11-05,3.6,10.8,17.6,14.4,1.72,9.6,67,90,42,9.0
2012-11-06,6.6,7.9,10.5,9.2,1.34,6.9,84,90,76,0.0
2012-11-07,7.9,8.8,11.2,9.9,1.31,8.5,91,99,83,2.6
2012-11-08,1.9,10.0,13.0,11.2,1.02,7.2,95,98,89,0.6
2012-11-09,3.2,9.8,17.0,12.9,1.09,7.6,93,99,78,0.6
2012-11-10,0.4,8.3,15.3,11.6,2.04,8.4,76,99,49,9.9
2012-11-11,30.0,5.5,9.9,8.1,2.77,17.2,88,97,73,1.2
2012-11-12,19.6,5.7,11.4,8.7,3.48,13.1,89,97,75,4.5
2012-11-13,9.4,6.4,10.9,8.7,3.67,11.9,73,90,49,3.0
2012-11-14,12.1,10.2,14.8,12.1,2.08,8.6,95,99,87,8.6
2012-11-15,3.8,11.5,15.9,13.4,1.67,7.5,92,99,75,8.8
2012-11-16,0.5,11.8,16.2,13.2,1.54,8.4,91,99,72,7.6
2012-11-17,0.8,11.3,15.1,12.7,0.96,5.3,90,100,69,3.0
2012-11-18,2.2,9.1,14.0,11.1,1.18,5.9,90,97,79,8.2
2012-11-19,0.0,5.9,15.8,10.4,1.4,5.3,85,99,57,9.8
2012-11-20,0.0,5.6,16.8,10.6,1.29,4.8,83,98,56,9.3
2012-11-21,0.0,8.3,15.8,11.7,1.16,5.6,78,94,56,7.0
2012-11-22,0.0,8.5,14.9,11.2,1.08,5.1,81,92,65,7.0
2012-11-23,0.0,7.3,15.2,10.1,1.34,5.7,87,100,63,9.7
2012-11-24,0.0,5.7,17.0,10.4,0.95,3.7,80,98,49,9.7
2012-11-25,0.0,5.8,18.1,11.0,1.08,4.8,80,93,56,9.3
2012-11-26,0.3,7.0,17.8,11.5,1.37,5.5,78,95,51,6.2
2012-11-27,3.8,5.4,10.9,7.9,3.37,12.9,72,90,48,9.6
2012-11-28,0.0,3.8,8.5,5.8,5.84,17.5,59,70,43,9.6
2012-11-29,0.0,3.9,8.2,5.8,6.22,18.2,60,69,47,9.6
2012-11-30,0.0,1.2,8.4,4.9,2.44,11.2,62,83,47,9.1
2012-12-01,0.0,-0.3,7.6,3.1,2.63,10.6,73,92,48,9.1
2012-12-02,0.0,-2.5,10.0,2.6,1.85,6.3,64,80,37,9.5
2012-12-03,0.0,-0.2,12.8,5.0,2.38,8.0,70,88,53,9.5
2012-12-04,0.0,2.5,11.3,6.3,3.26,13.3,75,89,59,9.5
2012-12-05,0.0,5.2,9.0,7.5,3.39,12.6,68,79,54,7.8
2012-12-06,0.0,1.4,11.9,5.7,1.46,6.5,72,88,45,7.7
2012-12-07,3.9,3.8,12.5,7.8,1.46,11.1,84,89,75,8.3
2012-12-08,0.0,4.1,12.1,8.6,2.98,11.2,73,91,45,9.4
2012-12-09,0.0,-1.5,11.5,4.5,1.14,5.1,74,89,50,9.4
2012-12-10,0.0,-0.2,13.3,5.0,1.4,4.7,70,91,41,8.3
2012-12-11,0.0,-0.6,11.7,4.9,1.11,3.8,73,89,50,9.4
2012-12-12,0.0,0.3,11.4,5.1,0.98,5.1,81,94,60,8.7
2012-12-13,0.0,0.7,13.8,5.5,1.23,4.6,82,96,51,9.4
2012-12-14,0.0,2.5,13.9,7.6,1.98,7.5,80,93,57,6.1
2012-12-15,1.0,10.6,16.4,13.1,2.62,12.4,82,91,75,4.0
2012-12-16,0.0,10.3,15.7,12.3,1.93,7.7,78,92,57,8.2
2012-12-17,0.0,11.0,15.6,12.6,2.47,8.4,74,84,59,7.9
2012-12-18,0.0,8.2,17.2,11.5,1.12,4.9,82,96,56,9.2
2012-12-19,0.0,5.6,17.3,10.1,1.15,4.9,83,95,57,8.0
2012-12-20,0.0,6.4,14.8,9.9,1.9,7.3,81,93,66,8.1
2012-12-21,0.0,7.7,16.0,11.2,3.2,13.6,75,92,54,9.2
2012-12-22,0.0,7.7,18.9,12.1,1.4,8.4,76,92,46,9.2
2012-12-23,0.0,5.2,20.0,11.0,1.17,3.8,72,90,42,9.4
2012-12-24,0.0,4.7,20.4,11.2,1.29,4.6,73,90,39,9.4
2012-12-25,1.5,5.1,15.9,9.3,1.63,8.8,67,87,45,4.8
2012-12-26,0.5,4.2,12.2,8.5,3.15,11.3,72,87,48,9.0
2012-12-27,0.0,1.1,15.3,6.2,1.68,5.1,70,90,35,9.4
2012-12-28,0.0,0.7,15.2,6.4,1.62,4.7,68,86,41,9.3
2012-12-29,0.0,-0.4,15.9,6.3,1.7,8.8,57,84,31,9.4
2012-12-30,0.0,3.9,10.9,7.4,2.87,11.6,69,83,49,9.3
2012-12-31,0.0,-1.2,12.0,4.3,1.1,4.2,76,91,45,9.3
2013-01-01,1.4,1.3,10.3,5.5,2.62,11.9,79,92,57,6.9
2013-01-02,0.0,2.6,10.9,6.3,3.02,11.4,71,89,47,9.1
2013-01-03,0.0,0.3,10.1,5.0,1.87,7.9,71,86,51,9.3
2013-01-04,0.0,-0.3,12.9,5.4,1.33,4.4,74,93,43,9.3
2013-01-05,0.0,0.7,17.0,6.9,2.04,5.7,62,85,33,9.4
2013-01-06,0.0,3.0,18.0,8.5,1.91,6.0,58,86,35,9.5
2013-01-07,0.0,0.9,17.7,7.5,1.69,4.7,65,88,33,9.5
2013-01-08,0.0,0.3,16.4,7.0,1.46,4.4,62,85,29,9.5
2013-01-09,0.0,-0.2,14.1,6.0,1.94,7.2,69,87,40,9.4
2013-01-10,0.0,7.3,13.7,9.7,2.47,10.1,76,89,60,9.3
2013-01-11,0.0,4.5,13.3,8.1,1.78,6.7,79,96,52,9.3
2013-01-12,0.0,2.0,12.8,7.1,2.34,9.9,76,94,49,9.5
2013-01-13,0.0,5.2,9.1,7.0,3.56,14.4,65,79,45,9.2
2013-01-14,0.0,2.8,8.6,5.5,4.89,14.9,60,74,45,9.5
2013-01-15,0.0,4.3,11.5,7.0,3.87,11.6,60,70,45,9.1
2013-01-16,1.4,5.2,9.1,6.9,4.29,18.2,72,85,63,6.5
2013-01-17,0.0,8.1,12.0,9.5,4.74,17.5,72,79,59,9.3
2013-01-18,0.2,8.0,15.1,11.8,3.33,15.4,75,79,68,7.6
2013-01-19,8.8,5.8,12.2,9.8,3.85,16.7,77,85,62,4.6
2013-01-20,1.2,4.6,8.5,6.1,6.18,20.0,67,83,50,9.6
2013-01-21,0.0,4.3,9.6,7.5,3.53,15.6,67,82,49,9.6
2013-01-22,1.5,1.9,10.3,4.8,3.98,18.2,70,80,51,8.6
2013-01-23,0.0,2.1,6.3,4.4,6.11,18.4,61,68,50,9.6
2013-01-24,0.0,5.5,10.2,8.4,6.74,23.0,67,73,56,9.3
2013-01-25,0.0,3.2,11.5,7.3,2.16,9.2,75,92,55,7.1
2013-01-26,0.0,6.0,14.6,10.3,4.64,19.1,66,87,42,9.6
2013-01-27,0.0,4.8,16.9,10.1,2.49,9.9,66,92,33,8.7
2013-01-28,0.0,4.9,14.7,9.8,3.8,16.6,58,72,34,9.6
2013-01-29,0.0,0.6,18.6,8.2,1.27,4.3,52,74,26,9.8
2013-01-30,0.0,1.7,19.8,9.0,1.55,5.1,59,75,32,9.8
2013-01-31,0.0,3.1,20.3,10.7,1.5,5.1,56,78,33,9.9
2013-02-01,0.0,3.8,20.9,10.9,2.29,8.9,58,88,29,10.0
2013-02-02,0.2,6.0,11.5,9.1,6.34,19.1,55,74,38,9.6
2013-02-03,0.0,3.1,8.9,5.5,5.5,16.0,49,59,35,10.0
2013-02-04,0.0,-0.8,13.2,5.8,1.82,7.2,64,86,49,10.1
2013-02-05,0.0,2.9,17.0,8.9,2.25,9.1,72,91,47,10.1
2013-02-06,0.0,6.4,10.1,8.3,5.47,18.2,56,77,38,10.2
2013-02-07,0.0,2.5,8.5,5.3,5.38,16.0,49,59,37,10.3
2013-02-08,0.0,2.5,9.8,5.8,4.19,17.5,53,62,39,10.3
2013-02-09,0.0,1.2,9.7,5.1,4.9,14.6,51,60,33,10.3
2013-02-10,0.0,0.8,14.3,6.8,2.84,11.4,51,73,27,10.2
2013-02-11,1.5,3.7,8.2,5.9,6.19,23.4,60,74,47,10.5
2013-02-12,0.0,2.0,9.6,5.1,5.45,17.2,54,68,35,10.5
2013-02-13,0.0,3.2,14.1,8.1,4.06,16.9,58,73,48,10.2
2013-02-14,0.0,4.6,17.2,10.4,2.12,8.0,68,93,40,10.6
2013-02-15,0.0,2.9,18.0,10.1,1.41,5.5,68,94,39,10.7
2013-02-16,0.0,2.5,17.4,10.4,1.06,7.9,69,93,41,10.2
2013-02-17,0.1,3.5,15.6,9.6,0.69,6.1,75,98,45,7.4
2013-02-18,0.0,4.5,15.6,9.9,1.57,8.8,72,94,44,9.3
2013-02-19,7.3,6.7,9.0,7.8,2.15,9.1,95,99,89,0.0
2013-02-20,1.2,6.2,12.5,9.0,1.26,5.4,82,99,58,8.3
2013-02-21,0.0,5.3,14.1,9.6,2.87,12.1,74,89,53,10.8
2013-02-22,0.6,8.6,13.8,11.1,4.62,17.1,67,81,51,10.6
2013-02-23,0.2,3.8,9.4,7.1,4.41,15.8,59,77,35,10.8
2013-02-24,0.0,0.7,9.1,4.3,3.99,14.0,44,56,32,10.7
2013-02-25,0.0,0.0,8.0,3.7,3.99,12.7,49,67,31,10.7
2013-02-26,0.0,-2.2,9.2,3.2,2.9,9.5,54,75,33,10.9
2013-02-27,2.0,0.3,6.1,2.7,2.55,13.1,81,94,64,10.3
2013-02-28,11.5,1.5,5.6,3.2,2.29,8.6,92,98,79,5.2
2013-03-01,0.0,2.2,8.3,4.9,4.04,14.1,71,83,53,9.1
2013-03-02,0.0,-1.1,12.9,6.0,2.28,11.1,65,85,43,10.5
2013-03-03,1.9,5.0,9.0,6.7,1.62,7.0,86,97,76,0.2
2013-03-04,16.7,5.6,9.3,7.3,3.18,14.1,98,100,91,0.0
2013-03-05,2.7,6.2,13.7,9.5,1.42,7.3,89,100,70,5.3
2013-03-06,0.9,5.1,15.7,10.2,3.12,16.8,78,94,58,11.0
2013-03-07,2.9,11.7,18.4,14.2,2.67,13.2,72,81,63,10.1
2013-03-08,0.0,10.8,17.9,13.8,4.3,13.5,62,73,43,11.2
2013-03-09,0.0,8.3,15.9,12.2,2.67,11.4,66,86,47,11.2
2013-03-10,0.0,7.3,14.8,10.4,3.38,13.8,60,75,40,11.3
2013-03-11,0.0,7.3,11.8,9.1,3.99,15.2,64,72,55,11.3
2013-03-12,7.3,6.0,11.1,8.1,2.17,10.2,80,93,65,5.7
2013-03-13,0.2,3.6,7.2,5.8,5.89,24.1,65,91,47,11.5
2013-03-14,0.0,0.6,10.0,4.8,6.24,17.7,45,57,32,11.6
2013-03-15,0.0,-0.5,13.7,6.5,2.17,8.7,52,73,33,11.6
2013-03-16,0.4,2.5,16.6,8.7,1.79,9.5,68,84,40,7.9
2013-03-17,2.3,5.3,19.5,11.5,2.03,16.8,75,93,47,5.2
2013-03-18,0.0,6.9,17.4,12.2,2.51,9.1,57,82,28,11.7
2013-03-19,0.0,1.8,16.5,9.0,1.66,9.0,66,87,44,10.5
2013-03-20,0.0,7.5,14.4,10.8,3.26,12.9,70,88,42,11.2
2013-03-21,0.0,1.6,17.9,9.5,2.07,9.5,68,90,42,11.8
2013-03-22,0.0,4.5,20.4,11.7,1.52,10.6,66,92,31,11.8
2013-03-23,0.5,4.1,14.6,9.7,1.74,7.9,67,93,40,11.8
2013-03-24,5.4,5.4,13.0,9.0,4.49,16.3,70,90,47,10.0
2013-03-25,0.0,6.3,14.9,10.4,4.03,13.4,63,72,53,10.1
2013-03-26,0.0,10.7,16.3,13.0,3.42,10.8,69,80,56,6.1
2013-03-27,0.0,9.1,16.4,12.7,2.89,11.5,65,84,48,11.9
2013-03-28,1.2,5.9,17.4,12.1,2.81,12.5,68,91,46,12.0
2013-03-29,0.0,10.8,19.3,14.4,3.55,14.3,64,76,48,10.8
2013-03-30,0.0,12.7,18.3,15.0,5.17,18.4,55,71,35,12.1
2013-03-31,4.1,8.6,15.9,12.3,1.61,9.1,73,88,57,3.8
2013-04-01,0.0,9.5,14.4,11.9,4.88,18.6,63,88,42,12.1
2013-04-02,0.0,7.6,14.6,10.9,3.67,15.5,58,75,41,12.1
2013-04-03,0.8,3.7,17.6,10.0,1.89,11.3,68,89,38,12.0
2013-04-04,3.4,5.7,15.3,9.9,1.83,8.6,73,94,52,10.9
2013-04-05,4.9,4.1,12.6,8.0,1.68,9.1,82,94,70,7.2
2013-04-06,0.0,2.9,12.6,7.4,4.55,16.1,48,70,32,12.3
2013-04-07,0.0,1.2,17.1,9.6,1.43,7.6,52,80,33,12.0
2013-04-08,0.0,4.8,18.0,11.2,2.89,13.4,63,86,41,12.0
2013-04-09,0.0,7.9,20.5,13.8,2.49,12.2,58,86,30,11.6
2013-04-10,0.0,9.6,21.9,15.4,1.66,7.5,64,85,43,12.3
2013-04-11,0.1,9.2,24.0,16.0,2.49,13.9,63,88,34,11.9
2013-04-12,0.0,8.6,22.4,15.5,1.93,6.9,58,92,29,12.5
2013-04-13,0.0,9.6,22.6,16.0,2.07,10.2,52,74,33,12.6
2013-04-14,0.0,7.8,23.1,15.4,1.88,10.8,56,85,35,12.6
2013-04-15,0.0,8.5,26.1,17.4,1.6,8.0,54,84,29,12.7
2013-04-16,0.0,9.8,27.2,18.7,1.7,10.1,54,84,29,12.8
2013-04-17,0.0,10.7,27.4,19.2,1.8,9.7,47,76,23,12.8
2013-04-18,0.0,10.3,28.1,19.3,1.59,10.6,48,80,25,12.9
2013-04-19,0.2,10.7,25.5,17.6,2.08,11.0,57,80,32,12.8
2013-04-20,0.0,9.0,19.9,13.9,2.1,10.3,63,83,40,12.3
2013-04-21,0.0,8.9,22.0,14.5,1.5,10.7,65,97,26,12.9
2013-04-22,0.4,9.1,18.3,13.1,1.89,9.8,68,95,38,9.4
2013-04-23,0.0,8.0,16.9,12.1,2.26,10.0,63,92,35,13.2
2013-04-24,0.4,5.3,15.5,10.9,3.47,14.0,61,81,41,10.2
2013-04-25,19.6,8.6,12.4,10.5,4.89,15.0,85,96,68,2.4
2013-04-26,3.5,10.1,18.8,14.0,2.29,9.2,76,99,47,12.7
2013-04-27,1.5,10.1,19.0,14.3,2.19,11.6,71,90,46,12.6
2013-04-28,23.9,4.8,10.9,6.9,2.63,10.1,96,98,90,0.0
2013-04-29,2.5,4.2,12.6,8.0,1.92,11.1,77,99,51,13.1
2013-04-30,3.9,2.9,12.4,7.6,1.82,15.0,81,93,64,13.1
2013-05-01,0.0,1.7,17.9,9.7,1.55,9.1,72,98,37,13.6
2013-05-02,0.0,4.8,19.5,12.8,1.47,8.0,69,98,39,13.7
2013-05-03,0.2,8.0,18.8,13.1,1.51,7.5,72,94,48,12.8
2013-05-04,2.7,7.1,17.5,12.3,1.55,7.3,80,99,57,13.6
2013-05-05,0.0,6.7,22.2,14.8,1.05,4.9,64,94,33,13.8
2013-05-06,0.0,8.5,24.7,16.8,1.39,6.9,58,84,29,13.8
2013-05-07,0.0,12.1,25.8,19.1,1.49,6.6,56,80,34,12.8
2013-05-08,0.0,12.5,28.2,20.0,1.11,5.4,58,82,31,13.7
2013-05-09,0.0,12.7,28.0,20.5,1.52,11.1,58,83,37,13.9
2013-05-10,0.3,12.8,26.5,19.9,2.08,11.9,59,86,34,13.9
2013-05-11,0.2,11.0,24.8,17.9,1.86,11.5,66,90,33,13.8
2013-05-12,0.3,12.4,21.5,16.5,1.97,9.9,77,98,54,13.9
2013-05-13,0.0,11.9,22.5,16.8,1.92,10.0,65,92,39,12.7
2013-05-14,0.6,12.4,23.3,17.4,1.41,10.0,61,83,38,12.1
2013-05-15,0.5,11.3,20.6,15.9,3.01,13.9,62,90,35,14.0
2013-05-16,0.0,9.2,16.7,13.0,3.98,11.9,50,74,28,12.4
2013-05-17,0.5,8.3,17.0,11.9,3.66,14.3,58,76,41,12.1
2013-05-18,0.3,6.9,14.8,10.9,4.08,16.6,56,74,35,14.0
2013-05-19,0.0,7.4,17.5,12.0,2.44,10.0,48,72,26,14.0
2013-05-20,0.0,6.7,14.7,11.3,1.32,6.5,56,77,42,13.1
2013-05-21,0.5,7.6,15.7,11.4,2.18,9.9,67,91,38,1.9
2013-05-22,0.0,7.7,20.9,14.6,3.04,13.6,56,80,36,13.4
2013-05-23,0.0,9.9,23.9,17.6,2.54,10.5,47,80,27,14.0
2013-05-24,1.7,9.0,23.3,16.9,1.61,8.9,55,82,38,14.0
2013-05-25,1.5,9.7,24.3,18.0,1.01,8.3,59,91,33,14.0
2013-05-26,0.0,13.2,20.0,16.2,2.59,10.4,73,98,50,11.0
2013-05-27,4.5,10.1,19.3,15.0,1.14,9.3,70,94,48,14.0
2013-05-28,0.0,8.3,21.0,14.8,3.03,14.5,56,79,38,14.0
2013-05-29,0.0,10.7,20.0,15.5,3.64,13.7,48,76,28,14.0
2013-05-30,0.0,11.0,20.8,15.5,3.3,12.1,45,76,28,14.0
2013-05-31,0.0,8.6,21.5,15.8,4.09,15.7,44,74,25,14.0
2013-06-01,0.0,9.9,24.0,16.8,2.87,11.7,43,65,25,14.0
2013-06-02,0.1,9.6,25.2,17.6,1.95,11.1,50,76,29,14.0
2013-06-03,0.0,10.1,25.0,17.9,2.31,12.0,53,86,28,14.0
2013-06-04,0.0,10.3,26.2,18.6,2.43,11.8,49,79,25,14.0
2013-06-05,0.0,12.9,26.2,19.5,2.16,11.1,48,76,27,13.0
2013-06-06,0.2,12.2,25.6,19.8,2.31,12.5,45,73,27,13.4
2013-06-07,0.0,12.9,25.5,18.7,2.2,12.8,54,89,24,14.0
2013-06-08,0.0,11.8,20.9,16.3,3.37,12.5,43,66,28,14.0
2013-06-09,0.0,11.2,21.7,16.5,3.4,13.7,48,69,34,14.0
2013-06-10,0.0,10.8,26.9,19.1,1.68,7.5,49,79,25,14.0
2013-06-11,0.0,12.1,29.7,21.7,1.21,6.4,45,80,23,14.0
2013-06-12,0.0,15.3,31.6,24.0,2.04,11.1,40,67,25,14.0
2013-06-13,0.0,16.2,32.7,25.2,2.34,12.7,39,69,22,14.0
2013-06-14,0.0,17.2,32.1,24.8,2.34,11.1,40,63,24,14.0
2013-06-15,0.0,16.2,33.6,25.5,2.2,12.3,41,74,20,14.0
2013-06-16,0.0,17.0,33.5,25.8,2.06,10.9,40,69,22,14.0
2013-06-17,3.1,17.4,31.0,24.7,1.01,8.4,52,82,31,12.2
2013-06-18,5.2,16.1,22.5,19.3,3.24,13.2,43,61,28,12.0
2013-06-19,0.0,12.8,22.9,18.0,1.48,7.8,51,74,34,14.0
2013-06-20,0.0,11.5,27.8,20.4,2.01,12.9,45,79,25,14.0
2013-06-21,0.0,13.2,27.0,20.7,1.93,9.4,47,76,30,13.7
2013-06-22,0.0,15.9,28.2,21.5,1.82,10.5,45,64,25,14.0
2013-06-23,0.0,14.1,30.7,22.6,2.17,12.1,49,80,26,14.0
2013-06-24,0.0,16.1,27.2,21.3,2.32,10.3,53,73,35,14.0
2013-06-25,0.0,15.4,27.0,20.6,2.02,9.7,61,92,36,14.0
2013-06-26,0.0,14.9,26.9,20.3,2.18,11.0,58,84,33,14.0
2013-06-27,0.0,14.4,26.4,19.8,1.98,9.7,57,86,32,14.0
2013-06-28,0.0,13.3,26.4,20.1,2.15,10.5,49,74,31,14.0
2013-06-29,0.0,13.1,27.4,20.8,2.07,10.5,51,84,27,14.0
2013-06-30,0.0,14.1,28.5,21.6,2.27,11.4,46,71,26,14.0
2013-07-01,0.0,14.1,29.0,22.0,2.07,10.9,47,72,29,14.0
2013-07-02,0.0,15.0,29.3,22.7,1.83,9.2,51,77,30,13.6
2013-07-03,0.0,15.7,32.5,24.8,1.99,10.8,52,90,23,14.0
2013-07-04,0.0,17.3,30.7,24.4,2.19,10.6,50,74,33,14.0
2013-07-05,0.0,18.8,29.4,23.8,2.07,11.6,52,76,31,14.0
2013-07-06,0.0,16.1,30.6,23.4,2.12,10.7,43,67,22,14.0
2013-07-07,0.0,15.6,31.4,24.2,1.87,9.9,40,70,18,14.0
2013-07-08,0.0,18.0,31.7,24.8,2.07,10.5,38,56,22,14.0
2013-07-09,0.1,17.1,31.6,24.8,2.11,11.5,48,75,27,13.0
2013-07-10,2.2,17.5,33.4,25.4,1.96,11.6,48,76,25,14.0
2013-07-11,0.0,19.1,32.6,25.2,1.85,11.1,50,71,27,14.0
2013-07-12,0.0,16.9,32.6,24.7,1.88,11.8,50,81,24,11.3
2013-07-13,0.0,18.6,31.2,25.4,2.07,10.8,52,83,30,14.0
2013-07-14,0.0,18.1,31.8,24.7,1.79,10.0,51,74,27,14.0
2013-07-15,0.0,19.0,30.6,24.2,1.9,10.4,55,83,27,14.0
2013-07-16,0.0,15.9,32.6,24.5,2.09,11.7,45,78,18,14.0
2013-07-17,0.0,16.0,32.4,24.7,2.17,11.5,44,79,18,14.0
2013-07-18,0.0,16.4,31.8,24.6,2.34,11.3,43,69,23,13.9
2013-07-19,0.0,16.3,32.6,25.0,2.27,11.6,41,70,21,13.9
2013-07-20,0.0,16.7,32.5,25.2,2.37,11.1,39,65,20,13.9
2013-07-21,0.0,16.6,30.9,24.4,2.19,10.3,44,67,26,13.9
2013-07-22,0.0,17.2,32.0,25.0,2.06,10.6,50,87,24,13.9
2013-07-23,0.0,16.7,33.5,25.6,2.25,11.8,43,73,19,13.9
2013-07-24,0.0,18.0,34.3,26.4,1.87,11.8,43,67,23,13.9
2013-07-25,0.0,19.1,35.7,27.3,2.18,12.2,50,81,23,13.9
2013-07-26,0.2,19.5,34.9,26.9,1.94,11.7,57,80,32,13.8
2013-07-27,1.5,19.1,35.4,27.3,1.57,10.8,54,92,20,13.8
2013-07-28,2.7,18.3,32.1,25.1,2.14,9.7,41,65,26,13.5
2013-07-29,0.0,16.2,31.9,24.4,2.07,9.6,38,66,19,13.8
2013-07-30,0.0,16.8,31.7,24.5,2.07,10.1,43,69,21,13.8
2013-07-31,0.0,16.5,31.8,24.4,2.01,10.1,45,78,20,13.8
2013-08-01,0.0,16.1,34.2,25.1,2.31,10.6,43,72,18,13.4
2013-08-02,0.0,17.5,34.6,26.4,1.84,9.4,41,73,17,13.3
2013-08-03,0.0,19.8,35.3,27.7,2.0,11.2,44,69,22,13.3
2013-08-04,0.4,19.6,34.1,26.8,1.8,10.7,55,80,30,13.4
2013-08-05,1.2,19.3,34.5,26.7,1.41,9.0,58,90,29,10.7
2013-08-06,4.2,19.8,35.5,27.8,1.69,10.5,52,80,24,13.5
2013-08-07,0.0,19.3,34.3,27.2,2.23,8.8,32,57,14,12.9
2013-08-08,0.0,17.8,32.1,24.8,2.39,12.1,39,74,20,13.5
2013-08-09,0.0,17.4,31.6,24.2,1.58,8.8,54,89,23,13.4
2013-08-10,0.0,17.3,33.2,25.1,1.63,9.7,50,83,23,13.4
2013-08-11,0.0,18.5,33.1,25.5,2.04,11.0,46,70,23,13.4
2013-08-12,0.0,18.2,32.7,25.2,2.28,11.3,48,77,20,13.1
2013-08-13,0.0,17.3,31.9,24.7,1.99,11.2,52,84,25,13.3
2013-08-14,0.0,18.4,31.2,24.4,2.03,10.4,53,79,27,13.2
2013-08-15,0.0,16.8,32.8,24.9,2.1,11.3,53,89,22,13.2
2013-08-16,0.3,17.9,32.7,25.3,1.8,11.2,51,79,24,13.1
2013-08-17,2.6,19.9,31.7,24.7,1.71,11.5,56,77,29,12.1
2013-08-18,0.0,18.3,32.7,25.1,1.88,10.6,61,97,25,12.9
2013-08-19,0.0,17.1,34.9,26.0,1.96,12.3,51,87,19,13.0
2013-08-20,0.0,19.7,32.8,25.5,2.15,11.0,53,74,31,12.9
2013-08-21,0.0,18.8,32.3,24.9,2.03,10.2,68,98,36,12.6
2013-08-22,0.5,18.7,34.6,26.1,1.71,10.0,61,93,25,12.5
2013-08-23,0.1,19.8,32.1,25.5,1.94,10.3,60,86,37,12.8
2013-08-24,0.3,17.7,32.4,24.6,2.02,10.6,61,85,32,12.7
2013-08-25,0.0,19.3,31.1,24.1,1.95,9.8,71,94,38,12.5
2013-08-26,3.6,19.7,27.4,22.3,1.9,9.7,82,98,58,9.9
2013-08-27,1.7,19.5,26.0,21.7,1.88,8.4,84,99,63,8.7
2013-08-28,12.9,17.7,23.7,20.5,1.69,9.0,88,98,73,8.8
2013-08-29,9.2,16.4,22.3,18.4,1.35,8.4,89,99,68,7.6
2013-08-30,13.4,15.0,22.4,17.9,1.3,8.8,84,98,57,9.5
2013-08-31,0.0,13.2,24.7,19.1,1.51,6.2,70,94,44,12.1
2013-09-01,0.0,13.8,24.9,19.6,1.53,7.7,70,92,43,12.2
2013-09-02,0.0,13.3,25.4,19.5,1.49,7.7,66,92,40,12.1
2013-09-03,0.0,14.2,25.6,20.1,1.48,7.8,66,90,41,12.1
2013-09-04,0.0,15.0,24.8,19.8,1.72,8.3,65,86,43,12.0
2013-09-05,0.0,15.1,25.5,19.8,1.36,7.4,73,96,44,10.7
2013-09-06,0.1,14.7,27.0,20.7,1.43,7.6,73,97,43,12.0
2013-09-07,3.2,17.1,23.2,19.4,1.47,7.6,78,93,55,2.3
2013-09-08,0.1,15.3,25.1,19.7,0.95,5.7,71,92,45,10.8
2013-09-09,8.7,15.3,24.3,18.9,1.1,7.6,81,96,57,9.4
2013-09-10,0.0,13.4,26.1,19.3,1.38,7.5,75,99,41,12.0
2013-09-11,1.3,14.4,24.3,19.1,1.97,9.1,78,98,51,12.0
2013-09-12,0.0,16.1,25.3,20.1,1.56,8.3,77,99,49,12.0
2013-09-13,0.1,17.6,24.9,20.5,1.66,9.0,78,99,50,11.5
2013-09-14,0.0,13.6,24.6,19.5,1.5,6.9,74,100,46,11.3
2013-09-15,0.0,15.6,27.9,21.6,1.58,6.6,66,91,38,12.0
2013-09-16,0.0,16.5,29.0,22.2,1.25,8.3,65,89,33,10.4
2013-09-17,0.0,16.9,29.2,22.6,2.07,10.8,54,82,30,12.0
2013-09-18,2.0,16.9,26.6,21.3,0.95,8.1,75,96,48,12.0
2013-09-19,0.0,14.7,28.0,21.4,2.1,7.8,60,88,27,12.0
2013-09-20,0.0,18.2,26.2,21.1,1.19,7.7,73,96,40,10.7
2013-09-21,0.0,14.0,26.2,20.0,1.79,9.1,71,98,40,12.0
2013-09-22,0.0,14.9,25.7,19.9,1.55,8.5,72,92,46,12.0
2013-09-23,0.0,15.8,25.8,20.0,1.56,8.5,71,96,40,11.6
2013-09-24,0.0,13.3,27.7,20.5,1.31,6.5,68,94,36,11.9
2013-09-25,0.0,14.1,28.8,21.1,1.64,10.4,64,93,32,11.9
2013-09-26,0.0,13.8,28.5,21.1,1.63,9.9,60,88,31,11.8
2013-09-27,0.0,14.0,28.2,21.1,1.28,7.8,69,93,38,10.1
2013-09-28,0.0,17.2,25.3,20.6,1.75,9.2,62,88,39,5.5
2013-09-29,0.0,17.2,22.0,19.3,3.25,14.1,62,71,50,10.9
2013-09-30,0.0,17.5,25.7,21.1,2.76,13.9,67,80,55,11.3
2013-10-01,0.0,17.8,30.6,23.5,1.26,5.4,64,92,32,11.6
2013-10-02,0.0,15.7,29.3,22.4,1.61,7.6,61,86,38,11.6
2013-10-03,0.3,16.9,26.7,21.6,1.57,8.3,72,91,49,9.9
2013-10-04,5.6,17.8,24.9,20.7,1.18,7.0,78,94,58,10.3
2013-10-05,0.0,16.2,23.8,19.6,1.23,5.5,69,91,45,9.5
2013-10-06,3.5,16.3,21.1,18.3,1.54,7.8,84,95,68,8.4
2013-10-07,0.8,15.4,22.9,18.6,1.51,7.8,81,98,53,10.9
2013-10-08,0.4,15.4,22.1,18.1,1.47,7.9,82,99,57,10.0
2013-10-09,0.0,14.3,21.8,17.5,1.69,8.2,78,99,49,11.0
2013-10-10,0.0,13.7,25.0,18.6,1.08,5.0,67,97,30,10.9
2013-10-11,0.0,10.5,26.3,18.1,1.41,8.3,57,83,26,11.0
2013-10-12,0.4,12.7,24.4,18.0,1.81,10.3,62,92,32,10.5
2013-10-13,0.0,11.7,25.2,18.2,1.14,6.8,59,95,25,10.7
2013-10-14,0.0,9.9,24.1,17.0,1.38,6.5,58,84,33,10.7
2013-10-15,0.0,12.1,26.9,18.5,1.27,5.1,56,81,25,10.3
2013-10-16,0.0,12.5,29.4,20.0,1.43,5.0,45,73,16,10.7
2013-10-17,0.0,12.6,26.0,19.0,1.69,7.4,50,77,33,10.5
2013-10-18,0.0,11.8,27.7,19.6,1.3,7.1,64,92,29,10.6
2013-10-19,0.0,13.8,24.9,19.1,1.08,6.8,61,81,34,9.5
2013-10-20,0.0,13.0,25.1,18.7,1.12,7.5,65,92,32,10.0
2013-10-21,0.0,11.1,25.4,18.2,1.5,8.1,64,89,35,10.4
2013-10-22,0.4,11.6,25.8,18.3,1.42,9.8,64,93,30,8.7
2013-10-23,0.8,13.9,22.6,17.7,1.37,9.2,66,89,36,8.1
2013-10-24,0.0,11.5,25.4,17.7,1.43,8.6,65,85,40,10.1
2013-10-25,0.0,14.0,25.7,19.0,1.53,10.9,70,95,38,10.0
2013-10-26,0.0,13.0,22.7,17.6,1.48,6.7,70,90,46,9.0
2013-10-27,0.0,11.4,26.2,18.1,1.46,6.7,66,91,34,10.2
2013-10-28,0.0,11.8,28.4,19.2,1.33,7.1,55,86,21,10.2
2013-10-29,5.2,12.9,21.6,16.1,2.19,11.1,60,85,30,8.5
2013-10-30,0.0,8.3,16.5,12.3,2.91,10.2,41,56,26,10.1
2013-10-31,0.0,4.1,17.7,10.9,1.46,5.7,47,81,22,10.1
2013-11-01,0.0,3.9,20.8,11.8,1.3,4.7,43,69,18,10.1
2013-11-02,0.0,6.6,24.4,14.3,1.31,4.7,41,59,19,10.0
2013-11-03,0.0,8.2,23.8,15.2,1.42,5.7,45,64,21,10.0
2013-11-04,0.1,9.0,18.9,13.4,3.73,15.8,64,87,37,8.1
2013-11-05,0.0,14.9,20.8,16.9,4.99,15.5,65,75,49,9.5
2013-11-06,0.0,11.1,26.2,17.8,1.85,7.4,58,86,28,10.0
2013-11-07,0.0,10.2,24.9,16.9,1.23,5.1,55,74,31,9.2
2013-11-08,0.0,10.3,21.7,15.1,2.09,7.9,65,91,35,9.6
2013-11-09,0.0,10.2,19.4,14.1,2.2,8.4,63,92,31,9.9
2013-11-10,0.0,8.8,19.6,13.5,3.47,12.5,47,64,30,9.6
2013-11-11,0.0,11.8,19.9,15.4,4.4,12.8,54,66,42,9.9
2013-11-12,0.0,8.1,19.9,14.2,1.47,8.8,66,92,42,9.9
2013-11-13,1.5,9.0,18.6,13.3,1.22,7.0,77,94,50,9.4
2013-11-14,1.8,10.6,17.7,13.4,1.75,7.6,73,97,40,9.9
2013-11-15,0.0,6.0,11.5,8.6,4.13,14.7,47,60,33,9.8
2013-11-16,0.0,-0.6,9.6,4.7,2.0,7.8,54,75,39,9.8
2013-11-17,0.0,-1.6,11.8,4.8,1.43,5.5,56,83,22,9.8
2013-11-18,0.3,1.3,9.7,5.4,4.08,15.9,71,85,52,8.8
2013-11-19,0.0,7.7,13.3,9.9,5.44,15.3,61,77,43,9.8
2013-11-20,0.0,4.4,10.3,7.4,4.1,12.6,51,72,30,9.8
2013-11-21,0.0,1.7,13.1,6.6,3.01,11.7,46,62,25,9.8
2013-11-22,0.0,5.2,11.2,7.2,3.62,13.1,59,75,39,9.8
2013-11-23,0.0,1.7,11.0,5.8,3.48,13.2,54,74,32,9.7
2013-11-24,0.0,1.2,10.6,5.5,3.1,10.8,52,66,34,9.7
2013-11-25,0.0,-1.0,12.6,5.0,1.97,6.7,60,85,30,9.7
2013-11-26,0.0,-1.6,10.5,4.3,1.67,6.3,64,95,40,9.7
2013-11-27,3.5,4.3,8.1,5.7,1.18,5.7,91,99,72,6.6
2013-11-28,6.8,2.4,6.2,4.3,2.38,9.8,89,98,79,6.3
2013-11-29,0.0,-2.0,9.5,3.4,1.74,7.2,72,97,34,9.6
2013-11-30,0.0,-1.9,10.9,3.6,3.12,14.9,58,74,38,8.0
2013-12-01,0.9,1.2,8.0,4.4,4.84,16.5,62,75,58,7.7
2013-12-02,0.0,-1.5,11.8,4.7,1.43,4.6,61,83,31,9.5
2013-12-03,0.0,-0.2,9.9,5.2,1.43,5.9,67,81,46,4.8
2013-12-04,0.0,3.7,13.5,8.2,1.44,5.3,74,97,48,9.5
2013-12-05,0.0,-0.4,15.2,6.4,1.37,4.8,61,87,26,9.5
2013-12-06,0.0,-0.6,14.4,6.0,1.25,4.0,56,72,33,9.5
2013-12-07,0.0,-1.5,13.6,5.1,1.18,4.2,62,88,28,9.5
2013-12-08,0.0,-1.6,11.8,4.2,1.18,4.8,58,75,35,9.4
2013-12-09,0.0,-0.2,9.9,4.6,1.01,5.0,75,93,67,4.9
2013-12-10,0.0,2.3,11.8,6.6,1.18,6.3,82,98,51,8.6
2013-12-11,0.0,5.5,10.4,7.3,1.64,7.7,90,99,72,4.5
2013-12-12,0.0,3.5,13.6,7.8,0.96,4.8,79,99,48,8.6
2013-12-13,0.0,-0.2,14.9,6.6,0.99,4.7,63,93,29,8.8
2013-12-14,0.0,3.5,12.8,7.7,1.45,5.7,70,90,50,8.8
2013-12-15,0.0,1.3,13.1,6.7,0.93,5.3,77,94,51,9.3
2013-12-16,0.0,1.2,11.4,5.9,1.26,6.4,83,98,64,8.3
2013-12-17,0.0,5.2,13.1,8.4,0.91,3.8,84,100,54,6.5
2013-12-18,0.0,2.1,14.8,7.4,1.27,5.3,75,93,45,7.6
2013-12-19,5.2,6.4,14.0,9.2,1.56,11.9,84,93,62,5.6
2013-12-20,0.8,4.1,9.2,6.6,5.39,17.6,59,86,43,8.3
2013-12-21,0.0,2.7,9.7,6.2,1.8,6.7,67,93,53,3.0
2013-12-22,0.0,0.5,13.4,6.1,1.41,5.1,78,98,48,9.3
2013-12-23,0.0,-0.2,14.6,5.9,1.3,4.2,70,93,34,9.4
2013-12-24,0.0,1.6,15.0,7.3,1.81,8.0,66,86,37,6.3
2013-12-25,17.9,5.8,12.2,9.3,3.4,17.7,80,88,69,4.9
2013-12-26,0.0,5.0,9.5,6.6,5.16,17.5,64,71,49,9.3
2013-12-27,0.0,5.3,13.6,8.3,2.09,7.9,77,90,59,9.1
2013-12-28,0.0,5.8,11.7,8.4,2.43,9.8,75,93,45,8.1
2013-12-29,0.0,0.6,9.9,5.0,2.9,10.1,60,85,34,9.3
2013-12-30,0.0,-2.3,11.9,3.4,1.21,4.8,60,80,28,9.4
2013-12-31,0.0,-0.8,13.5,4.7,1.37,5.2,58,77,33,8.3
2014-01-01,0.0,4.0,13.9,8.3,1.77,6.2,75,92,54,8.2
2014-01-02,0.0,8.6,13.6,10.8,2.1,9.1,72,81,62,3.2
2014-01-03,0.0,8.2,16.9,12.7,2.28,7.9,74,90,53,8.9
2014-01-04,1.5,6.5,15.5,10.6,4.26,18.3,73,92,37,9.0
2014-01-05,0.0,2.6,14.0,7.5,3.32,15.8,61,86,39,9.1
2014-01-06,0.0,3.7,17.7,8.7,1.39,4.6,69,89,32,9.4
2014-01-07,0.0,1.8,17.1,8.4,1.36,4.2,56,75,31,9.4
2014-01-08,0.0,1.7,16.8,8.1,1.06,4.0,61,77,33,9.3
2014-01-09,0.0,1.2,15.4,7.7,1.04,3.8,62,79,38,9.0
2014-01-10,0.2,6.3,13.4,9.0,1.32,6.4,70,95,62,9.0
2014-01-11,0.4,6.0,13.6,9.1,0.92,4.7,86,100,63,9.0
2014-01-12,0.0,3.7,17.2,9.0,1.29,5.3,78,98,41,9.4
2014-01-13,0.7,5.5,11.4,7.8,1.91,9.1,80,89,70,0.0
2014-01-14,0.0,5.3,11.5,7.9,4.8,16.0,69,82,60,8.8
2014-01-15,0.0,6.6,16.6,10.5,1.99,9.1,76,94,47,9.5
2014-01-16,6.0,7.0,11.8,8.9,1.14,6.0,90,94,82,0.0
2014-01-17,0.0,1.9,11.6,6.8,2.06,8.4,77,93,44,9.6
2014-01-18,1.1,4.5,11.7,7.3,1.74,8.5,81,99,53,6.5
2014-01-19,3.2,3.1,8.6,5.5,3.44,13.1,76,97,59,5.4
2014-01-20,0.0,3.2,9.3,5.5,4.58,15.2,63,80,46,9.5
2014-01-21,0.0,0.3,10.3,4.9,1.86,8.1,75,91,50,9.6
2014-01-22,3.2,5.5,11.0,7.9,2.63,12.0,80,93,64,9.0
2014-01-23,0.2,3.6,10.7,6.9,3.45,12.0,69,87,45,9.6
2014-01-24,0.0,2.7,14.2,7.9,3.78,11.7,58,72,40,9.6
2014-01-25,0.0,10.0,15.5,12.2,5.38,14.6,62,68,50,4.3
2014-01-26,0.0,5.3,19.1,11.6,2.96,11.0,65,87,35,9.6
2014-01-27,0.0,7.5,14.1,10.9,5.36,18.0,62,75,46,9.6
2014-01-28,0.0,4.3,9.4,7.0,4.1,15.8,63,75,49,9.7
2014-01-29,0.9,4.8,10.3,7.8,3.45,13.1,63,74,47,8.4
2014-01-30,0.0,3.2,9.2,5.7,4.64,14.9,55,71,35,9.8
2014-01-31,0.0,4.1,10.6,7.0,3.29,12.5,64,79,51,9.1
2014-02-01,0.0,6.4,12.4,9.0,2.94,14.3,76,92,61,8.6
2014-02-02,0.0,1.0,11.0,6.3,2.39,10.4,51,81,29,10.0
2014-02-03,0.5,-1.6,9.8,4.0,1.73,9.4,68,82,38,8.1
2014-02-04,0.7,1.1,12.1,6.0,2.2,7.8,67,86,41,8.6
2014-02-05,2.5,6.0,13.9,9.7,1.82,9.3,75,86,54,6.5
2014-02-06,0.0,6.4,19.6,12.0,1.73,8.9,72,94,43,10.2
2014-02-07,0.0,6.2,11.1,8.6,3.81,15.3,59,74,40,10.3
2014-02-08,0.0,4.0,13.5,8.7,3.49,15.8,74,82,63,10.0
2014-02-09,0.7,4.4,14.1,9.6,2.47,13.7,73,89,52,6.0
2014-02-10,1.3,4.6,11.7,7.1,6.79,24.0,62,86,44,10.5
2014-02-11,1.1,1.7,8.8,5.2,3.23,14.5,62,91,48,1.3
2014-02-12,0.2,6.1,15.2,10.0,2.04,9.0,75,95,41,10.5
2014-02-13,0.0,9.8,17.2,13.2,2.98,14.5,75,87,61,10.5
2014-02-14,0.0,9.0,21.3,14.3,1.93,7.3,68,94,37,10.6
2014-02-15,0.0,4.3,19.0,11.5,1.53,7.5,61,89,31,10.7
2014-02-16,4.6,6.0,13.0,8.9,1.37,8.2,86,96,66,9.5
2014-02-17,0.3,6.2,10.6,8.3,1.33,6.9,90,99,76,0.9
2014-02-18,3.4,6.5,13.9,9.1,2.33,8.3,82,96,62,7.5
2014-02-19,0.0,3.7,13.7,8.5,3.79,13.4,62,83,37,10.8
2014-02-20,0.0,2.9,17.6,9.7,2.69,9.0,59,76,36,10.8
2014-02-21,0.0,8.1,13.7,10.3,2.55,9.7,67,88,48,10.5
2014-02-22,0.0,2.5,13.5,8.2,2.36,9.2,59,88,37,10.8
2014-02-23,0.0,0.9,13.8,7.0,2.06,10.6,60,84,33,10.8
2014-02-24,2.2,-0.1,10.5,5.5,1.26,6.9,73,85,57,10.1
2014-02-25,0.0,4.1,13.5,8.2,2.59,12.0,67,85,45,10.1
2014-02-26,0.5,6.4,12.3,8.8,3.32,12.0,59,71,39,10.9
2014-02-27,0.2,0.7,13.4,7.0,2.33,11.0,63,78,41,7.2
2014-02-28,0.0,5.6,16.3,10.4,4.92,19.1,62,87,29,10.9
2014-03-01,3.0,7.4,11.8,10.1,4.28,17.6,72,84,58,7.0
2014-03-02,0.1,11.3,16.5,13.3,5.5,17.5,69,81,51,10.5
2014-03-03,0.0,7.7,12.7,10.5,6.81,23.0,60,73,44,11.0
2014-03-04,0.0,5.4,12.3,8.5,5.44,16.1,56,66,41,11.0
2014-03-05,0.0,7.7,15.5,11.1,4.51,16.2,60,77,41,11.0
2014-03-06,0.0,2.3,18.3,10.3,1.44,7.1,63,92,31,11.0
2014-03-07,0.0,6.9,15.6,10.1,1.51,8.0,69,100,31,11.0
2014-03-08,0.0,0.5,17.2,8.6,1.78,9.6,56,90,22,11.3
2014-03-09,0.0,2.4,15.4,9.2,2.03,10.7,48,83,27,11.3
2014-03-10,0.0,1.1,15.2,8.7,1.44,7.6,62,98,29,11.2
2014-03-11,0.0,3.5,16.1,9.4,2.01,10.3,47,64,27,10.9
2014-03-12,2.2,3.2,9.5,7.0,2.66,11.5,73,86,55,11.0
2014-03-13,0.8,3.9,11.8,7.4,2.92,11.4,76,97,48,10.8
2014-03-14,0.0,3.6,14.5,8.7,2.07,8.9,63,95,30,11.3
2014-03-15,0.0,2.5,18.4,10.2,2.29,9.2,50,75,25,11.6
2014-03-16,0.0,3.4,22.3,12.5,1.8,7.0,48,78,17,11.6
2014-03-17,0.0,5.1,22.5,14.0,1.5,7.5,43,72,20,11.7
2014-03-18,0.0,5.9,23.0,14.4,1.64,8.6,49,77,23,11.7
2014-03-19,0.0,8.7,17.8,13.2,1.73,8.8,57,80,34,11.0
2014-03-20,0.0,4.9,18.9,11.9,1.26,8.0,66,95,34,11.7
2014-03-21,0.0,6.8,19.4,13.2,0.98,6.1,67,95,38,11.7
2014-03-22,0.0,8.5,18.7,13.2,2.76,12.5,65,91,40,11.8
2014-03-23,0.0,6.3,16.5,11.3,2.78,11.1,48,72,24,11.8
2014-03-24,0.0,2.1,20.5,11.3,2.52,12.2,46,75,20,11.8
2014-03-25,0.2,8.0,18.2,12.2,6.16,19.2,49,71,24,11.9
2014-03-26,1.9,3.9,12.6,8.0,6.87,20.3,52,86,31,11.9
2014-03-27,0.0,2.4,15.1,9.6,2.94,11.4,44,78,23,11.9
2014-03-28,0.7,4.1,14.5,8.8,3.39,14.1,70,94,47,10.3
2014-03-29,1.1,6.8,16.6,10.9,3.63,16.8,72,96,38,12.0
2014-03-30,0.0,6.5,15.8,10.3,2.42,8.8,62,88,34,11.3
2014-03-31,0.0,3.2,19.1,11.1,2.43,11.5,58,87,31,12.1
2014-04-01,0.0,4.8,18.7,12.0,1.75,10.7,59,87,34,7.2
2014-04-02,2.0,8.2,15.4,12.1,1.29,9.1,67,81,52,9.8
2014-04-03,2.6,7.8,14.3,10.8,3.73,15.8,66,88,39,12.0
2014-04-04,0.0,8.0,17.1,12.0,5.82,16.1,54,75,28,12.1
2014-04-05,0.0,10.7,19.2,14.7,4.55,16.4,64,79,49,12.1
2014-04-06,0.0,9.2,24.9,16.7,2.05,9.2,61,93,26,12.2
2014-04-07,0.0,8.6,27.0,17.9,1.79,11.0,55,89,24,12.3
2014-04-08,0.0,9.2,27.7,18.6,1.78,9.0,47,77,22,12.2
2014-04-09,0.0,10.2,24.8,17.5,1.89,10.0,47,72,26,12.0
2014-04-10,0.0,9.0,27.4,18.6,1.81,10.2,47,78,20,12.2
2014-04-11,1.1,12.2,27.7,18.9,1.95,13.1,44,65,21,7.2
2014-04-12,0.8,10.0,23.9,16.5,1.44,9.9,61,87,33,12.4
2014-04-13,0.0,8.7,23.4,15.9,1.98,10.7,66,96,30,12.6
2014-04-14,0.0,9.5,22.4,15.9,2.16,11.4,56,85,29,11.2
2014-04-15,0.0,7.2,25.6,17.2,1.07,7.5,52,89,24,12.5
2014-04-16,0.0,10.1,25.5,18.4,1.6,9.9,51,84,26,12.7
2014-04-17,0.0,13.3,26.1,19.3,1.62,8.8,47,67,27,12.8
2014-04-18,0.0,10.0,28.0,19.8,0.8,8.1,52,88,20,12.9
2014-04-19,0.0,13.7,27.7,20.3,2.1,11.0,53,83,24,10.5
2014-04-20,1.7,11.9,20.3,15.9,3.83,13.3,51,66,33,12.6
2014-04-21,3.9,10.0,19.7,14.1,2.27,10.3,57,74,35,12.2
2014-04-22,0.0,10.7,20.9,15.3,3.56,12.3,50,74,27,13.1
2014-04-23,0.0,7.1,23.9,15.9,1.8,7.7,50,84,23,13.2
2014-04-24,0.0,9.8,23.8,16.3,2.57,15.2,50,79,26,12.5
2014-04-25,0.0,8.2,18.8,13.5,5.02,14.4,43,66,22,13.3
2014-04-26,0.0,10.8,24.3,17.1,3.0,13.8,45,62,30,13.3
2014-04-27,0.0,12.4,24.7,18.0,2.68,10.5,46,73,18,13.3
2014-04-28,0.0,9.7,27.0,18.6,1.38,8.7,43,75,22,13.5
2014-04-29,0.0,11.0,28.9,20.4,1.43,8.3,43,81,16,13.6
2014-04-30,0.0,11.2,28.5,20.1,1.3,8.2,41,74,17,13.6
2014-05-01,0.0,14.1,26.6,19.6,1.74,11.1,47,70,28,13.3
2014-05-02,0.0,11.6,28.0,19.3,2.09,10.1,45,73,18,13.7
2014-05-03,0.0,10.3,24.9,17.1,1.67,11.5,49,88,13,13.7
2014-05-04,0.0,9.4,25.9,17.5,2.01,12.1,47,77,21,13.7
2014-05-05,0.0,10.2,25.1,17.2,2.3,10.5,49,73,27,13.8
2014-05-06,0.0,9.3,28.3,19.0,2.08,11.2,43,81,15,13.8
2014-05-07,0.0,10.4,31.1,20.9,1.83,11.4,39,69,15,12.5
2014-05-08,0.0,14.8,27.1,20.4,2.04,10.5,43,70,23,12.0
2014-05-09,0.0,13.6,26.6,20.2,1.83,10.3,45,75,21,13.9
2014-05-10,0.0,11.9,29.9,21.6,1.79,9.4,43,79,19,13.9
2014-05-11,0.0,16.4,32.5,24.4,1.67,9.0,38,63,15,13.9
2014-05-12,0.0,15.2,28.9,21.3,2.14,11.0,58,83,31,13.9
2014-05-13,0.0,14.5,27.9,19.4,2.47,14.4,67,90,30,11.6
2014-05-14,0.0,12.1,20.5,15.9,2.53,10.0,65,82,46,13.9
2014-05-15,0.0,10.7,22.3,16.1,2.11,10.3,59,89,35,14.0
2014-05-16,0.0,10.2,21.1,15.0,2.58,12.2,60,88,35,13.6
2014-05-17,0.0,8.4,21.8,15.0,2.33,10.9,49,79,24,14.0
2014-05-18,0.1,9.5,23.1,15.5,2.05,13.2,45,72,20,13.3
2014-05-19,0.0,9.7,26.4,18.2,2.5,13.0,54,88,22,14.0
2014-05-20,0.0,13.4,26.5,19.2,2.1,13.0,48,79,18,12.3
2014-05-21,0.0,10.7,21.5,16.8,2.13,13.8,47,73,26,13.7
2014-05-22,0.0,9.8,21.2,15.8,3.24,11.6,40,69,19,14.0
2014-05-23,0.0,8.0,23.3,16.5,1.58,9.5,37,66,20,14.0
2014-05-24,0.4,10.7,21.9,15.7,2.31,12.1,47,80,23,12.0
2014-05-25,1.9,9.7,22.9,16.3,1.74,10.2,63,97,32,14.0
2014-05-26,0.0,10.1,25.3,18.5,1.3,7.5,43,82,16,14.0
2014-05-27,0.8,12.1,22.9,17.6,2.51,10.5,50,89,28,11.3
2014-05-28,0.3,11.1,20.8,16.4,2.93,12.7,59,87,39,12.7
2014-05-29,0.0,11.5,27.1,19.5,1.91,9.0,40,67,20,13.8
2014-05-30,0.0,11.7,27.6,20.5,1.56,9.5,43,73,20,14.0
2014-05-31,9.2,13.1,16.8,15.0,1.58,9.4,84,93,74,9.4
2014-06-01,7.1,9.7,16.7,13.3,1.42,10.6,77,95,56,8.0
2014-06-02,0.0,10.1,25.1,17.1,2.38,13.1,58,83,25,14.0
2014-06-03,0.0,9.3,28.0,19.5,1.19,7.4,53,86,25,14.0
2014-06-04,0.0,15.7,29.3,23.1,1.7,6.8,38,62,23,14.0
2014-06-05,0.0,14.0,26.7,21.3,2.13,10.1,51,73,36,13.6
2014-06-06,0.3,16.6,29.7,22.9,2.64,16.0,52,83,24,13.8
2014-06-07,0.0,14.6,31.1,23.1,1.78,10.3,48,76,26,14.0
2014-06-08,0.0,14.7,31.4,23.7,1.85,10.8,51,82,26,13.5
2014-06-09,0.0,15.3,30.5,23.5,1.51,10.2,50,82,26,12.2
2014-06-10,0.2,16.9,28.6,22.7,1.51,9.1,56,81,34,11.7
2014-06-11,0.0,16.5,28.8,22.9,2.32,10.7,48,84,25,13.8
2014-06-12,0.0,15.1,29.6,23.3,2.11,10.7,39,68,23,14.0
2014-06-13,0.6,14.8,31.9,24.2,1.35,7.9,37,70,19,14.0
2014-06-14,0.2,17.4,33.8,26.2,1.24,8.0,35,61,18,13.8
2014-06-15,0.5,16.9,30.2,23.0,2.46,13.9,46,75,18,14.0
2014-06-16,4.4,15.5,24.5,19.4,2.48,11.7,70,95,44,14.0
2014-06-17,2.9,14.8,24.1,19.3,1.92,9.4,66,92,40,14.0
2014-06-18,0.0,14.1,28.4,21.4,1.94,10.7,62,90,32,14.0
2014-06-19,0.0,15.8,27.8,21.6,2.08,9.8,64,97,39,14.0
2014-06-20,0.0,14.4,28.2,21.8,2.11,10.1,52,83,29,14.0
2014-06-21,0.3,15.2,30.5,23.0,1.56,9.2,58,90,33,14.0
2014-06-22,0.7,15.6,26.9,21.9,1.38,9.0,56,73,36,14.0
2014-06-23,0.2,16.0,28.1,21.9,1.59,9.6,60,88,30,12.9
2014-06-24,23.8,15.0,21.1,18.4,1.41,7.0,74,96,52,11.7
2014-06-25,0.5,14.2,22.6,18.6,2.91,10.7,57,75,43,13.9
2014-06-26,0.0,15.5,26.9,21.3,2.09,8.1,51,73,34,14.0
2014-06-27,0.0,14.4,29.3,22.3,2.12,10.2,52,83,31,14.0
2014-06-28,0.0,14.9,32.5,24.2,1.38,7.2,51,85,25,14.0
2014-06-29,0.0,17.8,28.6,23.7,2.69,10.3,38,65,23,14.0
2014-06-30,0.0,16.4,29.0,22.6,2.2,11.6,52,84,32,14.0
2014-07-01,0.0,14.2,30.8,23.1,1.27,8.1,46,79,20,14.0
2014-07-02,0.0,16.9,26.0,21.8,2.62,11.5,52,74,35,14.0
2014-07-03,0.8,16.4,25.3,20.2,2.05,7.9,66,98,35,13.5
2014-07-04,0.0,13.8,29.2,21.9,1.86,8.0,46,67,27,14.0
2014-07-05,0.0,15.0,31.3,23.9,2.32,11.8,43,75,24,14.0
2014-07-06,0.0,16.0,30.8,24.0,1.53,7.6,42,71,21,12.4
2014-07-07,0.0,18.9,29.9,24.4,2.14,9.0,43,67,24,14.0
2014-07-08,0.2,17.8,31.3,23.6,2.03,12.7,59,87,28,13.1
2014-07-09,0.0,17.1,30.9,22.8,2.27,13.3,67,98,30,14.0
2014-07-10,0.0,16.6,30.7,23.0,2.13,10.5,60,93,28,14.0
2014-07-11,0.0,17.1,32.1,23.9,1.58,10.8,58,85,22,14.0
2014-07-12,0.0,18.7,31.9,24.3,1.71,11.9,60,90,19,13.7
2014-07-13,0.0,17.9,32.0,24.4,1.75,10.2,63,97,23,14.0
2014-07-14,0.0,18.1,34.7,26.1,2.05,13.4,48,77,20,14.0
2014-07-15,0.0,19.0,32.3,24.8,2.1,10.7,59,91,31,14.0
2014-07-16,0.0,17.9,33.4,25.5,2.08,11.3,50,83,24,14.0
2014-07-17,0.0,17.4,35.3,26.5,2.19,11.7,44,76,19,14.0
2014-07-18,0.2,19.7,34.5,27.4,2.25,15.8,42,60,24,13.8
2014-07-19,0.0,19.1,35.2,27.2,1.92,9.5,43,80,14,13.3
2014-07-20,0.0,19.8,29.8,24.7,3.09,11.2,37,63,19,13.9
2014-07-21,0.0,15.7,31.6,24.1,1.65,9.8,34,57,19,13.9
2014-07-22,0.0,16.8,34.1,25.6,1.64,11.1,47,79,21,13.9
2014-07-23,0.0,17.8,35.4,26.8,1.91,11.2,40,63,19,13.9
2014-07-24,0.0,18.2,33.8,26.3,1.72,10.5,43,58,27,13.5
2014-07-25,0.0,20.3,33.3,26.4,1.94,10.2,51,73,28,13.7
2014-07-26,0.0,19.4,32.4,25.7,2.01,9.8,58,91,30,13.8
2014-07-27,0.0,18.4,33.9,26.2,1.92,9.7,56,83,30,13.8
2014-07-28,0.0,20.0,36.6,28.3,1.05,7.2,43,81,12,13.6
2014-07-29,0.0,21.2,32.7,25.8,2.34,14.4,43,66,25,13.8
2014-07-30,0.0,18.1,32.1,24.5,2.15,11.0,56,81,30,13.7
2014-07-31,0.0,19.2,33.8,26.3,1.66,10.2,57,87,26,13.6
2014-08-01,0.0,19.8,34.6,27.0,1.5,9.8,36,62,12,13.5
2014-08-02,0.0,18.9,31.3,25.3,2.58,9.6,37,64,19,13.7
2014-08-03,0.0,17.5,32.7,25.2,2.17,11.5,39,63,22,13.7
2014-08-04,0.0,18.8,34.8,26.4,1.79,11.4,48,70,23,13.6
2014-08-05,0.0,18.8,34.2,26.3,1.87,12.0,50,73,21,13.5
2014-08-06,0.3,18.9,33.3,25.9,1.87,10.0,54,81,29,13.5
2014-08-07,0.0,19.6,34.6,26.8,1.86,11.7,46,68,21,13.3
2014-08-08,0.0,20.6,34.6,27.0,1.91,11.9,49,76,23,13.0
2014-08-09,0.0,18.5,35.0,26.8,1.91,11.0,46,67,23,13.4
2014-08-10,0.0,18.8,37.4,28.4,1.34,8.5,38,74,11,13.4
2014-08-11,0.0,19.0,36.5,27.8,2.27,12.8,29,48,13,13.5
2014-08-12,0.3,21.3,33.8,27.0,1.81,10.7,51,71,30,13.0
2014-08-13,0.0,20.1,34.9,27.1,1.83,10.4,44,75,19,13.3
2014-08-14,0.0,19.0,28.0,22.8,2.62,10.6,67,85,46,11.6
2014-08-15,0.1,19.4,31.3,24.3,2.52,12.0,68,96,29,11.4
2014-08-16,0.1,19.2,27.2,22.4,3.05,11.3,77,99,48,12.0
2014-08-17,0.8,18.1,27.8,22.2,2.45,9.6,71,95,43,11.5
2014-08-18,0.0,16.7,32.0,23.7,1.78,9.9,59,94,23,13.0
2014-08-19,0.0,17.6,32.7,25.1,2.04,12.2,55,81,27,13.0
2014-08-20,0.0,17.7,33.8,25.9,0.95,8.5,45,81,13,12.8
2014-08-21,0.0,17.4,33.4,25.2,1.84,11.8,34,63,16,12.9
2014-08-22,0.0,17.9,33.9,25.7,0.95,8.9,47,80,15,12.8
2014-08-23,0.5,19.6,30.2,24.1,2.29,11.6,43,78,28,12.6
2014-08-24,0.0,18.5,30.4,23.7,1.98,10.7,68,99,33,12.7
2014-08-25,0.0,16.8,33.8,25.5,1.79,11.3,56,95,24,12.7
2014-08-26,0.0,17.8,37.1,27.7,1.07,6.5,34,61,12,12.7
2014-08-27,0.2,20.6,36.6,28.3,2.18,12.7,33,53,16,12.6
2014-08-28,0.0,19.4,34.4,26.8,1.96,10.8,48,67,27,12.3
2014-08-29,0.0,19.2,35.2,26.8,1.81,11.6,45,72,13,12.4
2014-08-30,0.1,19.7,30.4,24.4,1.84,8.7,65,89,38,12.0
2014-08-31,0.2,19.0,31.0,24.4,1.81,9.8,67,99,34,12.1
2014-09-01,0.0,17.6,33.4,25.7,1.63,9.0,58,96,25,12.2
2014-09-02,1.3,17.8,37.3,27.8,1.27,9.5,42,76,15,12.1
2014-09-03,0.0,21.3,36.6,28.9,1.0,7.9,34,57,12,12.2
2014-09-04,0.0,19.1,35.2,27.4,1.56,9.5,38,64,14,12.1
2014-09-05,0.0,19.4,34.3,26.4,1.45,11.0,42,62,16,12.0
2014-09-06,0.0,19.3,32.9,25.7,1.43,9.7,51,76,25,12.0
2014-09-07,2.8,18.1,32.6,25.1,1.37,11.6,51,74,22,12.0
2014-09-08,0.0,17.6,31.2,24.5,1.78,7.7,51,76,26,11.9
2014-09-09,0.1,18.5,30.6,24.0,2.02,10.7,63,89,29,12.0
2014-09-10,0.0,17.1,31.4,24.2,1.4,10.1,65,98,26,12.0
2014-09-11,0.0,17.0,31.3,24.4,1.59,8.0,41,75,21,12.0
2014-09-12,0.0,17.4,31.8,24.9,1.87,8.0,38,63,20,12.0
2014-09-13,0.0,17.2,32.5,24.9,1.95,9.5,39,58,18,11.2
2014-09-14,0.0,16.7,32.6,24.8,1.01,6.8,36,58,16,12.0
2014-09-15,0.0,16.1,30.8,23.5,1.84,9.4,35,59,18,12.0
2014-09-16,0.5,18.4,29.3,23.4,1.97,13.0,46,63,33,12.0
2014-09-17,0.0,15.7,29.1,22.4,1.47,6.7,50,74,23,12.0
2014-09-18,0.0,16.0,28.9,22.1,1.71,10.3,53,85,23,12.0
2014-09-19,0.0,15.1,28.3,21.7,1.88,10.2,50,77,26,12.0
2014-09-20,0.7,16.6,29.7,22.7,1.39,7.6,47,65,26,10.1
2014-09-21,0.9,17.5,29.3,22.2,1.32,9.8,59,79,32,7.5
2014-09-22,6.7,17.4,22.7,19.8,0.97,6.7,76,97,48,8.5
2014-09-23,0.0,13.6,23.7,18.6,1.12,6.3,65,88,41,12.0
2014-09-24,0.0,13.6,23.7,18.7,1.27,6.1,61,85,39,11.9
2014-09-25,8.7,13.9,21.1,17.2,1.35,8.8,79,92,60,10.7
2014-09-26,3.7,14.5,20.1,16.8,1.57,8.6,89,99,72,11.8
2014-09-27,6.6,15.5,18.9,16.9,2.03,8.7,92,99,78,2.5
2014-09-28,1.5,15.4,22.5,18.2,1.22,5.8,80,94,63,10.5
2014-09-29,9.7,15.2,22.1,17.6,1.14,6.6,88,99,71,8.3
2014-09-30,0.2,12.5,23.9,17.9,1.69,8.3,82,99,54,10.4
2014-10-01,2.0,16.0,19.7,17.9,1.46,7.2,94,100,84,1.0
2014-10-02,10.8,16.2,20.8,17.8,1.53,8.2,91,99,72,5.2
2014-10-03,0.3,14.3,21.9,17.9,1.33,5.7,81,97,59,11.4
2014-10-04,0.0,13.6,24.1,18.5,1.06,5.8,74,97,42,11.3
2014-10-05,2.3,13.7,24.2,18.3,1.51,9.2,76,99,45,11.2
2014-10-06,0.0,16.2,24.7,19.5,1.06,6.2,76,100,43,10.8
2014-10-07,0.0,11.8,25.5,18.2,1.5,6.4,63,83,35,11.4
2014-10-08,0.0,11.6,26.3,18.5,1.33,7.1,64,85,33,11.2
2014-10-09,0.4,13.0,26.3,19.1,1.42,6.9,63,85,36,11.1
2014-10-10,0.0,12.2,24.8,18.2,1.59,6.2,68,90,41,10.8
2014-10-11,0.0,12.2,22.6,17.3,2.03,9.4,74,91,51,9.0
2014-10-12,0.9,14.3,22.6,17.7,1.88,9.3,70,92,43,10.4
2014-10-13,0.0,11.9,20.3,15.8,2.08,7.7,57,75,38,8.7
2014-10-14,2.8,11.2,16.6,13.7,2.6,12.0,67,92,47,9.8
2014-10-15,0.0,9.7,21.9,15.6,2.32,8.8,64,83,48,10.2
2014-10-16,0.0,13.2,26.1,18.8,1.24,6.9,72,96,38,10.6
2014-10-17,0.0,11.8,25.7,18.3,1.23,6.2,74,92,46,10.5
2014-10-18,0.0,12.5,27.3,19.3,1.3,7.5,68,91,37,10.6
2014-10-19,0.0,14.6,26.1,19.9,1.37,8.3,64,80,41,10.1
2014-10-20,0.0,11.8,26.9,18.8,1.34,7.3,61,84,35,10.4
2014-10-21,0.0,13.4,28.2,20.1,2.29,9.6,49,77,23,10.6
2014-10-22,0.0,16.7,26.0,20.8,2.96,11.9,39,59,16,10.5
2014-10-23,0.0,9.8,24.9,17.4,1.34,6.0,42,67,20,10.4
2014-10-24,0.0,10.7,24.7,17.4,1.76,5.8,45,72,28,10.3
2014-10-25,0.0,11.2,24.4,17.4,1.52,7.8,42,65,23,10.3
2014-10-26,0.0,10.5,24.7,17.5,1.6,8.4,46,70,29,10.3
2014-10-27,0.0,10.4,23.6,16.8,1.46,8.5,59,88,34,10.2
2014-10-28,0.0,12.7,22.1,16.5,1.32,7.8,75,97,45,10.0
2014-10-29,0.0,12.9,22.6,16.8,1.14,7.6,72,99,37,10.0
2014-10-30,0.0,9.1,23.0,15.8,1.33,7.4,67,92,34,10.1
2014-10-31,0.0,10.4,20.6,15.1,1.34,7.5,73,94,48,10.0
2014-11-01,0.0,9.2,22.6,15.1,1.28,7.0,66,91,29,10.0
2014-11-02,0.0,11.1,21.1,15.3,1.45,7.7,69,92,35,9.5
2014-11-03,0.0,9.1,21.3,14.8,1.53,7.5,63,91,30,10.0
2014-11-04,11.3,8.3,14.7,12.2,3.8,17.9,66,90,47,6.0
2014-11-05,0.0,7.1,13.9,9.7,5.09,14.9,53,68,31,10.0
2014-11-06,0.0,7.1,15.8,10.9,3.27,11.3,50,67,34,10.0
2014-11-07,0.0,8.6,18.2,13.2,2.71,12.7,69,86,58,10.0
2014-11-08,0.0,10.8,17.9,13.8,1.83,9.0,71,93,42,9.9
2014-11-09,1.5,8.7,14.0,10.7,2.39,9.1,67,90,42,6.7
2014-11-10,0.0,3.7,13.8,8.9,2.16,7.5,60,91,31,9.9
2014-11-11,7.1,5.1,14.7,8.8,1.62,7.6,76,90,62,4.9
2014-11-12,0.0,9.5,17.2,12.7,2.21,9.4,71,84,52,9.5
2014-11-13,0.0,7.6,19.9,13.1,1.15,5.4,78,97,47,9.6
2014-11-14,6.9,12.3,17.9,14.2,1.74,11.5,81,92,61,6.9
2014-11-15,0.0,8.7,14.4,11.6,2.91,13.0,63,84,41,9.8
2014-11-16,0.0,7.4,15.4,10.7,2.18,7.1,65,81,40,9.8
2014-11-17,0.0,4.5,15.3,9.1,1.84,8.6,72,90,46,9.8
2014-11-18,0.0,3.0,17.2,9.0,1.28,5.2,72,95,38,9.8
2014-11-19,0.0,3.9,18.1,10.3,1.25,6.3,70,89,43,9.8
2014-11-20,0.0,7.7,17.3,12.0,1.41,8.5,78,94,63,9.8
2014-11-21,0.0,7.3,19.1,12.3,1.35,8.1,85,99,58,9.2
2014-11-22,0.0,9.2,19.3,13.3,1.36,8.1,78,97,53,8.0
2014-11-23,1.4,9.9,17.7,13.4,1.67,9.7,81,94,61,7.0
2014-11-24,0.0,8.8,18.0,12.8,1.52,6.4,82,95,60,9.5
2014-11-25,0.2,9.6,18.1,13.1,1.12,5.0,82,99,54,9.5
2014-11-26,1.7,8.6,16.9,12.3,1.2,4.6,77,97,44,9.6
2014-11-27,1.5,9.6,14.5,11.3,2.34,14.1,83,98,67,7.8
2014-11-28,2.8,8.3,11.5,10.1,3.67,12.9,90,99,85,0.6
2014-11-29,2.2,8.4,15.3,11.1,1.45,4.7,82,100,54,8.5
2014-11-30,6.0,8.5,11.6,9.9,2.84,11.2,84,91,75,0.0
2014-12-01,1.6,9.9,15.7,12.1,3.69,13.5,73,90,48,7.7
2014-12-02,0.0,6.5,13.5,9.5,3.47,12.0,65,73,48,9.5
2014-12-03,0.5,5.1,12.9,8.5,1.42,7.7,72,88,49,9.2
2014-12-04,1.6,4.5,12.5,8.1,1.79,7.8,76,97,44,8.9
2014-12-05,0.0,4.0,12.1,7.0,2.2,9.2,74,93,44,9.5
2014-12-06,0.0,2.5,10.2,5.7,3.61,12.6,68,91,40,9.5
2014-12-07,0.0,2.5,9.4,5.7,4.41,13.5,56,71,42,9.5
2014-12-08,0.0,1.5,13.4,6.9,2.68,9.5,63,83,41,9.4
2014-12-09,0.0,6.1,9.8,7.6,5.16,16.2,59,70,47,9.4
2014-12-10,0.0,0.8,13.4,6.5,2.19,11.0,57,79,30,9.4
2014-12-11,0.0,3.0,15.2,7.9,2.07,8.0,66,81,43,9.4
2014-12-12,0.0,1.6,16.3,7.2,1.32,4.9,69,91,33,9.4
2014-12-13,0.0,2.9,14.5,7.6,1.8,7.9,73,99,50,8.4
2014-12-14,12.3,6.4,8.4,7.6,1.0,4.8,97,100,93,0.1
2014-12-15,4.1,6.1,7.9,6.7,3.14,10.4,89,95,84,1.5
2014-12-16,0.6,5.4,11.5,7.9,3.5,12.6,77,86,62,8.2
2014-12-17,0.0,6.3,13.3,9.4,3.79,12.2,69,82,51,9.3
2014-12-18,0.0,5.7,16.8,10.1,2.12,7.0,75,90,53,9.4
2014-12-19,0.0,4.4,19.1,10.3,1.18,4.2,77,94,46,9.4
2014-12-20,0.0,3.2,16.3,9.1,1.2,4.6,73,93,45,9.4
2014-12-21,0.0,2.4,13.8,7.7,1.15,5.1,80,90,62,9.3
2014-12-22,0.0,3.4,11.6,6.8,1.06,6.2,85,100,59,8.9
2014-12-23,0.0,1.2,12.8,6.0,0.83,4.2,81,95,53,9.0
2014-12-24,0.0,1.5,13.9,6.7,1.41,4.4,70,96,40,8.4
2014-12-25,0.0,0.6,12.6,6.1,1.12,4.8,75,91,51,9.0
2014-12-26,0.0,1.3,13.0,6.0,1.61,6.8,75,90,48,9.3
2014-12-27,0.0,2.0,14.1,6.7,2.24,8.7,72,92,44,9.3
2014-12-28,0.0,6.6,10.6,8.1,4.14,14.8,68,80,62,8.9
2014-12-29,0.0,0.2,6.1,3.2,3.96,12.8,49,74,32,9.4
2014-12-30,0.0,-3.3,7.8,1.5,1.57,6.7,47,65,24,9.4
2014-12-31,0.0,-2.6,12.6,3.2,2.5,8.9,45,62,27,9.4
2015-01-01,0.0,-1.1,10.4,4.2,1.4,7.2,61,89,49,9.3
2015-01-02,0.0,-1.1,13.4,4.6,1.27,4.2,63,91,30,9.4
2015-01-03,0.0,-0.0,16.7,6.2,1.4,4.5,55,76,28,9.4
2015-01-04,0.0,1.3,18.8,8.6,1.68,5.2,51,75,26,9.4
2015-01-05,0.0,3.5,15.2,8.5,1.04,5.3,61,84,42,9.3
2015-01-06,0.0,0.2,14.8,6.6,1.23,4.1,62,89,29,9.1
2015-01-07,0.0,-0.2,12.0,5.9,1.13,4.4,67,81,50,9.3
2015-01-08,0.0,-0.2,12.5,5.5,0.95,4.1,79,95,52,9.4
2015-01-09,0.0,-0.3,15.1,5.9,1.19,4.2,65,92,31,9.5
2015-01-10,0.0,0.2,18.7,7.2,1.51,4.8,45,65,19,9.5
2015-01-11,0.0,2.6,16.9,8.9,2.25,8.9,39,60,24,9.5
2015-01-12,0.0,2.8,12.6,8.3,1.16,7.2,68,93,45,9.2
2015-01-13,0.0,1.1,17.5,7.9,1.1,4.5,73,97,35,9.4
2015-01-14,0.0,2.7,16.2,8.4,1.48,5.0,62,82,34,8.6
2015-01-15,0.0,3.1,16.9,8.8,1.4,7.0,67,85,38,9.5
2015-01-16,0.0,5.0,9.5,7.9,3.22,13.0,63,83,35,7.0
2015-01-17,0.0,0.4,9.1,4.8,3.07,12.0,57,76,30,9.6
2015-01-18,2.9,-2.1,7.2,2.1,1.11,5.8,72,97,49,3.9
2015-01-19,7.6,2.1,5.4,3.6,2.8,13.0,87,99,64,6.3
2015-01-20,0.0,-0.3,8.4,3.6,2.3,7.8,54,67,36,9.4
2015-01-21,0.5,-1.4,8.8,3.1,2.89,11.2,66,83,42,9.6
2015-01-22,0.0,2.4,7.1,4.3,5.17,18.3,66,75,47,9.2
2015-01-23,0.0,2.1,8.6,4.8,5.2,14.9,57,70,38,9.6
2015-01-24,0.0,-0.0,11.3,5.1,3.41,10.8,48,62,30,9.6
2015-01-25,0.0,4.1,12.1,7.5,3.9,11.7,39,59,20,9.7
2015-01-26,0.0,-0.8,13.3,6.0,1.75,9.4,49,71,32,9.6
2015-01-27,0.0,0.5,13.8,7.2,2.73,10.2,61,84,38,9.7
2015-01-28,0.0,3.4,15.6,9.1,3.04,10.2,54,78,30,9.7
2015-01-29,0.0,2.6,16.8,8.4,3.36,15.3,64,88,29,9.7
2015-01-30,0.0,10.1,15.2,12.8,8.55,24.6,67,75,56,9.0
2015-01-31,1.9,5.3,14.1,10.6,8.26,26.1,65,77,54,9.9
2015-02-01,0.0,2.2,8.4,4.9,5.81,17.4,48,62,29,9.8
2015-02-02,1.1,2.6,8.3,5.0,3.2,12.6,61,75,48,9.7
2015-02-03,0.1,5.7,10.2,7.5,4.82,15.9,67,79,51,10.0
2015-02-04,0.0,1.1,7.1,4.0,5.71,19.9,57,72,36,10.1
2015-02-05,0.0,-0.7,6.2,2.1,7.15,21.7,42,56,28,10.1
2015-02-06,0.0,-0.0,7.1,2.8,4.0,13.2,46,67,32,10.2
2015-02-07,0.1,-2.5,6.1,1.6,1.27,6.1,66,80,49,7.2
2015-02-08,0.0,-2.3,9.1,2.7,1.31,5.3,63,85,36,10.4
2015-02-09,1.0,-2.6,7.8,2.7,2.22,11.3,71,91,53,10.1
2015-02-10,1.3,3.0,7.8,5.2,2.25,10.2,84,99,62,5.2
2015-02-11,0.1,0.6,11.0,6.0,1.64,6.8,83,98,63,10.0
2015-02-12,5.4,2.8,7.3,5.7,0.95,5.3,95,99,86,0.7
2015-02-13,0.0,1.1,13.3,6.3,2.14,9.5,76,99,38,10.5
2015-02-14,0.0,5.0,13.2,8.6,3.75,14.3,69,84,50,9.7
2015-02-15,2.0,7.1,11.9,9.4,3.88,16.3,76,89,61,8.6
2015-02-16,0.0,6.7,15.5,10.5,3.86,11.5,65,81,45,10.7
2015-02-17,10.4,5.0,9.3,7.0,3.39,16.7,86,96,73,7.3
2015-02-18,5.4,5.0,9.5,6.8,3.62,12.3,86,96,65,5.8
2015-02-19,0.1,3.8,9.6,6.3,2.86,10.2,80,97,55,7.3
2015-02-20,0.2,2.5,10.6,6.2,1.71,6.8,80,94,58,9.0
2015-02-21,0.7,1.5,10.5,6.1,3.32,14.4,75,94,52,10.5
2015-02-22,0.0,4.0,12.2,7.9,5.09,18.0,51,59,39,10.8
2015-02-23,0.0,6.1,16.2,10.6,3.31,14.6,64,83,42,10.8
2015-02-24,0.0,5.8,12.3,9.0,5.77,20.0,53,71,31,10.8
2015-02-25,0.0,4.9,12.0,8.1,6.18,15.9,56,65,46,6.5
2015-02-26,0.0,9.1,17.1,12.2,5.48,15.6,59,71,45,10.9
2015-02-27,0.0,9.0,15.3,11.6,4.23,15.2,58,74,38,10.9
2015-02-28,0.0,3.0,16.8,10.0,2.76,11.7,60,82,43,10.9
2015-03-01,0.0,6.5,20.3,13.1,2.14,6.8,62,84,38,10.9
2015-03-02,0.0,8.1,24.7,15.4,1.6,5.6,66,88,37,10.9
2015-03-03,0.0,9.3,22.9,15.2,1.52,7.1,71,93,41,11.0
2015-03-04,0.0,8.2,18.8,13.3,2.41,11.8,67,96,38,11.0
2015-03-05,0.0,3.6,13.1,8.3,3.04,13.0,36,49,15,11.1
2015-03-06,0.0,1.5,15.6,8.1,1.46,7.5,35,52,19,11.1
2015-03-07,0.0,0.8,19.8,9.8,1.29,5.9,41,64,16,11.2
2015-03-08,0.0,2.6,18.3,9.9,1.62,9.2,44,78,24,10.7
2015-03-09,0.0,3.1,19.8,11.2,1.33,6.3,59,91,26,11.2
2015-03-10,0.0,3.5,21.7,12.2,1.33,8.5,55,80,23,11.2
2015-03-11,0.0,5.2,24.4,14.1,1.36,6.5,50,85,15,11.4
2015-03-12,0.0,5.3,24.4,14.4,1.44,5.5,44,71,16,11.5
2015-03-13,0.0,5.9,19.5,12.3,1.8,10.3,58,85,32,11.5
2015-03-14,4.0,6.8,12.2,9.4,1.24,8.5,72,93,30,9.4
2015-03-15,0.3,2.3,15.2,8.2,1.53,9.4,49,74,21,11.6
2015-03-16,0.0,3.9,15.0,8.5,1.67,10.5,61,93,24,11.5
2015-03-17,0.0,4.8,12.8,8.0,2.8,12.4,76,97,44,10.4
2015-03-18,14.0,4.3,9.4,6.9,2.22,7.4,87,97,73,0.1
2015-03-19,10.7,5.8,12.5,8.9,3.18,14.4,93,98,81,1.3
2015-03-20,26.2,7.6,11.6,9.0,2.9,14.2,96,99,90,5.0
2015-03-21,18.9,7.1,13.4,9.3,0.81,8.8,87,99,66,8.7
2015-03-22,8.0,4.7,13.1,8.5,1.66,8.8,87,98,66,11.1
2015-03-23,9.4,7.6,13.4,9.5,1.36,9.0,93,100,76,10.3
2015-03-24,6.5,7.8,12.2,9.4,1.63,7.9,89,100,65,7.6
2015-03-25,8.0,4.7,10.5,7.4,4.93,16.1,62,97,30,9.3
2015-03-26,0.0,2.1,13.5,7.8,5.35,16.1,50,61,39,11.5
2015-03-27,0.0,10.3,17.7,13.6,4.75,16.1,65,79,54,9.4
2015-03-28,0.0,11.3,22.8,16.4,3.44,12.0,57,73,35,11.9
2015-03-29,0.0,9.7,23.4,16.4,2.86,10.0,51,78,30,12.0
2015-03-30,0.0,10.7,25.0,17.6,2.76,10.2,47,65,30,12.0
2015-03-31,0.0,11.2,27.0,18.9,1.81,6.2,52,73,34,12.0
2015-04-01,0.0,10.1,22.4,15.8,1.95,9.1,62,79,47,12.1
2015-04-02,0.0,6.7,20.1,13.4,1.42,7.0,73,94,51,12.1
2015-04-03,0.0,7.3,21.4,14.1,1.53,7.6,68,95,37,11.0
2015-04-04,0.0,8.7,18.7,13.6,1.57,9.5,69,91,47,12.0
2015-04-05,0.8,5.8,21.3,13.6,1.63,8.1,70,97,40,12.0
2015-04-06,0.4,7.9,15.0,10.9,2.59,11.3,75,96,50,8.6
2015-04-07,0.6,5.6,12.3,8.7,3.17,12.3,73,93,49,7.9
2015-04-08,0.7,5.1,12.9,8.5,3.49,12.9,72,92,48,11.2
2015-04-09,0.8,5.3,14.5,9.5,1.98,11.5,72,89,59,12.3
2015-04-10,0.0,4.2,18.3,11.4,1.64,8.2,68,91,45,12.4
2015-04-11,7.4,7.9,12.9,10.4,1.1,4.9,89,95,77,0.0
2015-04-12,2.7,5.7,17.3,11.2,3.03,15.2,79,98,54,11.0
2015-04-13,0.2,5.6,18.0,11.9,2.33,13.7,70,93,47,12.5
2015-04-14,0.0,9.3,19.3,14.2,2.32,12.7,49,62,39,12.0
2015-04-15,2.1,8.8,17.5,12.7,1.59,8.9,67,95,36,2.8
2015-04-16,4.6,8.5,18.8,13.7,1.29,8.1,75,98,48,12.6
2015-04-17,0.0,7.6,22.3,14.7,1.71,8.9,67,91,40,12.2
2015-04-18,0.0,7.9,22.4,15.2,1.54,9.0,69,93,42,12.8
2015-04-19,0.0,6.7,22.0,14.5,1.92,8.3,57,84,27,12.8
2015-04-20,0.0,9.9,19.2,14.5,2.05,9.9,59,73,45,12.9
2015-04-21,1.1,8.5,17.1,12.8,2.3,12.6,67,84,52,10.2
2015-04-22,1.2,8.4,22.9,14.9,1.38,8.1,69,88,46,11.8
2015-04-23,0.0,8.2,24.2,16.3,1.6,7.9,66,93,36,12.8
2015-04-24,0.0,9.5,24.0,16.8,1.63,9.2,67,87,43,11.5
2015-04-25,0.0,9.4,22.6,16.8,0.98,6.2,62,91,36,10.5
2015-04-26,2.9,12.3,20.9,15.8,2.36,15.2,66,89,41,11.9
2015-04-27,0.0,10.1,18.2,13.8,4.37,13.2,53,71,35,13.4
2015-04-28,0.0,8.7,21.5,15.2,1.98,11.8,51,78,30,13.5
2015-04-29,0.0,8.1,23.2,16.0,1.47,8.8,55,86,30,13.1
2015-04-30,0.0,8.7,25.4,17.0,1.86,10.4,56,83,29,13.2
2015-05-01,0.0,10.3,28.2,19.5,1.25,6.4,56,88,28,13.6
2015-05-02,0.0,13.1,30.0,21.7,2.0,8.7,49,79,28,13.5
2015-05-03,0.0,13.9,32.2,23.3,1.44,8.2,49,79,21,12.8
2015-05-04,0.0,17.1,32.3,25.2,1.68,9.8,41,74,22,12.0
2015-05-05,0.0,17.2,25.5,21.4,1.78,7.7,40,58,28,9.4
2015-05-06,0.0,11.4,26.7,18.8,2.1,11.0,50,79,27,13.8
2015-05-07,0.0,12.3,26.1,18.9,2.09,10.0,52,74,28,13.8
2015-05-08,0.0,11.2,26.4,19.3,2.15,10.0,51,85,22,13.9
2015-05-09,0.0,11.5,27.7,19.9,2.12,9.8,50,78,26,13.3
2015-05-10,0.0,14.5,25.9,20.0,2.0,10.2,53,83,28,13.9
2015-05-11,0.0,12.0,28.3,20.3,1.87,9.3,38,60,20,13.9
2015-05-12,0.0,12.3,31.7,22.0,1.59,8.7,38,62,17,13.9
2015-05-13,0.0,14.0,34.6,24.7,1.53,9.0,40,67,16,13.9
2015-05-14,0.3,18.1,35.7,27.3,2.37,10.8,26,46,12,14.0
2015-05-15,0.0,17.7,27.3,22.7,2.45,9.9,27,42,17,13.2
2015-05-16,0.0,11.7,25.0,18.6,2.41,9.2,41,68,21,14.0
2015-05-17,0.0,10.6,26.2,18.9,2.02,9.7,51,87,24,14.0
2015-05-18,0.0,11.2,26.7,19.1,1.93,9.3,47,69,25,13.0
2015-05-19,3.0,14.8,27.4,20.1,2.16,13.3,60,89,31,13.8
2015-05-20,2.7,12.4,21.4,15.9,2.21,10.0,67,96,25,11.2
2015-05-21,0.0,11.4,20.5,15.3,1.77,9.3,69,94,35,14.0
2015-05-22,0.0,10.5,18.8,14.9,2.41,9.4,70,96,46,14.0
2015-05-23,0.0,8.0,21.4,15.2,1.72,10.4,60,93,32,14.0
2015-05-24,0.0,9.7,19.6,14.9,1.98,12.1,55,84,34,12.1
2015-05-25,0.0,10.1,21.5,16.2,2.24,10.2,52,80,32,12.1
2015-05-26,0.0,10.3,26.6,19.0,1.45,7.1,50,81,23,14.0
2015-05-27,0.3,12.8,25.5,19.2,1.94,10.6,56,71,37,14.0
2015-05-28,0.0,12.4,25.0,18.5,2.29,10.8,63,95,37,14.0
2015-05-29,0.0,12.0,24.9,18.8,1.45,7.7,52,76,30,11.1
2015-05-30,3.7,12.1,26.9,19.5,1.73,10.6,64,91,33,14.0
2015-05-31,2.1,12.4,26.7,19.5,1.52,8.9,68,93,37,13.5
2015-06-01,1.1,13.8,25.8,19.7,1.54,10.3,69,91,40,13.7
2015-06-02,0.0,14.0,27.0,20.6,2.05,10.3,63,94,34,14.0
2015-06-03,0.0,13.0,26.9,20.3,2.13,10.2,45,78,23,14.0
2015-06-04,0.0,13.9,26.5,20.3,2.25,9.9,39,53,24,14.0
2015-06-05,0.0,12.1,27.2,20.4,1.99,9.6,47,71,29,14.0
2015-06-06,0.0,12.9,27.9,21.0,2.05,10.8,46,83,23,14.0
2015-06-07,0.0,13.1,27.6,20.9,1.92,9.5,39,67,17,14.0
2015-06-08,0.0,13.7,28.2,21.3,2.07,10.2,43,60,24,14.0
2015-06-09,0.0,14.1,29.2,22.4,1.96,11.8,46,79,23,14.0
2015-06-10,0.0,14.9,28.1,21.8,2.25,11.2,52,78,31,14.0
2015-06-11,3.4,14.9,27.2,20.6,1.49,10.9,63,89,38,12.8
2015-06-12,0.0,14.1,25.1,20.1,1.37,6.3,55,85,33,14.0
2015-06-13,0.3,15.3,25.4,20.3,1.91,10.9,45,72,28,14.0
2015-06-14,0.0,11.9,23.5,18.5,1.86,9.4,41,70,25,11.3
2015-06-15,6.0,12.9,21.9,16.6,1.8,9.2,61,83,41,12.9
2015-06-16,0.0,10.2,22.3,17.0,2.66,12.5,60,89,36,13.8
2015-06-17,0.4,11.2,27.2,19.4,1.74,9.1,54,82,28,14.0
2015-06-18,0.0,13.2,26.1,20.2,1.65,8.3,57,84,34,14.0
2015-06-19,0.0,13.0,30.1,22.0,1.66,9.9,55,89,27,14.0
2015-06-20,0.0,14.1,30.5,22.7,2.25,11.7,50,83,25,14.0
2015-06-21,0.0,15.0,31.0,23.3,2.1,10.2,52,81,30,14.0
2015-06-22,0.0,15.7,32.1,24.3,1.89,11.0,49,82,22,14.0
2015-06-23,2.0,16.1,29.8,22.8,1.23,13.2,54,80,28,12.9
2015-06-24,0.7,14.0,29.3,21.7,1.82,10.7,51,75,26,14.0
2015-06-25,0.0,15.9,28.5,22.4,1.71,8.8,64,98,34,14.0
2015-06-26,0.0,15.4,32.3,24.3,1.86,10.9,51,84,25,14.0
2015-06-27,0.0,16.4,34.2,26.0,2.12,10.9,40,73,20,14.0
2015-06-28,0.0,17.5,37.3,28.1,1.87,11.3,32,64,16,14.0
2015-06-29,0.0,19.6,35.3,28.0,2.54,12.1,32,54,18,14.0
2015-06-30,0.0,18.4,35.6,27.6,2.53,13.3,36,64,16,14.0
2015-07-01,0.0,19.0,33.9,26.8,2.5,13.3,37,60,18,14.0
2015-07-02,0.0,20.0,34.5,26.8,2.0,11.3,43,70,21,13.5
2015-07-03,0.0,20.6,34.2,26.7,2.41,12.3,54,83,26,14.0
2015-07-04,0.0,18.1,36.3,27.7,2.04,11.0,40,72,15,14.0
2015-07-05,0.0,18.2,37.4,28.3,2.06,11.1,37,64,14,14.0
2015-07-06,0.0,20.4,36.3,28.7,2.0,10.8,33,56,16,14.0
2015-07-07,0.0,19.4,38.8,29.8,1.73,9.0,27,52,10,14.0
2015-07-08,0.3,22.7,39.1,30.8,2.56,13.0,25,36,12,14.0
2015-07-09,0.0,22.3,35.1,27.8,2.17,11.1,50,68,30,14.0
2015-07-10,0.0,20.0,36.6,28.1,1.96,11.1,58,88,24,14.0
2015-07-11,0.0,20.0,34.9,27.6,1.97,11.9,50,72,22,14.0
2015-07-12,0.0,19.6,35.1,27.2,1.86,10.7,55,85,26,14.0
2015-07-13,0.0,18.8,35.4,27.5,1.84,10.8,50,75,27,14.0
2015-07-14,0.0,21.4,35.5,28.3,2.03,11.2,51,77,23,14.0
2015-07-15,0.0,20.5,34.6,27.6,1.81,10.0,52,80,29,13.4
2015-07-16,0.0,19.4,34.8,27.5,2.13,10.2,52,90,24,14.0
2015-07-17,0.0,19.9,33.0,27.2,2.07,9.5,45,76,24,13.9
2015-07-18,0.3,20.7,34.4,27.5,2.2,11.8,45,70,21,13.9
2015-07-19,0.1,19.4,35.8,28.1,1.57,10.9,48,79,20,13.9
2015-07-20,0.2,20.6,34.4,28.3,1.96,10.4,47,73,26,13.9
2015-07-21,0.4,20.6,35.8,28.2,2.01,11.5,50,79,23,13.9
2015-07-22,2.0,20.0,35.9,27.9,1.69,11.5,45,73,17,13.9
2015-07-23,1.7,20.6,33.0,26.9,1.71,10.0,58,88,32,13.9
2015-07-24,0.5,20.2,35.9,28.3,1.62,11.2,48,89,19,13.9
2015-07-25,0.0,20.7,34.8,27.1,2.9,13.6,41,76,21,13.9
2015-07-26,0.0,21.5,35.8,27.4,2.08,11.6,65,94,27,13.6
2015-07-27,0.0,20.4,38.8,29.9,1.42,8.8,38,81,13,13.8
2015-07-28,0.0,23.0,36.2,29.1,2.03,11.7,45,63,30,13.8
2015-07-29,1.5,20.7,38.2,29.6,1.33,11.7,44,76,18,12.6
2015-07-30,3.6,23.0,32.8,27.1,2.09,10.7,54,84,34,13.0
2015-07-31,4.0,21.5,29.1,24.9,2.75,11.7,78,98,52,10.6
2015-08-01,0.3,20.7,30.4,24.6,2.3,11.9,70,96,34,13.5
2015-08-02,0.8,20.3,31.3,24.7,2.23,9.6,73,96,44,11.0
2015-08-03,0.0,19.1,33.0,26.2,2.04,10.9,60,95,29,12.7
2015-08-04,0.0,19.8,34.8,27.3,1.95,9.6,51,80,29,13.5
2015-08-05,0.5,21.2,35.4,28.1,1.63,9.7,62,84,38,13.2
2015-08-06,0.8,21.5,35.8,28.4,1.39,9.1,56,77,33,10.4
2015-08-07,1.4,21.6,35.0,28.2,1.4,7.4,53,74,33,9.7
2015-08-08,0.0,22.2,29.2,25.9,1.47,10.5,59,77,42,11.7
2015-08-09,0.0,20.6,31.3,25.5,1.62,9.1,65,85,43,10.0
2015-08-10,5.6,22.5,32.8,27.3,1.16,10.0,62,92,34,12.6
2015-08-11,3.0,22.6,31.3,26.4,1.49,8.3,61,80,43,10.9
2015-08-12,0.0,21.0,35.0,27.9,1.43,10.7,55,87,24,13.1
2015-08-13,0.0,21.3,31.8,26.6,2.8,11.7,36,67,10,13.0
2015-08-14,0.0,16.4,30.1,23.6,1.84,8.5,32,59,20,12.7
2015-08-15,0.0,17.9,30.2,23.8,1.47,10.8,39,65,18,13.0
2015-08-16,0.3,17.5,27.6,22.2,2.38,11.2,71,96,44,13.0
2015-08-17,0.0,19.3,32.1,25.1,1.78,10.8,58,87,23,12.9
2015-08-18,0.2,19.3,30.9,24.1,1.92,10.7,71,98,33,12.2
2015-08-19,1.0,20.0,27.6,23.4,2.09,10.2,81,97,60,11.2
2015-08-20,0.0,20.4,30.0,24.5,2.06,9.0,73,98,43,12.1
2015-08-21,0.0,18.6,31.2,24.8,2.23,10.5,61,93,33,12.5
2015-08-22,0.1,18.6,32.3,24.9,1.98,10.8,57,84,28,12.6
2015-08-23,0.0,17.4,30.5,24.1,2.4,11.0,47,77,23,12.8
2015-08-24,0.0,17.4,30.3,24.0,1.82,8.9,39,62,26,12.8
2015-08-25,0.0,17.1,29.9,23.2,2.36,10.9,47,67,31,12.8
2015-08-26,0.0,17.5,31.2,23.8,1.8,9.5,61,86,32,12.6
2015-08-27,0.0,17.1,32.9,25.0,1.98,10.0,63,97,31,12.6
2015-08-28,0.0,17.8,32.6,25.4,2.06,11.4,56,91,27,12.5
2015-08-29,0.0,20.3,31.1,24.9,1.84,9.3,51,76,29,12.2
2015-08-30,0.0,19.6,31.8,25.2,1.76,9.7,67,98,37,12.0
2015-08-31,0.5,20.6,32.9,25.9,1.18,8.6,66,94,38,11.0
2015-09-01,2.8,18.9,31.5,24.3,1.82,11.8,66,93,28,12.1
2015-09-02,1.8,19.6,29.1,23.4,2.08,10.1,76,98,40,10.6
2015-09-03,0.0,18.3,30.3,23.7,1.26,8.7,58,97,22,11.8
2015-09-04,6.7,18.0,27.1,21.7,1.64,8.8,67,94,39,10.6
2015-09-05,7.0,17.2,19.1,17.9,1.59,5.4,94,97,88,0.0
2015-09-06,52.4,16.3,18.5,17.2,1.36,6.1,92,98,84,4.6
2015-09-07,10.7,16.4,19.0,17.4,0.98,4.4,94,98,86,1.7
2015-09-08,3.4,14.2,23.7,18.4,1.22,7.5,80,99,49,11.7
2015-09-09,0.0,14.5,25.9,19.5,1.53,7.6,75,96,40,11.4
2015-09-10,0.0,16.5,27.9,21.3,1.31,7.8,69,96,36,10.8
2015-09-11,0.0,15.4,26.9,20.9,1.53,8.8,72,90,50,11.0
2015-09-12,0.0,15.8,24.9,20.6,1.32,11.9,78,100,56,9.6
2015-09-13,0.0,16.2,27.7,21.2,1.82,7.6,62,93,31,10.9
2015-09-14,0.0,14.9,26.7,20.4,1.59,6.9,52,76,38,12.0
2015-09-15,0.0,13.1,27.6,20.0,1.21,6.4,58,84,28,12.0
2015-09-16,0.0,14.5,27.6,20.9,2.2,8.8,53,73,35,12.0
2015-09-17,0.0,17.1,25.3,20.6,1.86,6.7,54,76,28,12.0
2015-09-18,0.0,12.3,22.8,17.4,2.27,8.6,54,77,40,12.0
2015-09-19,0.0,14.5,22.9,18.2,1.79,8.6,75,91,54,10.3
2015-09-20,0.0,12.4,27.5,19.3,1.45,8.3,73,98,39,12.0
2015-09-21,0.0,14.3,29.1,21.5,1.08,4.8,62,90,32,12.0
2015-09-22,0.0,16.8,28.6,22.5,2.49,9.5,47,75,25,12.0
2015-09-23,0.0,12.6,26.6,19.7,1.81,10.1,51,92,31,12.0
2015-09-24,0.4,15.5,23.9,18.9,1.45,7.6,78,97,47,12.0
2015-09-25,0.0,11.6,26.0,18.8,1.49,7.1,63,95,25,11.9
2015-09-26,0.0,12.0,25.9,19.0,1.35,7.7,61,89,26,11.7
2015-09-27,1.3,13.0,23.5,17.9,1.54,8.4,71,91,49,10.8
2015-09-28,0.3,13.9,20.4,16.9,1.67,9.0,80,97,61,11.7
2015-09-29,6.0,11.5,18.7,14.8,1.35,6.8,87,99,62,4.5
2015-09-30,0.0,11.0,22.2,16.5,1.26,7.2,75,98,42,11.7
2015-10-01,0.0,13.6,24.4,18.3,1.13,8.7,66,91,33,11.6
2015-10-02,0.0,11.9,26.1,18.6,1.72,7.4,57,86,27,11.6
2015-10-03,0.7,14.6,25.3,19.1,1.29,8.0,59,75,38,8.2
2015-10-04,0.0,14.7,28.5,20.9,1.05,7.0,65,84,39,11.1
2015-10-05,0.7,17.9,27.0,20.9,2.25,12.3,73,83,44,6.6
2015-10-06,0.0,16.7,23.9,19.8,2.9,11.7,64,86,41,11.0
2015-10-07,0.0,13.2,23.1,17.8,1.74,8.0,65,86,36,9.6
2015-10-08,11.2,13.5,17.0,15.0,1.28,6.3,91,98,81,5.9
2015-10-09,0.2,12.2,20.3,15.4,1.23,8.5,82,98,49,10.2
2015-10-10,0.3,11.5,22.6,16.4,1.66,9.1,75,98,42,10.7
2015-10-11,0.2,12.8,23.2,17.9,0.91,6.3,71,92,47,10.3
2015-10-12,0.0,13.4,23.7,18.4,1.15,5.7,69,92,41,10.8
2015-10-13,1.2,13.8,21.6,17.0,1.01,6.7,77,94,54,10.2
2015-10-14,0.2,12.1,21.5,16.7,1.09,6.4,69,93,37,10.5
2015-10-15,0.0,9.5,22.5,15.9,1.26,8.3,65,90,39,10.6
2015-10-16,0.1,13.2,20.7,16.6,1.47,8.2,82,95,59,8.6
2015-10-17,0.2,14.4,21.5,17.0,1.73,9.0,81,99,56,9.5
2015-10-18,0.9,10.8,21.4,16.2,1.65,7.6,79,98,54,10.4
2015-10-19,6.6,15.1,21.0,17.1,1.08,7.9,86,100,60,6.0
2015-10-20,1.1,14.0,18.2,15.9,1.03,4.2,86,98,67,0.7
2015-10-21,2.2,13.1,18.7,15.3,1.85,9.0,67,97,32,10.0
2015-10-22,0.0,6.6,20.4,13.6,2.02,8.7,56,84,25,10.5
2015-10-23,0.0,8.7,21.1,14.1,1.32,7.0,65,88,41,10.0
2015-10-24,2.9,11.1,17.1,14.0,1.08,5.1,84,97,62,0.4
2015-10-25,0.7,13.0,15.0,14.0,0.67,4.5,91,99,83,0.7
2015-10-26,3.5,11.9,17.0,14.1,0.91,7.1,92,99,83,2.3
2015-10-27,0.0,11.8,19.7,15.3,1.3,8.7,81,99,55,10.0
2015-10-28,0.0,9.4,17.9,13.1,2.36,8.9,68,86,45,10.1
2015-10-29,0.0,7.4,20.3,13.5,1.17,4.4,70,92,44,10.1
2015-10-30,0.0,10.1,20.3,15.0,1.55,7.7,71,90,53,10.0
2015-10-31,0.1,11.7,18.7,14.4,1.56,8.9,82,99,56,8.5
2015-11-01,3.9,11.7,16.0,13.3,3.74,15.9,90,97,73,9.2
2015-11-02,26.1,10.3,16.7,13.9,3.59,18.4,80,99,53,8.3
2015-11-03,0.0,7.2,18.9,12.3,1.08,6.4,74,90,51,9.3
2015-11-04,0.0,7.9,19.6,13.2,1.2,5.8,78,94,53,10.0
2015-11-05,0.0,9.7,20.1,14.2,1.81,6.2,77,94,50,10.0
2015-11-06,0.0,9.7,20.9,14.6,1.4,5.1,79,92,58,10.0
2015-11-07,0.0,8.9,20.3,14.4,1.19,5.8,79,98,51,10.0
2015-11-08,0.0,8.3,18.0,12.7,1.13,6.6,82,96,62,9.9
2015-11-09,0.0,7.3,20.3,13.1,0.89,4.4,69,95,37,9.9
2015-11-10,0.0,5.9,21.4,12.9,0.98,3.6,65,89,35,9.9
2015-11-11,0.0,5.9,20.8,12.9,1.13,4.3,63,77,38,9.9
2015-11-12,0.0,7.0,18.8,12.4,1.07,5.0,66,86,42,9.9
2015-11-13,0.0,5.5,18.5,11.5,1.02,5.1,78,90,56,9.9
2015-11-14,0.0,8.8,15.8,11.9,1.12,4.9,84,99,63,9.5
2015-11-15,0.0,5.5,19.1,11.6,0.94,4.0,75,97,42,9.8
2015-11-16,0.0,5.4,20.4,12.1,1.51,4.6,69,89,39,9.8
2015-11-17,0.0,5.1,19.5,11.6,1.58,4.9,67,90,36,9.8
2015-11-18,0.0,4.0,18.6,10.7,1.19,3.8,65,85,38,9.8
2015-11-19,0.0,5.9,20.4,12.0,1.44,5.0,66,88,48,9.8
2015-11-20,0.0,7.6,22.9,14.0,1.77,5.5,68,90,36,9.8
2015-11-21,0.6,9.0,16.2,13.1,4.0,15.6,58,71,46,8.6
2015-11-22,0.0,3.9,11.2,7.1,4.08,12.0,49,63,31,9.6
2015-11-23,0.0,0.3,9.0,4.5,2.2,8.5,59,84,29,9.7
2015-11-24,0.0,-0.2,10.5,4.5,2.94,12.2,56,75,39,9.7
2015-11-25,0.0,3.3,14.3,8.8,3.83,13.5,60,73,47,9.2
2015-11-26,0.0,9.4,16.1,12.3,5.26,15.4,48,64,32,9.7
2015-11-27,0.0,7.6,15.4,11.5,2.98,11.5,63,82,45,9.6
2015-11-28,0.0,3.7,15.9,9.3,1.88,9.0,71,90,46,9.6
2015-11-29,0.0,1.8,15.6,8.5,1.2,4.3,71,93,42,9.6
2015-11-30,0.0,1.9,17.0,8.0,1.3,5.4,62,92,24,9.6
2015-12-01,0.0,2.4,17.5,8.5,1.13,4.6,48,66,23,9.4
2015-12-02,0.0,3.0,18.5,9.7,1.18,4.3,56,73,33,8.6
2015-12-03,0.0,4.1,17.4,10.0,1.19,4.2,71,93,47,9.5
2015-12-04,0.0,4.3,18.0,10.1,1.36,4.4,72,91,42,9.5
2015-12-05,0.0,3.6,17.6,9.5,1.07,5.0,72,89,40,9.5
2015-12-06,0.0,4.9,14.8,9.2,1.09,6.2,75,90,53,9.5
2015-12-07,0.0,4.9,14.0,8.8,1.11,5.5,84,99,60,7.0
2015-12-08,0.0,4.1,17.4,10.2,1.05,4.7,72,95,43,9.4
2015-12-09,0.0,7.5,14.4,10.5,1.39,8.0,72,85,60,7.2
2015-12-10,1.9,8.9,12.1,10.1,1.15,5.9,94,99,83,1.9
2015-12-11,0.5,8.1,12.6,9.9,1.5,7.2,90,100,67,6.9
2015-12-12,0.3,6.5,12.2,8.9,0.85,4.8,90,99,69,2.4
2015-12-13,0.0,3.1,14.9,8.1,1.04,5.4,79,98,48,8.7
2015-12-14,0.0,4.1,16.7,9.3,1.3,5.0,76,94,41,8.4
2015-12-15,0.0,4.8,19.1,10.3,1.34,4.9,65,86,32,9.4
2015-12-16,0.0,5.3,20.4,11.5,1.53,4.4,56,73,28,9.3
2015-12-17,0.0,6.2,19.9,12.0,1.06,3.9,67,84,40,8.4
2015-12-18,0.0,5.0,20.0,11.2,1.49,4.4,63,87,28,9.2
2015-12-19,0.0,5.0,19.8,10.9,1.28,3.9,57,70,30,9.3
2015-12-20,0.0,4.3,19.0,10.3,1.12,4.1,61,75,35,9.4
2015-12-21,0.0,3.9,16.8,9.3,1.09,4.1,66,80,42,9.3
2015-12-22,0.0,3.2,16.3,8.9,1.06,5.4,73,88,47,9.2
2015-12-23,0.0,3.7,15.3,8.3,1.14,5.1,76,93,47,8.8
2015-12-24,0.0,4.2,15.7,8.8,1.06,4.2,76,96,48,9.0
2015-12-25,0.0,2.8,14.2,7.8,1.21,4.7,81,93,59,9.3
2015-12-26,0.0,4.8,14.1,8.5,0.99,5.4,84,99,57,8.8
2015-12-27,0.0,4.3,11.5,8.0,1.46,7.5,87,97,74,3.6
2015-12-28,0.0,6.6,15.2,9.7,1.2,5.3,82,100,50,8.8
2015-12-29,0.0,7.1,16.8,10.5,1.4,5.1,75,93,50,8.5
2015-12-30,0.0,4.9,17.3,9.4,1.63,4.8,72,96,38,9.2
2015-12-31,0.0,6.3,17.1,10.9,1.51,5.8,73,85,54,8.4
2016-01-01,0.0,8.2,18.4,12.7,1.03,5.6,80,96,49,9.0
2016-01-02,0.0,9.7,14.4,12.0,2.16,9.4,72,91,47,8.4
2016-01-03,0.0,5.8,14.3,10.1,2.24,11.0,75,90,55,5.9
2016-01-04,0.0,13.5,17.7,15.0,4.16,14.1,65,75,51,7.9
2016-01-05,1.5,6.6,13.5,10.4,3.69,14.6,67,88,45,6.7
2016-01-06,0.0,4.1,8.8,6.3,4.72,14.5,62,69,51,9.1
2016-01-07,0.0,8.3,15.3,11.9,3.16,15.0,71,82,65,9.1
2016-01-08,0.0,8.4,18.3,12.5,2.28,9.5,71,94,35,9.4
2016-01-09,0.0,10.4,16.3,12.4,2.37,12.1,67,85,43,8.1
2016-01-10,0.0,8.3,15.2,11.2,2.97,11.4,65,78,50,9.0
2016-01-11,0.0,9.5,14.4,11.9,2.24,9.9,71,76,64,6.1
2016-01-12,0.0,4.1,12.7,8.2,2.21,9.4,68,86,40,9.5
2016-01-13,0.0,0.9,13.7,6.4,1.3,5.5,73,92,45,9.2
2016-01-14,0.0,3.1,17.5,9.0,1.36,6.2,65,90,33,9.3
2016-01-15,8.2,6.1,10.2,9.0,2.3,11.1,73,93,51,4.1
2016-01-16,0.0,2.1,8.8,5.0,3.42,11.8,51,64,35,9.5
2016-01-17,0.0,-2.2,13.1,4.2,1.33,4.8,55,77,23,9.6
2016-01-18,0.0,2.5,13.9,7.3,2.63,10.8,60,74,44,9.5
2016-01-19,0.0,4.2,13.2,8.6,1.59,6.6,69,92,44,8.4
2016-01-20,0.7,2.6,12.5,6.8,1.38,6.2,77,92,55,7.1
2016-01-21,0.0,3.8,15.2,9.1,1.81,6.4,73,94,45,9.6
2016-01-22,0.0,4.2,18.0,10.1,1.05,4.6,77,95,46,9.4
2016-01-23,0.0,5.0,17.0,10.2,1.1,5.5,81,95,59,8.4
2016-01-24,0.0,5.3,17.4,10.4,1.3,6.7,81,98,57,9.2
2016-01-25,0.0,5.1,17.1,10.3,1.19,4.9,78,100,47,9.0
2016-01-26,1.5,7.0,14.9,10.2,0.91,6.2,80,93,59,7.2
2016-01-27,0.0,7.3,13.8,9.9,1.16,6.1,85,99,54,9.5
2016-01-28,0.0,4.6,15.3,9.5,1.28,6.1,77,98,43,9.4
2016-01-29,4.8,7.9,11.5,9.4,1.23,7.5,90,97,78,7.2
2016-01-30,0.2,5.9,15.0,9.5,1.79,7.1,79,99,44,9.3
2016-01-31,0.0,3.7,17.8,9.8,2.49,10.2,71,89,46,9.8
2016-02-01,0.0,5.3,19.7,11.6,1.57,4.9,71,92,37,9.9
2016-02-02,0.0,3.8,19.4,11.0,1.09,5.0,76,96,46,9.9
2016-02-03,0.0,5.5,15.8,10.0,1.87,8.8,72,93,46,8.3
2016-02-04,0.0,4.5,10.6,7.5,1.97,7.8,70,85,54,5.8
2016-02-05,0.0,3.3,12.6,7.6,1.32,6.7,79,98,52,8.0
2016-02-06,0.0,3.8,18.6,10.1,1.36,7.6,71,93,37,7.4
2016-02-07,0.5,7.9,12.1,10.5,4.44,19.0,59,82,39,9.3
2016-02-08,0.0,6.2,17.6,10.5,2.33,9.2,60,74,38,10.2
2016-02-09,0.0,5.3,15.9,10.3,3.55,14.2,64,79,36,9.8
2016-02-10,0.0,12.4,15.8,13.8,4.82,14.4,66,71,60,8.7
2016-02-11,0.4,12.9,16.2,14.4,3.53,14.2,69,81,59,10.2
2016-02-12,0.1,10.9,15.9,13.4,3.95,15.6,67,74,60,5.7
2016-02-13,0.0,13.7,16.6,14.9,4.26,15.2,70,77,60,9.1
2016-02-14,0.8,5.2,14.6,10.7,7.11,24.3,61,70,52,10.2
2016-02-15,0.2,3.7,9.3,6.2,6.8,20.3,53,66,28,10.2
2016-02-16,0.0,-0.6,9.2,4.2,3.23,13.5,41,66,25,10.7
2016-02-17,0.0,-2.7,10.9,3.6,1.89,8.0,48,72,23,10.7
2016-02-18,0.2,0.5,11.5,5.6,1.32,4.8,69,88,49,6.2
2016-02-19,1.5,4.9,8.6,6.6,2.13,8.5,84,96,68,1.7
2016-02-20,0.0,5.9,11.3,7.6,2.47,10.6,76,93,54,9.6
2016-02-21,0.0,2.5,14.9,8.0,1.43,8.4,69,83,50,10.2
2016-02-22,1.0,3.3,18.4,10.2,2.1,9.4,62,94,26,10.8
2016-02-23,0.0,4.2,17.7,10.6,2.3,9.1,56,82,30,10.8
2016-02-24,0.0,3.6,19.4,10.4,1.95,9.8,59,87,25,10.8
2016-02-25,0.0,7.0,14.3,9.9,3.88,14.3,61,78,37,10.9
2016-02-26,1.5,3.2,14.9,8.6,2.29,10.1,67,89,37,8.1
2016-02-27,1.0,3.2,7.5,5.1,5.58,19.8,62,85,48,10.1
2016-02-28,0.1,3.3,9.7,6.0,6.5,19.4,61,71,50,10.9
2016-02-29,0.0,4.4,12.2,7.8,6.04,18.6,55,71,35,10.9
2016-03-01,0.0,2.9,16.6,9.3,4.0,12.4,38,54,19,11.0
2016-03-02,0.0,4.2,20.1,11.8,3.06,11.5,41,56,22,11.0
2016-03-03,0.0,6.4,18.4,12.4,2.87,11.2,58,91,28,11.0
2016-03-04,0.0,3.2,20.1,11.3,2.31,11.1,49,76,21,11.1
2016-03-05,0.0,5.9,12.4,9.2,4.46,13.8,52,69,30,11.1
2016-03-06,0.0,4.3,11.5,7.3,4.33,15.9,50,71,25,11.1
2016-03-07,6.6,3.6,8.6,5.4,2.52,10.6,70,88,51,2.7
2016-03-08,0.0,2.1,12.1,6.7,4.17,14.9,53,80,24,11.0
2016-03-09,0.0,1.2,13.2,7.3,3.67,14.1,54,71,35,9.4
2016-03-10,1.2,3.2,10.3,6.9,5.54,19.7,60,81,37,11.3
2016-03-11,0.0,3.0,12.8,7.4,2.79,11.5,53,74,29,11.4
2016-03-12,0.0,-0.5,15.4,7.5,1.56,7.2,54,84,26,11.5
2016-03-13,0.0,0.0,16.8,8.2,1.4,9.5,60,83,25,11.5
2016-03-14,0.1,2.7,16.1,9.1,1.94,10.7,67,91,31,11.3
2016-03-15,0.1,5.4,16.4,10.3,1.24,7.4,66,95,33,10.6
2016-03-16,0.0,5.2,16.7,10.6,2.72,12.3,53,84,26,11.6
2016-03-17,0.0,2.6,18.4,10.3,2.03,12.1,61,90,27,11.7
2016-03-18,0.0,7.1,17.8,11.1,1.67,9.7,73,99,33,5.3
2016-03-19,1.9,8.1,15.5,11.0,1.36,8.3,79,100,49,8.1
2016-03-20,1.1,3.4,16.1,9.9,1.49,7.1,68,95,33,11.8
2016-03-21,12.6,5.1,10.7,8.3,1.1,7.8,91,98,81,1.9
2016-03-22,10.5,6.2,9.8,7.5,2.21,7.3,88,98,71,1.0
2016-03-23,0.0,6.4,15.4,10.2,3.48,11.8,61,84,34,11.8
2016-03-24,0.0,3.7,17.3,10.3,2.41,7.7,51,79,24,11.9
2016-03-25,0.0,4.9,22.2,12.9,2.33,8.8,46,69,19,11.9
2016-03-26,0.0,6.0,22.7,14.3,1.66,7.5,56,88,30,11.9
2016-03-27,0.0,9.9,18.6,14.0,3.05,10.7,60,83,39,11.9
2016-03-28,0.0,4.8,21.1,12.9,1.44,6.5,54,83,25,12.0
2016-03-29,0.0,5.1,23.1,13.9,1.69,8.9,56,86,25,12.0
2016-03-30,0.0,5.6,25.1,15.7,1.87,10.7,54,87,24,12.0
2016-03-31,0.0,8.5,16.3,12.0,3.66,14.2,53,78,29,12.0
2016-04-01,0.0,4.9,15.0,9.8,4.57,14.3,43,70,24,11.2
2016-04-02,0.0,2.0,19.4,10.6,1.93,12.4,61,92,26,12.0
2016-04-03,0.0,4.4,22.0,13.3,1.81,9.9,56,86,26,12.1
2016-04-04,5.2,8.3,17.5,12.6,1.85,10.2,72,90,47,6.7
2016-04-05,12.6,6.3,10.6,8.3,4.35,16.9,85,91,79,4.5
2016-04-06,0.6,8.3,15.9,11.6,3.21,12.2,73,86,52,3.2
2016-04-07,0.1,6.5,20.6,13.8,1.19,6.4,60,92,26,12.4
2016-04-08,0.0,6.5,14.7,10.2,3.9,14.7,49,74,21,12.4
2016-04-09,0.0,3.0,19.6,11.3,1.65,6.2,46,72,29,12.5
2016-04-10,0.0,5.1,21.1,13.0,1.55,8.5,55,85,25,12.3
2016-04-11,0.0,8.1,19.5,13.3,1.96,10.2,59,81,32,12.4
2016-04-12,0.0,6.5,21.1,13.8,1.56,8.6,60,89,28,12.4
2016-04-13,0.0,8.4,18.8,13.8,2.44,12.5,54,82,30,12.6
2016-04-14,0.0,5.8,23.7,14.8,1.47,9.4,55,87,24,12.6
2016-04-15,0.0,7.8,24.2,16.5,1.3,8.6,56,87,28,12.7
2016-04-16,0.0,9.4,23.4,16.5,2.39,9.5,55,86,27,12.3
2016-04-17,0.0,12.1,21.5,16.9,2.39,10.9,52,76,31,12.5
2016-04-18,1.6,11.2,18.8,15.0,2.51,11.2,59,71,48,11.5
2016-04-19,1.7,9.5,18.9,13.8,3.15,15.6,69,98,40,12.0
2016-04-20,2.7,9.0,16.1,11.7,1.34,8.3,77,92,57,8.1
2016-04-21,0.0,6.1,21.2,13.5,1.81,7.4,60,92,26,13.1
2016-04-22,0.0,11.8,19.7,15.6,0.82,6.2,51,70,39,9.8
2016-04-23,0.1,9.5,19.3,14.6,1.55,8.1,66,84,50,10.8
2016-04-24,0.0,9.5,21.6,15.7,2.7,11.0,55,91,28,13.2
2016-04-25,0.0,7.7,21.8,14.1,2.3,11.9,54,77,29,13.4
2016-04-26,0.0,7.0,24.7,16.4,1.2,8.8,58,95,24,13.4
2016-04-27,0.4,10.3,25.0,17.4,1.87,12.0,52,80,24,11.1
2016-04-28,6.4,12.3,19.8,16.1,1.55,8.5,68,97,44,12.1
2016-04-29,3.2,11.1,14.2,12.6,2.52,9.1,91,98,82,0.1
2016-04-30,1.1,10.4,21.2,15.0,1.79,10.2,72,96,38,10.6
2016-05-01,0.5,9.8,18.6,13.9,2.61,11.8,53,93,21,12.9
2016-05-02,0.0,6.6,20.4,13.7,1.37,7.0,43,66,20,13.7
2016-05-03,0.0,6.7,23.7,15.2,1.86,9.3,43,75,18,13.7
2016-05-04,0.0,9.0,23.3,16.5,1.87,9.7,36,60,23,12.2
2016-05-05,2.3,10.9,18.6,14.6,1.5,10.7,55,73,39,12.5
2016-05-06,0.5,9.1,19.1,13.9,2.14,10.2,65,90,48,10.8
2016-05-07,2.9,11.3,18.9,14.4,1.44,9.9,82,99,61,11.7
2016-05-08,4.1,11.9,18.0,14.0,3.2,16.6,86,99,60,7.4
2016-05-09,9.5,10.4,19.9,14.1,2.19,15.1,78,99,47,10.0
2016-05-10,4.8,7.1,17.1,12.2,1.47,12.8,77,95,63,9.3
2016-05-11,7.5,6.3,18.6,12.7,1.8,9.1,72,97,43,12.0
2016-05-12,2.0,9.5,17.1,13.0,2.96,10.9,61,80,42,13.0
2016-05-13,0.2,8.5,16.7,12.7,3.84,13.4,62,82,44,14.0
2016-05-14,0.0,10.6,20.9,15.2,3.42,10.7,57,77,34,14.0
2016-05-15,0.0,9.3,20.1,15.3,1.42,6.4,62,85,41,14.0
2016-05-16,0.0,8.7,23.1,16.5,1.77,9.4,62,89,35,14.0
2016-05-17,0.0,10.0,22.5,16.7,1.92,9.4,64,87,42,14.0
2016-05-18,0.6,11.3,24.7,18.1,1.27,7.6,61,87,35,13.3
2016-05-19,0.0,11.8,27.2,19.6,2.01,9.7,55,84,27,14.0
2016-05-20,0.0,13.4,25.4,19.6,2.02,10.0,61,89,39,14.0
2016-05-21,0.0,12.8,25.9,19.0,2.21,11.3,60,90,31,14.0
2016-05-22,0.0,11.2,25.6,19.4,2.93,15.1,51,85,30,14.0
2016-05-23,0.0,12.4,23.9,17.7,2.67,11.2,49,69,32,14.0
2016-05-24,0.0,10.7,29.9,19.9,2.14,10.1,53,83,24,14.0
2016-05-25,0.0,12.8,29.6,21.4,2.0,10.1,57,86,30,14.0
2016-05-26,0.0,15.3,28.2,21.2,1.91,10.1,64,90,37,14.0
2016-05-27,0.2,14.1,29.8,22.1,1.87,11.8,61,93,29,14.0
2016-05-28,2.5,13.8,26.6,19.6,2.27,16.0,52,76,28,14.0
2016-05-29,0.0,13.5,23.0,17.9,3.39,11.3,47,69,28,14.0
2016-05-30,0.0,10.7,25.6,18.6,1.55,7.3,45,76,23,14.0
2016-05-31,0.0,13.1,24.4,19.1,1.65,9.6,45,67,29,14.0
2016-06-01,0.0,11.2,28.2,20.2,1.46,10.7,49,82,21,14.0
2016-06-02,0.0,12.9,29.3,21.2,1.96,12.2,47,75,24,14.0
2016-06-03,0.0,14.4,28.6,21.8,2.05,11.0,46,71,25,13.7
2016-06-04,0.9,14.8,27.7,21.8,1.73,8.5,51,77,30,14.0
2016-06-05,0.0,14.3,28.2,21.6,2.18,11.9,52,81,31,13.8
2016-06-06,0.0,14.3,29.0,22.3,2.07,9.5,46,74,28,14.0
2016-06-07,0.0,15.9,30.1,23.2,2.17,11.9,42,64,24,14.0
2016-06-08,0.0,14.5,33.6,24.5,2.2,10.5,41,71,18,14.0
2016-06-09,0.0,17.2,36.5,27.4,1.65,9.3,33,59,13,14.0
2016-06-10,0.0,18.1,34.0,27.0,1.03,8.6,34,64,14,14.0
2016-06-11,0.0,20.5,31.4,24.9,1.92,12.5,42,69,24,13.4
2016-06-12,0.0,16.1,33.8,25.4,1.19,7.0,48,88,15,13.9
2016-06-13,0.0,19.0,34.8,27.4,2.64,9.7,36,64,21,14.0
2016-06-14,0.0,21.2,33.8,27.7,2.36,9.8,33,61,18,14.0
2016-06-15,0.0,19.5,28.6,23.9,3.93,15.8,37,61,21,14.0
2016-06-16,0.1,14.9,23.2,19.0,4.22,12.3,37,55,23,14.0
2016-06-17,0.0,12.3,27.6,20.0,2.45,12.4,38,64,15,14.0
2016-06-18,0.0,12.8,28.7,20.5,2.23,13.8,42,71,16,14.0
2016-06-19,0.0,13.2,29.1,21.1,1.49,9.5,53,93,14,14.0
2016-06-20,0.0,14.8,29.1,21.6,1.9,11.0,47,68,22,14.0
2016-06-21,0.0,15.2,28.5,21.7,2.0,11.3,47,77,18,14.0
2016-06-22,0.0,16.7,29.3,22.5,2.32,11.9,37,61,18,14.0
2016-06-23,0.0,13.9,32.9,23.6,1.93,11.7,40,69,16,14.0
2016-06-24,0.0,15.6,35.1,26.0,2.06,11.6,37,63,15,14.0
2016-06-25,0.0,16.8,34.1,25.9,2.36,12.6,36,57,17,14.0
2016-06-26,1.0,17.9,28.8,23.0,2.18,10.6,60,82,36,14.0
2016-06-27,0.0,17.4,29.3,23.2,2.48,11.6,62,95,34,14.0
2016-06-28,0.2,17.9,31.5,24.3,2.03,10.2,49,76,27,11.7
2016-06-29,0.6,17.9,30.3,24.5,2.22,10.0,50,70,34,14.0
2016-06-30,1.1,18.6,31.8,25.3,1.67,9.6,56,79,33,13.8
2016-07-01,0.3,18.5,32.1,25.4,1.78,10.4,58,87,32,14.0
2016-07-02,0.2,17.4,34.0,26.4,1.92,10.1,48,82,24,14.0
2016-07-03,0.0,21.0,31.8,25.8,2.62,12.9,42,58,28,14.0
2016-07-04,0.0,17.5,30.0,23.9,2.23,10.0,55,77,36,14.0
2016-07-05,0.0,17.4,33.7,25.6,1.78,10.4,52,87,25,14.0
2016-07-06,0.0,18.8,32.4,25.6,2.16,12.3,45,72,25,14.0
2016-07-07,0.0,19.1,29.7,24.4,2.48,16.7,49,64,33,11.8
2016-07-08,0.8,18.0,33.1,25.6,1.71,8.6,51,81,26,14.0
2016-07-09,0.0,20.9,32.9,26.9,2.31,10.8,42,63,26,14.0
2016-07-10,0.0,18.0,34.9,27.0,1.89,9.8,45,77,22,14.0
2016-07-11,0.0,19.1,36.3,28.2,2.46,12.8,40,70,21,14.0
2016-07-12,0.0,19.2,37.2,29.0,1.79,9.6,34,65,13,14.0
2016-07-13,0.7,19.7,28.7,23.7,2.72,12.8,65,85,41,12.6
2016-07-14,0.0,18.4,29.6,22.9,2.71,11.2,68,95,36,13.1
2016-07-15,0.0,17.7,26.2,21.6,2.59,10.2,69,92,44,12.6
2016-07-16,0.0,16.1,28.6,21.9,2.19,10.1,60,94,30,14.0
2016-07-17,0.0,15.0,30.8,23.1,1.95,10.0,46,77,20,14.0
2016-07-18,0.0,16.3,32.2,24.4,2.0,10.4,45,77,21,13.9
2016-07-19,0.0,16.7,35.4,26.4,1.85,9.4,41,69,16,13.7
2016-07-20,0.0,20.5,35.6,28.5,1.86,9.3,43,69,23,13.8
2016-07-21,0.0,19.3,37.4,28.9,1.99,10.9,37,68,15,13.9
2016-07-22,0.0,19.4,35.2,27.2,2.0,12.2,36,60,14,13.9
2016-07-23,0.0,20.4,30.6,24.7,2.18,11.5,52,68,31,13.9
2016-07-24,0.0,18.6,30.6,24.2,2.18,11.5,54,79,31,13.9
2016-07-25,0.0,17.8,33.0,25.2,2.27,11.2,48,74,26,13.8
2016-07-26,0.0,18.5,34.3,26.4,2.34,12.0,46,77,22,13.8
2016-07-27,0.0,19.0,35.5,27.1,2.28,11.7,41,66,18,13.8
2016-07-28,0.0,19.0,33.5,26.5,2.18,11.2,45,74,24,13.8
2016-07-29,0.0,18.8,35.0,27.0,2.08,10.8,41,66,20,13.8
2016-07-30,1.7,19.1,38.2,29.1,1.51,9.3,40,67,15,13.3
2016-07-31,0.1,22.3,36.6,29.6,2.43,9.9,24,35,15,9.2
2016-08-01,0.0,20.6,33.4,26.8,2.39,11.9,40,71,28,13.8
2016-08-02,0.0,19.0,33.3,25.9,2.01,10.4,60,93,30,13.7
2016-08-03,0.0,19.3,35.0,27.0,2.1,10.7,51,87,20,13.6
2016-08-04,0.0,18.5,37.5,28.5,1.06,6.1,38,73,13,13.7
2016-08-05,0.0,22.6,32.3,27.0,2.88,12.2,43,77,26,13.6
2016-08-06,0.0,19.3,31.3,24.6,2.29,11.0,62,89,36,13.4
2016-08-07,0.0,18.9,29.6,23.9,1.82,10.1,56,85,30,13.4
2016-08-08,0.0,17.8,30.6,24.2,1.9,9.6,49,81,23,13.4
2016-08-09,0.0,17.0,32.1,24.8,1.84,9.9,38,61,18,13.4
2016-08-10,1.5,18.4,25.1,21.5,2.07,11.1,65,77,54,10.9
2016-08-11,0.3,17.5,25.8,21.5,2.05,9.3,72,98,50,13.1
2016-08-12,0.0,15.1,27.2,21.2,2.18,10.9,65,97,37,13.3
2016-08-13,0.0,14.9,29.1,21.9,1.92,10.3,56,86,29,13.3
2016-08-14,0.0,16.3,29.6,22.8,1.88,10.1,56,86,30,13.2
2016-08-15,0.0,15.6,32.3,24.0,1.76,9.8,47,80,19,11.3
2016-08-16,2.0,20.6,30.1,25.0,1.37,8.7,59,82,37,11.9
2016-08-17,0.0,18.9,34.5,26.7,1.28,7.8,45,77,18,13.0
2016-08-18,0.0,19.6,35.9,27.6,2.06,11.7,33,48,19,13.0
2016-08-19,0.0,19.5,36.6,28.3,1.36,9.0,39,66,18,12.9
2016-08-20,0.0,20.0,35.8,28.3,1.59,8.1,32,48,19,12.9
2016-08-21,2.8,21.5,26.7,24.0,2.27,9.5,71,87,47,12.4
2016-08-22,0.0,18.7,30.3,24.0,1.83,9.3,69,98,38,12.8
2016-08-23,0.0,17.0,30.7,24.0,1.86,9.7,60,93,29,12.8
2016-08-24,0.0,18.3,30.1,23.7,1.78,10.9,48,76,21,12.8
2016-08-25,0.0,16.6,30.4,23.4,1.83,10.0,47,70,24,12.8
2016-08-26,0.0,17.3,31.0,23.8,1.77,9.2,52,77,27,12.6
2016-08-27,0.0,17.0,33.6,25.2,1.66,9.7,58,91,27,12.4
2016-08-28,1.2,18.5,36.5,27.5,1.47,8.9,48,74,21,12.3
2016-08-29,0.0,19.9,35.3,27.3,2.15,11.6,43,71,21,12.4
2016-08-30,0.0,19.6,30.8,24.5,2.52,10.5,73,96,45,11.6
2016-08-31,0.4,20.2,28.3,23.5,2.09,9.2,75,94,48,11.2
2016-09-01,0.0,17.5,29.4,23.3,1.82,10.2,66,94,38,12.0
2016-09-02,0.0,17.1,30.8,24.3,1.55,8.1,62,97,30,12.1
2016-09-03,0.0,16.7,33.7,25.3,1.61,9.3,52,89,20,12.1
2016-09-04,0.0,18.1,36.8,27.5,1.64,8.1,41,74,16,12.0
2016-09-05,0.0,21.4,39.0,30.3,1.55,8.4,28,47,13,12.0
2016-09-06,0.0,21.0,37.7,28.9,1.64,11.9,30,52,14,12.0
2016-09-07,0.0,19.2,34.6,27.1,1.77,9.9,47,66,26,12.0
2016-09-08,0.0,19.8,35.1,26.2,1.82,11.1,56,86,19,12.0
2016-09-09,0.0,19.2,30.5,24.1,1.82,9.8,74,98,42,11.7
2016-09-10,0.0,17.0,31.9,24.2,1.6,10.5,57,89,17,12.0
2016-09-11,0.0,19.3,29.0,23.4,1.78,9.9,69,93,38,11.6
2016-09-12,0.0,17.0,30.2,23.3,1.95,10.0,65,96,32,11.8
2016-09-13,1.1,17.4,28.5,22.5,2.23,12.1,68,97,32,11.3
2016-09-14,0.0,15.3,22.6,18.8,3.07,12.8,45,68,24,12.0
2016-09-15,0.0,11.3,24.3,17.8,1.82,8.4,40,64,20,12.0
2016-09-16,0.0,11.3,26.3,18.9,2.47,9.4,43,74,23,12.0
2016-09-17,0.0,12.1,28.7,21.3,1.28,6.9,37,63,20,12.0
2016-09-18,0.0,15.5,28.3,21.3,1.71,8.2,43,70,16,12.0
2016-09-19,0.0,13.0,28.3,20.5,1.3,9.4,57,85,22,11.7
2016-09-20,0.8,17.1,27.1,21.1,1.1,8.3,63,93,27,8.8
2016-09-21,0.0,13.6,30.0,21.6,2.01,11.8,49,73,19,12.0
2016-09-22,0.0,15.2,28.8,21.3,1.65,11.2,49,72,24,12.0
2016-09-23,0.3,16.3,27.6,21.1,1.32,10.2,63,92,29,12.0
2016-09-24,0.3,15.9,26.3,20.2,1.78,9.8,71,97,35,11.9
2016-09-25,0.4,14.7,27.7,20.4,1.59,8.8,73,98,31,9.2
2016-09-26,0.7,16.1,24.9,19.3,1.65,9.1,80,100,48,7.1
2016-09-27,0.0,16.6,24.9,20.2,1.55,8.5,75,99,45,11.2
2016-09-28,1.1,15.0,20.9,17.8,2.57,13.4,78,97,54,11.4
2016-09-29,4.8,14.6,20.9,17.3,2.62,11.2,81,98,59,11.7
2016-09-30,0.0,12.1,23.6,17.4,1.42,8.3,75,99,38,11.6
2016-10-01,0.0,12.6,28.0,19.4,1.49,9.7,62,95,21,10.9
2016-10-02,0.0,13.4,27.9,20.0,1.63,10.0,56,80,28,11.2
2016-10-03,0.0,13.6,26.4,19.8,1.74,9.6,65,94,35,11.6
2016-10-04,0.0,12.1,28.3,20.1,1.32,8.3,62,89,29,11.5
2016-10-05,0.0,16.6,26.1,20.4,1.5,8.8,69,94,38,9.7
2016-10-06,0.0,13.8,29.7,21.1,1.16,8.2,60,97,21,11.1
2016-10-07,0.0,14.4,29.0,21.2,1.4,9.3,48,73,20,11.0
2016-10-08,0.0,13.8,29.3,21.0,1.72,10.2,46,76,20,10.1
2016-10-09,4.6,16.7,24.7,19.2,1.56,8.3,82,98,48,10.1
2016-10-10,0.0,15.4,25.6,19.6,1.66,10.0,75,98,33,9.6
2016-10-11,0.0,13.2,26.6,19.5,1.34,8.3,52,90,19,11.0
2016-10-12,6.6,11.1,20.1,14.8,1.09,7.7,67,96,37,5.6
2016-10-13,7.1,12.4,17.7,14.6,1.06,7.1,81,98,54,1.8
2016-10-14,0.0,11.9,19.6,15.0,2.29,10.0,61,77,38,10.7
2016-10-15,0.0,7.6,20.9,14.0,1.68,8.2,70,93,41,10.8
2016-10-16,0.0,9.3,22.6,15.8,1.37,7.7,73,94,45,10.4
2016-10-17,0.0,11.7,25.6,18.1,1.26,6.6,75,100,39,10.0
2016-10-18,6.6,15.3,19.0,16.9,1.18,5.6,88,99,78,0.7
2016-10-19,6.6,14.6,19.3,16.7,0.91,6.8,92,100,76,4.7
2016-10-20,5.9,13.6,19.4,16.1,0.89,6.0,93,100,78,1.6
2016-10-21,6.3,14.9,18.6,16.2,1.61,7.8,94,99,84,5.0
2016-10-22,0.3,15.0,22.3,17.6,1.67,9.4,81,100,46,8.3
2016-10-23,0.0,14.8,22.6,17.7,1.56,9.0,76,91,50,10.1
2016-10-24,0.1,12.4,21.8,16.6,1.14,9.1,80,96,59,8.4
2016-10-25,0.0,14.7,22.8,18.1,1.33,7.1,87,99,63,8.2
2016-10-26,0.0,15.5,25.6,19.7,1.06,6.4,81,98,52,9.3
2016-10-27,0.0,15.0,23.0,18.6,1.3,8.4,80,96,58,10.1
2016-10-28,0.4,13.5,19.5,16.7,1.35,6.7,88,99,73,7.5
2016-10-29,0.0,11.5,20.9,16.0,0.88,5.9,71,99,37,10.0
2016-10-30,0.0,8.2,22.0,14.4,1.31,5.4,55,81,33,10.1
2016-10-31,0.0,10.7,18.9,14.3,1.27,6.6,59,88,47,10.1
2016-11-01,0.0,7.8,20.0,13.6,1.12,5.2,80,98,50,8.7
2016-11-02,0.0,9.1,24.0,15.7,1.05,5.5,65,91,32,10.0
2016-11-03,0.6,10.2,23.6,16.1,1.61,7.9,67,91,37,9.1
2016-11-04,0.0,12.8,19.9,16.0,1.4,5.6,65,84,53,4.6
2016-11-05,0.0,14.4,19.8,16.3,2.52,12.9,66,80,47,10.0
2016-11-06,0.0,8.3,14.8,12.3,3.3,11.8,57,73,33,10.0
2016-11-07,0.1,4.1,11.7,7.8,2.94,10.9,61,83,39,10.0
2016-11-08,0.0,4.9,12.4,7.9,4.91,15.7,53,70,33,9.9
2016-11-09,0.0,5.6,14.4,10.1,2.81,12.1,63,82,55,8.5
2016-11-10,0.0,8.2,16.4,11.9,1.95,8.7,69,95,38,9.9
2016-11-11,0.0,3.4,18.7,10.1,1.77,6.6,61,89,28,9.9
2016-11-12,0.0,4.0,18.7,10.8,1.27,4.9,59,85,29,9.9
2016-11-13,0.0,7.9,17.6,12.2,1.13,5.6,59,81,40,8.6
2016-11-14,0.0,5.1,14.7,9.8,2.5,11.3,67,92,40,9.8
2016-11-15,0.0,4.0,14.1,8.4,2.75,10.8,72,92,47,9.8
2016-11-16,0.0,3.1,14.8,8.6,2.38,9.1,64,88,34,9.8
2016-11-17,0.0,2.7,17.1,9.0,1.59,5.5,56,79,31,9.8
2016-11-18,0.0,3.2,19.5,10.3,1.22,4.5,61,88,34,9.8
2016-11-19,0.0,7.6,18.8,12.3,1.6,7.1,62,81,37,9.8
2016-11-20,0.0,4.4,17.4,10.6,1.36,6.4,68,89,34,7.2
2016-11-21,3.8,11.2,16.3,13.1,1.4,8.6,87,96,74,0.0
2016-11-22,28.5,7.0,13.7,10.2,1.5,14.1,94,98,86,3.0
2016-11-23,8.7,6.1,10.2,8.0,1.57,8.4,86,97,69,7.5
2016-11-24,0.1,3.2,11.2,6.6,1.52,7.3,72,92,42,9.7
2016-11-25,1.0,0.4,10.9,5.5,1.56,6.5,76,94,55,8.9
2016-11-26,5.7,7.0,12.4,9.1,1.64,11.0,93,99,71,2.8
2016-11-27,12.7,8.0,11.7,9.3,1.29,7.9,96,100,89,5.9
2016-11-28,1.3,7.9,11.7,9.3,1.51,7.5,91,100,78,8.7
2016-11-29,3.9,4.5,11.9,8.5,1.74,7.0,93,99,78,8.9
2016-11-30,6.0,9.0,11.8,10.1,3.09,10.1,96,99,88,6.3
2016-12-01,7.1,8.6,9.8,9.2,1.75,9.8,96,98,93,0.0
2016-12-02,0.8,5.3,14.2,9.3,0.97,4.4,88,99,61,8.8
2016-12-03,0.8,4.3,13.0,8.4,1.56,7.4,91,99,74,4.3
2016-12-04,30.4,10.2,11.2,10.6,2.02,6.6,98,100,95,0.0
2016-12-05,10.5,10.9,12.9,11.5,1.69,6.0,97,100,91,1.4
2016-12-06,0.7,9.1,13.6,11.4,2.5,9.2,89,98,71,8.6
2016-12-07,0.0,5.9,13.2,9.2,1.47,5.1,86,99,62,9.1
2016-12-08,0.0,4.7,12.4,8.7,1.65,7.2,90,100,74,4.6
2016-12-09,1.0,8.7,12.5,10.7,1.31,4.1,95,98,92,0.6
2016-12-10,0.0,8.2,14.5,11.6,0.93,4.4,90,99,68,6.2
2016-12-11,0.0,5.8,15.1,9.6,1.3,4.6,85,99,60,9.4
2016-12-12,0.0,2.5,15.1,8.2,1.25,4.0,78,95,50,9.4
2016-12-13,0.0,3.6,12.9,7.5,1.3,4.7,87,100,64,8.1
2016-12-14,0.0,5.6,12.6,8.3,1.04,6.5,87,98,61,7.4
2016-12-15,6.0,7.0,9.1,7.8,1.14,3.9,96,100,89,1.3
2016-12-16,12.0,5.0,8.3,6.9,1.41,9.1,97,99,94,1.5
2016-12-17,30.2,6.7,9.5,7.9,3.46,17.8,96,99,92,0.0
2016-12-18,33.6,7.2,8.3,7.7,4.02,16.3,97,98,95,0.0
2016-12-19,20.3,5.8,7.9,7.1,3.06,9.9,97,99,92,0.2
2016-12-20,0.0,3.9,11.2,7.2,3.08,11.1,74,91,52,9.2
2016-12-21,0.0,4.2,10.9,7.0,3.05,11.3,71,83,55,9.3
2016-12-22,0.0,2.1,13.4,7.0,1.88,5.4,77,90,53,9.3
2016-12-23,0.0,1.7,13.9,7.0,1.27,4.0,79,93,54,9.4
2016-12-24,0.0,1.7,13.3,6.9,1.18,4.1,85,95,67,9.3
2016-12-25,0.0,3.1,14.3,7.6,1.28,5.1,81,100,51,9.1
2016-12-26,0.0,2.4,16.4,8.1,1.26,3.9,65,89,38,9.3
2016-12-27,0.0,5.1,14.2,9.0,0.85,3.9,62,81,46,9.1
2016-12-28,0.3,2.9,9.9,6.9,1.5,6.5,89,96,81,4.5
2016-12-29,0.0,4.9,13.6,9.4,0.98,3.8,85,99,58,8.5
2016-12-30,0.0,1.5,12.8,6.5,1.0,4.6,76,92,51,8.9
2016-12-31,0.0,3.2,10.1,6.7,0.67,4.9,83,94,69,8.9
2017-01-01,0.0,1.1,11.3,5.0,1.45,5.7,77,96,54,9.2
2017-01-02,0.0,-0.3,9.8,3.9,0.94,5.3,83,94,65,8.8
2017-01-03,0.0,1.2,14.8,6.5,1.27,6.4,67,86,44,8.9
2017-01-04,0.0,4.7,14.9,8.4,1.93,10.2,79,88,60,9.3
2017-01-05,0.0,4.0,14.8,8.6,1.68,6.8,70,88,42,9.4
2017-01-06,0.0,1.7,12.1,6.4,1.26,6.2,79,95,59,8.5
2017-01-07,0.0,0.6,11.0,5.8,1.57,5.0,79,93,52,9.4
2017-01-08,0.0,-1.0,11.2,3.5,0.85,4.1,72,92,44,9.4
2017-01-09,0.0,-0.5,10.3,4.0,1.54,5.7,63,90,43,9.4
2017-01-10,0.4,-1.7,12.3,5.8,2.95,15.9,61,89,46,2.6
2017-01-11,0.1,8.5,12.3,9.9,3.69,12.8,64,83,56,4.7
2017-01-12,0.0,4.6,17.5,9.9,1.24,5.9,76,91,52,9.4
2017-01-13,0.0,4.2,12.7,7.9,2.32,10.5,73,86,59,9.1
2017-01-14,0.0,3.2,8.9,5.5,3.92,13.6,49,68,40,9.5
2017-01-15,0.0,3.1,10.5,6.0,3.9,15.1,51,59,37,9.5
2017-01-16,0.0,2.7,12.8,7.8,3.83,15.6,57,74,44,9.5
2017-01-17,0.0,1.4,11.7,8.0,4.89,15.7,48,63,22,9.5
2017-01-18,9.8,-3.4,1.4,-0.7,2.51,10.2,53,85,25,5.8
2017-01-19,38.7,-0.5,1.5,0.5,4.11,17.0,88,98,75,0.3
2017-01-20,14.0,0.5,6.3,2.9,1.88,12.4,94,100,81,0.5
2017-01-21,5.0,2.7,8.7,5.3,4.39,16.7,80,94,63,0.5
2017-01-22,0.1,3.6,10.6,6.8,3.94,13.8,60,72,49,9.0
2017-01-23,0.6,3.4,10.3,5.9,2.23,9.5,69,78,53,9.0
2017-01-24,0.0,1.6,12.2,6.4,2.19,9.6,61,73,45,9.6
2017-01-25,0.0,-0.3,14.0,6.2,1.77,5.6,59,86,37,9.7
2017-01-26,0.0,-1.7,10.4,3.7,1.52,5.6,70,94,49,6.8
2017-01-27,2.3,2.0,9.9,6.1,1.69,8.2,83,95,66,6.2
2017-01-28,0.0,2.4,10.7,6.4,4.42,16.0,65,82,47,9.2
2017-01-29,0.0,1.4,12.9,6.5,1.36,5.4,76,93,54,9.5
2017-01-30,0.0,4.4,15.6,9.1,1.85,6.0,79,92,62,9.1
2017-01-31,0.0,3.8,15.7,8.7,1.22,5.8,80,91,58,9.7
2017-02-01,0.0,3.4,17.5,9.2,1.05,5.5,73,91,43,9.7
2017-02-02,3.1,3.9,14.3,8.2,1.83,6.7,81,94,62,3.8
2017-02-03,0.0,7.4,15.6,10.2,2.42,9.2,69,88,49,9.7
2017-02-04,0.0,6.6,16.0,10.7,2.42,9.5,68,82,51,9.5
2017-02-05,0.1,7.0,12.1,10.2,4.19,17.0,62,82,45,10.1
2017-02-06,0.0,3.3,15.2,9.3,2.96,14.9,62,79,48,10.2
2017-02-07,0.0,6.5,16.5,11.2,2.52,11.4,62,77,49,9.6
2017-02-08,0.0,5.6,11.0,8.1,4.32,15.8,52,81,32,10.4
2017-02-09,0.0,1.7,13.6,6.7,1.73,7.3,57,88,35,7.9
2017-02-10,0.0,-0.1,11.1,5.4,1.66,8.4,77,91,52,9.7
2017-02-11,7.0,5.1,8.6,6.4,1.86,10.5,91,95,87,1.0
2017-02-12,0.8,4.9,14.3,8.9,1.69,9.6,83,99,66,8.1
2017-02-13,1.3,5.5,15.1,10.2,1.34,10.5,76,92,47,8.7
2017-02-14,0.0,1.9,14.8,8.2,1.7,6.9,75,92,55,9.0
2017-02-15,0.0,3.9,13.0,8.3,1.72,7.8,79,94,57,10.7
2017-02-16,0.2,6.4,11.9,9.0,1.36,5.4,85,100,64,7.5
2017-02-17,0.0,5.0,12.4,8.8,0.89,6.1,78,91,60,8.8
2017-02-18,2.4,3.7,14.5,8.6,1.28,6.7,79,92,55,9.1
2017-02-19,12.0,6.4,10.6,8.1,2.08,7.8,92,100,71,3.8
2017-02-20,0.0,4.8,11.8,7.5,2.61,9.5,81,94,60,8.9
2017-02-21,0.0,4.3,12.7,7.8,1.71,8.2,74,91,49,10.8
2017-02-22,0.0,4.6,15.0,9.6,1.55,6.5,57,75,45,10.8
2017-02-23,1.6,6.9,14.4,10.7,1.68,9.1,75,88,59,8.7
2017-02-24,1.7,6.0,15.4,10.9,1.75,9.2,81,93,61,9.5
2017-02-25,0.0,3.5,16.2,9.7,2.04,6.8,76,93,52,10.9
2017-02-26,0.0,4.5,17.2,10.0,1.5,7.5,79,93,57,10.9
2017-02-27,0.0,3.8,17.9,10.3,1.37,6.2,72,94,42,10.9
2017-02-28,0.0,3.6,16.9,9.4,1.64,5.8,68,87,44,10.9
2017-03-01,0.0,3.2,18.1,10.4,1.69,10.3,69,93,41,10.9
2017-03-02,0.0,4.9,18.8,10.9,1.25,6.0,72,91,46,11.0
2017-03-03,2.7,4.6,17.4,9.7,2.68,17.0,75,95,50,9.1
2017-03-04,7.4,1.8,9.1,5.9,2.19,16.2,74,94,55,3.7
2017-03-05,0.0,3.5,16.9,10.2,1.72,10.5,75,95,55,11.0
2017-03-06,0.0,6.3,17.9,12.1,2.54,11.3,71,91,52,11.0
2017-03-07,0.0,7.0,20.9,14.0,2.52,12.1,61,81,35,11.1
2017-03-08,0.0,7.7,21.5,13.9,1.69,6.7,63,86,39,11.2
2017-03-09,0.0,8.3,24.7,15.7,1.16,5.7,59,82,31,11.3
2017-03-10,0.0,9.0,26.7,17.4,1.26,5.6,42,60,22,11.3
2017-03-11,0.0,9.9,26.1,17.3,1.67,8.0,45,59,27,11.2
2017-03-12,1.3,10.1,21.5,15.4,2.05,11.9,58,77,34,11.0
2017-03-13,66.5,2.7,9.2,5.8,4.53,19.7,91,100,74,0.0
2017-03-14,26.0,5.3,15.1,9.5,2.85,16.7,84,100,52,4.4
2017-03-15,0.0,5.5,14.4,9.7,2.89,11.0,68,88,49,11.6
2017-03-16,0.0,5.1,14.3,8.5,2.14,9.4,76,94,53,11.6
2017-03-17,0.0,2.8,14.2,8.4,1.65,7.9,73,85,57,11.3
2017-03-18,0.0,4.5,18.1,10.6,1.39,6.1,63,84,39,11.7
2017-03-19,0.0,4.6,19.8,12.0,1.49,6.2,57,76,33,11.7
2017-03-20,0.6,7.1,20.2,13.2,1.34,9.4,64,78,50,11.8
2017-03-21,0.0,9.5,21.6,14.4,2.19,9.1,53,76,31,11.7
2017-03-22,0.0,5.3,18.3,11.1,1.46,5.7,59,89,28,11.8
2017-03-23,0.7,3.2,13.0,7.8,1.85,11.2,48,70,22,10.8
2017-03-24,2.6,-0.1,11.5,4.9,1.42,6.8,70,88,45,11.0
2017-03-25,0.0,0.2,15.7,7.4,2.82,12.0,62,85,31,11.9
2017-03-26,0.0,1.4,16.4,8.4,1.9,10.1,73,92,41,11.9
2017-03-27,0.8,2.4,17.6,10.5,1.83,9.8,68,92,37,11.0
2017-03-28,0.1,6.7,17.2,12.3,1.18,5.4,65,83,47,12.0
2017-03-29,0.0,6.3,20.0,12.9,1.46,10.7,66,90,39,12.0
2017-03-30,0.0,5.5,19.5,12.2,1.81,8.1,64,85,38,11.0
2017-03-31,0.6,6.7,22.2,13.6,1.71,10.7,60,84,29,10.5
2017-04-01,0.0,5.7,18.4,12.1,2.81,11.2,54,82,27,12.2
2017-04-02,0.0,7.0,19.9,13.0,2.27,9.4,46,61,31,12.2
2017-04-03,0.0,5.2,18.7,11.8,1.8,8.9,59,86,36,12.2
2017-04-04,0.0,5.1,20.3,12.6,1.84,9.0,61,92,34,12.1
2017-04-05,0.2,6.5,18.0,12.1,2.1,11.1,56,77,34,12.2
2017-04-06,0.0,6.7,17.3,11.5,2.22,9.4,61,83,40,12.3
2017-04-07,0.0,5.4,17.9,11.5,2.18,9.5,59,80,37,12.4
2017-04-08,0.0,5.2,18.4,11.7,1.62,7.8,57,82,33,12.4
2017-04-09,0.0,5.0,18.8,11.5,1.8,10.0,69,91,41,12.4
2017-04-10,0.0,6.0,19.4,12.3,1.49,7.2,64,95,34,12.5
2017-04-11,0.0,8.0,23.5,15.7,1.61,9.0,44,75,25,12.5
2017-04-12,0.0,8.5,24.5,16.3,1.94,8.5,48,75,29,12.6
2017-04-13,0.0,10.7,26.8,18.9,1.82,8.5,41,76,22,12.6
2017-04-14,0.5,12.8,27.1,19.6,1.73,6.6,39,56,20,12.6
2017-04-15,0.2,11.6,26.6,18.9,1.79,8.0,47,70,30,12.6
2017-04-16,0.0,10.9,23.5,16.2,1.95,9.2,70,100,42,11.6
2017-04-17,0.2,10.3,24.8,16.8,1.6,8.4,70,100,39,12.7
2017-04-18,1.3,10.3,24.6,16.8,1.86,9.5,62,86,37,12.9
2017-04-19,0.2,9.3,16.8,12.9,2.81,11.5,72,96,52,6.2
2017-04-20,0.0,8.2,15.0,11.4,3.59,14.8,56,70,42,12.3
2017-04-21,0.0,5.4,15.0,9.7,2.91,12.6,63,87,37,13.0
2017-04-22,0.1,5.5,16.4,10.7,1.6,7.5,66,83,49,8.0
2017-04-23,0.0,6.0,22.4,13.8,1.55,9.1,56,85,29,11.8
2017-04-24,0.1,9.0,23.9,15.9,1.58,9.4,58,84,32,12.5
2017-04-25,0.5,9.5,23.2,16.3,1.5,9.9,65,96,36,12.6
2017-04-26,0.0,12.5,23.2,16.4,1.77,8.9,57,80,28,9.0
2017-04-27,19.3,8.9,12.8,11.5,1.9,8.0,92,100,63,0.6
2017-04-28,18.2,7.2,8.5,7.8,2.46,9.4,91,98,85,0.0
2017-04-29,1.3,7.5,12.8,9.7,1.58,7.6,85,93,74,0.0
2017-04-30,0.1,7.6,21.8,14.2,1.93,9.5,69,98,26,13.5
2017-05-01,1.1,7.7,18.6,13.3,2.1,10.0,64,88,40,13.6
2017-05-02,0.0,6.9,22.8,14.2,1.57,8.1,65,91,36,13.7
2017-05-03,0.0,8.2,23.1,15.3,1.71,8.5,59,88,32,13.7
2017-05-04,0.0,8.2,25.3,16.4,1.81,8.0,54,79,28,13.7
2017-05-05,1.0,12.0,25.3,18.1,1.36,9.9,64,89,44,13.8
2017-05-06,0.0,8.5,23.1,16.1,1.98,9.4,59,89,33,13.8
2017-05-07,0.0,12.0,25.0,18.4,1.65,9.0,43,71,29,13.8
2017-05-08,0.0,9.5,27.4,18.6,1.52,7.5,50,83,28,13.9
2017-05-09,0.0,11.4,27.2,18.5,1.81,9.1,51,76,26,13.9
2017-05-10,0.0,12.9,26.2,19.0,1.27,7.4,54,76,26,11.1
2017-05-11,0.0,13.9,22.7,17.8,3.35,14.0,51,80,29,13.1
2017-05-12,0.1,9.4,23.1,16.0,1.65,8.6,56,78,34,13.9
2017-05-13,0.0,9.7,24.1,17.2,1.79,11.0,53,82,27,14.0
2017-05-14,0.0,11.3,24.4,18.6,1.71,9.7,48,75,33,14.0
2017-05-15,0.0,12.3,25.9,19.4,1.94,10.7,49,75,30,13.4
2017-05-16,0.1,14.1,24.6,18.9,1.69,8.2,46,68,25,11.8
2017-05-17,0.0,13.0,26.1,19.0,1.89,10.8,44,67,24,13.9
2017-05-18,1.5,12.1,26.1,19.0,2.07,10.9,44,70,24,14.0
2017-05-19,0.0,11.7,24.0,17.3,2.15,11.9,54,78,33,14.0
2017-05-20,0.0,11.4,25.2,17.5,2.02,10.7,61,91,30,14.0
2017-05-21,0.0,9.9,23.7,16.7,2.0,9.6,50,76,27,6.6
2017-05-22,0.0,12.7,28.9,19.4,2.01,12.9,41,69,19,14.0
2017-05-23,0.0,13.0,26.3,19.2,2.29,11.3,51,85,28,14.0
2017-05-24,0.0,12.3,26.7,19.5,2.07,10.6,42,63,27,14.0
2017-05-25,0.0,15.2,29.9,21.9,1.64,9.9,39,68,25,12.7
2017-05-26,0.0,15.1,28.6,21.8,2.24,11.1,36,60,20,14.0
2017-05-27,0.0,14.3,26.9,21.2,2.23,12.0,45,68,32,14.0
2017-05-28,0.0,14.2,26.2,20.0,2.3,12.4,45,66,25,13.4
2017-05-29,0.0,14.6,27.0,20.3,1.83,14.5,44,62,29,14.0
2017-05-30,0.8,14.2,25.5,18.9,1.6,9.6,68,92,41,14.0
2017-05-31,1.0,14.1,26.1,19.5,1.79,10.3,66,93,41,14.0
2017-06-01,0.6,14.9,27.6,20.5,1.87,10.2,63,92,35,14.0
2017-06-02,0.0,14.9,29.5,22.0,1.84,10.5,55,83,31,14.0
2017-06-03,0.0,14.8,30.4,22.3,1.72,10.3,54,81,28,13.5
2017-06-04,5.0,15.8,26.9,19.9,1.63,9.9,73,99,41,11.9
2017-06-05,0.1,12.7,27.0,19.7,2.63,11.1,54,88,22,14.0
2017-06-06,0.0,13.4,30.1,21.8,2.09,10.5,47,88,23,14.0
2017-06-07,0.0,14.9,26.8,20.6,2.49,12.5,62,95,43,14.0
2017-06-08,0.0,14.4,27.9,20.8,2.05,11.6,61,90,36,14.0
2017-06-09,0.0,14.9,29.2,22.3,1.94,10.7,57,86,38,13.3
2017-06-10,0.0,14.9,30.1,22.2,2.01,11.0,57,95,26,13.5
2017-06-11,0.0,16.3,31.6,24.2,1.88,10.8,39,75,15,14.0
2017-06-12,0.0,16.0,30.4,23.6,2.26,11.1,37,52,22,14.0
2017-06-13,0.0,16.7,31.2,23.8,2.02,10.9,41,61,23,14.0
2017-06-14,0.0,18.2,34.4,26.7,1.7,9.5,34,53,20,14.0
2017-06-15,0.0,19.5,36.1,28.1,1.95,10.7,40,65,20,13.2
2017-06-16,0.0,22.0,33.5,27.3,1.88,9.8,37,66,19,14.0
2017-06-17,0.0,20.5,35.0,27.5,1.8,10.4,37,62,24,14.0
2017-06-18,0.0,18.4,33.7,26.0,1.96,11.2,48,78,24,13.2
2017-06-19,1.4,18.6,31.1,25.0,1.94,12.3,48,66,34,13.8
2017-06-20,0.5,17.5,32.0,24.8,1.82,10.2,53,91,24,14.0
2017-06-21,0.0,18.6,33.0,25.8,2.04,9.5,42,63,23,14.0
2017-06-22,0.0,19.1,34.6,27.0,1.96,10.1,35,56,19,14.0
2017-06-23,0.0,19.1,37.0,28.4,1.73,9.9,33,61,18,14.0
2017-06-24,0.0,21.0,37.7,29.1,1.89,10.0,30,61,13,14.0
2017-06-25,0.0,21.5,32.5,26.6,2.26,12.7,40,63,25,11.4
2017-06-26,0.0,19.2,34.2,27.0,1.53,10.1,42,66,19,14.0
2017-06-27,0.5,20.4,35.1,27.3,2.39,16.7,29,62,10,14.0
2017-06-28,0.0,17.2,29.0,23.4,2.9,13.6,36,51,23,14.0
2017-06-29,0.0,15.6,29.2,22.5,1.96,11.2,38,75,11,14.0
2017-06-30,0.0,14.7,26.8,20.4,2.8,11.5,27,45,14,14.0
2017-07-01,3.2,14.4,22.2,18.6,2.39,12.2,44,67,35,14.0
2017-07-02,0.0,13.5,27.5,20.4,1.96,11.2,59,93,28,14.0
2017-07-03,0.0,14.9,28.8,21.6,2.21,11.1,51,79,27,14.0
2017-07-04,0.0,15.2,29.3,22.2,2.03,11.5,47,72,29,14.0
2017-07-05,0.1,16.5,33.0,24.0,1.88,11.9,53,78,24,12.7
2017-07-06,0.0,19.8,29.4,24.7,2.16,13.2,46,73,30,11.5
2017-07-07,2.5,19.0,27.4,23.1,2.33,13.2,58,93,41,8.6
2017-07-08,0.0,16.5,32.3,24.4,1.87,11.1,48,98,20,14.0
2017-07-09,0.0,17.4,33.8,25.7,2.14,12.3,40,64,23,14.0
2017-07-10,0.0,20.4,34.9,27.2,2.05,11.5,37,53,21,14.0
2017-07-11,0.0,19.7,35.6,27.2,1.85,10.3,41,62,19,14.0
2017-07-12,0.3,19.6,39.3,29.3,1.91,12.0,43,72,20,14.0
2017-07-13,0.0,23.0,40.1,30.8,1.62,12.6,28,53,12,14.0
2017-07-14,0.0,19.7,35.0,26.8,2.21,11.3,63,100,35,13.7
2017-07-15,0.0,20.0,33.9,25.5,2.12,10.9,63,95,30,12.8
2017-07-16,0.0,17.6,33.0,25.3,1.95,9.8,52,94,21,14.0
2017-07-17,0.0,18.8,33.8,25.8,2.32,11.1,38,55,24,11.0
2017-07-18,0.0,18.5,34.8,26.2,2.14,10.8,40,66,17,13.8
2017-07-19,0.0,19.7,34.8,26.9,1.89,12.5,45,69,23,13.4
2017-07-20,0.7,20.9,35.1,26.3,2.05,16.3,47,77,18,13.9
2017-07-21,0.0,20.5,31.0,25.1,1.7,11.6,65,95,33,13.3
2017-07-22,0.0,18.2,34.4,25.9,2.12,12.4,55,93,23,13.8
2017-07-23,0.0,19.5,34.4,26.1,1.97,12.2,54,81,25,13.4
2017-07-24,0.0,17.8,36.5,26.6,1.96,11.3,43,80,13,13.8
2017-07-25,0.5,17.4,32.4,24.5,1.93,10.1,60,89,30,13.6
2017-07-26,0.0,18.6,33.7,25.1,1.63,11.2,61,92,25,13.3
2017-07-27,0.0,19.3,36.1,27.2,2.13,10.7,55,99,23,13.3
2017-07-28,0.0,19.9,36.9,29.0,2.09,11.9,33,57,18,13.6
2017-07-29,0.0,21.1,36.4,28.4,1.98,10.7,36,62,21,13.6
2017-07-30,0.0,22.4,39.1,29.8,2.07,11.4,34,62,12,13.5
2017-07-31,1.4,21.3,36.7,28.3,1.94,10.2,42,68,20,13.5
2017-08-01,0.3,21.2,32.1,26.6,1.83,10.8,55,78,27,8.9
2017-08-02,2.6,20.9,33.3,26.8,1.89,13.8,64,98,37,13.1
2017-08-03,0.0,21.9,37.0,29.2,1.63,8.7,45,76,16,13.3
2017-08-04,0.0,22.7,37.9,30.0,1.98,11.5,36,57,17,13.2
2017-08-05,0.0,22.4,38.2,29.9,1.93,9.8,33,63,16,13.2
2017-08-06,0.4,21.5,34.4,27.0,2.38,13.4,53,85,29,11.3
2017-08-07,1.1,21.2,36.1,27.9,1.37,9.6,62,97,24,13.1
2017-08-08,0.0,22.6,37.2,29.1,1.99,11.2,32,84,7,13.0
2017-08-09,1.4,19.7,33.0,25.0,2.29,14.6,60,88,22,13.1
2017-08-10,18.1,16.0,25.9,20.5,2.95,12.6,70,96,44,12.7
2017-08-11,0.0,16.7,28.0,21.4,1.95,10.2,67,92,36,13.0
2017-08-12,0.0,17.5,27.7,21.7,1.81,9.8,62,89,34,13.0
2017-08-13,0.0,16.0,28.7,21.6,1.78,10.0,60,77,38,13.0
2017-08-14,0.0,16.3,28.5,22.0,1.8,10.1,63,91,43,13.0
2017-08-15,0.0,18.4,32.5,24.6,1.54,8.6,58,80,33,12.6
2017-08-16,0.0,20.1,34.6,26.5,1.72,9.7,61,91,26,12.9
2017-08-17,0.0,19.7,33.7,26.3,1.78,9.4,66,96,35,12.9
2017-08-18,0.0,20.5,35.5,27.5,1.98,10.7,51,83,26,12.9
2017-08-19,0.0,19.8,31.5,25.0,2.21,11.1,63,99,42,12.7
2017-08-20,0.0,18.6,31.6,23.8,2.01,10.9,69,97,39,12.7
2017-08-21,0.0,17.3,31.4,23.6,1.94,11.4,64,90,37,12.6
2017-08-22,0.0,19.2,34.3,25.6,1.56,9.1,50,76,21,12.5
2017-08-23,0.0,19.3,35.1,26.4,1.89,11.0,42,65,13,12.4
2017-08-24,0.0,18.4,33.7,25.8,1.98,10.7,44,66,18,12.4
2017-08-25,1.1,19.7,33.5,26.3,1.39,8.2,49,71,26,10.8
2017-08-26,0.0,19.1,34.4,26.0,1.73,10.1,61,100,23,10.0
2017-08-27,1.0,20.2,30.8,24.8,1.45,10.9,57,77,33,9.2
2017-08-28,0.9,19.5,28.5,23.7,2.34,12.1,67,88,40,7.0
2017-08-29,25.7,17.3,23.4,19.9,1.68,14.4,86,97,63,5.8
2017-08-30,16.1,16.2,23.2,18.9,1.41,7.8,82,96,53,4.4
2017-08-31,0.1,16.2,27.1,21.1,1.69,7.7,68,92,40,12.0
2017-09-01,1.7,19.1,26.7,21.6,1.85,10.4,77,94,49,9.7
2017-09-02,21.8,18.0,25.7,20.7,1.72,7.7,80,99,54,6.4
2017-09-03,0.0,16.2,28.9,22.1,1.56,7.9,72,97,40,11.9
2017-09-04,0.0,18.4,31.2,23.6,1.86,9.8,55,80,22,12.0
2017-09-05,0.8,18.9,29.8,22.9,1.44,7.4,72,98,33,10.4
2017-09-06,0.0,16.9,30.0,22.7,1.55,8.5,64,89,32,12.0
2017-09-07,0.0,17.6,28.7,22.0,1.6,8.2,68,88,38,12.0
2017-09-08,0.0,16.7,29.7,22.3,1.67,7.6,73,100,39,12.0
2017-09-09,0.0,16.9,27.7,21.6,1.59,8.3,44,79,12,7.5
2017-09-10,0.0,14.1,25.6,19.2,2.62,11.5,36,55,19,12.0
2017-09-11,0.0,14.3,31.4,22.0,2.06,7.9,32,47,23,12.0
2017-09-12,0.0,15.8,32.3,22.6,2.14,10.7,44,73,16,12.0
2017-09-13,0.0,14.6,29.9,21.6,1.69,8.7,60,95,27,12.0
2017-09-14,0.0,15.2,33.5,23.8,1.28,5.7,40,73,14,12.0
2017-09-15,3.1,16.5,29.3,21.5,2.24,15.9,60,100,31,12.0
2017-09-16,9.6,13.5,22.3,16.7,2.5,12.6,74,95,43,9.4
2017-09-17,0.0,12.9,25.2,18.8,1.64,8.1,66,95,30,12.0
2017-09-18,0.0,12.0,28.3,19.6,1.69,9.4,41,77,17,12.0
2017-09-19,0.0,14.0,26.7,19.9,1.74,8.9,44,75,23,12.0
2017-09-20,0.0,14.0,27.5,19.7,1.48,7.9,60,83,34,12.0
2017-09-21,0.0,12.7,27.6,19.4,1.74,9.6,66,95,29,12.0
2017-09-22,0.0,14.8,24.6,18.5,1.62,9.5,70,87,44,12.0
2017-09-23,0.0,13.6,24.5,18.6,1.45,7.0,73,96,46,11.8
2017-09-24,0.0,12.5,28.9,20.3,1.81,7.7,57,91,24,11.7
2017-09-25,0.0,16.2,32.3,22.9,1.69,10.6,39,54,18,11.9
2017-09-26,0.2,15.0,26.2,19.9,2.19,10.3,61,93,36,11.6
2017-09-27,0.2,17.1,25.7,20.2,1.77,11.6,74,96,39,8.3
2017-09-28,0.4,16.4,25.1,19.6,1.44,9.6,75,100,41,11.2
2017-09-29,0.0,13.9,25.0,18.8,1.42,7.1,69,92,38,11.7
2017-09-30,0.1,13.2,26.9,19.4,1.32,8.1,66,95,37,10.2
2017-10-01,0.1,15.7,24.5,19.5,1.15,7.5,77,100,46,9.4
2017-10-02,0.3,15.3,25.2,19.5,1.54,8.0,74,97,41,9.7
2017-10-03,0.0,15.2,26.4,20.2,1.43,8.7,70,94,38,11.1
2017-10-04,0.1,15.4,24.8,19.2,1.73,9.7,75,96,45,11.2
2017-10-05,0.0,13.3,27.2,19.3,1.49,7.0,62,93,27,11.3
2017-10-06,0.0,14.3,30.0,20.7,1.65,9.4,49,71,20,11.1
2017-10-07,0.1,14.0,22.9,18.1,2.22,9.9,76,96,52,8.9
2017-10-08,0.3,16.2,25.0,19.6,1.7,8.1,72,95,43,10.3
2017-10-09,0.0,13.0,27.0,19.4,1.6,8.8,62,85,25,11.0
2017-10-10,0.0,13.0,26.7,18.5,1.56,8.2,68,95,23,10.7
2017-10-11,0.0,12.7,27.3,18.9,1.32,8.2,63,87,31,10.5
2017-10-12,0.0,12.5,27.5,19.7,1.2,7.9,50,84,25,10.6
2017-10-13,3.0,14.6,28.6,20.5,1.07,9.1,45,64,28,10.4
2017-10-14,0.0,15.6,27.4,20.5,1.53,8.8,47,78,29,10.5
2017-10-15,0.0,14.6,25.8,18.5,1.39,9.0,73,94,35,10.3
2017-10-16,0.8,14.3,23.4,17.3,1.37,7.1,74,99,39,9.4
2017-10-17,0.0,12.7,23.7,17.5,1.49,7.4,68,94,40,5.8
2017-10-18,2.7,11.9,19.4,16.3,1.95,12.1,78,91,52,4.7
2017-10-19,1.2,10.2,19.9,14.1,1.98,11.3,63,92,32,10.0
2017-10-20,0.0,11.1,23.0,16.6,2.56,10.2,59,81,42,10.3
2017-10-21,0.0,9.9,25.5,16.8,1.71,8.3,67,92,35,10.2
2017-10-22,0.0,13.6,22.0,17.1,1.53,7.3,71,88,48,10.1
2017-10-23,0.1,14.3,21.0,16.7,1.41,8.0,76,94,52,8.9
2017-10-24,0.0,10.2,24.1,16.4,1.44,7.4,64,90,32,10.2
2017-10-25,0.0,11.1,26.2,17.5,2.02,7.4,47,86,22,10.1
2017-10-26,0.0,10.8,25.7,17.2,1.5,6.9,41,61,24,10.1
2017-10-27,0.0,10.9,27.5,19.2,0.98,5.7,35,58,15,10.1
2017-10-28,0.0,12.4,21.6,17.0,1.94,7.3,57,89,35,10.0
2017-10-29,0.0,11.1,21.7,15.9,1.72,6.6,73,95,44,10.0
2017-10-30,0.0,10.0,21.6,15.2,1.35,9.0,72,93,44,10.0
2017-10-31,0.3,10.5,19.4,14.3,1.54,8.3,79,98,53,6.2
2017-11-01,2.1,12.6,20.6,15.6,1.46,8.3,80,99,51,5.1
2017-11-02,0.0,11.1,21.3,15.0,1.71,6.7,76,96,43,9.4
2017-11-03,0.0,11.8,17.6,14.1,1.16,5.7,81,96,60,3.0
2017-11-04,0.2,9.2,19.3,13.6,1.37,10.5,71,90,38,9.6
2017-11-05,0.0,10.2,20.4,14.1,3.08,12.7,58,82,29,10.0
2017-11-06,0.0,8.8,16.1,11.4,2.97,11.0,45,56,30,10.0
2017-11-07,0.0,4.0,18.4,11.0,2.06,9.1,40,64,13,10.0
2017-11-08,0.0,4.5,18.8,10.8,1.53,10.0,51,69,29,9.9
2017-11-09,0.0,5.8,13.8,10.1,2.88,9.9,40,54,27,9.3
2017-11-10,0.0,5.8,15.8,9.9,3.11,11.5,46,56,27,9.9
2017-11-11,0.0,9.4,18.3,12.8,2.8,10.3,55,70,35,9.9
2017-11-12,0.0,8.0,22.1,13.7,2.0,8.4,44,69,18,9.9
2017-11-13,0.0,8.0,16.8,12.6,3.74,13.6,40,61,25,9.9
2017-11-14,0.0,3.4,13.4,8.0,2.18,8.8,34,46,22,9.9
2017-11-15,0.0,3.6,16.5,9.0,1.43,6.2,39,54,25,9.8
2017-11-16,0.0,4.0,17.3,9.7,1.21,6.2,42,62,23,9.8
2017-11-17,0.0,3.7,17.7,10.2,1.09,5.9,42,60,24,9.8
2017-11-18,0.0,4.6,19.1,10.9,1.29,7.0,49,79,25,9.8
2017-11-19,0.0,3.8,18.3,10.8,1.17,6.2,57,85,33,9.8
2017-11-20,0.0,5.1,19.2,10.8,1.04,6.1,54,73,27,9.8
2017-11-21,0.0,5.4,19.5,11.8,1.26,5.7,42,65,21,9.8
2017-11-22,0.0,5.0,18.5,10.6,1.29,7.2,48,61,28,9.8
2017-11-23,0.0,3.4,20.8,11.5,1.3,6.5,38,56,21,9.7
2017-11-24,0.0,9.2,20.9,13.4,1.65,6.3,38,47,25,9.2
2017-11-25,0.0,7.9,16.0,12.5,1.71,6.5,45,62,33,0.0
2017-11-26,0.0,8.1,15.1,11.8,1.28,6.7,54,75,38,9.7
2017-11-27,0.1,6.2,15.7,10.7,1.62,8.1,77,90,48,5.7
2017-11-28,2.0,6.5,15.4,10.2,1.41,6.9,84,92,70,1.0
2017-11-29,10.3,8.6,10.9,9.9,1.71,11.3,87,92,78,2.2
2017-11-30,1.8,3.7,9.7,7.0,2.8,11.3,62,94,34,9.1
2017-12-01,1.0,2.1,11.0,5.8,3.35,12.6,47,75,31,9.3
2017-12-02,0.0,1.2,8.9,4.3,4.2,12.8,43,53,29,9.5
2017-12-03,0.0,-1.3,9.8,4.3,2.4,10.2,43,67,27,9.5
2017-12-04,0.0,-2.8,8.4,2.2,1.05,5.8,48,71,29,9.5
2017-12-05,0.0,-2.2,11.0,2.7,1.23,4.8,61,85,39,9.5
2017-12-06,0.0,-1.0,11.4,3.7,1.68,5.2,72,85,44,9.5
2017-12-07,0.0,-0.5,11.0,3.6,1.1,4.7,69,88,41,9.1
2017-12-08,1.2,-0.5,16.5,6.3,1.39,5.2,50,75,18,8.1
2017-12-09,0.0,4.4,15.5,9.2,1.71,6.7,79,88,59,5.1
2017-12-10,0.0,7.3,16.6,10.5,2.06,6.1,73,89,38,8.3
2017-12-11,2.8,3.8,14.2,9.6,3.43,16.8,65,85,47,7.2
2017-12-12,0.0,-0.3,10.3,4.6,2.34,9.9,65,95,26,9.4
2017-12-13,0.0,-1.2,12.9,4.9,1.41,5.8,55,76,31,9.4
2017-12-14,0.0,3.1,17.5,8.8,1.61,6.2,66,84,43,9.4
2017-12-15,5.7,7.0,17.1,11.9,3.14,13.7,69,94,50,7.4
2017-12-16,0.1,4.0,10.8,6.9,3.11,10.2,57,77,36,9.4
2017-12-17,0.0,0.8,8.5,4.2,2.31,9.7,58,68,41,9.4
2017-12-18,0.0,-1.9,11.1,4.7,1.54,8.4,61,82,44,9.4
2017-12-19,0.7,2.5,10.8,7.8,3.49,13.4,71,85,57,5.4
2017-12-20,0.0,1.1,12.3,6.3,1.24,4.6,67,86,47,8.1
2017-12-21,0.0,2.6,12.1,6.8,1.67,6.6,72,85,55,9.1
2017-12-22,0.0,2.8,17.8,8.3,1.38,8.5,66,85,34,9.3
2017-12-23,0.0,3.1,11.7,6.8,1.37,7.2,78,94,61,5.7
2017-12-24,0.0,5.6,13.5,7.9,1.89,6.0,82,94,52,7.6
2017-12-25,0.1,1.1,13.0,6.1,1.59,7.4,77,93,50,9.1
2017-12-26,0.0,3.1,13.7,7.7,2.93,9.1,73,90,48,5.3
2017-12-27,2.0,5.0,12.5,9.3,4.79,19.1,63,79,44,8.6
2017-12-28,0.3,4.5,16.2,10.6,2.29,13.6,70,85,56,8.3
2017-12-29,0.6,6.4,17.3,11.4,1.99,11.0,75,89,50,9.2
2017-12-30,0.0,5.5,18.9,10.4,1.79,5.2,74,91,45,9.2
2017-12-31,0.0,4.8,16.4,9.6,1.12,5.5,61,86,34,4.0
2018-01-01,0.0,3.0,16.5,8.9,1.84,7.1,50,76,25,9.4
2018-01-02,0.0,2.2,17.0,9.3,1.79,8.4,60,79,31,9.2
2018-01-03,0.0,6.1,19.4,11.2,1.74,8.9,72,86,46,9.2
2018-01-04,0.0,7.2,21.2,12.2,1.69,5.3,68,88,39,9.3
2018-01-05,0.0,3.0,16.2,8.4,1.73,7.3,68,88,36,9.3
2018-01-06,1.7,3.0,10.1,5.9,1.69,12.2,75,84,64,3.6
2018-01-07,0.3,-0.2,9.4,3.9,2.5,9.7,71,91,35,9.3
2018-01-08,0.0,-1.4,9.5,2.7,1.37,5.4,73,87,46,9.3
2018-01-09,0.0,-0.7,12.1,4.6,1.46,6.2,68,85,42,7.4
2018-01-10,3.1,4.7,13.1,7.7,1.61,10.6,73,94,49,8.2
2018-01-11,0.0,6.0,9.8,7.6,5.66,17.4,55,77,47,9.4
2018-01-12,0.0,2.6,12.1,7.3,3.05,12.1,52,79,35,9.4
2018-01-13,0.0,0.6,10.0,5.2,1.34,6.2,59,77,47,5.8
2018-01-14,6.8,0.9,9.2,4.4,1.43,6.9,81,89,57,2.8
2018-01-15,7.9,1.9,9.0,4.7,1.89,7.8,83,91,65,5.9
2018-01-16,0.0,-0.7,17.7,7.4,1.3,5.6,67,89,42,9.5
2018-01-17,0.0,2.7,17.7,9.1,1.82,7.8,65,85,36,9.5
2018-01-18,0.0,3.5,12.2,7.4,1.41,5.1,80,95,62,9.4
2018-01-19,0.0,5.5,13.5,8.8,1.03,5.1,70,87,50,6.1
2018-01-20,0.0,3.8,16.9,9.5,2.09,8.6,60,81,30,9.5
2018-01-21,0.0,5.8,18.3,11.4,2.91,12.0,55,73,42,9.5
2018-01-22,0.0,6.5,20.8,11.9,1.6,6.1,65,84,37,9.6
2018-01-23,0.0,4.3,16.8,10.4,1.35,5.4,56,82,39,9.6
2018-01-24,0.0,3.6,17.0,8.9,1.42,5.1,69,83,42,9.2
2018-01-25,0.0,3.1,15.5,8.2,1.37,8.6,75,87,57,9.1
2018-01-26,0.0,1.6,10.3,6.7,4.42,17.5,59,86,35,9.0
2018-01-27,0.2,3.8,10.0,6.2,3.98,12.4,53,59,39,6.0
2018-01-28,32.1,3.0,7.9,5.8,2.18,16.2,89,100,61,5.1
2018-01-29,1.0,6.3,11.1,8.4,2.14,8.4,89,100,67,2.7
2018-01-30,0.1,3.9,10.5,7.0,0.99,5.0,86,95,70,3.5
2018-01-31,0.0,4.1,12.6,7.7,1.1,6.6,83,98,60,8.6
2018-02-01,1.1,3.7,14.6,8.4,1.46,6.3,70,90,43,7.5
2018-02-02,5.5,2.3,7.8,4.8,4.77,16.4,61,91,34,8.1
2018-02-03,0.0,2.5,9.5,5.0,3.76,13.2,49,62,40,9.9
2018-02-04,3.6,2.0,7.3,4.2,1.73,9.2,75,93,58,3.8
2018-02-05,1.3,-2.2,8.8,3.7,0.95,4.7,75,99,40,9.1
2018-02-06,0.0,-0.7,7.5,3.2,2.89,11.9,65,84,50,8.4
2018-02-07,0.0,-2.9,8.5,2.8,1.92,7.9,61,76,41,10.1
2018-02-08,0.0,-2.4,8.3,2.3,2.08,8.4,60,86,39,10.1
2018-02-09,0.0,-1.8,9.0,3.2,2.14,9.9,54,75,38,10.3
2018-02-10,0.0,1.0,9.7,5.6,3.96,15.7,53,75,34,9.1
2018-02-11,0.1,2.7,15.4,8.2,2.27,8.3,58,72,46,10.1
2018-02-12,0.1,5.2,13.3,8.5,2.75,13.5,69,87,54,9.3
2018-02-13,0.0,0.0,13.5,6.1,1.57,7.6,60,88,29,10.5
2018-02-14,0.0,3.4,14.9,8.1,1.87,8.3,64,82,46,9.1
2018-02-15,0.0,4.4,17.7,10.6,1.39,5.5,70,89,49,10.6
2018-02-16,0.1,6.6,16.4,10.9,1.26,6.6,76,88,57,9.5
2018-02-17,0.0,4.2,17.5,10.8,1.87,8.2,69,92,37,10.7
2018-02-18,0.7,6.1,12.5,9.5,1.24,5.6,79,98,63,9.4
2018-02-19,0.1,4.9,15.0,9.1,1.53,6.6,74,100,35,7.8
2018-02-20,0.0,4.9,15.8,10.4,3.11,13.1,60,78,43,8.5
2018-02-21,0.2,5.4,11.8,8.4,3.76,13.1,53,80,32,8.8
2018-02-22,1.3,2.5,11.9,6.5,1.78,10.3,63,94,25,10.8
2018-02-23,0.0,-2.3,9.3,3.6,2.29,8.6,42,61,26,10.8
2018-02-24,0.0,-2.8,11.0,3.7,1.8,9.1,64,87,40,10.8
2018-02-25,0.2,0.1,14.3,6.6,1.93,9.2,59,92,27,10.9
2018-02-26,0.0,1.6,16.7,8.5,1.71,6.3,48,69,25,10.0
2018-02-27,5.1,5.3,9.5,6.9,1.52,8.8,92,100,70,4.9
2018-02-28,1.8,6.5,19.0,11.2,3.31,17.1,75,99,39,8.4
2018-03-01,0.9,8.2,16.2,12.1,5.05,18.2,64,85,48,8.9
2018-03-02,21.9,7.0,12.8,9.9,3.52,16.3,76,91,59,3.0
2018-03-03,1.1,9.2,17.7,12.1,4.05,16.4,61,88,38,5.3
2018-03-04,1.2,4.9,13.4,9.2,2.38,10.1,76,90,54,6.7
2018-03-05,1.5,7.0,12.5,9.2,4.42,14.6,63,77,55,9.8
2018-03-06,1.0,3.8,15.1,9.4,3.91,16.5,57,90,37,10.0
2018-03-07,0.4,2.3,15.0,8.0,1.86,8.7,65,91,28,11.0
2018-03-08,3.7,6.9,18.4,11.8,1.66,9.7,73,94,48,10.5
2018-03-09,0.0,8.4,21.5,15.0,2.79,9.0,62,92,25,11.0
2018-03-10,0.0,10.1,21.1,14.8,3.84,14.7,61,77,35,11.0
2018-03-11,0.3,6.2,15.0,10.3,3.72,21.0,59,77,38,11.1
2018-03-12,0.0,5.9,14.8,9.7,2.71,12.0,56,73,36,11.1
2018-03-13,0.0,5.9,18.3,11.1,2.25,8.8,64,77,44,6.8
2018-03-14,0.2,4.9,17.9,11.4,2.93,13.7,66,88,45,6.3
2018-03-15,2.5,7.0,15.1,10.9,2.21,9.3,65,92,36,9.6
2018-03-16,1.1,4.1,13.7,8.2,2.22,10.1,60,81,34,11.2
2018-03-17,10.8,2.8,14.0,7.6,3.11,17.8,67,88,41,8.9
2018-03-18,2.7,4.6,12.5,8.0,2.58,11.7,67,93,42,9.4
2018-03-19,2.0,3.9,14.2,8.6,3.46,17.6,62,80,41,10.2
2018-03-20,0.0,4.1,9.3,6.5,5.62,17.8,42,49,28,11.1
2018-03-21,0.0,1.1,11.5,6.0,4.22,13.5,40,56,24,10.8
2018-03-22,0.0,0.9,12.2,5.8,3.52,13.8,43,57,28,11.8
2018-03-23,2.5,2.2,16.9,8.8,2.83,12.2,55,79,27,7.0
2018-03-24,1.2,6.6,11.6,9.1,5.76,23.3,55,85,33,11.8
2018-03-25,1.4,5.3,11.6,8.2,3.76,18.8,59,77,39,7.1
2018-03-26,0.0,4.7,15.2,9.7,3.85,14.1,53,73,32,9.6
2018-03-27,0.0,5.6,20.9,12.2,2.16,9.1,53,74,32,11.9
2018-03-28,0.0,7.3,24.1,15.0,2.03,7.2,52,77,24,11.9
2018-03-29,0.0,8.4,21.3,14.0,1.73,6.7,49,74,27,8.9
2018-03-30,0.6,5.0,15.3,9.5,3.0,12.9,56,81,36,11.6
2018-03-31,0.0,5.4,15.0,9.4,3.42,13.5,49,70,28,12.0
2018-04-01,0.0,3.3,18.7,10.2,2.0,8.6,49,76,27,12.0
2018-04-02,1.3,5.9,20.1,11.7,1.35,12.1,47,67,29,7.5
2018-04-03,0.0,6.7,21.6,14.0,1.55,7.5,55,85,28,12.0
2018-04-04,0.0,6.9,18.6,12.5,2.63,9.9,55,89,26,12.0
2018-04-05,0.0,4.5,22.1,12.8,2.0,8.8,52,86,23,12.0
2018-04-06,0.1,7.6,19.0,13.3,2.04,12.7,53,80,39,10.2
2018-04-07,7.8,8.7,19.5,11.8,1.41,9.8,73,91,36,6.1
2018-04-08,1.2,4.3,16.0,9.7,2.74,12.6,65,92,34,11.8
2018-04-09,0.0,4.7,14.6,9.6,2.81,13.8,51,86,23,12.1
2018-04-10,8.4,5.0,13.5,9.0,4.27,15.0,63,85,38,5.0
2018-04-11,0.1,3.0,11.9,8.4,5.6,18.2,51,78,36,10.8
2018-04-12,0.8,6.5,16.0,10.8,3.74,14.6,54,80,33,7.0
2018-04-13,3.4,3.3,13.9,9.0,1.87,9.3,69,88,41,12.0
2018-04-14,0.0,5.7,18.7,11.7,2.86,12.8,56,82,27,10.3
2018-04-15,0.0,7.3,19.1,13.3,1.92,9.6,62,83,39,8.8
2018-04-16,0.2,8.3,18.0,13.0,2.6,12.2,59,88,32,12.2
2018-04-17,0.0,6.2,22.2,14.1,1.56,7.4,53,77,29,12.2
2018-04-18,0.0,8.3,22.3,15.0,1.99,10.6,54,80,27,12.4
2018-04-19,0.0,10.3,21.4,15.3,2.19,12.6,51,79,32,12.3
2018-04-20,0.6,10.2,18.8,13.4,2.75,13.9,73,94,41,7.8
2018-04-21,0.0,9.2,20.2,14.7,2.19,10.0,65,90,40,11.9
2018-04-22,0.3,10.3,22.9,15.9,2.01,11.7,57,86,30,11.5
2018-04-23,0.2,12.1,25.3,17.6,2.27,10.3,39,64,23,10.4
2018-04-24,0.0,13.6,24.7,18.1,3.53,14.5,41,55,27,12.5
2018-04-25,3.8,13.4,19.3,15.8,2.04,12.3,58,81,40,2.0
2018-04-26,0.2,13.5,20.3,16.5,2.39,9.3,60,79,39,10.6
2018-04-27,4.9,11.7,26.6,18.1,1.69,10.8,60,85,30,12.3
2018-04-28,0.9,10.2,25.3,17.6,2.29,11.6,52,85,17,12.8
2018-04-29,0.0,9.4,17.0,12.9,4.05,16.0,43,87,22,13.1
2018-04-30,0.7,5.8,15.6,10.6,1.84,10.8,56,79,32,8.8
2018-05-01,0.2,3.9,16.1,9.8,1.73,12.3,54,84,27,11.2
2018-05-02,0.0,5.3,21.1,12.6,2.62,13.3,45,71,18,12.7
2018-05-03,0.8,11.7,20.5,15.2,3.1,11.0,45,59,30,10.4
2018-05-04,0.1,9.2,21.2,15.0,2.35,10.6,47,69,24,10.2
2018-05-05,0.4,12.2,23.2,16.8,1.44,9.7,59,88,28,9.1
2018-05-06,0.1,10.8,21.8,15.9,2.11,12.1,59,80,31,12.2
2018-05-07,0.0,10.5,23.3,16.4,1.67,8.7,58,88,31,13.5
2018-05-08,0.5,9.7,23.8,16.3,1.58,11.9,68,92,35,10.9
2018-05-09,7.9,11.2,25.3,17.9,1.46,9.8,64,88,34,12.1
2018-05-10,8.0,13.1,20.8,16.6,1.76,8.3,78,91,58,6.8
2018-05-11,0.0,13.5,24.1,18.0,1.32,8.6,72,99,41,12.4
2018-05-12,0.1,11.7,25.7,18.7,1.76,10.4,57,89,27,13.7
2018-05-13,0.0,10.3,20.6,15.1,3.02,12.0,32,42,20,13.7
2018-05-14,0.0,7.4,21.3,14.8,2.05,11.8,40,55,26,9.9
2018-05-15,0.0,9.1,22.1,15.1,2.05,10.5,47,71,30,13.9
2018-05-16,0.0,9.8,21.4,15.4,2.26,10.8,52,77,28,14.0
2018-05-17,0.0,9.5,20.1,15.0,2.73,14.2,52,74,36,13.6
2018-05-18,0.0,9.6,21.6,15.6,2.09,10.2,57,85,31,13.2
2018-05-19,0.0,9.9,22.3,16.2,2.31,10.0,59,86,29,13.5
2018-05-20,0.0,10.6,22.4,16.2,1.99,10.4,61,93,28,12.6
2018-05-21,0.4,9.3,22.6,16.6,1.6,8.3,55,84,30,12.8
2018-05-22,0.0,9.9,26.1,18.1,1.69,8.6,54,87,25,13.7
2018-05-23,0.0,11.4,26.7,19.1,1.86,10.5,49,80,22,9.9
2018-05-24,1.0,14.0,25.6,19.2,2.5,13.3,46,65,27,13.1
2018-05-25,0.0,14.6,25.1,19.4,1.93,7.4,50,67,31,11.3
2018-05-26,0.0,12.5,25.5,19.2,1.9,11.8,57,77,34,13.6
2018-05-27,1.4,13.1,22.8,17.4,1.62,9.0,68,96,43,11.0
2018-05-28,0.1,13.1,25.1,18.7,1.51,8.9,53,76,30,12.0
2018-05-29,1.8,14.6,23.5,18.3,1.84,9.2,60,82,34,12.1
2018-05-30,0.5,12.5,22.7,17.3,1.68,9.7,58,87,28,13.4
2018-05-31,0.0,10.7,26.1,18.7,1.84,8.8,49,80,25,13.1
2018-06-01,0.3,13.2,26.6,19.2,2.24,12.7,51,71,27,13.1
2018-06-02,17.0,11.6,19.9,15.1,1.88,12.2,79,99,60,4.7
2018-06-03,1.5,11.7,24.2,17.5,1.95,9.7,64,96,37,9.0
2018-06-04,0.0,11.7,26.7,19.2,1.8,8.5,53,82,26,13.5
2018-06-05,1.8,14.5,22.1,17.4,1.83,11.4,61,77,41,9.7
2018-06-06,6.4,11.9,21.3,15.8,1.27,8.2,61,76,39,10.4
2018-06-07,0.0,11.0,25.1,18.0,2.21,8.9,55,85,29,12.6
2018-06-08,0.0,13.1,27.5,20.3,1.66,7.4,52,76,30,13.2
2018-06-09,2.6,12.4,25.6,18.8,1.99,14.6,68,91,43,11.4
2018-06-10,1.5,13.5,24.5,19.1,1.98,8.0,58,84,36,10.4
2018-06-11,0.3,12.6,25.2,19.4,1.86,10.4,52,77,30,12.8
2018-06-12,0.0,13.2,26.0,20.0,2.28,11.7,46,70,25,12.1
2018-06-13,0.0,14.9,27.9,21.9,2.48,11.0,41,66,22,14.0
2018-06-14,0.0,14.2,29.5,22.1,2.14,12.1,38,61,19,14.0
2018-06-15,0.0,14.1,30.1,22.2,1.85,9.6,45,75,26,14.0
2018-06-16,0.0,14.7,31.5,23.4,1.96,11.8,44,79,22,14.0
2018-06-17,0.0,15.8,30.6,23.4,2.13,11.0,43,73,25,14.0
2018-06-18,0.0,15.9,30.6,23.2,2.13,11.9,48,71,28,14.0
2018-06-19,0.0,14.7,28.5,22.3,2.26,13.3,48,71,32,14.0
2018-06-20,0.0,14.4,29.9,22.3,2.33,11.8,49,78,27,14.0
2018-06-21,0.0,15.2,30.1,23.2,1.93,10.2,44,78,22,14.0
2018-06-22,0.0,17.6,32.1,24.8,2.34,11.3,37,59,20,14.0
2018-06-23,0.0,18.2,32.3,25.1,2.32,11.4,40,62,23,14.0
2018-06-24,0.0,17.4,34.0,25.5,1.76,10.9,45,67,24,14.0
2018-06-25,0.0,17.2,34.5,25.4,1.81,9.4,51,83,24,14.0
2018-06-26,0.0,16.4,33.1,24.9,2.06,10.9,50,87,25,14.0
2018-06-27,0.0,16.6,33.5,24.9,1.77,9.4,47,80,24,14.0
2018-06-28,1.3,18.1,30.8,25.2,1.45,9.9,47,68,31,13.9
2018-06-29,0.5,17.5,29.3,22.8,2.42,13.1,67,99,36,12.6
2018-06-30,0.0,16.1,31.9,23.3,2.14,13.5,56,85,27,14.0
2018-07-01,0.2,17.1,32.8,25.0,1.45,9.0,52,85,25,14.0
2018-07-02,0.0,16.0,32.1,24.5,2.2,12.0,38,61,18,14.0
2018-07-03,0.0,18.7,34.7,25.9,1.81,12.4,32,47,14,14.0
2018-07-04,0.0,17.5,36.3,26.8,2.02,11.8,31,67,8,14.0
2018-07-05,0.0,16.8,32.6,25.5,2.33,11.6,32,52,17,14.0
2018-07-06,0.0,18.1,31.6,24.4,2.41,12.1,41,60,24,14.0
2018-07-07,0.0,16.2,31.0,23.7,2.31,12.0,41,63,27,14.0
2018-07-08,0.0,18.1,31.4,24.5,2.09,10.1,46,72,25,14.0
2018-07-09,0.0,18.5,34.3,26.2,1.97,9.9,44,79,21,14.0
2018-07-10,0.0,18.5,35.0,27.0,2.1,12.2,34,51,20,14.0
2018-07-11,0.0,19.5,35.3,27.3,2.39,12.4,33,57,17,14.0
2018-07-12,0.0,17.9,35.4,25.9,1.8,11.4,45,68,14,14.0
2018-07-13,0.0,17.6,31.7,24.5,2.34,12.0,59,97,27,13.7
2018-07-14,0.0,18.2,36.0,26.5,1.61,9.6,50,88,18,14.0
2018-07-15,0.0,18.9,35.3,27.3,2.13,12.2,35,56,18,14.0
2018-07-16,0.0,17.7,32.8,25.5,2.98,12.0,31,57,15,14.0
2018-07-17,0.0,20.4,33.3,26.2,2.37,11.2,28,50,17,14.0
2018-07-18,0.0,16.9,33.1,24.9,1.98,10.4,39,60,22,13.9
2018-07-19,0.0,17.6,34.5,26.0,2.07,13.5,47,78,29,13.9
2018-07-20,0.0,20.2,35.4,27.1,2.01,11.1,43,74,17,12.6
2018-07-21,0.0,17.7,33.0,25.4,2.32,11.6,37,66,25,13.9
2018-07-22,0.1,18.4,31.5,23.9,2.15,11.5,68,100,34,13.1
2018-07-23,0.0,18.8,33.8,25.9,2.11,10.4,56,90,26,13.3
2018-07-24,0.0,18.8,34.7,27.0,2.06,12.8,42,68,23,13.7
2018-07-25,0.0,20.2,33.3,26.5,2.1,12.0,35,53,18,13.7
2018-07-26,0.0,19.4,34.4,26.4,1.87,11.4,44,71,21,13.6
2018-07-27,0.0,18.5,34.5,26.9,1.78,11.5,44,73,24,13.6
2018-07-28,0.0,18.9,38.2,27.9,1.91,14.1,33,78,7,13.6
2018-07-29,0.0,17.8,37.3,27.7,1.86,9.7,23,36,8,13.6
2018-07-30,0.0,20.2,35.1,28.0,2.3,11.3,31,48,15,13.5
2018-07-31,0.0,19.6,36.1,27.6,2.16,11.2,36,61,19,13.5
2018-08-01,0.0,20.3,34.5,27.4,2.32,11.6,28,51,15,13.5
2018-08-02,0.0,20.7,34.6,27.5,1.96,10.3,34,47,21,13.4
2018-08-03,0.0,22.0,37.0,29.0,1.96,9.4,37,56,19,13.3
2018-08-04,0.0,21.0,34.5,27.6,1.89,10.2,44,68,21,13.1
2018-08-05,0.0,20.2,35.3,28.0,2.22,11.5,37,56,20,13.3
2018-08-06,0.0,23.0,36.5,29.5,2.15,10.2,33,53,19,13.2
2018-08-07,0.0,20.8,33.7,27.5,1.82,10.8,44,63,24,13.2
2018-08-08,0.0,19.6,34.8,27.0,2.17,13.2,49,73,23,12.9
2018-08-09,0.0,18.8,34.1,26.2,1.75,10.4,56,88,22,13.2
2018-08-10,1.0,20.5,30.5,24.8,2.32,10.6,66,90,40,12.8
2018-08-11,0.6,20.7,30.0,24.7,1.78,10.4,70,96,44,12.2
2018-08-12,0.2,18.6,32.9,25.6,1.68,10.1,56,83,25,12.8
2018-08-13,0.1,20.0,34.2,26.7,2.01,10.8,57,98,22,13.0
2018-08-14,0.0,19.6,32.8,25.7,2.15,11.0,48,78,30,13.0
2018-08-15,3.1,20.7,29.0,24.3,1.66,9.9,75,99,51,11.7
2018-08-16,5.6,19.1,28.6,22.5,1.54,8.4,76,95,45,11.3
2018-08-17,0.4,18.1,28.5,22.7,1.43,8.9,66,91,39,12.5
2018-08-18,3.5,18.3,27.9,22.3,1.92,9.6,74,96,49,10.9
2018-08-19,1.2,18.6,25.1,21.5,1.59,7.6,78,96,60,5.9
2018-08-20,0.0,16.0,29.0,22.0,1.63,8.8,61,91,31,12.8
2018-08-21,0.0,15.8,30.0,22.7,1.91,9.1,56,85,28,12.7
2018-08-22,0.0,16.5,30.5,23.4,1.8,8.4,51,74,27,12.4
2018-08-23,1.9,17.9,31.0,23.5,1.39,8.6,59,77,30,10.2
2018-08-24,0.0,17.8,32.3,25.0,1.74,10.2,48,74,24,12.2
2018-08-25,0.0,20.0,32.1,25.8,1.83,8.4,45,65,24,12.4
2018-08-26,0.0,18.8,31.0,24.2,2.05,10.3,67,98,37,11.5
2018-08-27,0.0,20.0,32.8,25.0,1.81,10.1,64,87,34,12.2
2018-08-28,0.0,19.5,32.8,24.8,1.62,9.5,59,86,27,8.1
2018-08-29,0.0,18.4,32.1,24.8,1.78,9.3,54,74,29,12.0
2018-08-30,0.3,18.9,29.2,23.4,2.02,9.6,72,100,40,12.0
2018-08-31,0.0,17.4,30.5,23.5,1.66,9.8,70,96,34,12.0
2018-09-01,0.0,17.9,31.4,23.7,1.68,9.3,68,99,33,12.1
2018-09-02,0.0,17.4,33.8,25.3,1.4,6.5,51,87,22,12.0
2018-09-03,0.0,18.3,30.9,23.5,1.33,9.5,67,100,34,9.9
2018-09-04,0.4,18.0,32.7,24.0,1.52,9.7,66,95,18,12.0
2018-09-05,0.0,17.9,32.7,23.8,1.22,7.8,61,96,14,12.0
2018-09-06,0.0,16.1,31.0,23.5,1.67,9.4,42,65,16,12.0
2018-09-07,0.9,17.8,27.3,21.8,2.13,10.2,67,90,40,11.0
2018-09-08,6.1,16.2,20.9,18.7,0.96,7.8,82,92,67,3.6
2018-09-09,2.8,15.8,23.0,19.1,1.65,7.7,77,91,63,2.9
2018-09-10,5.9,15.9,24.9,19.4,1.91,7.9,79,93,54,11.6
2018-09-11,1.5,17.4,23.2,19.5,1.96,6.9,83,94,65,4.5
2018-09-12,0.5,16.5,26.9,21.5,1.01,6.2,77,96,52,12.0
2018-09-13,0.0,17.2,28.7,22.8,1.42,7.8,66,93,36,12.0
2018-09-14,0.0,18.6,26.7,21.8,1.74,9.4,76,97,44,11.9
2018-09-15,33.4,17.4,20.2,18.6,1.27,8.3,91,99,77,0.6
2018-09-16,0.0,15.2,25.7,20.0,1.17,6.4,79,96,54,11.0
2018-09-17,6.3,16.6,22.1,19.4,1.19,6.9,88,98,77,4.6
2018-09-18,5.1,17.0,25.6,20.9,1.18,5.6,80,99,59,11.9
2018-09-19,0.6,17.1,27.1,21.3,1.21,6.4,76,99,47,11.4
2018-09-20,0.0,16.9,27.4,21.5,1.45,6.3,73,93,42,12.0
2018-09-21,0.0,15.8,29.3,22.4,1.42,6.7,63,86,35,12.0
2018-09-22,0.0,16.8,29.7,22.8,1.74,7.2,62,77,40,12.0
2018-09-23,0.0,17.2,30.7,23.7,1.47,6.9,52,79,29,12.0
2018-09-24,0.0,17.4,31.0,23.6,1.54,8.2,51,67,32,11.9
2018-09-25,0.9,17.4,26.8,21.4,2.07,10.4,72,95,49,11.7
2018-09-26,5.9,17.4,23.6,19.5,2.63,9.7,85,98,59,9.6
2018-09-27,7.5,15.3,23.1,18.7,2.14,7.3,82,98,58,9.0
2018-09-28,0.0,12.9,23.8,18.2,1.16,6.1,70,93,46,11.8
2018-09-29,0.0,11.6,25.4,18.0,1.41,5.8,60,89,27,11.7
2018-09-30,0.0,11.2,27.1,18.9,1.43,6.9,58,83,28,11.7
2018-10-01,0.1,14.2,25.5,19.3,1.28,8.5,63,85,39,11.6
2018-10-02,0.9,10.7,22.7,16.9,1.46,6.4,57,99,31,11.6
2018-10-03,0.0,13.0,24.5,18.9,1.26,6.5,47,86,28,11.5
2018-10-04,0.0,11.5,25.2,18.0,1.53,7.3,59,87,40,11.3
2018-10-05,0.0,12.8,24.9,17.7,1.63,7.3,73,94,38,11.2
2018-10-06,0.0,12.2,26.2,18.7,1.8,8.4,63,90,29,11.2
2018-10-07,0.0,14.1,27.8,19.4,2.41,9.0,50,76,26,11.1
2018-10-08,2.2,12.7,19.7,15.4,1.38,9.6,77,95,50,8.7
2018-10-09,5.0,10.9,17.3,13.7,1.31,9.4,85,96,58,7.4
2018-10-10,0.1,9.9,21.2,15.3,1.18,6.1,80,95,54,10.5
2018-10-11,0.1,11.4,22.0,16.5,1.48,8.8,81,94,56,9.9
2018-10-12,0.0,12.8,24.9,18.3,1.33,7.6,76,96,52,10.6
2018-10-13,0.0,14.0,25.0,18.8,1.31,6.8,78,96,48,10.2
2018-10-14,5.9,13.8,21.3,16.6,2.09,11.2,79,100,44,9.7
2018-10-15,0.0,10.9,19.6,14.6,1.77,10.6,52,74,35,9.0
2018-10-16,1.0,11.1,19.3,14.7,1.58,8.3,67,86,47,8.1
2018-10-17,0.0,10.5,21.1,15.9,1.75,7.4,66,88,41,10.4
2018-10-18,7.1,10.9,18.5,14.3,1.48,7.9,76,96,56,8.3
2018-10-19,7.5,10.7,17.6,13.4,1.17,8.5,86,97,59,5.0
2018-10-20,8.6,10.2,17.6,13.9,1.61,12.4,90,97,77,0.1
2018-10-21,7.0,13.7,18.5,16.0,1.82,10.2,90,99,76,6.0
2018-10-22,0.0,11.5,22.6,16.8,1.19,6.0,76,94,47,10.1
2018-10-23,0.3,13.1,20.3,15.8,1.21,6.7,83,97,56,8.4
2018-10-24,0.0,10.8,22.9,15.8,1.22,6.0,68,93,34,10.1
2018-10-25,0.0,10.6,24.7,16.8,1.34,6.9,47,63,27,10.2
2018-10-26,0.0,9.2,23.4,16.0,1.2,6.4,51,67,30,9.0
2018-10-27,0.3,10.7,18.9,14.5,1.43,8.5,65,83,42,9.5
2018-10-28,1.0,5.5,10.7,8.2,2.93,11.3,58,80,39,8.4
2018-10-29,0.0,5.0,11.2,7.7,5.0,16.6,45,55,35,10.0
2018-10-30,3.5,4.9,12.0,8.2,2.81,11.9,66,90,53,0.7
2018-10-31,4.3,3.2,12.7,7.8,2.09,9.4,71,93,42,9.5
2018-11-01,0.0,3.3,15.6,8.8,2.84,12.8,63,84,41,10.0
2018-11-02,0.0,6.7,17.6,11.4,2.59,13.8,67,84,52,9.4
2018-11-03,0.0,6.3,15.6,10.6,1.92,7.4,63,88,39,10.0
2018-11-04,0.0,3.7,19.3,10.7,1.5,5.7,57,78,31,10.0
2018-11-05,0.9,6.3,12.5,9.0,1.57,6.4,72,85,55,1.0
2018-11-06,0.0,4.6,15.0,8.8,2.03,8.4,65,81,39,10.0
2018-11-07,0.0,3.5,19.1,10.2,1.39,6.5,67,87,40,10.0
2018-11-08,2.8,5.9,18.0,11.4,1.43,7.1,77,94,50,9.8
2018-11-09,2.6,5.1,12.9,9.5,2.83,12.0,67,94,46,9.9
2018-11-10,0.1,7.9,19.3,11.7,2.03,8.3,73,89,49,6.7
2018-11-11,0.0,7.7,20.5,12.7,1.69,6.3,75,91,44,9.9
2018-11-12,0.0,7.3,18.0,12.0,1.12,7.0,76,90,59,8.2
2018-11-13,0.0,9.1,18.1,13.0,1.94,7.7,77,96,55,9.5
2018-11-14,7.4,11.0,14.1,12.5,1.75,8.7,92,97,85,2.3
2018-11-15,16.9,11.3,14.6,12.2,1.74,9.2,94,99,74,4.2
2018-11-16,18.3,11.4,14.2,12.3,1.65,8.9,94,98,90,1.3
2018-11-17,3.4,10.5,15.2,12.0,1.32,6.0,92,99,76,8.3
2018-11-18,20.7,9.9,12.0,10.5,2.14,8.8,96,100,89,0.0
2018-11-19,9.3,9.3,12.1,10.2,2.27,8.5,84,99,68,0.4
2018-11-20,0.3,6.5,14.6,9.7,2.51,11.7,77,89,60,9.2
2018-11-21,2.0,6.4,15.2,9.9,2.23,7.9,79,94,53,6.3
2018-11-22,0.7,7.3,12.5,9.3,0.82,5.5,88,93,79,4.1
2018-11-23,1.0,6.7,14.6,9.8,1.39,5.4,82,94,55,2.4
2018-11-24,0.0,0.1,13.4,6.4,1.28,5.3,75,94,46,9.7
2018-11-25,2.5,3.8,17.5,10.0,2.1,7.6,73,82,49,7.7
2018-11-26,2.0,7.8,12.2,10.2,3.63,15.5,65,88,50,8.2
2018-11-27,0.0,3.3,16.1,9.0,1.43,7.6,64,87,37,6.3
2018-11-28,0.0,2.9,17.0,8.7,1.15,4.5,54,84,31,9.6
2018-11-29,0.0,2.0,16.7,8.2,1.14,4.5,53,75,27,9.1
2018-11-30,0.0,4.6,14.9,8.7,1.99,10.2,64,82,46,8.4
2018-12-01,0.0,1.9,15.5,8.4,1.51,6.3,59,74,36,9.5
2018-12-02,0.0,5.8,19.2,10.7,1.44,4.8,67,84,46,9.5
2018-12-03,0.0,6.6,19.0,12.0,1.08,4.8,65,81,43,9.2
2018-12-04,0.0,7.2,19.5,11.8,0.96,3.6,68,83,42,9.5
2018-12-05,0.0,6.9,21.1,12.5,0.98,4.1,66,83,41,9.5
2018-12-06,0.0,8.4,20.6,13.2,1.18,4.4,54,74,40,9.5
2018-12-07,0.0,4.7,19.1,10.8,1.29,5.3,67,84,45,9.5
2018-12-08,0.0,4.2,16.3,10.0,1.2,5.3,67,84,56,9.4
2018-12-09,0.0,5.4,21.7,12.3,1.2,4.5,61,79,37,9.0
2018-12-10,0.0,6.2,16.9,11.6,1.43,4.6,58,84,38,9.4
2018-12-11,0.0,4.6,16.4,9.6,1.11,4.8,60,76,41,8.8
2018-12-12,0.0,4.4,16.9,9.4,1.42,4.8,69,84,44,9.4
2018-12-13,4.7,6.9,11.5,8.7,3.68,22.8,69,82,53,4.6
2018-12-14,0.0,4.6,11.4,7.7,5.35,19.9,56,67,41,9.3
2018-12-15,0.0,3.0,17.8,9.0,1.64,5.5,66,87,43,9.3
2018-12-16,0.0,5.5,18.3,10.6,1.54,6.4,73,89,38,9.4
2018-12-17,0.0,1.7,13.2,7.1,1.45,6.2,67,92,38,9.4
2018-12-18,0.0,1.0,12.9,6.2,1.5,6.4,79,89,57,9.4
2018-12-19,0.0,4.6,16.4,9.5,1.87,8.6,65,84,45,8.3
2018-12-20,0.0,3.5,13.9,7.2,1.46,8.6,71,89,45,7.3
2018-12-21,0.0,2.8,13.7,7.5,1.12,5.1,74,92,53,9.3
2018-12-22,0.0,2.4,15.3,7.8,0.83,4.2,74,89,51,9.3
2018-12-23,0.0,3.1,16.0,8.7,1.01,4.4,71,86,44,9.4
2018-12-24,0.0,4.3,18.7,10.6,0.89,3.7,60,87,33,8.8
2018-12-25,0.0,5.8,13.7,9.7,0.93,5.5,59,81,44,6.6
2018-12-26,0.0,3.5,15.1,8.3,1.24,4.8,69,90,48,8.8
2018-12-27,0.0,3.6,13.8,8.4,0.82,4.3,73,86,54,9.0
2018-12-28,0.0,3.4,11.0,7.3,1.07,6.0,81,99,64,8.9
2018-12-29,0.6,6.0,9.9,7.9,1.52,5.7,80,91,68,4.5
2018-12-30,0.1,4.4,12.1,7.9,1.2,6.0,76,93,48,9.2
2018-12-31,0.0,1.8,15.7,8.6,1.01,4.0,47,74,26,9.3
2019-01-01,0.0,2.5,17.0,7.7,1.04,4.2,43,64,24,9.3
2019-01-02,0.0,2.2,16.3,8.0,1.38,5.5,45,62,29,9.3
2019-01-03,0.0,0.3,11.6,5.2,1.05,5.2,71,91,52,8.0
2019-01-04,0.0,0.3,12.7,5.9,1.12,4.5,74,93,49,9.2
2019-01-05,0.0,-0.4,14.0,5.9,0.88,4.6,61,87,37,9.3
2019-01-06,0.0,-0.7,13.5,5.6,1.24,5.0,42,71,24,9.4
2019-01-07,0.0,1.5,13.6,7.1,1.07,5.1,39,62,17,9.4
2019-01-08,0.0,-1.3,11.7,4.8,0.68,4.4,65,91,31,9.4
2019-01-09,0.0,0.5,16.3,7.3,2.01,8.8,45,63,21,9.4
2019-01-10,0.0,1.1,8.9,5.0,2.97,10.9,49,71,31,9.4
2019-01-11,0.0,-3.3,7.2,1.5,1.27,5.6,47,67,25,9.5
2019-01-12,0.0,-2.5,10.0,3.2,0.95,4.7,40,63,23,9.5
2019-01-13,0.0,-1.7,13.6,4.3,1.27,5.8,54,76,26,9.5
2019-01-14,0.0,-0.9,19.2,8.0,1.89,9.1,56,81,26,9.5
2019-01-15,0.0,0.9,14.0,6.6,1.49,7.2,68,89,44,9.5
2019-01-16,0.0,0.4,13.4,6.1,1.16,5.4,73,97,41,9.3
2019-01-17,0.0,0.5,10.7,4.7,1.16,5.9,74,96,46,4.9
2019-01-18,0.0,-0.2,11.0,5.5,1.27,8.3,64,87,41,8.0
2019-01-19,0.0,-0.8,13.0,6.0,1.7,7.9,59,86,33,8.7
2019-01-20,4.5,2.3,11.2,7.4,2.94,14.7,71,91,43,6.9
2019-01-21,0.0,3.2,10.6,6.6,3.63,12.1,52,70,34,9.2
2019-01-22,0.1,-0.4,8.8,5.0,2.75,10.3,54,68,40,6.1
2019-01-23,0.1,6.1,12.8,9.2,6.03,20.0,61,70,49,8.3
2019-01-24,0.2,10.2,14.2,11.7,5.98,18.4,58,65,48,5.1
2019-01-25,0.0,7.4,16.5,10.9,2.97,12.7,59,78,37,9.6
2019-01-26,0.0,0.8,17.9,9.5,1.74,7.3,54,84,28,9.7
2019-01-27,0.0,4.2,14.8,8.4,2.89,14.2,47,63,31,9.3
2019-01-28,0.0,1.2,14.8,7.9,2.79,13.9,52,74,29,9.7
2019-01-29,0.0,3.9,14.5,8.6,2.88,16.0,66,84,42,8.5
2019-01-30,0.0,6.1,13.0,9.4,2.93,15.5,59,81,34,9.0
2019-01-31,0.3,6.1,15.8,11.1,3.27,15.3,65,83,46,7.7
2019-02-01,4.4,7.3,13.7,10.6,5.03,18.8,62,83,31,9.0
2019-02-02,0.0,5.0,9.4,6.6,7.28,21.7,49,62,32,9.4
2019-02-03,0.0,2.2,9.6,5.3,5.09,18.8,42,53,26,10.0
2019-02-04,0.0,-0.6,15.6,7.4,2.5,11.1,38,65,18,9.9
2019-02-05,0.0,2.3,17.3,9.2,1.36,6.8,44,70,29,10.0
2019-02-06,0.0,5.2,19.0,11.0,1.26,6.0,59,80,34,10.1
2019-02-07,0.0,3.8,19.5,10.5,1.61,6.3,54,81,26,9.7
2019-02-08,0.0,3.2,18.7,10.0,1.44,8.5,57,80,30,10.2
2019-02-09,0.0,1.1,19.1,9.5,1.26,6.5,53,86,24,10.3
2019-02-10,0.0,3.5,17.2,9.4,1.57,8.5,51,75,25,10.2
2019-02-11,0.0,6.3,16.9,10.9,2.23,9.6,68,88,42,9.2
2019-02-12,1.8,5.7,12.6,9.1,1.78,7.6,74,97,50,7.9
2019-02-13,0.0,0.8,13.9,6.8,1.69,8.0,70,92,38,10.5
2019-02-14,0.0,4.2,12.9,7.1,1.16,6.8,78,92,51,5.6
2019-02-15,0.0,4.0,14.0,7.6,1.29,8.3,76,93,51,10.6
2019-02-16,0.0,2.8,13.8,7.2,1.5,8.9,73,98,35,10.7
2019-02-17,0.0,1.9,12.6,7.1,1.54,8.0,67,92,52,10.3
2019-02-18,0.0,1.9,14.1,6.8,1.69,8.7,75,97,42,10.7
2019-02-19,0.0,3.7,14.5,7.9,1.37,7.7,69,95,32,10.8
2019-02-20,0.0,2.2,14.7,7.6,1.38,7.6,70,91,42,10.8
2019-02-21,0.0,2.0,15.0,8.1,1.35,6.8,65,91,34,10.8
2019-02-22,0.0,1.3,19.7,9.9,1.17,6.1,46,77,15,10.8
2019-02-23,0.0,4.9,23.1,12.9,1.3,6.9,29,43,13,10.8
2019-02-24,0.0,6.3,17.1,11.8,1.88,7.5,43,79,31,10.8
2019-02-25,0.0,2.8,17.3,9.9,1.48,7.7,61,91,24,10.9
2019-02-26,0.0,3.2,18.1,10.1,1.47,8.0,48,83,23,10.9
2019-02-27,0.0,3.8,20.8,11.7,1.41,7.5,37,59,14,10.9
2019-02-28,0.0,4.9,23.6,13.6,1.3,7.5,30,48,14,10.9
2019-03-01,0.0,6.8,20.8,14.6,1.6,9.7,35,57,24,9.0
2019-03-02,0.0,7.4,21.3,14.0,1.73,7.7,39,64,20,10.9
2019-03-03,0.0,7.1,23.7,14.4,1.72,10.6,38,56,17,11.0
2019-03-04,0.0,7.1,22.7,14.1,1.99,8.0,44,68,20,11.0
2019-03-05,0.0,8.9,18.2,12.6,1.97,10.5,66,83,44,3.1
2019-03-06,0.1,9.5,21.2,13.8,3.16,20.1,56,79,18,10.0
2019-03-07,0.0,5.6,16.6,10.5,1.92,11.2,48,73,20,11.0
2019-03-08,0.8,2.5,14.8,8.4,1.68,8.7,59,82,38,10.2
2019-03-09,0.0,5.4,18.5,12.1,1.16,5.3,48,82,24,11.0
2019-03-10,0.0,5.5,23.5,13.9,1.28,6.7,44,61,25,11.0
2019-03-11,0.0,7.8,19.0,13.1,1.97,9.6,57,78,40,11.1
2019-03-12,0.0,5.1,22.8,13.5,1.74,9.3,61,91,32,11.1
2019-03-13,0.0,9.9,19.2,13.7,2.71,12.0,49,77,24,11.0
2019-03-14,0.0,3.9,19.0,11.1,2.16,8.2,35,53,18,11.3
2019-03-15,0.0,6.8,23.2,14.0,1.64,7.6,30,47,17,11.3
2019-03-16,0.0,7.1,24.5,15.6,1.86,7.8,29,47,11,11.3
2019-03-17,0.0,7.8,23.1,15.1,2.49,10.8,31,44,18,11.4
2019-03-18,0.6,6.0,12.9,9.9,1.97,6.9,67,89,33,6.6
2019-03-19,0.0,4.9,14.2,8.7,2.85,15.6,66,95,24,4.8
2019-03-20,1.1,2.6,11.7,7.1,1.66,8.5,72,92,45,11.5
2019-03-21,0.0,2.1,13.6,7.2,2.53,13.0,55,91,26,11.6
2019-03-22,0.0,3.9,16.4,9.1,2.28,10.3,48,68,34,10.7
2019-03-23,2.4,6.5,11.0,8.6,1.35,9.7,66,88,47,2.8
2019-03-24,0.0,4.8,17.6,10.8,1.66,10.2,61,90,33,11.2
2019-03-25,0.0,7.3,19.5,13.0,1.85,8.0,37,55,23,11.9
2019-03-26,0.0,5.5,17.0,11.2,2.78,13.8,52,76,37,10.7
2019-03-27,0.0,2.6,15.6,8.7,2.17,9.8,51,82,25,11.9
2019-03-28,0.0,2.2,15.8,8.6,2.16,11.1,42,64,20,11.9
2019-03-29,0.1,2.6,13.3,7.7,1.97,11.2,66,88,42,8.9
2019-03-30,0.0,4.0,16.2,9.2,1.93,9.9,70,92,40,11.1
2019-03-31,18.3,7.1,10.1,8.4,2.22,9.4,88,93,77,0.0
2019-04-01,9.8,8.0,16.2,11.2,1.5,8.3,83,94,56,9.0
2019-04-02,0.4,5.0,18.0,11.7,1.29,7.9,71,95,41,12.0
2019-04-03,0.0,6.1,21.3,13.0,2.54,10.3,57,96,20,12.0
2019-04-04,0.4,5.1,16.0,10.0,2.22,10.6,57,79,34,12.0
2019-04-05,1.8,5.0,15.7,8.8,2.16,14.4,67,90,40,6.0
2019-04-06,0.4,2.0,14.2,7.9,2.29,11.5,57,82,33,10.3
2019-04-07,0.5,7.1,14.9,10.4,4.3,15.2,55,67,37,11.7
2019-04-08,0.2,8.3,18.7,13.0,2.39,9.5,63,86,41,5.1
2019-04-09,0.3,4.7,16.5,10.9,2.44,12.3,59,87,26,12.1
2019-04-10,1.1,5.4,15.3,10.0,2.77,10.6,59,79,35,12.0
2019-04-11,0.0,7.1,17.5,11.8,3.19,11.6,47,69,25,12.0
2019-04-12,0.0,6.2,18.7,12.4,2.53,9.9,41,60,25,12.2
2019-04-13,0.0,7.2,21.6,14.0,2.02,8.5,39,56,21,12.2
2019-04-14,0.0,9.7,25.7,17.0,2.24,10.9,44,60,25,12.2
2019-04-15,0.4,12.1,26.4,18.1,1.73,9.1,50,67,24,11.5
2019-04-16,0.0,9.0,23.4,15.0,2.18,13.2,61,86,25,12.1
2019-04-17,0.3,9.0,22.1,13.9,2.03,11.6,70,96,37,10.7
2019-04-18,4.1,8.3,13.8,11.4,1.49,9.1,74,93,61,1.7
2019-04-19,16.2,7.6,10.9,9.6,1.43,7.1,90,100,80,0.0
2019-04-20,55.8,9.1,11.4,10.2,4.29,17.3,90,93,81,0.0
2019-04-21,16.6,8.5,11.5,9.6,3.77,10.6,87,92,75,0.0
2019-04-22,7.4,8.8,16.2,12.1,3.21,10.6,70,87,50,6.3
2019-04-23,2.5,8.3,17.5,11.7,2.86,13.7,64,85,38,5.6
2019-04-24,0.0,4.5,18.8,11.7,4.07,14.1,59,84,39,12.6
2019-04-25,0.5,11.3,16.9,14.3,3.41,12.6,60,69,45,8.4
2019-04-26,0.0,5.9,19.3,12.6,1.91,9.4,57,85,34,12.8
2019-04-27,0.0,7.3,20.0,13.3,1.81,6.4,56,78,38,12.8
2019-04-28,0.0,8.3,21.4,14.4,1.77,8.0,65,88,41,12.8
2019-04-29,0.0,7.3,21.4,14.5,1.52,6.9,64,86,37,11.8
2019-04-30,0.0,9.1,22.2,14.8,1.12,6.5,79,100,48,11.6
2019-05-01,0.0,9.3,21.5,14.8,1.4,8.2,76,100,49,11.5
2019-05-02,0.0,10.3,21.3,15.2,2.02,9.7,57,83,35,13.0
2019-05-03,3.3,8.7,22.5,14.0,1.83,8.5,60,97,33,10.5
2019-05-04,0.3,8.6,21.8,14.6,1.6,8.3,64,97,26,13.4
2019-05-05,0.3,8.1,23.2,15.9,1.66,8.8,53,79,34,13.4
2019-05-06,0.2,9.7,23.9,16.8,2.01,9.7,67,90,43,12.6
2019-05-07,0.0,9.5,25.2,17.7,1.92,11.4,56,88,29,13.5
2019-05-08,0.3,13.5,25.7,18.8,2.38,10.6,55,71,35,8.5
2019-05-09,0.1,15.2,26.2,20.4,2.18,9.7,54,76,37,12.1
2019-05-10,0.0,12.6,28.6,20.3,1.57,8.9,60,89,31,13.6
2019-05-11,0.0,12.9,29.1,20.7,1.72,12.1,52,76,24,13.7
2019-05-12,0.0,12.3,24.8,18.7,1.67,8.2,60,89,39,13.4
2019-05-13,0.0,10.3,23.0,16.7,1.93,9.5,63,89,40,13.7
2019-05-14,0.0,8.4,25.2,16.9,1.85,8.8,48,84,25,13.9
2019-05-15,0.0,11.0,31.7,20.8,1.83,11.4,41,69,14,14.0
2019-05-16,0.1,13.2,27.5,18.9,1.87,9.8,63,92,32,12.2
2019-05-17,0.0,12.0,22.2,17.0,2.81,11.2,42,72,18,11.0
2019-05-18,0.1,12.1,20.9,15.8,2.35,12.4,35,46,22,9.0
2019-05-19,0.0,8.2,21.8,15.5,2.05,10.9,32,52,17,10.2
2019-05-20,0.0,8.6,23.3,16.4,2.33,12.4,38,57,22,10.6
2019-05-21,8.8,12.3,22.1,16.5,1.34,11.2,65,85,38,13.1
2019-05-22,0.0,10.3,24.7,17.9,1.68,7.9,58,90,31,13.8
2019-05-23,0.0,11.1,27.3,19.8,1.96,8.8,43,73,25,13.8
2019-05-24,1.0,13.6,21.8,18.1,2.13,10.9,49,74,35,11.2
2019-05-25,0.5,11.1,21.5,16.5,2.55,11.5,59,90,37,13.0
2019-05-26,0.0,11.0,24.4,18.1,2.12,12.3,55,80,34,14.0
2019-05-27,0.0,11.7,29.0,20.4,1.75,9.1,49,81,21,13.8
2019-05-28,0.0,13.6,29.0,20.6,1.93,9.8,58,92,28,14.0
2019-05-29,0.0,13.7,25.7,18.0,2.07,11.4,57,95,18,13.4
2019-05-30,0.0,10.1,24.5,17.5,1.96,9.4,50,82,29,14.0
2019-05-31,0.0,11.9,25.6,18.4,2.29,10.7,51,78,28,14.0
2019-06-01,0.0,13.4,26.5,19.6,1.8,9.6,41,74,20,14.0
2019-06-02,0.0,12.3,29.0,20.3,2.17,9.6,37,68,17,14.0
2019-06-03,0.0,15.7,31.0,22.6,1.85,9.3,35,57,18,12.1
2019-06-04,0.0,16.4,31.8,23.5,1.98,10.8,34,69,20,14.0
2019-06-05,0.0,15.8,24.5,20.0,2.84,13.2,39,71,17,13.3
2019-06-06,0.0,11.1,27.6,19.0,1.87,9.8,36,67,18,14.0
2019-06-07,0.5,11.7,29.9,20.5,1.8,13.2,53,100,22,14.0
2019-06-08,0.0,13.0,25.3,19.5,2.35,11.8,49,62,36,14.0
2019-06-09,0.0,14.4,29.3,20.7,1.76,9.6,51,77,23,10.9
2019-06-10,0.0,15.6,29.3,22.1,1.88,8.2,33,65,15,14.0
2019-06-11,2.0,13.8,29.8,20.3,2.29,13.7,42,90,18,14.0
2019-06-12,0.4,11.4,24.0,17.2,2.46,13.2,64,93,32,13.3
2019-06-13,0.6,14.1,25.0,18.4,1.84,9.8,68,91,42,10.0
2019-06-14,0.3,15.5,29.7,21.9,1.86,12.5,49,86,18,12.4
2019-06-15,0.0,11.7,27.2,20.3,1.89,11.9,39,61,24,14.0
2019-06-16,0.3,14.7,24.5,19.3,2.04,9.5,50,68,33,8.1
2019-06-17,0.0,12.5,30.1,21.7,1.95,9.7,47,85,21,14.0
2019-06-18,0.0,13.5,31.2,22.7,1.91,9.4,38,63,18,14.0
2019-06-19,0.0,14.6,31.6,23.5,1.95,14.2,42,67,23,14.0
2019-06-20,0.0,16.8,32.6,24.7,2.04,12.2,35,54,19,14.0
2019-06-21,0.0,15.1,30.8,22.3,1.9,10.8,60,96,26,14.0
2019-06-22,0.0,16.0,30.2,22.5,2.24,13.2,62,92,32,14.0
2019-06-23,0.0,15.8,30.1,23.1,2.09,11.0,49,83,26,14.0
2019-06-24,0.0,16.8,31.3,24.1,1.68,8.9,40,66,27,14.0
2019-06-25,0.0,17.5,32.8,24.9,2.03,11.3,55,81,32,14.0
2019-06-26,0.0,17.1,33.5,24.6,2.04,11.1,62,93,33,14.0
2019-06-27,0.0,18.9,32.2,25.1,2.25,11.5,52,77,32,13.6
2019-06-28,0.0,18.7,34.0,26.3,1.95,10.3,38,59,19,14.0
2019-06-29,0.0,19.1,35.1,27.3,1.78,10.0,30,51,16,14.0
2019-06-30,0.0,20.8,34.5,27.7,2.33,10.6,26,51,13,14.0
2019-07-01,0.3,19.3,34.3,27.1,1.91,12.1,37,61,21,14.0
2019-07-02,0.0,17.9,29.4,23.6,1.91,9.9,64,100,37,13.8
2019-07-03,0.0,16.4,30.3,23.4,2.19,11.1,50,81,28,14.0
2019-07-04,0.0,16.4,30.0,23.6,2.23,11.1,46,66,31,14.0
2019-07-05,0.0,16.5,34.6,25.3,1.65,8.5,58,93,26,14.0
2019-07-06,0.0,19.7,35.8,28.1,2.22,17.0,47,83,17,9.5
2019-07-07,0.0,23.0,36.4,29.1,2.67,14.8,32,48,16,11.3
2019-07-08,1.3,19.8,29.7,24.5,1.99,12.0,54,78,38,11.5
2019-07-09,0.0,17.1,32.4,24.3,1.82,12.4,40,94,16,14.0
2019-07-10,0.0,17.0,31.7,24.6,2.26,10.3,43,70,27,14.0
2019-07-11,0.0,17.0,34.8,26.1,2.09,9.6,43,69,21,14.0
2019-07-12,0.0,19.3,37.8,28.8,2.08,10.4,34,59,16,13.8
2019-07-13,0.0,22.5,34.7,28.9,2.28,11.1,32,59,18,13.6
2019-07-14,0.0,19.6,33.1,26.3,2.12,11.4,45,92,21,14.0
2019-07-15,0.0,19.6,35.0,28.0,1.82,10.0,36,63,21,14.0
2019-07-16,0.0,20.0,31.2,25.0,2.39,11.7,63,90,40,13.8
2019-07-17,0.0,17.6,32.7,24.7,1.94,10.2,54,85,25,13.8
2019-07-18,0.0,17.1,32.4,25.0,1.93,10.0,53,87,30,13.9
2019-07-19,0.0,19.0,32.2,25.3,2.1,11.2,44,66,26,13.9
2019-07-20,0.0,18.9,33.5,25.8,2.08,11.9,43,66,25,13.9
2019-07-21,0.0,20.2,32.4,26.5,2.17,11.4,38,66,22,13.9
2019-07-22,0.0,19.4,32.2,25.7,2.1,11.2,44,72,22,13.9
2019-07-23,0.0,19.2,34.3,26.7,1.99,11.8,34,64,17,13.9
2019-07-24,0.0,19.8,34.8,27.9,2.13,11.8,28,48,17,13.9
2019-07-25,0.0,18.9,34.6,26.8,2.23,10.7,35,59,19,13.8
2019-07-26,0.0,19.7,35.1,27.7,1.61,9.7,41,75,15,13.4
2019-07-27,0.0,17.6,31.8,25.3,2.27,11.5,33,57,19,13.2
2019-07-28,0.0,18.5,32.7,24.8,2.5,13.2,47,71,22,13.6
2019-07-29,0.0,17.6,33.6,25.8,1.84,10.7,47,71,28,13.6
2019-07-30,0.0,19.8,33.7,26.5,2.24,13.8,43,74,19,13.6
2019-07-31,0.0,18.5,27.8,23.1,2.12,12.0,63,88,42,12.7
2019-08-01,0.0,16.9,32.9,25.0,1.87,9.3,56,90,28,13.5
2019-08-02,0.0,19.1,33.4,26.4,2.12,10.5,53,92,29,13.5
2019-08-03,0.0,18.5,32.9,25.7,1.9,10.4,63,99,35,13.3
2019-08-04,0.4,19.4,34.9,27.4,1.98,10.7,53,85,23,13.3
2019-08-05,0.0,20.3,35.3,27.7,1.91,11.1,51,87,26,13.3
2019-08-06,0.0,19.9,39.3,29.5,1.47,11.6,42,91,10,13.3
2019-08-07,0.0,19.8,38.7,28.6,1.82,12.0,29,58,7,9.5
2019-08-08,0.0,20.6,37.4,28.6,2.23,12.0,28,39,14,13.2
2019-08-09,0.0,19.9,40.0,29.9,1.2,8.3,23,40,6,13.3
2019-08-10,0.0,20.4,38.1,28.6,1.96,10.0,31,44,15,13.2
2019-08-11,0.1,21.9,36.5,27.8,1.85,13.9,46,65,16,13.1
2019-08-12,0.0,19.1,32.0,25.6,2.35,9.9,33,74,15,13.1
2019-08-13,2.8,19.9,26.3,22.5,2.14,9.5,73,89,54,11.6
2019-08-14,0.0,18.5,31.4,24.7,1.88,11.1,62,91,37,12.8
2019-08-15,0.0,20.0,33.6,25.7,1.93,11.0,54,76,27,13.0
2019-08-16,0.0,18.3,34.9,26.0,1.87,11.5,43,68,21,13.0
2019-08-17,0.0,19.7,35.8,27.5,1.83,10.4,43,74,22,12.9
2019-08-18,0.0,20.6,36.2,28.7,2.01,10.3,31,51,18,12.9
2019-08-19,0.0,20.7,34.2,27.4,2.24,13.6,37,68,19,12.8
2019-08-20,7.4,19.0,30.6,23.9,2.14,11.7,72,100,39,12.0
2019-08-21,13.3,19.5,23.9,21.0,2.26,9.4,84,99,59,1.5
2019-08-22,0.0,15.8,28.2,21.7,1.74,9.8,63,90,39,12.8
2019-08-23,0.0,15.1,28.5,21.4,1.52,8.3,56,81,29,12.7
2019-08-24,0.0,15.2,29.2,22.1,1.51,6.8,55,81,30,12.6
2019-08-25,0.0,16.6,28.1,21.9,2.01,10.5,65,90,35,12.5
2019-08-26,1.8,17.9,25.4,21.2,2.32,11.2,79,97,56,7.7
2019-08-27,1.2,16.6,28.0,21.2,1.3,11.5,69,92,34,12.3
2019-08-28,0.0,15.8,31.2,22.8,1.56,9.1,58,85,25,12.3
2019-08-29,0.0,18.3,31.1,24.0,1.8,9.8,59,80,31,12.1
2019-08-30,0.0,17.8,32.0,24.4,1.53,9.4,54,76,29,10.5
2019-08-31,0.0,18.1,32.1,24.8,1.62,7.8,53,82,25,12.1
2019-09-01,0.0,18.2,32.5,25.4,1.79,10.5,47,68,22,12.0
2019-09-02,0.1,18.9,28.6,23.8,1.74,9.1,61,88,44,11.6
2019-09-03,1.2,19.7,30.3,24.0,1.4,9.1,72,100,41,12.0
2019-09-04,0.7,18.6,31.0,24.1,1.26,10.5,70,100,40,11.5
2019-09-05,3.4,18.4,26.9,21.3,1.34,9.8,81,97,53,6.9
2019-09-06,3.5,17.9,25.2,21.0,1.52,9.4,80,98,56,12.0
2019-09-07,2.9,17.6,25.8,20.3,2.37,11.5,78,98,47,9.4
2019-09-08,0.0,16.6,25.1,20.3,1.6,8.0,70,93,43,10.8
2019-09-09,3.2,15.7,27.3,20.7,2.09,10.2,66,94,34,12.0
2019-09-10,0.1,15.9,24.1,20.0,3.91,15.7,42,62,18,12.0
2019-09-11,9.1,13.3,19.7,15.5,4.57,18.0,63,84,50,6.0
2019-09-12,78.3,14.0,17.2,15.6,2.86,20.1,93,98,84,0.0
2019-09-13,126.5,15.1,18.2,16.3,2.51,16.5,90,95,83,1.3
2019-09-14,13.3,15.8,21.3,18.0,2.57,12.6,87,96,77,0.8
2019-09-15,2.3,17.5,24.5,20.4,2.36,9.2,85,94,66,11.0
2019-09-16,0.5,17.5,25.7,20.8,1.23,6.5,81,97,54,12.0
2019-09-17,0.2,17.0,25.5,20.4,1.12,5.8,86,95,67,5.8
2019-09-18,0.1,16.3,27.0,21.5,1.28,6.8,73,94,45,11.9
2019-09-19,0.5,16.1,25.5,20.3,1.44,7.9,77,93,53,11.5
2019-09-20,3.2,16.4,22.5,18.9,1.64,9.6,87,96,71,3.4
2019-09-21,1.6,16.5,23.2,19.5,0.92,8.4,84,98,66,5.4
2019-09-22,1.2,15.8,26.1,20.7,1.47,9.3,73,88,54,11.3
2019-09-23,0.0,15.1,24.4,19.0,1.44,6.2,66,83,50,11.2
2019-09-24,0.0,13.5,29.2,20.4,1.32,5.6,60,82,32,11.9
2019-09-25,0.0,14.2,27.4,20.5,1.8,9.5,60,87,48,11.9
2019-09-26,0.0,15.5,26.9,20.6,1.27,6.2,72,93,46,11.9
2019-09-27,0.0,14.5,28.0,20.8,1.52,8.5,67,92,37,11.8
2019-09-28,0.0,14.9,26.6,20.4,1.41,7.8,61,85,39,11.3
2019-09-29,0.0,14.3,28.7,21.6,1.57,8.4,68,96,38,11.7
2019-09-30,0.0,15.8,29.0,21.6,1.59,7.3,51,79,29,11.2
2019-10-01,0.0,14.6,29.1,21.3,1.49,8.3,51,88,24,9.5
2019-10-02,0.0,16.2,26.4,20.3,2.46,9.0,46,65,28,11.6
2019-10-03,0.0,12.6,26.2,19.4,1.48,7.0,43,63,27,11.6
2019-10-04,0.0,12.2,26.7,19.2,1.76,7.6,46,61,30,11.5
2019-10-05,0.0,13.0,27.9,19.5,1.52,9.0,50,75,30,11.4
2019-10-06,0.0,13.4,28.0,20.1,1.36,6.2,52,72,31,11.2
2019-10-07,0.0,14.8,28.6,21.0,1.73,10.9,51,94,28,11.1
2019-10-08,0.2,16.2,25.9,19.8,1.35,9.8,76,94,50,10.4
2019-10-09,0.0,14.8,26.4,19.9,1.1,6.7,74,93,46,11.0
2019-10-10,0.8,14.9,24.4,18.6,1.67,8.3,80,100,52,7.5
2019-10-11,0.2,14.9,24.8,18.8,1.36,7.5,78,97,42,10.0
2019-10-12,0.0,14.9,22.2,18.1,1.19,7.2,80,94,65,10.1
2019-10-13,0.0,14.3,26.3,19.3,1.33,9.3,74,96,47,10.5
2019-10-14,0.6,13.8,24.1,17.3,1.47,11.6,77,90,52,10.3
2019-10-15,0.0,7.6,20.3,14.1,2.06,8.6,53,83,30,10.7
2019-10-16,0.0,7.6,20.3,13.4,1.41,7.2,54,71,35,10.6
2019-10-17,0.0,8.2,23.9,15.0,1.42,6.0,46,71,24,9.9
2019-10-18,0.0,11.4,23.2,16.6,1.85,9.1,56,71,39,9.8
2019-10-19,0.0,11.4,25.3,17.5,2.03,12.7,63,89,34,10.4
2019-10-20,3.4,9.2,17.1,14.6,1.77,12.6,72,89,58,6.0
2019-10-21,0.0,7.1,16.8,11.2,1.43,9.1,73,91,47,9.1
2019-10-22,27.9,8.2,11.4,9.9,1.79,11.2,87,93,75,0.4
2019-10-23,0.1,5.2,15.5,9.4,1.42,6.7,75,93,40,6.4
2019-10-24,0.0,7.2,16.5,11.2,2.47,11.6,72,89,50,10.1
2019-10-25,0.0,9.3,21.7,15.0,1.19,6.8,63,84,43,10.2
2019-10-26,0.0,8.6,21.5,14.6,1.26,6.7,72,88,48,10.2
2019-10-27,0.0,10.4,19.6,14.5,1.14,6.8,84,99,66,10.0
2019-10-28,0.0,8.8,20.2,13.8,1.0,4.4,79,95,55,6.0
2019-10-29,0.0,11.1,22.6,16.2,1.14,5.9,67,80,48,10.0
2019-10-30,0.0,11.3,22.6,16.4,1.29,8.2,66,86,42,10.0
2019-10-31,0.0,13.6,22.5,17.2,2.04,8.9,66,82,49,10.0
2019-11-01,0.0,13.3,23.8,17.9,2.12,9.7,69,87,49,10.0
2019-11-02,0.0,14.5,21.7,17.9,2.96,10.3,61,79,41,10.0
2019-11-03,0.0,12.4,20.6,16.1,3.01,14.3,62,74,45,10.0
2019-11-04,0.0,10.6,21.3,15.3,2.03,9.3,64,87,44,10.0
2019-11-05,0.3,9.6,15.3,12.3,2.87,14.6,62,87,41,10.0
2019-11-06,0.0,7.0,16.0,11.2,2.45,9.1,59,76,41,10.0
2019-11-07,0.7,7.7,18.5,11.6,2.23,11.0,62,78,45,10.0
2019-11-08,0.0,5.9,12.6,8.7,3.43,13.6,51,66,36,9.9
2019-11-09,0.6,4.5,16.6,10.2,2.71,9.6,51,72,29,9.3
2019-11-10,0.3,7.4,12.2,9.6,4.12,16.3,60,80,36,9.9
2019-11-11,0.0,6.4,12.6,9.3,4.55,14.4,59,68,44,7.7
2019-11-12,0.0,6.9,14.6,9.9,3.44,10.7,55,71,37,9.9
2019-11-13,0.8,7.2,17.7,12.1,2.77,16.9,69,83,52,9.9
2019-11-14,2.0,6.7,14.3,9.9,3.96,19.8,66,85,50,8.9
2019-11-15,0.0,2.6,10.0,6.5,3.25,19.8,60,80,40,9.4
2019-11-16,0.0,3.5,10.9,6.2,3.01,12.0,54,67,38,9.8
2019-11-17,0.2,1.6,14.4,7.4,1.98,11.5,63,85,43,9.8
2019-11-18,5.3,4.7,12.0,8.5,2.79,14.0,69,96,42,9.5
2019-11-19,0.0,1.7,12.7,6.7,1.71,5.6,63,82,40,8.8
2019-11-20,0.9,1.5,13.0,7.0,1.25,7.4,70,87,44,8.2
2019-11-21,0.6,3.4,12.2,7.8,1.53,6.0,84,93,69,1.3
2019-11-22,6.5,5.9,13.9,9.7,2.69,16.6,86,92,69,0.6
2019-11-23,0.9,7.6,12.4,10.1,4.65,15.7,60,87,42,9.7
2019-11-24,0.0,5.4,13.0,8.4,3.02,13.0,62,80,47,9.7
2019-11-25,0.0,5.3,18.6,11.5,2.08,9.1,72,86,52,9.7
2019-11-26,0.0,7.1,20.1,12.4,1.53,5.6,78,94,50,9.7
2019-11-27,0.0,7.8,17.9,12.6,2.16,9.1,71,89,46,9.6
2019-11-28,0.0,5.6,18.0,10.2,1.5,5.1,74,92,46,9.4
2019-11-29,0.0,5.2,19.6,11.6,1.85,6.9,75,96,50,9.6
2019-11-30,0.0,5.6,19.3,11.3,0.91,4.5,78,95,44,9.6
2019-12-01,0.3,7.0,16.2,11.1,1.7,6.9,66,92,41,9.6
2019-12-02,18.0,8.0,9.5,8.5,2.26,7.0,93,98,85,0.0
2019-12-03,25.3,5.7,8.5,7.4,4.02,11.7,92,98,87,0.0
2019-12-04,9.5,6.0,9.7,8.3,3.53,10.8,80,85,74,0.9
2019-12-05,1.6,5.4,11.7,8.5,1.39,5.4,84,97,65,7.5
2019-12-06,0.4,7.5,12.0,9.4,1.39,5.7,85,98,68,5.5
2019-12-07,0.0,5.4,13.6,9.1,1.05,4.7,81,93,62,9.5
2019-12-08,0.0,3.0,16.4,8.7,1.2,5.0,74,93,46,9.4
2019-12-09,0.0,6.8,17.8,10.8,1.85,6.8,64,85,27,9.2
2019-12-10,0.0,2.8,17.7,9.3,1.36,6.1,54,77,31,9.4
2019-12-11,0.0,3.4,17.1,8.9,2.01,10.5,54,82,35,9.4
2019-12-12,0.0,3.3,11.8,7.4,2.35,12.5,69,86,48,6.1
2019-12-13,0.0,10.4,15.6,12.9,3.26,14.7,64,71,56,7.3
2019-12-14,0.0,5.5,16.0,9.6,2.03,7.1,73,87,57,9.4
2019-12-15,0.0,3.2,13.7,7.5,1.44,4.8,70,85,47,9.3
2019-12-16,0.0,3.2,10.5,6.6,0.99,4.4,81,98,61,0.9
2019-12-17,0.0,4.6,12.7,7.9,1.21,5.6,80,96,56,8.3
2019-12-18,0.0,1.8,13.1,6.4,1.58,6.1,68,88,36,9.0
2019-12-19,0.0,3.6,14.8,8.6,2.28,11.0,77,88,61,5.4
2019-12-20,12.5,10.4,15.5,13.3,3.27,17.9,79,86,71,0.4
2019-12-21,6.4,12.4,19.3,16.1,2.89,19.5,69,89,49,9.2
2019-12-22,0.0,9.9,17.0,13.4,3.79,22.3,52,69,36,9.4
2019-12-23,0.0,6.2,18.2,11.2,1.77,6.3,65,83,37,9.2
2019-12-24,0.0,4.6,18.8,10.2,0.75,4.4,67,79,42,9.4
2019-12-25,0.0,5.1,18.4,10.5,0.86,4.4,54,75,36,8.4
2019-12-26,0.0,6.4,19.5,12.4,1.36,5.3,57,70,45,8.7
2019-12-27,0.0,5.7,15.4,9.9,1.11,4.5,73,87,55,9.0
2019-12-28,0.0,4.6,16.4,9.2,0.94,7.0,73,96,43,9.3
2019-12-29,0.0,3.0,12.7,7.4,1.03,5.5,83,99,55,9.0
2019-12-30,0.0,1.7,12.1,5.8,1.06,4.5,76,90,61,9.3
2019-12-31,0.0,1.8,11.7,5.9,1.09,4.8,83,93,69,9.2
2020-01-01,0.0,1.3,13.5,7.2,0.9,4.2,76,92,58,9.2
2020-01-02,0.0,3.1,10.8,7.0,0.72,4.4,82,91,74,9.2
2020-01-03,0.0,1.4,15.1,7.5,1.03,3.9,69,89,48,9.3
2020-01-04,0.0,1.0,10.9,5.7,1.11,5.5,84,99,64,9.2
2020-01-05,0.0,0.5,12.9,6.1,0.88,4.4,75,91,53,9.3
2020-01-06,0.0,0.9,13.6,6.1,0.91,4.3,65,80,44,9.4
2020-01-07,0.0,2.7,13.7,7.4,1.1,4.0,61,77,46,9.5
2020-01-08,0.0,2.9,12.7,7.4,1.33,5.6,60,82,37,9.2
2020-01-09,0.0,2.5,12.0,7.0,1.02,5.2,77,94,61,9.3
2020-01-10,0.0,2.3,11.7,6.6,2.33,10.9,70,90,43,9.4
2020-01-11,0.0,4.6,11.8,7.6,1.73,7.4,62,77,45,9.0
2020-01-12,0.0,-0.1,13.6,5.9,1.22,6.3,60,82,32,9.5
2020-01-13,0.0,-1.5,11.7,4.1,1.14,3.9,62,78,37,9.3
2020-01-14,0.0,-2.3,12.4,4.2,1.26,6.2,61,82,34,9.5
2020-01-15,0.0,0.9,13.7,5.8,1.48,6.3,64,83,36,9.0
2020-01-16,0.0,1.5,15.2,7.0,1.2,6.2,66,83,36,9.6
2020-01-17,0.0,2.8,14.8,7.8,2.09,6.8,66,80,44,8.7
2020-01-18,1.2,4.9,13.3,7.8,1.46,6.9,77,87,58,3.3
2020-01-19,7.7,2.9,10.0,6.2,3.89,15.7,80,94,56,6.3
2020-01-20,13.8,1.8,4.3,3.0,5.06,21.5,89,96,81,0.0
2020-01-21,24.7,3.5,8.4,5.5,3.09,16.1,90,96,76,3.4
2020-01-22,5.0,4.3,10.3,6.3,1.17,8.2,87,95,67,5.8
2020-01-23,0.6,2.3,11.2,6.3,1.17,7.7,89,100,62,5.1
2020-01-24,2.0,6.5,9.7,7.8,1.07,5.4,96,100,86,0.8
2020-01-25,6.6,6.7,9.5,7.8,0.86,9.0,97,100,90,0.9
2020-01-26,0.0,2.4,12.6,6.6,1.65,9.0,79,95,50,9.6
2020-01-27,0.0,0.1,13.5,5.8,1.6,6.1,73,89,48,9.7
2020-01-28,0.0,4.6,15.7,9.5,1.9,6.1,72,83,53,8.8
2020-01-29,0.3,7.3,16.2,10.8,1.68,8.5,76,92,60,9.4
2020-01-30,0.0,4.4,18.3,10.1,1.09,5.1,66,94,39,9.7
2020-01-31,0.0,6.3,17.7,10.9,1.89,8.9,72,89,52,9.8
2020-02-01,0.0,8.1,19.5,12.6,2.09,10.2,77,90,55,9.5
2020-02-02,0.0,6.6,19.9,11.9,1.05,5.3,75,89,52,9.9
2020-02-03,0.0,6.8,21.5,13.3,1.03,4.4,63,81,40,10.0
2020-02-04,0.0,5.4,23.9,13.1,1.39,5.3,58,80,27,10.0
2020-02-05,1.0,6.9,12.0,9.9,2.02,6.8,79,91,58,0.9
2020-02-06,0.0,4.0,13.0,8.3,1.56,5.9,79,98,51,10.1
2020-02-07,0.0,3.0,13.2,7.4,0.97,5.8,82,93,65,9.4
2020-02-08,0.0,3.9,14.0,8.5,1.2,7.0,78,92,58,9.5
2020-02-09,0.7,4.0,16.0,9.3,1.3,7.3,77,93,49,10.3
2020-02-10,0.0,3.3,20.0,10.8,1.28,4.8,70,91,40,10.3
2020-02-11,0.0,6.7,20.9,12.6,1.31,5.0,73,96,49,10.2
2020-02-12,0.0,7.3,16.1,11.1,1.38,7.8,78,94,60,4.6
2020-02-13,0.0,6.7,17.4,12.0,1.36,5.6,75,95,48,8.9
2020-02-14,0.0,5.6,17.3,10.8,1.09,4.8,74,93,53,10.6
2020-02-15,0.0,4.5,17.8,10.9,1.37,7.5,78,93,57,10.6
2020-02-16,0.0,5.7,19.8,12.2,1.33,5.4,71,90,43,10.7
2020-02-17,0.0,6.4,21.8,12.7,1.71,7.2,62,86,30,10.7
2020-02-18,2.8,9.4,12.6,10.6,1.95,6.5,87,100,74,0.0
2020-02-19,1.8,7.8,13.6,10.3,1.73,7.6,86,100,64,8.6
2020-02-20,0.0,2.6,14.6,8.1,1.21,6.2,78,94,56,10.8
2020-02-21,0.0,5.0,14.7,9.6,1.1,7.4,66,82,43,10.8
2020-02-22,0.0,3.3,18.7,11.0,1.12,6.4,47,81,23,10.8
2020-02-23,0.0,5.4,19.4,11.9,0.98,4.2,50,72,28,10.8
2020-02-24,0.0,3.4,20.1,10.8,1.59,7.1,51,70,30,10.8
2020-02-25,0.0,6.6,21.1,13.2,2.76,10.1,42,58,21,9.6
2020-02-26,0.0,5.8,18.7,12.1,2.66,10.0,54,83,25,10.9
2020-02-27,0.0,3.9,20.1,11.4,2.15,10.0,56,85,28,10.9
2020-02-28,0.0,4.6,21.1,12.5,1.61,6.9,46,71,24,10.9
2020-02-29,0.0,6.0,21.2,12.5,2.02,9.1,51,75,26,10.4
2020-03-01,0.4,9.2,17.0,13.2,2.65,10.7,61,83,44,10.9
2020-03-02,1.2,9.2,17.9,13.5,5.5,23.4,54,77,32,11.0
2020-03-03,0.0,5.3,18.7,11.5,3.95,17.2,54,67,31,10.9
2020-03-04,0.0,10.1,20.6,14.9,2.19,16.7,62,76,39,11.0
2020-03-05,0.0,6.4,20.3,12.2,2.24,11.4,64,87,39,11.0
2020-03-06,0.0,4.5,13.7,9.6,3.31,17.3,53,81,27,10.6
2020-03-07,0.0,4.2,17.3,9.5,2.9,14.1,45,55,27,11.0
2020-03-08,0.0,4.6,21.3,12.3,1.83,7.5,46,75,19,11.0
2020-03-09,0.0,6.6,19.6,13.4,2.38,9.8,45,77,27,11.0
2020-03-10,0.0,9.2,22.2,14.9,1.96,8.4,46,68,32,11.1
2020-03-11,0.0,10.0,26.7,17.4,1.49,7.6,45,72,25,11.1
2020-03-12,0.0,10.0,25.7,17.3,1.52,6.2,52,74,28,10.7
2020-03-13,0.0,10.4,21.9,15.1,1.61,8.7,59,77,39,7.4
2020-03-14,0.0,8.0,20.0,13.3,1.57,8.4,71,93,42,11.2
2020-03-15,1.3,7.7,19.6,12.8,1.4,8.1,76,99,43,9.7
2020-03-16,9.6,7.6,12.3,9.6,1.55,9.1,78,96,50,4.8
2020-03-17,6.8,5.4,13.6,8.9,1.71,12.1,80,97,65,4.0
2020-03-18,1.1,8.6,16.0,11.6,2.45,10.7,80,99,49,4.2
2020-03-19,0.6,6.8,13.5,9.9,2.18,9.9,75,93,53,9.4
2020-03-20,0.4,6.4,14.2,9.9,1.68,8.7,76,94,55,7.0
2020-03-21,16.8,7.0,10.3,8.7,1.18,6.2,90,95,82,0.0
2020-03-22,3.7,3.7,10.2,7.6,1.08,7.1,86,96,78,2.9
2020-03-23,11.6,3.9,11.5,7.8,2.08,11.5,92,100,78,5.8
2020-03-24,45.7,7.6,9.7,8.6,3.5,16.3,92,96,88,0.0
2020-03-25,3.3,4.0,12.8,8.0,2.33,9.5,79,92,53,10.3
2020-03-26,0.0,4.1,16.9,10.3,2.28,11.5,65,93,25,11.9
2020-03-27,18.5,5.1,7.6,6.3,2.63,8.9,90,99,77,0.0
2020-03-28,12.4,3.2,13.3,7.4,1.91,11.0,76,98,45,8.9
2020-03-29,0.0,3.0,17.4,9.9,1.57,9.3,64,85,36,11.5
2020-03-30,8.0,5.9,14.3,9.6,2.62,10.8,77,100,54,8.0
2020-03-31,14.2,7.5,14.9,10.0,1.99,8.7,85,99,58,5.4
2020-04-01,3.7,6.9,14.1,10.6,1.23,7.9,83,98,60,11.6
2020-04-02,4.5,3.8,13.9,8.5,1.4,8.5,78,95,54,10.7
2020-04-03,0.3,4.6,15.6,9.8,1.53,6.8,74,93,46,9.6
2020-04-04,0.0,4.0,16.1,9.6,2.46,10.2,74,92,43,10.0
2020-04-05,0.0,4.6,17.8,10.7,1.5,7.2,78,98,50,12.0
2020-04-06,0.0,8.3,17.4,12.2,1.35,8.7,82,97,63,11.3
2020-04-07,0.0,9.0,18.9,12.2,1.52,9.8,81,100,51,9.9
2020-04-08,0.0,7.5,17.7,12.1,1.46,8.0,68,88,44,12.1
2020-04-09,0.0,6.6,16.6,11.5,1.21,8.5,66,91,48,8.3
2020-04-10,0.3,9.9,17.3,13.1,1.5,8.1,62,89,40,8.4
2020-04-11,0.0,8.1,17.7,12.5,1.88,10.0,55,80,35,11.3
2020-04-12,0.8,6.9,16.3,11.5,1.43,9.4,65,89,42,9.0
2020-04-13,3.9,8.1,17.5,12.2,1.29,7.1,81,94,57,10.6
2020-04-14,15.8,10.3,15.4,12.7,1.58,9.0,91,98,81,9.5
2020-04-15,9.1,10.7,17.6,13.0,1.75,9.4,88,99,58,8.0
2020-04-16,0.0,10.8,19.0,14.4,1.59,8.1,77,95,55,11.0
2020-04-17,4.6,9.7,17.4,13.2,1.24,8.5,81,95,62,7.4
2020-04-18,0.9,10.1,17.9,14.1,1.34,6.5,80,96,67,7.9
2020-04-19,1.7,10.6,18.3,14.4,1.49,8.3,83,100,62,8.9
2020-04-20,0.0,10.8,19.5,14.2,3.11,10.9,63,83,39,12.3
2020-04-21,1.3,8.4,16.1,12.1,2.38,10.8,60,78,43,11.1
2020-04-22,0.8,11.9,19.4,14.8,3.95,13.2,63,83,46,9.8
2020-04-23,0.0,9.0,17.5,13.5,1.72,8.0,78,99,57,9.4
2020-04-24,0.0,9.6,18.5,13.2,1.84,10.3,77,100,53,12.2
2020-04-25,5.5,9.1,16.0,11.5,1.07,5.9,77,87,57,3.7
2020-04-26,4.2,9.0,20.5,14.3,1.38,7.1,78,94,51,9.6
2020-04-27,1.7,10.2,19.8,14.9,1.05,10.6,73,93,45,11.6
2020-04-28,0.2,7.6,19.1,13.5,1.57,6.4,63,85,38,10.6
2020-04-29,0.0,5.1,22.4,14.0,1.62,8.6,61,92,33,13.2
2020-04-30,0.0,9.6,21.9,14.9,2.26,10.5,62,78,40,8.8
2020-05-01,0.0,10.1,25.0,17.6,1.83,10.3,62,86,40,13.0
2020-05-02,0.0,11.4,28.2,19.8,1.71,7.1,59,85,32,13.4
2020-05-03,0.0,13.6,29.8,21.2,1.66,8.1,48,71,22,13.3
2020-05-04,0.0,13.1,28.5,20.4,1.97,10.1,47,67,28,13.1
2020-05-05,0.0,14.5,27.9,21.0,1.54,9.4,55,74,39,13.5
2020-05-06,0.0,13.6,26.8,20.3,1.69,9.2,59,80,37,12.9
2020-05-07,0.0,14.9,23.1,18.6,1.93,11.9,53,74,32,12.0
2020-05-08,0.0,12.4,24.5,18.4,1.59,7.9,56,77,39,13.1
2020-05-09,0.8,12.4,23.5,18.0,1.58,9.1,75,97,50,11.5
2020-05-10,0.4,12.2,19.7,15.9,2.39,13.8,61,93,35,13.7
2020-05-11,0.0,10.0,23.6,16.8,2.14,10.8,56,82,29,13.7
2020-05-12,8.1,11.4,16.2,13.7,0.99,9.3,81,94,67,5.7
2020-05-13,0.0,6.9,19.8,13.9,1.78,12.0,67,94,42,13.6
2020-05-14,9.5,10.8,16.8,13.3,1.55,9.5,72,91,43,9.0
2020-05-15,3.7,9.4,14.6,11.9,1.27,7.6,84,95,65,3.1
2020-05-16,2.5,8.4,18.8,13.4,1.64,10.5,79,95,45,13.0
2020-05-17,1.3,11.2,19.1,14.9,1.14,7.5,74,94,54,13.7
2020-05-18,0.0,10.2,25.5,17.7,1.7,9.7,60,93,29,13.8
2020-05-19,0.0,11.6,27.6,19.8,1.85,9.0,52,72,30,14.0
2020-05-20,0.0,14.1,29.3,21.8,1.36,6.4,50,73,26,13.7
2020-05-21,0.0,16.3,28.9,22.2,1.54,7.3,51,78,30,14.0
2020-05-22,0.0,14.4,30.3,22.7,1.59,8.9,56,85,28,14.0
2020-05-23,0.0,14.0,29.9,22.3,1.76,9.0,52,80,29,13.4
2020-05-24,0.0,16.5,25.2,20.5,1.96,10.0,51,72,36,13.7
2020-05-25,0.0,12.8,22.8,17.9,1.7,8.5,58,83,35,12.5
2020-05-26,0.0,12.6,25.5,18.6,1.68,10.6,56,77,39,14.0
2020-05-27,0.0,13.1,24.9,18.6,2.15,10.9,62,83,39,14.0
2020-05-28,0.0,12.6,23.2,17.8,2.43,12.4,59,90,32,14.0
2020-05-29,0.0,11.7,25.2,19.0,1.86,9.3,45,71,30,14.0
2020-05-30,0.0,13.3,26.7,19.8,1.79,9.7,42,62,22,14.0
2020-05-31,0.0,11.4,26.4,19.3,2.11,10.7,50,77,29,11.2
2020-06-01,0.0,14.1,28.2,21.2,1.99,11.2,50,77,25,13.0
2020-06-02,0.0,12.9,28.4,21.0,2.05,10.7,48,69,27,14.0
2020-06-03,0.0,15.2,29.6,22.3,2.01,10.0,50,77,26,14.0
2020-06-04,2.0,17.0,25.1,20.6,3.1,15.2,53,68,36,11.9
2020-06-05,0.0,14.7,27.9,21.1,2.09,9.3,53,84,28,14.0
2020-06-06,0.3,14.6,29.2,22.4,2.03,9.2,47,69,24,14.0
2020-06-07,2.2,16.7,25.7,20.8,2.01,10.3,48,59,34,13.9
2020-06-08,10.0,14.3,21.5,17.4,1.67,12.5,66,86,53,13.9
2020-06-09,1.0,12.9,22.9,17.2,2.22,12.2,71,100,34,12.1
2020-06-10,0.0,13.3,25.3,18.8,2.17,11.4,60,90,31,14.0
2020-06-11,0.0,13.7,29.3,21.3,2.04,11.9,42,69,16,14.0
2020-06-12,0.0,13.7,24.9,19.6,2.37,11.2,44,76,25,14.0
2020-06-13,0.0,11.4,25.9,19.0,2.06,9.8,45,76,25,14.0
2020-06-14,0.0,14.3,27.1,21.1,2.32,12.9,39,62,22,12.0
2020-06-15,0.0,13.5,31.2,22.1,1.94,12.1,40,64,18,14.0
2020-06-16,0.0,16.9,29.2,22.7,1.77,9.0,38,71,22,12.0
2020-06-17,0.1,15.2,28.0,21.6,1.72,9.5,48,67,25,14.0
2020-06-18,0.3,14.7,27.4,20.5,1.6,9.7,69,99,36,13.0
2020-06-19,0.4,16.6,26.5,21.3,1.73,8.4,67,93,37,14.0
2020-06-20,0.2,14.2,30.1,22.8,1.96,9.6,55,90,29,14.0
2020-06-21,0.0,16.4,33.6,25.5,1.9,13.4,37,66,19,14.0
2020-06-22,0.0,16.4,30.8,23.8,2.42,11.5,50,82,30,14.0
2020-06-23,0.0,15.3,29.5,22.5,1.94,11.1,55,85,33,14.0
2020-06-24,0.0,15.6,30.3,22.8,1.72,9.3,50,83,27,12.5
2020-06-25,0.0,16.6,30.6,23.5,2.07,11.0,40,61,24,14.0
2020-06-26,0.0,18.1,30.8,24.3,1.87,9.7,48,66,29,14.0
2020-06-27,0.0,17.3,32.4,25.2,2.09,10.8,39,68,22,13.7
2020-06-28,0.0,18.2,32.9,25.7,1.97,10.0,38,60,24,14.0
2020-06-29,0.0,18.2,34.3,26.2,2.21,11.3,37,58,22,14.0
2020-06-30,0.0,17.6,33.1,25.4,2.36,10.4,43,64,28,14.0
2020-07-01,0.0,18.7,38.0,28.0,1.65,8.9,37,75,8,14.0
2020-07-02,0.0,20.4,37.0,28.6,2.31,10.8,25,44,10,14.0
2020-07-03,0.0,19.4,30.6,24.6,2.06,12.0,45,78,30,14.0
2020-07-04,0.0,18.3,31.7,24.6,1.93,9.4,65,95,34,13.3
2020-07-05,0.0,16.3,33.1,24.9,1.89,10.3,56,91,28,14.0
2020-07-06,0.0,17.3,34.0,26.1,1.86,9.3,47,82,22,14.0
2020-07-07,0.0,17.6,36.2,27.1,1.77,9.3,38,72,18,14.0
2020-07-08,0.0,18.4,32.4,25.2,2.07,11.5,52,80,28,13.6
2020-07-09,0.1,18.8,30.3,24.5,2.16,10.3,49,77,31,14.0
2020-07-10,0.0,18.2,31.7,24.7,1.82,10.9,46,75,25,14.0
2020-07-11,0.0,18.0,31.5,24.8,2.14,12.0,54,87,30,14.0
2020-07-12,0.3,19.5,31.3,24.4,2.31,12.1,54,72,36,11.2
2020-07-13,0.0,16.9,31.4,24.2,2.18,11.3,51,79,30,14.0
2020-07-14,0.6,18.9,29.3,23.7,1.51,8.2,56,76,36,12.4
2020-07-15,0.0,17.0,29.0,22.8,1.85,10.0,64,96,39,13.9
2020-07-16,0.0,16.8,30.9,23.6,1.87,11.1,58,87,34,14.0
2020-07-17,0.0,17.1,32.3,24.7,1.69,8.4,55,85,30,13.7
2020-07-18,0.0,16.9,31.5,24.0,1.76,9.3,65,100,38,13.8
2020-07-19,0.0,16.9,33.9,25.3,1.5,9.0,59,96,30,13.9
2020-07-20,0.0,18.1,33.7,26.1,1.9,10.7,53,86,29,13.9
2020-07-21,0.0,17.5,31.4,24.4,2.07,11.7,49,81,26,13.9
2020-07-22,0.0,18.0,30.7,24.1,2.12,10.6,46,70,32,13.5
2020-07-23,0.0,18.7,33.8,26.0,1.88,9.8,48,69,24,13.8
2020-07-24,0.0,20.4,34.0,27.0,1.82,10.0,52,77,28,13.7
2020-07-25,0.0,18.8,34.3,26.2,1.89,10.0,60,95,27,13.7
2020-07-26,0.0,19.7,37.2,27.5,2.12,11.9,47,72,18,13.7
2020-07-27,0.0,19.3,37.9,28.4,1.92,10.7,38,66,14,13.6
2020-07-28,0.0,20.8,35.0,28.4,1.97,11.0,38,58,22,13.6
2020-07-29,0.0,20.0,34.6,26.7,1.91,12.3,55,85,27,13.6
2020-07-30,0.0,20.3,36.9,27.9,1.85,9.9,48,80,20,13.3
2020-07-31,0.0,20.5,37.6,29.7,2.06,12.7,39,70,19,13.5
2020-08-01,0.0,22.8,40.4,31.3,1.92,11.7,23,38,11,13.3
2020-08-02,0.0,21.8,37.7,30.0,3.05,14.3,22,38,11,13.5
2020-08-03,0.0,20.6,32.9,26.0,2.1,10.1,59,92,26,13.4
2020-08-04,0.4,21.5,31.7,25.8,1.78,9.6,65,95,31,13.1
2020-08-05,0.1,19.2,33.2,25.7,1.9,10.3,62,95,32,13.3
2020-08-06,0.0,19.0,33.1,25.3,1.93,10.8,60,98,29,13.2
2020-08-07,0.0,20.8,35.6,27.5,1.75,9.9,39,65,18,13.3
2020-08-08,0.0,20.0,36.9,28.4,1.96,11.1,31,52,13,12.6
2020-08-09,0.0,20.8,37.6,29.1,2.03,9.9,26,43,11,13.1
2020-08-10,0.0,19.6,34.4,26.5,2.18,11.7,35,60,20,12.1
2020-08-11,0.0,20.4,30.6,25.2,2.3,12.2,49,79,28,12.9
2020-08-12,0.3,17.7,31.8,24.7,2.2,15.5,61,91,27,13.1
2020-08-13,0.0,18.3,34.9,26.1,1.63,8.7,45,76,18,13.1
2020-08-14,0.0,21.8,34.1,26.5,2.03,10.3,41,64,22,13.1
2020-08-15,0.0,18.5,32.9,25.6,2.04,13.0,48,74,20,13.0
2020-08-16,0.0,17.7,33.7,25.8,1.97,12.4,27,50,11,13.0
2020-08-17,0.0,17.6,34.4,25.6,1.91,9.9,27,41,13,13.0
2020-08-18,0.0,18.2,33.9,26.3,1.7,9.1,31,47,18,12.2
2020-08-19,0.0,17.5,34.9,26.3,1.84,9.4,37,65,15,12.8
2020-08-20,0.0,19.0,34.9,26.8,2.0,10.3,35,52,16,12.8
2020-08-21,0.0,19.3,36.0,27.7,1.93,12.6,43,91,19,12.8
2020-08-22,0.0,19.8,36.6,27.9,1.7,10.6,34,68,16,12.7
2020-08-23,0.0,20.2,31.5,25.2,2.05,10.7,63,83,41,12.5
2020-08-24,0.0,19.3,32.5,25.0,2.03,12.5,66,93,33,12.5
2020-08-25,0.0,17.9,35.5,26.0,1.98,10.5,59,96,22,12.4
2020-08-26,0.0,19.9,36.3,27.5,1.81,10.0,40,61,18,12.4
2020-08-27,0.0,19.5,36.7,28.0,2.27,10.0,37,57,18,12.3
2020-08-28,0.0,19.8,34.5,27.2,2.07,11.7,34,56,20,12.3
2020-08-29,0.0,17.6,31.8,24.1,2.34,15.5,28,46,9,12.3
2020-08-30,0.8,14.2,26.4,20.1,2.29,10.6,38,75,19,11.8
2020-08-31,0.0,12.5,27.9,19.9,1.58,8.6,63,96,27,12.0
2020-09-01,0.1,13.8,25.6,19.8,1.47,8.5,67,93,44,7.1
2020-09-02,1.6,16.2,26.8,20.6,1.76,9.3,68,91,41,12.0
2020-09-03,0.0,14.5,28.5,21.0,2.24,11.0,61,92,32,12.0
2020-09-04,0.0,14.7,27.0,20.4,1.73,9.3,65,92,38,12.0
2020-09-05,0.0,14.8,29.2,21.5,1.53,8.9,59,86,27,12.0
2020-09-06,0.0,16.5,29.2,21.8,1.51,8.1,63,91,26,12.0
2020-09-07,1.6,16.2,27.0,20.7,1.93,12.3,73,97,47,12.0
2020-09-08,3.9,15.9,23.6,18.9,1.77,8.7,71,97,41,11.0
2020-09-09,0.0,13.5,26.5,19.8,1.7,7.7,57,87,31,12.0
2020-09-10,0.0,13.2,28.8,20.9,2.02,10.5,58,86,30,12.0
2020-09-11,0.0,15.1,30.8,22.4,2.12,9.0,52,83,26,12.0
2020-09-12,0.0,15.6,30.5,23.2,1.75,9.8,46,70,27,12.0
2020-09-13,0.0,15.3,28.4,21.8,1.87,9.7,57,78,35,10.4
2020-09-14,0.0,15.6,28.4,22.1,1.88,9.7,59,84,38,11.8
2020-09-15,0.0,15.8,30.8,22.7,1.69,9.0,60,96,22,12.0
2020-09-16,0.0,16.5,30.6,22.8,1.84,10.5,56,81,29,10.0
2020-09-17,1.0,18.9,28.3,22.8,1.55,12.6,68,91,42,11.5
2020-09-18,17.1,17.4,24.9,20.0,2.27,15.6,77,89,49,5.1
2020-09-19,0.0,13.2,28.7,20.8,1.85,7.1,59,96,24,12.0
2020-09-20,0.0,13.4,28.3,20.3,1.69,9.0,59,85,30,12.0
2020-09-21,0.0,15.4,28.3,21.0,1.35,8.4,54,77,27,11.7
2020-09-22,0.3,14.8,27.3,21.0,1.71,9.9,50,70,29,11.2
2020-09-23,0.0,16.1,29.0,22.5,1.97,8.9,44,65,25,11.3
2020-09-24,0.0,16.3,29.9,22.1,2.46,13.3,50,72,26,5.0
2020-09-25,0.0,14.3,25.1,20.0,2.29,12.4,47,85,19,11.9
2020-09-26,0.0,10.9,24.7,17.4,2.12,8.3,36,52,22,11.8
2020-09-27,0.0,13.5,25.8,18.7,2.89,12.2,43,60,22,11.8
2020-09-28,0.0,9.8,26.4,17.8,1.58,7.4,37,60,15,11.8
2020-09-29,0.0,14.4,26.0,18.7,1.55,8.8,54,70,32,11.3
2020-09-30,0.0,12.8,26.0,19.1,1.22,7.3,54,78,35,7.8
2020-10-01,0.0,14.8,30.6,21.6,1.73,6.9,36,57,14,11.6
2020-10-02,4.2,12.3,24.9,18.0,4.27,21.2,52,82,37,4.1
2020-10-03,0.0,7.1,18.6,12.7,2.8,10.6,50,76,29,11.6
2020-10-04,0.0,6.9,22.4,14.4,2.15,9.0,50,67,24,11.3
2020-10-05,0.0,9.2,22.8,15.6,1.97,10.8,53,82,26,11.4
2020-10-06,0.0,8.8,26.7,17.1,1.42,6.7,46,65,26,11.2
2020-10-07,0.0,12.3,27.9,19.8,1.37,6.8,46,69,24,11.2
2020-10-08,0.0,14.5,26.1,19.4,1.55,7.8,54,73,37,10.9
2020-10-09,0.0,13.2,26.9,19.1,1.53,8.5,66,91,31,10.5
2020-10-10,0.0,14.2,24.6,18.5,1.45,8.5,75,93,48,10.5
2020-10-11,2.8,13.2,23.9,16.9,2.2,11.5,61,99,16,6.4
2020-10-12,0.0,9.7,20.5,14.1,2.79,10.9,39,56,22,10.8
2020-10-13,0.0,8.8,25.3,16.4,1.81,8.4,40,54,23,10.5
2020-10-14,0.0,11.7,22.2,15.8,2.96,11.5,42,57,26,10.4
2020-10-15,0.0,6.6,20.6,13.6,1.9,9.0,39,61,21,10.6
2020-10-16,0.0,8.1,20.6,13.2,1.78,11.2,45,75,22,10.5
2020-10-17,0.0,5.8,22.0,13.6,1.82,8.3,46,68,22,10.5
2020-10-18,0.0,7.6,22.8,15.2,1.45,7.5,38,60,22,10.4
2020-10-19,0.0,7.7,23.5,14.4,1.85,7.4,48,83,22,10.5
2020-10-20,0.0,9.7,24.2,15.8,1.64,8.6,61,90,27,9.3
2020-10-21,0.5,13.3,25.9,19.0,1.62,10.3,51,77,26,8.3
2020-10-22,4.7,13.6,16.8,15.4,0.89,4.7,88,99,70,0.0
2020-10-23,0.0,9.3,21.0,14.3,1.31,6.3,67,95,27,10.2
2020-10-24,0.0,6.9,21.3,13.2,1.59,6.8,65,92,30,10.2
2020-10-25,0.0,7.4,22.6,13.9,1.7,7.2,53,78,27,10.2
2020-10-26,0.2,7.4,16.1,12.5,2.88,13.2,56,85,33,10.0
2020-10-27,0.0,4.6,18.6,10.9,1.58,7.4,52,73,29,10.0
2020-10-28,0.0,6.5,21.5,14.0,1.36,6.3,52,68,33,10.0
2020-10-29,0.0,9.1,22.9,15.4,1.31,6.7,66,90,41,10.0
2020-10-30,0.0,8.7,24.3,15.3,1.43,6.5,61,88,29,10.1
2020-10-31,0.0,8.2,23.9,15.3,1.31,6.9,53,73,30,10.0
2020-11-01,0.0,11.0,25.0,18.0,1.49,7.1,47,69,25,10.0
2020-11-02,0.0,10.3,24.9,16.9,1.5,8.2,52,72,29,10.0
2020-11-03,0.0,9.9,21.7,15.0,1.43,8.4,62,92,37,10.0
2020-11-04,9.2,10.5,16.1,13.1,1.61,8.2,89,98,66,3.7
2020-11-05,48.9,10.5,13.8,12.6,2.57,12.7,98,100,94,0.0
2020-11-06,0.0,11.9,19.6,14.6,1.89,9.8,84,97,61,9.6
2020-11-07,4.9,10.3,19.3,14.7,1.76,10.5,75,92,44,9.9
2020-11-08,0.0,7.1,17.2,11.4,1.33,6.6,80,95,61,9.9
2020-11-09,0.0,8.1,18.0,12.7,1.05,5.5,78,94,56,9.9
2020-11-10,0.0,10.1,17.4,14.2,0.82,5.4,72,92,58,9.9
2020-11-11,0.0,8.9,16.7,12.0,1.13,5.7,81,94,57,9.5
2020-11-12,0.0,7.6,16.1,11.3,1.51,6.7,77,92,59,9.1
2020-11-13,0.2,10.2,17.9,13.0,1.0,6.0,84,99,61,9.5
2020-11-14,1.0,10.5,16.9,13.2,0.97,5.2,83,94,70,4.0
2020-11-15,0.0,9.8,21.2,14.5,1.54,6.9,79,94,51,9.8
2020-11-16,0.0,10.7,21.6,15.7,1.97,7.1,73,89,50,9.8
2020-11-17,0.0,9.5,19.7,14.0,1.1,5.0,81,94,58,9.8
2020-11-18,0.0,8.1,19.2,13.0,0.91,4.5,75,89,51,9.8
2020-11-19,0.0,11.7,18.1,14.2,1.15,6.9,70,82,55,9.8
2020-11-20,0.0,9.7,16.7,13.4,1.3,7.3,61,83,37,9.8
2020-11-21,0.0,6.7,14.9,10.1,1.43,7.3,70,88,48,9.8
2020-11-22,0.0,3.9,14.2,8.5,1.51,5.3,75,94,49,9.8
2020-11-23,0.0,2.5,15.1,8.5,0.97,4.9,73,92,49,9.7
2020-11-24,0.0,2.6,14.0,7.4,1.22,4.6,75,90,49,9.7
2020-11-25,0.0,2.7,15.0,8.0,1.3,6.9,81,96,58,9.7
2020-11-26,6.2,9.0,14.6,10.6,1.77,12.6,90,100,66,3.3
2020-11-27,47.0,8.6,10.1,9.2,2.33,10.9,97,100,89,0.0
2020-11-28,0.7,5.1,13.8,9.7,1.62,8.7,77,98,54,8.7
2020-11-29,0.0,3.5,14.5,7.9,1.0,4.7,78,93,54,9.3
2020-11-30,0.0,5.0,13.6,8.6,0.99,6.2,85,93,73,9.3
2020-12-01,0.0,4.9,16.0,9.9,1.03,4.6,79,93,55,9.5
2020-12-02,0.0,5.0,13.8,8.9,2.7,11.4,58,74,40,8.5
2020-12-03,0.0,-0.1,12.9,5.0,1.54,6.3,57,69,38,9.5
2020-12-04,3.4,4.7,10.9,7.5,2.46,15.3,71,83,65,3.2
2020-12-05,0.1,-0.2,7.4,3.6,3.04,12.3,66,85,48,9.5
2020-12-06,0.0,1.9,9.4,4.8,3.61,12.2,62,79,44,8.6
2020-12-07,0.3,2.4,14.6,9.0,3.27,11.5,66,77,54,7.4
2020-12-08,2.2,6.8,11.3,9.8,6.03,21.6,60,68,51,9.4
2020-12-09,0.0,3.0,10.3,5.8,3.05,14.1,62,78,45,9.4
2020-12-10,0.5,2.6,16.0,10.0,2.43,10.1,72,83,59,5.6
2020-12-11,0.1,10.1,19.7,15.2,4.45,20.2,71,86,59,8.1
2020-12-12,0.0,7.6,17.6,14.0,5.02,21.3,58,81,44,9.4
2020-12-13,0.0,5.7,17.5,10.6,1.26,4.2,64,83,43,9.4
2020-12-14,0.0,7.3,15.9,10.5,1.07,5.3,77,88,55,6.0
2020-12-15,0.1,3.7,16.7,10.3,1.23,5.3,73,95,40,9.4
2020-12-16,0.0,4.1,12.7,7.3,1.34,6.8,81,91,63,9.4
2020-12-17,0.0,4.2,14.6,9.7,1.14,7.0,73,93,52,9.2
2020-12-18,0.0,6.1,14.6,9.9,0.96,5.1,65,79,51,9.4
2020-12-19,1.5,3.2,14.2,8.2,1.21,6.4,81,92,62,7.9
2020-12-20,1.2,5.8,14.8,9.5,1.2,7.3,78,92,47,9.1
2020-12-21,0.0,2.9,14.9,8.2,0.94,4.4,71,91,43,9.2
2020-12-22,0.0,5.3,15.9,9.8,1.34,6.3,78,90,62,9.3
2020-12-23,0.0,4.2,16.4,9.5,1.19,4.8,82,95,60,9.2
2020-12-24,0.0,2.7,15.2,8.6,1.24,6.1,77,95,52,9.3
2020-12-25,0.4,3.1,11.1,8.5,2.44,11.4,65,91,32,7.3
2020-12-26,0.0,-0.5,8.5,3.5,2.9,10.6,48,72,37,9.3
2020-12-27,0.0,-2.3,13.1,3.9,1.61,7.2,48,78,24,9.4
2020-12-28,0.0,2.6,11.7,7.1,2.29,9.7,53,70,30,5.2
2020-12-29,0.0,2.0,9.3,5.2,3.23,12.7,66,79,50,8.9
2020-12-30,0.0,0.3,9.6,4.4,2.68,10.7,59,75,36,9.4
2020-12-31,0.0,-2.2,11.4,3.5,1.63,5.7,56,80,30,9.4
2021-01-01,0.6,0.8,7.5,3.9,3.16,15.4,70,86,53,8.5
2021-01-02,0.0,-0.5,6.5,2.9,3.99,13.9,59,78,36,9.0
2021-01-03,0.0,0.5,7.9,3.4,3.93,12.9,49,60,36,9.4
2021-01-04,0.0,-1.7,9.3,3.4,2.27,8.4,60,76,37,8.4
2021-01-05,0.0,-2.2,8.0,2.8,1.51,6.6,65,87,37,9.0
2021-01-06,0.2,2.0,7.1,4.1,1.23,7.3,57,71,51,7.8
2021-01-07,22.2,1.1,3.8,1.8,1.85,7.7,96,100,84,0.0
2021-01-08,23.9,0.8,1.9,1.3,1.86,6.3,95,98,92,0.0
2021-01-09,5.7,0.5,5.8,2.7,1.39,6.5,89,94,82,4.1
2021-01-10,2.9,-1.2,4.8,1.7,1.64,6.1,87,96,74,5.0
2021-01-11,0.0,-1.4,7.5,2.3,1.57,5.4,78,94,59,9.4
2021-01-12,0.0,-3.6,10.0,1.6,1.1,5.0,68,86,38,9.5
2021-01-13,0.0,-3.5,12.8,3.4,1.46,6.7,58,84,28,9.5
2021-01-14,0.0,-1.6,14.5,4.7,1.16,4.6,58,76,28,9.5
2021-01-15,0.0,0.7,14.1,7.2,2.41,8.5,48,72,31,9.5
2021-01-16,0.0,0.9,11.8,6.1,2.13,7.1,45,60,32,9.6
2021-01-17,0.0,0.8,16.8,6.3,1.12,5.1,47,60,29,9.6
2021-01-18,0.0,2.4,12.9,8.8,1.23,5.3,49,85,16,9.4
2021-01-19,0.0,-0.8,12.2,4.0,1.32,5.2,65,87,31,9.4
2021-01-20,0.4,-1.0,9.4,3.3,1.65,7.0,80,90,70,4.2
2021-01-21,0.0,2.6,14.7,8.5,2.58,12.1,74,89,49,9.6
2021-01-22,0.5,7.2,14.3,10.6,5.29,19.1,64,86,38,8.8
2021-01-23,0.0,3.6,13.0,8.0,2.17,15.5,65,83,44,9.3
2021-01-24,0.0,8.8,16.7,13.0,3.1,22.2,57,78,39,9.6
2021-01-25,0.0,8.7,16.9,12.2,2.71,12.0,64,77,53,7.6
2021-01-26,0.0,9.2,18.8,12.8,1.6,9.0,76,92,51,9.5
2021-01-27,0.0,9.0,19.7,13.5,2.0,8.9,76,93,55,9.6
2021-01-28,0.0,5.9,23.4,13.2,1.52,6.0,69,91,36,9.7
2021-01-29,0.0,8.0,23.9,14.4,1.56,6.4,51,74,30,9.8
2021-01-30,0.0,9.6,17.3,13.3,3.27,12.4,51,68,32,9.8
2021-01-31,0.0,7.4,16.6,12.0,3.98,17.0,59,75,49,8.6
2021-02-01,0.0,9.8,19.1,14.7,5.76,23.1,50,65,37,9.9
2021-02-02,0.0,7.1,20.6,12.2,1.85,6.8,61,82,32,10.0
2021-02-03,0.0,5.4,16.3,10.3,1.25,6.3,56,76,43,8.0
2021-02-04,0.0,6.1,20.7,12.8,1.24,7.2,54,82,30,8.4
2021-02-05,0.0,6.1,15.3,10.0,1.33,11.2,80,93,60,10.1
2021-02-06,1.2,4.5,15.0,9.3,1.33,9.7,72,91,43,10.1
2021-02-07,0.0,3.7,14.1,8.3,2.42,11.1,68,88,42,9.8
2021-02-08,0.8,6.8,14.0,10.2,4.35,17.4,59,82,35,9.5
2021-02-09,1.5,5.1,16.3,10.1,2.92,12.6,64,83,40,7.7
2021-02-10,1.6,5.9,16.4,11.0,2.37,11.0,69,89,53,6.4
2021-02-11,0.0,6.5,21.6,13.1,1.68,7.9,70,90,42,9.1
2021-02-12,0.0,8.7,17.5,12.4,2.5,13.5,67,90,34,9.5
2021-02-13,0.0,7.4,19.6,12.0,2.05,7.8,54,77,24,9.2
2021-02-14,0.0,5.8,15.9,10.5,2.28,9.6,65,91,41,10.6
2021-02-15,0.0,6.2,14.6,9.4,1.88,8.1,75,95,45,9.4
2021-02-16,0.0,1.4,17.1,8.4,1.35,5.7,69,92,38,10.7
2021-02-17,0.0,4.8,21.0,11.9,1.54,8.1,48,73,28,10.7
2021-02-18,0.0,3.0,19.4,10.8,1.43,7.2,56,81,29,10.5
2021-02-19,0.0,5.4,20.6,11.7,1.74,8.7,45,66,25,10.8
2021-02-20,0.0,4.0,18.6,10.0,1.73,9.0,66,99,35,10.8
2021-02-21,1.8,5.8,12.6,9.3,1.49,6.3,81,100,64,1.0
2021-02-22,0.5,3.6,12.9,8.1,2.27,11.3,64,88,37,9.8
2021-02-23,0.0,6.2,14.6,9.5,2.21,8.2,64,80,40,10.6
2021-02-24,0.3,5.3,14.3,9.4,1.69,9.6,73,89,53,8.7
2021-02-25,0.2,4.7,14.6,9.1,1.73,9.1,78,91,54,10.9
2021-02-26,0.1,7.2,14.5,9.9,1.47,7.8,79,99,47,10.3
2021-02-27,0.0,5.1,13.6,9.1,1.24,7.4,74,99,48,10.0
2021-02-28,2.8,5.2,11.5,8.0,1.99,10.2,85,95,70,3.0
2021-03-01,4.2,7.1,12.4,9.0,2.23,9.5,86,96,61,1.4
2021-03-02,2.3,7.3,14.8,10.1,2.68,11.1,83,94,64,6.4
2021-03-03,0.2,7.9,14.8,10.7,2.51,10.0,80,94,56,10.0
2021-03-04,0.3,5.2,13.2,9.6,1.39,7.6,76,98,47,10.2
2021-03-05,1.8,5.3,12.2,8.7,1.54,8.6,88,100,68,5.8
2021-03-06,2.6,7.2,12.2,9.4,1.92,9.0,84,99,58,4.7
2021-03-07,18.8,7.8,9.9,8.7,2.29,8.0,90,99,80,0.0
2021-03-08,5.0,4.6,13.1,8.7,1.3,8.0,81,98,58,9.1
2021-03-09,14.3,5.4,11.5,8.1,1.54,7.8,83,97,65,9.0
2021-03-10,0.0,2.7,16.5,8.9,1.09,5.3,69,95,35,11.1
2021-03-11,0.0,3.5,19.9,10.7,1.68,5.9,64,87,36,11.1
2021-03-12,0.0,5.7,20.2,12.2,2.11,11.6,69,89,45,11.1
2021-03-13,0.0,5.5,18.8,11.8,1.82,8.8,62,83,34,11.1
2021-03-14,0.0,5.6,17.6,11.5,1.96,8.1,54,82,34,11.4
2021-03-15,0.0,5.1,17.2,10.8,1.7,6.4,61,77,45,11.3
2021-03-16,0.0,4.2,16.1,10.5,2.06,8.5,61,80,45,11.4
2021-03-17,0.0,5.5,18.0,11.0,1.2,5.7,60,90,31,11.5
2021-03-18,0.8,4.5,10.2,7.7,2.88,10.6,62,87,44,7.3
2021-03-19,4.5,1.3,10.7,6.3,2.74,11.1,67,89,37,8.0
2021-03-20,3.6,2.4,9.7,5.5,3.93,15.0,68,95,42,11.1
2021-03-21,0.0,-0.3,13.5,6.4,1.87,8.4,51,73,27,11.8
2021-03-22,0.0,2.1,15.9,9.2,2.32,7.9,51,77,34,11.8
2021-03-23,0.0,2.6,19.5,10.7,2.16,10.8,55,83,27,11.8
2021-03-24,0.0,4.5,19.4,11.7,1.95,10.1,59,79,33,11.9
2021-03-25,0.0,5.4,22.1,13.4,1.69,8.1,57,83,29,11.9
2021-03-26,0.0,6.8,21.5,14.0,1.97,11.5,55,83,34,10.4
2021-03-27,0.2,7.8,18.9,13.3,2.12,10.6,56,85,44,11.9
2021-03-28,0.0,5.5,17.5,10.9,1.85,9.7,67,92,40,11.9
2021-03-29,0.4,6.7,18.1,12.0,2.06,10.2,64,81,48,11.6
2021-03-30,0.0,7.8,19.1,12.5,2.33,11.0,63,86,41,12.0
2021-03-31,0.0,7.1,18.9,12.9,1.92,10.8,44,64,29,12.0
2021-04-01,0.0,7.3,20.0,12.9,1.73,10.0,59,78,38,11.9
2021-04-02,0.0,7.8,21.1,14.6,1.73,8.4,59,89,31,12.0
2021-04-03,2.2,6.9,18.0,12.4,1.57,9.9,69,90,46,11.0
2021-04-04,0.3,7.6,18.3,12.5,2.01,10.1,71,89,49,12.0
2021-04-05,0.1,7.7,18.3,13.2,1.33,8.5,77,100,48,11.5
2021-04-06,0.0,8.7,24.7,16.4,2.24,10.5,52,90,22,11.3
2021-04-07,1.0,8.6,15.0,11.9,3.08,11.9,71,91,50,4.7
2021-04-08,2.7,7.4,14.3,9.3,2.33,8.9,80,96,53,6.4
2021-04-09,1.9,5.9,17.4,10.3,1.33,8.9,79,96,56,10.5
2021-04-10,1.8,9.0,18.4,12.9,1.2,7.7,79,100,51,8.0
2021-04-11,0.6,7.1,20.9,13.8,1.01,8.0,70,98,35,12.1
2021-04-12,0.7,8.0,16.3,12.0,1.68,8.0,76,93,56,7.1
2021-04-13,0.0,8.7,20.0,12.7,2.01,11.5,74,99,42,11.6
2021-04-14,5.6,8.0,14.3,10.2,1.88,8.2,84,98,53,1.2
2021-04-15,8.2,7.4,9.9,8.7,1.93,8.0,89,97,77,0.0
2021-04-16,0.9,4.8,16.5,10.2,1.59,9.2,71,96,38,10.0
2021-04-17,0.0,5.4,17.9,10.5,1.98,9.5,69,100,21,12.4
2021-04-18,0.0,4.7,18.1,10.6,1.99,8.8,59,90,25,12.4
2021-04-19,0.0,4.9,21.0,13.2,1.64,8.1,54,91,27,10.7
2021-04-20,1.6,7.9,19.9,14.2,1.69,8.1,68,94,42,11.1
2021-04-21,2.0,10.1,17.6,13.5,1.29,9.3,76,99,50,6.8
2021-04-22,25.0,10.1,16.2,12.3,1.34,8.5,90,100,70,8.6
2021-04-23,0.8,9.9,15.7,12.2,2.28,9.9,84,99,61,4.5
2021-04-24,5.3,9.4,13.7,10.8,1.49,10.0,87,95,68,1.6
2021-04-25,0.7,8.4,16.7,12.2,2.41,12.5,80,94,66,7.3
2021-04-26,10.1,10.4,18.6,13.9,1.54,9.0,78,97,47,11.0
2021-04-27,3.2,8.2,19.5,14.1,1.34,8.4,73,93,47,11.3
2021-04-28,0.6,8.8,19.8,14.3,1.37,7.5,69,90,44,11.4
2021-04-29,0.0,8.0,21.5,14.2,1.8,10.6,66,92,32,12.4
2021-04-30,1.4,9.7,18.8,13.4,1.26,7.0,68,86,42,7.6
2021-05-01,0.4,8.1,20.7,14.3,1.81,9.8,55,84,24,12.9
2021-05-02,1.1,8.6,19.4,13.6,2.1,10.7,58,84,39,11.9
2021-05-03,9.3,8.5,16.2,11.8,1.98,9.2,83,99,51,4.5
2021-05-04,0.2,8.3,20.7,14.3,1.15,7.2,73,95,48,12.9
2021-05-05,0.0,8.1,23.4,16.2,1.85,8.7,61,94,32,13.6
2021-05-06,0.0,9.9,26.0,18.1,2.45,10.7,61,90,32,13.6
2021-05-07,0.0,11.4,28.1,19.9,1.86,9.1,44,68,23,13.8
2021-05-08,0.0,12.1,26.8,19.5,2.31,10.5,46,62,28,13.3
2021-05-09,0.4,14.2,26.2,20.0,3.34,19.8,47,67,21,12.0
2021-05-10,0.8,12.1,21.8,16.4,1.94,11.4,53,87,21,13.1
2021-05-11,0.0,6.8,19.6,13.3,2.36,10.7,50,76,27,13.9
2021-05-12,0.0,8.2,24.2,16.3,2.15,11.7,45,65,28,13.9
2021-05-13,0.0,10.5,26.1,18.0,1.91,12.0,45,69,24,12.5
2021-05-14,0.0,10.9,26.6,18.7,2.23,10.0,46,80,18,14.0
2021-05-15,0.0,11.3,31.1,20.8,1.59,8.7,41,70,16,13.5
2021-05-16,0.0,13.4,33.5,23.4,1.84,9.8,33,65,10,13.8
2021-05-17,0.0,13.9,28.6,20.7,2.25,14.5,54,79,31,14.0
2021-05-18,0.0,12.3,28.4,20.3,1.63,9.7,62,96,28,14.0
2021-05-19,0.0,14.9,26.7,20.2,2.44,13.3,49,80,32,14.0
2021-05-20,0.0,13.3,27.0,19.2,1.82,9.4,59,89,29,13.4
2021-05-21,0.0,12.2,29.2,20.9,1.81,10.8,49,85,25,13.4
2021-05-22,0.1,14.4,29.4,22.0,2.32,11.9,39,65,18,11.0
2021-05-23,34.3,11.4,16.8,14.1,1.91,9.2,89,97,79,0.0
2021-05-24,0.6,9.3,24.9,16.9,1.69,8.8,61,98,30,14.0
2021-05-25,0.0,10.7,22.7,16.5,2.23,11.2,59,93,35,13.7
2021-05-26,0.3,13.4,23.0,17.3,1.87,9.6,68,91,42,13.4
2021-05-27,1.7,10.4,22.0,15.6,1.58,9.2,67,91,40,8.8
2021-05-28,0.3,13.5,23.1,17.8,2.17,9.6,61,84,44,12.1
2021-05-29,0.0,12.7,26.8,19.5,1.54,8.0,65,95,33,13.1
2021-05-30,0.0,14.7,28.3,20.9,1.76,8.3,57,86,31,9.9
2021-05-31,0.5,14.1,25.9,20.1,1.63,9.4,61,82,38,6.5
2021-06-01,3.3,13.5,26.6,19.1,1.79,13.2,69,93,31,11.0
2021-06-02,0.0,12.9,26.9,19.4,1.84,11.3,69,91,39,14.0
2021-06-03,0.0,13.9,25.8,19.6,1.86,10.0,72,100,44,13.2
2021-06-04,2.8,14.6,27.2,19.7,1.55,8.7,72,100,31,7.0
2021-06-05,11.2,15.3,23.2,18.0,1.46,8.5,84,97,56,5.4
2021-06-06,0.0,12.6,27.3,19.5,1.82,11.0,67,98,31,14.0
2021-06-07,0.0,14.2,29.3,21.4,1.59,8.6,63,88,31,14.0
2021-06-08,0.0,14.5,31.2,23.2,1.8,8.8,47,72,23,14.0
2021-06-09,0.0,16.2,32.3,24.3,1.75,8.0,40,61,23,14.0
2021-06-10,0.0,15.1,30.4,22.8,2.11,10.1,50,82,29,14.0
2021-06-11,0.0,15.1,28.9,21.9,2.56,12.5,49,76,27,14.0
2021-06-12,0.0,15.6,27.8,21.6,2.71,13.6,48,67,28,14.0
2021-06-13,0.0,15.7,29.4,22.6,2.37,12.1,48,71,28,14.0
2021-06-14,0.0,18.7,31.2,24.7,1.53,10.2,31,53,20,14.0
2021-06-15,0.0,17.3,29.1,23.8,2.53,12.9,37,53,26,11.9
2021-06-16,2.1,17.7,30.2,23.7,1.5,11.1,49,89,32,11.1
2021-06-17,11.0,16.6,28.4,21.6,1.4,9.4,64,93,25,10.3
2021-06-18,0.1,15.5,25.4,21.1,2.13,10.5,57,72,41,9.2
2021-06-19,5.4,15.9,26.0,20.5,1.51,9.6,74,98,42,9.6
2021-06-20,0.2,14.4,28.5,21.4,1.39,6.6,57,97,25,13.2
2021-06-21,0.0,14.0,29.8,22.0,1.61,8.0,44,79,19,14.0
2021-06-22,0.0,14.9,27.3,21.0,1.9,10.2,42,59,24,14.0
2021-06-23,0.1,14.9,27.5,20.5,2.23,14.8,53,76,29,14.0
2021-06-24,0.2,15.7,27.8,20.8,2.22,11.9,64,99,33,13.3
2021-06-25,0.0,14.5,29.0,21.5,2.09,10.7,55,81,33,14.0
2021-06-26,0.0,15.9,32.3,23.9,2.18,11.4,40,64,18,14.0
2021-06-27,0.0,15.8,33.4,25.0,2.06,10.5,43,68,24,14.0
2021-06-28,0.0,16.1,32.1,24.9,2.31,13.2,32,48,16,14.0
2021-06-29,0.0,17.0,31.5,24.0,2.47,13.8,34,70,15,14.0
2021-06-30,0.0,15.7,31.0,22.9,2.0,11.6,66,99,35,14.0
2021-07-01,0.0,16.1,32.9,24.8,1.87,10.7,58,98,26,14.0
2021-07-02,0.0,17.6,35.8,27.0,1.89,10.8,42,79,19,14.0
2021-07-03,0.0,18.0,38.2,28.3,1.83,13.8,23,48,7,14.0
2021-07-04,0.0,18.6,38.3,28.8,1.53,9.7,24,39,13,14.0
2021-07-05,0.0,20.8,39.3,29.6,1.93,11.9,27,38,10,14.0
2021-07-06,0.0,20.3,37.9,29.0,2.22,10.6,27,48,8,14.0
2021-07-07,0.1,19.2,29.5,24.6,2.18,13.9,48,69,31,13.1
2021-07-08,0.0,16.4,31.2,23.8,2.38,13.0,63,96,28,13.8
2021-07-09,0.0,17.4,29.9,23.1,2.3,10.7,65,98,35,13.2
2021-07-10,0.0,15.5,36.6,25.9,1.46,9.2,45,80,16,14.0
2021-07-11,0.0,18.9,36.9,28.1,1.95,10.6,45,68,23,14.0
2021-07-12,0.0,23.1,37.9,31.1,3.2,12.6,21,40,8,14.0
2021-07-13,0.0,17.2,30.4,23.6,2.42,11.2,31,69,17,14.0
2021-07-14,0.0,15.0,29.9,22.4,1.98,11.1,60,96,30,14.0
2021-07-15,0.0,15.6,29.2,22.1,2.18,11.9,55,85,34,14.0
2021-07-16,0.0,15.7,34.4,24.9,1.63,10.1,46,76,21,14.0
2021-07-17,0.0,17.3,36.7,26.7,1.86,10.2,46,96,18,13.9
2021-07-18,0.0,17.1,35.6,26.2,1.92,9.6,50,91,21,13.4
2021-07-19,0.0,18.2,33.6,26.0,2.03,10.7,57,92,28,13.9
2021-07-20,0.0,18.9,34.4,26.7,1.96,10.2,47,79,23,13.9
2021-07-21,0.0,18.5,36.3,27.0,2.1,11.0,45,84,14,13.9
2021-07-22,0.0,18.9,36.9,28.0,2.22,11.3,31,57,14,13.9
2021-07-23,0.0,19.5,40.1,29.8,2.21,11.6,26,46,10,13.8
2021-07-24,0.0,22.5,41.1,31.3,2.13,17.5,24,42,8,13.8
2021-07-25,0.0,19.9,33.9,26.9,2.14,11.9,23,52,14,13.8
2021-07-26,1.4,18.8,28.0,22.8,1.72,10.8,65,98,35,13.5
2021-07-27,0.0,16.9,32.6,24.3,1.89,12.0,65,96,31,13.6
2021-07-28,0.0,19.0,33.5,25.6,2.23,13.0,53,77,28,13.6
2021-07-29,0.0,19.4,34.7,25.8,1.49,9.2,56,79,27,13.5
2021-07-30,0.0,19.2,39.4,29.0,1.8,12.6,41,94,10,13.6
2021-07-31,0.0,20.4,34.9,27.6,2.54,12.1,23,35,10,13.6
2021-08-01,0.0,17.0,30.8,24.1,2.06,11.4,40,66,21,13.5
2021-08-02,5.2,17.7,26.5,21.7,1.99,10.0,71,98,39,8.9
2021-08-03,0.0,16.3,31.3,23.4,1.94,10.4,60,95,22,13.3
2021-08-04,0.0,18.2,36.7,26.8,1.61,8.4,40,75,14,11.4
2021-08-05,0.0,20.0,35.1,27.7,2.36,12.5,36,52,23,13.3
2021-08-06,0.0,21.2,38.4,29.3,1.86,11.3,28,49,12,13.3
2021-08-07,0.0,20.1,37.1,28.8,1.63,9.6,27,40,14,13.3
2021-08-08,0.1,20.5,32.3,25.1,3.09,14.7,44,82,28,13.3
2021-08-09,0.3,20.1,29.7,24.0,2.26,9.4,68,93,42,13.0
2021-08-10,0.0,18.8,33.3,25.4,1.45,12.7,57,87,31,8.8
2021-08-11,0.0,21.8,34.0,27.3,1.81,11.4,49,71,30,10.2
2021-08-12,0.0,21.3,40.4,30.3,1.8,11.8,36,65,10,13.0
2021-08-13,0.0,22.5,42.0,32.0,1.97,10.0,22,42,7,13.1
2021-08-14,0.0,23.1,43.3,32.9,1.7,9.0,26,52,5,11.1
2021-08-15,0.0,23.5,41.6,33.3,1.58,10.9,23,52,7,10.7
2021-08-16,0.0,23.5,40.5,32.1,2.76,17.8,25,80,8,13.0
2021-08-17,1.0,21.7,31.6,25.5,3.07,11.8,65,89,37,12.6
2021-08-18,0.2,18.5,32.4,25.1,1.89,7.9,62,93,31,12.7
2021-08-19,1.3,18.6,31.8,24.2,1.66,9.4,66,95,35,12.8
2021-08-20,0.0,18.9,32.4,24.9,1.9,10.5,64,95,33,12.7
2021-08-21,0.0,18.5,34.1,25.7,1.8,10.5,59,100,22,12.2
2021-08-22,0.0,19.2,34.0,26.4,1.7,9.2,45,82,19,9.2
2021-08-23,0.0,21.0,31.4,25.6,2.08,11.2,35,56,17,11.0
2021-08-24,0.0,17.8,30.5,23.2,1.92,10.8,59,87,32,10.6
2021-08-25,0.4,17.6,30.2,23.3,1.84,9.5,62,89,36,12.2
2021-08-26,0.0,17.7,33.4,25.1,1.72,8.6,56,93,25,12.3
2021-08-27,0.0,19.1,36.5,27.5,1.98,10.3,37,63,15,12.4
2021-08-28,0.0,20.7,35.0,27.3,2.21,14.7,30,41,16,12.3
2021-08-29,0.1,18.8,32.0,25.3,1.73,10.4,41,61,25,12.1
2021-08-30,0.0,19.1,31.6,24.0,1.64,9.7,65,90,33,12.1
2021-08-31,0.0,18.4,29.2,23.0,2.03,11.4,71,99,39,12.0
2021-09-01,4.3,18.2,28.3,22.2,1.73,9.7,68,98,45,10.8
2021-09-02,1.7,16.1,27.9,21.6,1.24,6.9,75,100,40,12.0
2021-09-03,0.0,17.5,29.4,22.7,1.73,10.1,70,95,36,12.0
2021-09-04,0.0,18.4,30.6,23.3,1.7,10.1,62,84,33,12.0
2021-09-05,0.0,17.2,31.3,23.6,1.78,9.0,58,89,32,12.0
2021-09-06,0.0,17.9,32.6,24.4,1.82,8.6,48,85,21,10.0
2021-09-07,0.0,18.1,33.9,25.5,2.29,12.4,41,67,18,11.1
2021-09-08,0.0,17.7,32.6,24.7,2.06,10.5,52,86,23,12.0
2021-09-09,0.0,17.8,29.9,23.7,2.69,11.8,43,63,25,12.0
2021-09-10,0.0,17.9,31.1,24.6,2.18,11.2,42,62,21,11.4
2021-09-11,0.0,17.9,31.3,24.7,1.8,10.9,44,66,23,12.0
2021-09-12,0.0,15.9,31.9,23.6,2.01,9.9,46,70,22,12.0
2021-09-13,0.2,18.4,28.5,23.2,1.77,10.9,50,65,37,5.8
2021-09-14,0.7,18.2,26.4,21.6,1.8,12.7,59,79,35,2.0
2021-09-15,5.1,16.9,28.5,21.6,1.21,7.8,59,84,31,11.3
2021-09-16,6.7,15.7,27.4,21.1,1.16,7.1,63,90,30,11.8
2021-09-17,0.2,15.8,26.9,21.3,1.56,8.7,66,100,36,12.0
2021-09-18,0.0,16.4,29.8,22.9,1.95,10.9,50,70,28,12.0
2021-09-19,0.0,15.5,28.4,21.6,1.86,10.7,46,72,28,12.0
2021-09-20,7.8,14.6,26.6,20.2,1.34,8.5,70,97,38,12.0
2021-09-21,35.0,14.5,21.2,17.0,2.1,7.7,80,99,51,9.2
2021-09-22,0.9,13.4,22.1,16.8,2.37,8.0,77,96,53,11.1
2021-09-23,0.5,15.1,24.4,18.9,2.5,9.5,77,96,49,8.1
2021-09-24,1.7,17.5,24.8,20.3,1.64,7.8,83,95,62,6.8
2021-09-25,1.0,17.5,27.5,21.0,1.41,11.2,81,98,50,11.4
2021-09-26,0.0,13.9,25.2,19.4,1.32,6.3,69,97,38,11.8
2021-09-27,0.0,13.5,27.5,20.2,1.48,6.6,60,86,34,11.5
2021-09-28,0.0,13.0,26.9,19.4,1.49,7.0,56,76,28,11.8
2021-09-29,0.0,13.1,27.4,19.6,1.46,9.2,58,97,31,11.7
2021-09-30,0.0,13.8,26.4,19.5,1.58,9.4,76,99,43,11.6
2021-10-01,0.0,13.3,25.8,19.3,1.8,8.5,72,95,44,11.6
2021-10-02,0.1,13.8,26.4,19.9,1.46,8.0,66,84,44,11.4
2021-10-03,5.7,13.3,26.9,19.1,1.57,11.0,65,89,29,9.6
2021-10-04,1.8,10.1,20.3,15.2,2.59,9.7,53,83,31,8.6
2021-10-05,0.0,9.1,25.2,16.5,1.51,6.0,51,69,32,10.8
2021-10-06,0.0,14.2,24.4,18.5,1.39,7.5,64,88,43,11.2
2021-10-07,0.0,13.5,23.4,18.1,1.21,6.9,79,99,51,9.7
2021-10-08,0.3,13.3,23.3,17.4,1.44,8.5,80,99,56,9.0
2021-10-09,0.1,15.3,23.7,18.6,1.53,9.0,76,96,46,10.0
2021-10-10,0.2,14.3,22.2,17.2,1.6,8.6,79,99,47,10.1
2021-10-11,1.6,13.3,21.1,16.5,1.73,9.1,82,99,52,8.7
2021-10-12,0.7,13.3,23.2,17.4,1.64,8.3,75,96,47,7.8
2021-10-13,0.0,10.4,23.6,16.6,1.66,8.0,71,96,39,10.7
2021-10-14,0.0,11.9,23.8,16.8,1.88,8.4,72,100,33,10.3
2021-10-15,0.0,9.5,24.1,16.3,1.93,8.2,67,94,31,10.0
2021-10-16,0.0,10.6,25.4,17.6,1.62,9.9,52,72,28,10.4
2021-10-17,2.2,14.3,23.5,18.0,1.43,7.4,64,90,40,9.0
2021-10-18,0.0,12.9,24.4,17.6,1.59,7.5,72,95,43,10.0
2021-10-19,0.0,13.4,23.5,17.3,1.65,9.3,71,95,36,10.0
2021-10-20,0.0,10.0,25.8,16.6,1.28,6.6,59,92,22,10.3
2021-10-21,0.0,11.8,26.9,18.7,1.91,10.2,52,78,29,8.0
2021-10-22,10.0,11.2,18.4,14.7,2.02,10.6,83,98,58,6.0
2021-10-23,0.0,9.8,20.2,14.4,1.69,6.2,71,90,41,10.1
2021-10-24,0.0,8.4,20.8,13.8,1.67,7.7,71,93,37,10.2
2021-10-25,0.0,8.2,20.9,13.8,1.51,7.2,71,94,39,10.1
2021-10-26,0.0,9.7,19.7,13.6,1.61,8.0,78,95,39,9.7
2021-10-27,0.8,11.1,19.3,14.4,1.57,6.5,80,99,45,10.0
2021-10-28,0.0,7.7,19.7,13.4,2.32,9.7,73,96,43,10.0
2021-10-29,0.1,9.4,22.8,14.8,1.42,8.5,67,92,27,7.8
2021-10-30,14.0,14.5,20.9,17.6,3.2,15.4,74,84,66,0.4
2021-10-31,1.0,16.8,25.1,20.3,2.33,8.6,69,85,48,9.0
2021-11-01,0.5,16.4,23.2,20.0,2.37,10.0,64,78,48,7.5
2021-11-02,0.0,11.3,20.7,15.4,1.59,6.7,68,91,41,5.5
2021-11-03,0.0,7.1,15.1,11.8,2.8,13.2,59,82,36,10.0
2021-11-04,0.6,3.2,13.7,8.4,2.17,11.2,61,90,39,10.0
2021-11-05,0.0,4.5,13.2,8.9,3.06,10.8,54,74,35,10.0
2021-11-06,0.0,4.4,14.7,8.6,3.02,10.5,50,82,23,9.0
2021-11-07,0.0,1.8,16.8,9.1,1.8,8.0,42,70,18,10.0
2021-11-08,0.0,3.5,17.4,9.8,2.27,9.4,57,76,39,9.9
2021-11-09,0.0,6.3,16.0,10.4,1.9,6.2,62,88,40,9.9
2021-11-10,0.0,6.5,18.0,11.7,1.91,7.1,58,90,36,9.9
2021-11-11,0.0,4.3,19.1,11.2,1.64,7.5,53,85,31,9.9
2021-11-12,0.0,7.4,18.1,11.8,1.89,9.0,59,77,38,8.8
2021-11-13,0.0,8.1,18.7,12.7,1.31,5.4,58,76,38,9.9
2021-11-14,0.0,5.6,20.3,11.6,1.58,7.7,60,86,28,9.9
2021-11-15,0.0,6.8,15.9,11.0,3.57,14.4,49,68,26,9.8
2021-11-16,0.0,2.6,15.5,8.8,1.39,6.0,51,73,32,9.8
2021-11-17,0.0,3.2,15.0,9.0,1.55,7.1,66,88,43,9.8
2021-11-18,4.3,6.6,10.1,8.7,1.43,6.2,93,99,82,0.0
2021-11-19,3.3,8.4,12.3,9.7,1.7,8.9,92,97,79,1.6
2021-11-20,15.0,10.1,11.3,10.4,1.95,8.0,95,99,88,0.0
2021-11-21,6.1,7.7,14.2,10.5,1.24,4.7,89,95,73,6.5
2021-11-22,2.8,5.7,14.4,9.1,1.61,6.9,84,93,61,9.7
2021-11-23,6.2,4.2,11.2,7.8,1.39,6.5,72,99,40,9.7
2021-11-24,1.2,0.4,10.4,5.9,1.94,11.1,65,91,37,9.1
2021-11-25,0.0,2.9,13.0,7.1,2.19,10.1,69,87,46,9.7
2021-11-26,0.0,2.4,10.7,6.0,2.59,12.2,70,89,45,9.3
2021-11-27,1.1,3.0,12.9,6.4,3.13,10.9,65,82,41,8.4
2021-11-28,0.0,3.1,9.2,5.5,4.88,14.5,51,64,39,9.5
2021-11-29,0.0,5.7,14.2,9.2,3.36,12.8,64,79,50,6.7
2021-11-30,0.0,2.5,15.0,8.0,1.45,5.8,71,94,43,9.6
2021-12-01,0.0,1.5,16.4,7.6,1.38,5.8,66,87,36,9.6
2021-12-02,0.1,5.7,11.3,8.4,3.63,14.4,61,84,40,8.4
2021-12-03,0.0,4.6,12.7,7.6,3.55,12.6,55,70,43,9.5
2021-12-04,0.0,2.2,16.1,8.1,1.85,7.2,65,83,39,8.8
2021-12-05,0.0,3.0,13.7,8.3,2.9,14.8,64,87,31,9.5
2021-12-06,0.0,4.5,14.8,9.2,2.65,9.4,57,78,36,9.5
2021-12-07,0.0,5.1,18.6,10.4,1.66,6.4,69,89,42,9.5
2021-12-08,0.0,8.6,13.7,11.2,3.41,14.1,58,71,43,8.3
2021-12-09,0.0,6.1,15.2,10.0,3.67,11.0,57,68,36,8.8
2021-12-10,0.0,8.3,15.4,11.9,3.92,12.7,63,70,54,5.8
2021-12-11,0.0,11.2,17.9,13.7,3.02,10.8,54,65,44,9.4
2021-12-12,0.0,6.8,16.3,10.9,1.63,5.4,68,90,43,9.4
2021-12-13,0.0,4.2,15.9,8.6,1.54,5.3,77,92,40,9.4
2021-12-14,0.0,4.0,14.4,8.7,1.02,5.8,68,90,45,9.4
2021-12-15,0.0,3.1,12.0,7.8,1.14,5.6,72,85,60,9.4
2021-12-16,0.7,4.3,11.7,7.7,2.19,8.1,85,97,64,3.1
2021-12-17,5.4,5.1,10.9,7.5,1.54,7.0,90,99,64,1.7
2021-12-18,2.9,6.5,8.9,7.7,1.42,6.5,93,99,84,0.0
2021-12-19,1.2,6.1,10.1,8.3,1.6,6.6,94,99,86,0.8
2021-12-20,0.0,2.3,15.1,8.2,1.12,5.5,80,97,55,9.1
2021-12-21,0.0,7.5,18.3,11.7,1.62,6.2,71,86,49,8.7
2021-12-22,0.7,6.3,15.9,10.4,1.15,6.2,78,94,58,9.2
2021-12-23,0.1,6.5,14.1,10.1,1.26,5.4,87,100,61,8.1
2021-12-24,1.3,7.2,15.2,9.9,0.91,7.3,87,94,69,5.0
2021-12-25,0.7,4.6,14.8,9.3,2.08,8.5,77,92,54,2.2
2021-12-26,5.6,9.4,17.1,12.6,1.88,8.3,72,91,44,6.0
2021-12-27,0.0,11.0,19.3,14.1,2.24,8.6,68,86,40,8.8
2021-12-28,0.0,8.2,19.8,12.7,1.66,8.2,67,87,43,9.1
2021-12-29,0.0,4.7,19.3,10.8,1.36,5.6,49,69,27,9.3
2021-12-30,0.0,6.3,19.8,12.0,0.93,3.8,41,57,25,9.4
2021-12-31,0.0,6.3,21.8,13.2,0.98,3.9,48,70,25,9.4
2022-01-01,0.0,6.1,21.2,12.8,0.9,3.5,38,56,21,9.4
2022-01-02,0.0,5.4,20.8,12.5,1.11,3.4,40,54,26,8.7
2022-01-03,0.0,5.0,20.4,11.0,1.11,3.8,54,83,27,9.4
2022-01-04,0.0,5.7,20.8,11.6,1.61,7.6,63,85,36,9.3
2022-01-05,0.0,4.6,11.2,7.6,3.78,12.8,63,72,45,9.2
2022-01-06,5.5,1.6,12.2,6.0,1.82,7.4,68,94,29,9.2
2022-01-07,0.0,-0.3,12.9,5.7,2.25,9.4,58,80,39,9.5
2022-01-08,0.0,1.6,15.2,7.4,2.1,6.5,52,68,25,9.1
2022-01-09,0.0,1.4,18.3,8.8,1.99,12.9,41,61,26,9.2
2022-01-10,0.0,10.7,17.5,13.7,3.95,15.4,60,70,50,9.2
2022-01-11,0.0,5.7,13.6,9.9,1.9,9.6,70,88,57,7.8
2022-01-12,0.0,4.8,11.6,7.5,1.24,7.0,75,92,47,9.0
2022-01-13,2.4,3.1,10.0,5.9,1.66,8.0,81,96,47,6.6
2022-01-14,0.0,1.1,9.3,5.2,1.29,5.4,78,96,53,8.5
2022-01-15,0.0,1.1,10.4,5.8,1.22,5.8,76,96,52,9.4
2022-01-16,0.0,-1.6,11.3,4.5,1.02,4.8,67,86,43,9.6
2022-01-17,0.0,-1.5,11.0,4.0,1.16,5.5,61,80,38,9.6
2022-01-18,0.0,-1.4,10.3,4.1,1.02,5.2,54,77,33,9.6
2022-01-19,0.0,-1.0,9.5,5.3,0.79,5.2,49,74,33,9.6
2022-01-20,0.0,-2.5,9.2,2.8,1.01,6.2,65,82,38,9.6
2022-01-21,0.0,1.1,10.1,6.1,1.35,5.0,58,81,43,9.6
2022-01-22,0.5,0.6,6.9,4.5,0.98,3.9,96,100,87,0.0
2022-01-23,2.0,4.7,8.6,6.2,1.63,7.2,91,100,73,1.8
2022-01-24,0.2,0.9,10.0,5.0,1.2,5.5,83,99,57,7.2
2022-01-25,2.7,5.7,10.3,6.9,2.13,9.0,86,99,59,4.6
2022-01-26,0.8,5.0,9.3,6.4,1.46,6.1,89,97,76,0.0
2022-01-27,0.0,4.9,10.4,7.1,1.24,6.2,87,98,63,4.7
2022-01-28,0.0,3.0,12.0,6.8,1.33,6.5,74,96,46,9.7
2022-01-29,0.0,0.1,14.2,6.8,1.23,5.6,43,74,24,9.8
2022-01-30,0.0,-0.1,16.1,6.9,1.34,5.1,33,45,16,9.8
2022-01-31,0.0,1.6,19.6,9.3,2.02,9.0,38,59,20,9.9
2022-02-01,0.0,4.8,14.0,8.4,2.95,12.3,50,67,32,9.9
2022-02-02,0.0,3.3,22.1,11.0,1.09,4.4,49,70,22,10.0
2022-02-03,0.0,4.7,21.0,12.0,1.55,6.4,42,68,21,9.8
2022-02-04,0.0,4.0,18.6,10.3,1.7,7.0,48,76,27,9.7
2022-02-05,0.1,7.0,12.7,9.8,1.28,6.0,64,90,52,2.3
2022-02-06,0.9,6.4,14.2,9.5,1.23,7.0,84,99,50,7.9
2022-02-07,0.0,3.1,17.6,9.5,1.18,5.8,61,91,27,10.2
2022-02-08,0.0,4.4,13.8,8.9,1.59,7.8,67,91,46,10.2
2022-02-09,0.0,1.8,12.4,6.8,1.18,5.6,73,92,54,10.3
2022-02-10,0.0,2.1,14.3,8.1,1.04,6.0,71,92,45,10.4
2022-02-11,0.0,4.6,15.8,9.3,1.39,6.5,62,82,31,9.2
2022-02-12,0.0,4.6,15.1,8.2,1.34,7.5,76,100,41,10.4
2022-02-13,0.0,1.1,14.3,8.0,1.63,6.9,71,90,46,10.2
2022-02-14,0.1,5.1,14.9,9.5,2.54,11.7,59,87,24,8.7
2022-02-15,0.0,3.4,16.2,8.9,2.38,8.7,44,68,19,10.6
2022-02-16,0.0,2.2,19.1,10.0,2.21,8.7,46,65,24,10.4
2022-02-17,0.0,3.4,21.5,11.8,1.7,6.3,52,79,26,10.7
2022-02-18,0.0,5.2,22.0,13.0,1.63,7.0,47,75,25,10.7
2022-02-19,2.5,7.9,15.9,11.1,2.44,9.9,59,93,38,6.4
2022-02-20,0.8,3.3,14.8,9.3,1.53,5.7,71,94,40,10.8
2022-02-21,0.0,3.0,20.3,10.8,1.65,8.1,53,84,22,10.8
2022-02-22,0.0,6.4,18.9,12.5,1.8,7.1,28,47,15,10.8
2022-02-23,0.0,2.5,16.4,9.3,1.64,8.2,44,73,25,9.9
2022-02-24,0.0,2.3,19.2,10.9,1.42,7.1,48,73,25,10.8
2022-02-25,2.9,7.8,12.3,9.6,2.18,10.7,80,96,50,1.4
2022-02-26,6.1,4.7,9.3,7.7,2.38,9.8,88,100,60,0.6
2022-02-27,0.1,3.6,12.1,7.5,1.11,5.4,77,94,55,7.2
2022-02-28,0.0,3.4,14.2,8.4,1.37,9.8,72,96,40,9.5
2022-03-01,0.0,2.8,18.8,10.2,1.58,7.7,59,88,27,10.9
2022-03-02,0.0,3.6,20.3,10.9,1.72,8.1,63,91,30,11.0
2022-03-03,2.8,8.0,18.1,11.6,1.65,6.0,57,90,32,4.8
2022-03-04,33.5,5.4,10.5,8.0,3.04,13.9,84,92,70,0.7
2022-03-05,0.2,4.6,11.6,8.3,1.26,6.8,73,92,52,9.3
2022-03-06,9.0,6.2,8.4,7.0,2.37,7.5,91,98,80,0.0
2022-03-07,11.5,6.1,11.8,7.6,1.6,9.1,86,94,60,6.3
2022-03-08,0.9,1.7,13.3,7.3,1.14,7.1,77,96,46,9.1
2022-03-09,0.0,1.1,15.2,7.6,1.39,7.7,74,96,43,10.5
2022-03-10,0.0,3.6,16.0,9.1,1.35,6.7,73,91,49,10.5
2022-03-11,5.7,4.4,15.0,9.4,1.09,6.2,84,96,64,1.6
2022-03-12,1.1,4.7,16.1,10.3,1.63,8.1,67,95,36,11.1
2022-03-13,0.1,7.5,17.3,11.7,1.76,7.7,62,82,36,7.4
2022-03-14,4.7,8.1,15.6,11.0,3.33,13.2,82,97,65,2.8
2022-03-15,2.4,7.7,18.8,12.2,2.81,11.9,77,93,39,4.7
2022-03-16,19.1,9.6,12.7,10.7,2.91,13.2,91,95,81,0.0
2022-03-17,25.1,9.1,11.1,9.6,4.63,14.9,89,94,81,1.0
2022-03-18,10.1,7.8,11.7,9.2,3.54,11.2,83,93,68,1.0
2022-03-19,2.4,7.8,11.5,9.0,2.49,8.6,86,96,69,0.9
2022-03-20,8.7,6.6,11.9,8.8,2.21,10.9,94,100,82,2.1
2022-03-21,12.1,8.5,12.5,9.8,2.13,8.1,94,100,80,2.9
2022-03-22,18.5,7.9,10.3,9.1,2.44,9.9,97,100,88,0.1
2022-03-23,49.1,7.6,9.3,8.3,2.97,9.6,96,100,93,0.0
2022-03-24,17.4,7.5,12.9,9.8,3.12,12.0,94,100,84,0.2
2022-03-25,27.8,8.4,10.5,9.2,2.5,11.7,95,98,89,0.0
2022-03-26,12.8,8.4,11.3,9.2,2.93,9.6,91,100,80,2.3
2022-03-27,0.9,7.3,14.1,10.1,2.12,6.5,79,91,59,7.2
2022-03-28,0.8,5.7,13.2,9.1,1.53,8.5,86,99,74,1.2
2022-03-29,0.9,7.0,18.6,12.2,1.65,8.3,74,97,42,11.9
2022-03-30,11.1,8.1,15.2,11.1,1.63,8.4,84,97,62,4.8
2022-03-31,0.8,6.0,14.6,10.1,3.39,14.0,65,82,40,12.0
2022-04-01,0.1,7.1,13.1,9.5,3.04,11.7,58,80,34,11.7
2022-04-02,0.0,1.7,12.2,6.5,2.69,9.8,44,61,29,12.0
2022-04-03,0.0,-0.2,11.6,5.4,2.29,11.6,50,65,33,10.1
2022-04-04,15.0,3.5,6.2,4.4,3.7,10.7,84,96,61,0.0
2022-04-05,30.2,3.4,4.7,3.9,4.04,11.7,91,97,86,0.0
2022-04-06,1.2,0.3,12.8,6.6,2.36,9.3,74,95,49,12.1
2022-04-07,0.0,5.7,19.9,12.0,2.0,6.4,55,72,33,12.1
2022-04-08,0.0,6.5,22.0,13.7,1.71,6.9,59,82,30,12.0
2022-04-09,0.0,7.9,20.8,14.7,1.68,7.1,64,85,44,12.0
2022-04-10,0.1,9.1,18.6,13.4,2.08,10.4,79,93,57,12.1
2022-04-11,0.0,6.5,19.5,11.7,1.69,9.5,81,100,58,11.9
2022-04-12,6.3,9.1,15.5,11.5,1.49,8.1,85,96,54,4.2
2022-04-13,13.6,8.3,17.5,12.3,3.05,14.3,69,88,48,11.0
2022-04-14,3.4,10.0,17.6,12.8,3.56,12.5,71,89,46,5.9
2022-04-15,0.0,10.3,19.2,14.7,2.67,10.0,54,74,37,11.3
2022-04-16,0.0,10.6,24.5,17.1,1.38,6.1,55,74,36,12.2
2022-04-17,0.0,10.3,24.9,17.6,1.68,8.0,52,75,27,12.0
2022-04-18,0.3,9.8,23.8,16.4,1.21,5.9,69,89,38,12.2
2022-04-19,9.2,10.0,21.0,14.7,1.7,8.9,78,99,51,11.0
2022-04-20,9.5,7.6,13.4,9.6,2.96,16.0,74,95,37,5.9
2022-04-21,0.0,6.8,17.0,11.7,3.63,14.7,52,68,36,12.5
2022-04-22,0.0,6.2,18.1,11.8,3.01,14.9,61,86,34,5.4
2022-04-23,2.7,8.1,14.6,11.5,4.3,16.1,58,85,38,10.9
2022-04-24,0.0,4.4,18.9,12.0,1.94,7.3,62,86,40,12.2
2022-04-25,0.0,8.7,21.6,14.7,1.81,9.7,56,81,33,12.4
2022-04-26,0.0,7.1,19.9,13.5,1.6,7.8,57,88,29,11.2
2022-04-27,7.5,9.1,14.6,11.8,1.3,6.6,79,90,51,0.6
2022-04-28,8.6,9.5,12.8,10.9,1.71,8.4,89,100,77,2.0
2022-04-29,1.4,9.3,20.0,13.6,3.21,11.9,67,91,35,13.0
2022-04-30,0.0,7.8,22.2,15.3,0.99,4.3,59,83,36,12.5
2022-05-01,0.0,10.2,24.1,17.6,1.73,6.9,58,81,35,10.6
2022-05-02,18.8,10.8,20.4,14.9,1.71,8.1,72,97,43,12.1
2022-05-03,10.9,7.8,17.3,12.0,1.75,8.7,83,100,57,10.0
2022-05-04,16.3,10.6,14.0,11.4,2.56,11.8,90,94,79,0.9
2022-05-05,6.6,9.9,21.0,14.6,2.73,9.3,67,87,37,11.9
2022-05-06,0.0,7.3,23.3,15.3,1.83,9.2,61,84,27,13.6
2022-05-07,0.0,8.9,21.5,15.2,1.76,9.0,65,92,46,13.7
2022-05-08,0.0,8.9,23.7,16.4,1.77,7.8,60,84,38,13.6
2022-05-09,0.0,9.8,22.9,16.4,1.88,8.3,61,85,42,13.8
2022-05-10,0.0,9.3,23.9,16.6,2.0,7.9,60,83,39,13.8
2022-05-11,0.0,11.1,24.5,17.3,1.95,8.3,55,74,35,13.9
2022-05-12,0.0,9.4,23.0,16.4,1.6,7.7,58,87,38,12.3
2022-05-13,0.1,12.1,27.3,19.5,1.66,7.4,63,88,37,13.5
2022-05-14,0.0,11.9,26.9,19.8,1.51,7.6,56,83,33,13.6
2022-05-15,0.0,11.9,28.1,19.8,1.46,8.6,56,79,32,13.3
2022-05-16,0.0,13.0,28.7,20.9,1.5,6.8,62,89,33,13.8
2022-05-17,0.0,15.8,29.6,23.0,1.29,8.2,53,78,34,13.9
2022-05-18,0.0,15.6,29.8,22.7,2.08,9.5,56,77,32,14.0
2022-05-19,0.0,13.8,27.6,20.6,2.04,9.7,51,76,31,14.0
2022-05-20,0.0,15.3,27.9,21.4,1.72,8.9,50,71,34,14.0
2022-05-21,0.0,15.0,30.5,22.3,1.8,9.0,49,71,28,13.4
2022-05-22,0.0,15.0,32.9,24.2,1.67,12.9,39,61,16,12.0
2022-05-23,0.0,16.4,28.9,22.6,1.45,7.4,50,81,31,14.0
2022-05-24,0.0,14.4,29.8,22.0,2.17,9.7,44,71,18,12.4
2022-05-25,0.0,12.7,22.0,17.2,3.74,12.4,43,69,27,14.0
2022-05-26,0.0,10.0,23.0,16.8,1.61,8.1,58,85,34,14.0
2022-05-27,0.0,11.8,27.4,20.1,1.73,10.5,47,74,27,14.0
2022-05-28,0.0,13.3,30.4,21.9,2.0,10.2,46,71,25,13.9
2022-05-29,0.0,15.5,31.7,23.8,1.66,10.2,37,60,16,14.0
2022-05-30,0.0,14.1,26.7,21.1,2.5,9.9,43,64,29,14.0
2022-05-31,0.0,15.0,30.6,22.4,2.06,10.3,47,68,25,14.0
2022-06-01,0.0,14.1,30.8,22.4,2.02,9.5,58,85,31,14.0
2022-06-02,0.0,15.3,31.0,23.4,1.35,8.2,53,86,21,10.1
2022-06-03,0.0,15.3,29.8,22.5,1.77,9.3,56,84,31,14.0
2022-06-04,0.0,13.6,30.1,22.5,1.65,7.6,47,74,29,14.0
2022-06-05,0.0,14.3,28.9,22.0,1.86,8.8,42,62,28,14.0
2022-06-06,0.0,15.4,30.7,23.5,2.04,10.5,42,68,24,14.0
2022-06-07,0.0,15.3,32.7,24.6,1.82,10.6,35,62,21,13.7
2022-06-08,0.0,16.2,33.2,25.2,1.73,10.8,41,63,24,13.6
2022-06-09,0.0,19.6,31.0,24.9,2.14,9.5,46,63,32,14.0
2022-06-10,0.0,17.4,31.3,24.1,1.73,7.8,56,85,32,14.0
2022-06-11,0.0,15.6,30.8,23.8,1.97,9.0,46,75,27,14.0
2022-06-12,0.0,15.1,33.0,24.3,1.91,9.3,36,59,18,14.0
2022-06-13,0.0,17.2,35.5,26.4,2.15,10.5,28,52,16,14.0
2022-06-14,0.0,18.9,38.1,28.2,2.0,10.0,31,59,12,13.9
2022-06-15,0.0,21.6,36.0,28.3,2.34,10.4,36,60,19,12.6
2022-06-16,0.0,20.6,35.0,27.9,2.07,10.3,37,56,19,14.0
2022-06-17,0.0,18.7,35.6,27.5,1.93,9.7,32,57,15,14.0
2022-06-18,0.0,18.2,34.7,27.0,2.29,10.8,29,44,19,14.0
2022-06-19,0.0,17.9,34.0,25.5,2.16,11.0,39,64,25,14.0
2022-06-20,0.4,16.8,33.4,25.4,2.1,11.6,48,76,22,14.0
2022-06-21,1.1,18.6,29.5,23.0,1.65,9.7,60,84,32,11.5
2022-06-22,0.0,15.8,29.6,22.2,1.97,11.2,59,100,14,14.0
2022-06-23,0.0,14.1,30.2,22.3,2.0,12.5,42,66,19,14.0
2022-06-24,0.0,14.9,30.7,22.9,2.04,8.5,42,70,21,14.0
2022-06-25,0.0,15.6,32.9,24.4,1.61,8.5,37,61,15,14.0
2022-06-26,0.0,15.6,33.1,24.2,1.81,11.1,42,79,17,14.0
2022-06-27,0.0,16.3,30.3,23.1,1.94,10.5,43,75,20,14.0
2022-06-28,0.0,17.1,31.2,23.6,1.94,10.0,63,96,30,14.0
2022-06-29,0.0,17.3,32.3,24.3,2.0,10.2,54,84,25,14.0
2022-06-30,0.0,17.1,31.6,24.6,2.12,12.4,48,74,27,14.0
2022-07-01,0.0,17.2,28.8,22.7,2.42,11.1,60,79,43,14.0
2022-07-02,0.0,16.6,30.2,23.0,2.06,9.7,65,98,38,14.0
2022-07-03,0.0,17.9,34.1,26.3,1.95,11.1,54,88,29,14.0
2022-07-04,0.5,19.5,35.4,27.1,1.98,13.5,51,79,21,14.0
2022-07-05,0.3,19.3,33.7,26.0,1.56,9.1,58,79,34,11.0
2022-07-06,0.7,20.4,30.7,25.2,2.37,12.2,69,99,38,12.9
2022-07-07,0.2,20.3,29.8,24.4,1.57,8.3,69,98,38,13.8
2022-07-08,0.0,17.5,32.0,24.7,2.11,9.5,56,86,28,14.0
2022-07-09,0.0,17.9,32.1,24.9,1.86,9.2,45,65,26,14.0
2022-07-10,0.0,18.2,33.6,25.8,1.96,9.1,50,85,25,14.0
2022-07-11,0.0,18.5,33.2,26.2,2.37,9.6,35,60,19,14.0
2022-07-12,0.0,17.3,32.6,25.3,1.75,8.1,39,60,23,14.0
2022-07-13,0.0,18.9,34.9,27.0,2.05,9.1,34,63,18,14.0
2022-07-14,0.0,18.7,36.9,28.4,2.07,8.3,27,40,18,14.0
2022-07-15,0.0,18.2,34.2,26.6,1.82,9.3,35,56,19,14.0
2022-07-16,0.0,20.6,34.6,27.6,1.86,9.2,34,57,19,14.0
2022-07-17,0.0,19.8,33.6,27.0,2.16,9.3,34,55,20,14.0
2022-07-18,0.0,18.0,34.9,26.6,2.15,9.7,37,55,19,13.9
2022-07-19,0.0,19.0,35.8,27.3,1.94,8.8,39,61,19,13.9
2022-07-20,0.0,20.3,33.3,26.3,2.21,10.6,49,75,30,13.9
2022-07-21,0.0,19.2,33.6,26.1,1.88,10.0,53,85,26,13.9
2022-07-22,0.0,18.7,36.4,27.6,2.15,10.3,45,76,18,13.9
2022-07-23,0.0,21.0,36.1,28.4,2.06,11.2,37,67,20,13.9
2022-07-24,0.0,19.9,36.8,28.6,2.02,10.3,37,63,19,13.8
2022-07-25,0.0,22.9,39.5,32.0,1.67,9.9,23,41,12,13.7
2022-07-26,0.1,21.2,37.0,28.6,2.3,13.8,29,69,15,13.8
2022-07-27,0.2,20.8,34.1,26.3,1.92,11.4,68,99,28,11.0
2022-07-28,0.1,19.1,35.1,26.6,2.01,9.5,62,98,28,13.6
2022-07-29,0.0,19.8,35.8,27.2,2.01,9.9,62,99,25,13.4
2022-07-30,0.0,20.9,33.0,25.6,2.11,10.1,71,99,41,9.6
2022-07-31,0.0,19.6,32.8,25.7,1.92,10.8,65,96,28,12.1
2022-08-01,0.0,20.5,34.9,26.8,1.89,9.5,59,84,29,13.4
2022-08-02,0.0,19.9,36.0,27.6,1.75,8.0,45,75,21,13.4
2022-08-03,0.0,19.9,36.3,28.0,2.12,9.2,35,55,18,13.4
2022-08-04,0.0,18.7,34.8,26.9,2.25,9.4,36,53,21,13.4
2022-08-05,0.0,18.5,35.5,26.6,2.18,12.1,40,61,17,13.3
2022-08-06,0.0,18.6,34.5,26.1,2.08,10.9,46,72,21,13.3
2022-08-07,0.0,18.2,35.0,26.5,2.13,10.9,41,71,18,13.3
2022-08-08,0.0,19.5,34.2,26.2,2.15,11.3,46,65,25,13.3
2022-08-09,0.0,18.9,33.8,26.4,2.24,11.2,51,81,26,13.1
2022-08-10,0.0,20.4,32.9,26.0,2.37,12.2,48,69,30,13.1
2022-08-11,0.0,19.0,33.6,26.3,2.19,11.1,46,74,27,13.2
2022-08-12,0.0,19.3,38.3,28.3,1.64,7.8,38,60,14,11.6
2022-08-13,0.0,24.1,39.0,29.4,3.01,15.2,29,41,14,13.0
2022-08-14,0.0,21.2,37.4,28.5,1.84,11.5,35,55,15,13.0
2022-08-15,0.0,20.3,35.2,27.2,1.79,8.0,27,42,12,13.1
2022-08-16,0.0,19.1,34.7,26.6,1.78,8.7,26,42,11,13.0
2022-08-17,0.2,19.1,30.2,24.8,2.12,8.8,33,46,23,12.5
2022-08-18,0.0,17.3,31.1,23.4,2.4,12.7,37,54,20,12.9
2022-08-19,0.0,16.3,31.9,24.1,1.84,9.7,46,65,31,12.9
2022-08-20,0.0,16.8,33.6,24.9,1.73,9.5,53,86,24,12.8
2022-08-21,0.0,18.0,37.5,27.7,2.02,11.1,34,69,12,12.8
2022-08-22,0.0,21.7,32.6,26.9,2.09,9.3,37,66,28,12.6
2022-08-23,0.0,18.4,33.5,25.2,1.63,8.7,62,92,30,12.4
2022-08-24,0.0,18.1,34.4,25.9,1.63,8.0,54,85,21,11.7
2022-08-25,0.0,18.2,33.8,25.9,1.78,11.6,51,88,22,12.4
2022-08-26,1.9,18.6,31.4,24.3,1.85,10.2,66,95,34,12.3
2022-08-27,0.0,19.0,30.1,23.8,2.01,10.6,59,83,31,12.2
2022-08-28,0.0,17.4,31.5,23.8,2.11,11.1,65,92,33,12.3
2022-08-29,0.1,18.7,32.7,25.3,1.75,10.8,54,86,23,8.7
2022-08-30,0.7,19.4,36.1,26.5,1.53,11.9,55,92,22,10.0
2022-08-31,1.4,18.0,34.0,26.4,1.69,8.5,54,91,23,12.1
2022-09-01,0.0,18.7,35.0,26.1,2.04,10.6,44,66,15,11.6
2022-09-02,0.2,20.0,32.5,25.8,1.77,9.4,38,69,25,10.0
2022-09-03,1.0,18.3,30.2,23.6,1.87,10.9,45,63,30,10.5
2022-09-04,0.0,16.6,32.3,23.7,1.63,9.8,44,66,20,12.0
2022-09-05,0.0,17.3,34.0,24.6,1.75,12.3,41,68,13,12.0
2022-09-06,0.0,16.3,32.0,24.5,1.89,10.4,38,61,22,12.0
2022-09-07,0.0,15.7,33.8,24.3,1.98,12.3,37,58,13,12.0
2022-09-08,0.0,15.9,32.3,23.8,2.21,10.8,33,48,18,12.0
2022-09-09,0.0,18.3,32.4,25.0,1.91,10.0,44,65,28,12.0
2022-09-10,0.0,19.4,32.5,25.2,1.92,9.5,47,75,25,12.0
2022-09-11,0.0,18.0,33.7,25.3,1.59,9.1,53,82,23,10.9
2022-09-12,0.0,18.7,33.4,25.7,1.82,10.1,43,70,23,9.8
2022-09-13,5.3,20.0,25.0,22.2,1.23,9.8,79,94,56,2.3
2022-09-14,0.1,19.2,26.9,22.0,1.71,10.4,67,91,36,7.8
2022-09-15,0.0,14.9,29.0,21.7,1.51,7.5,52,80,28,11.8
2022-09-16,0.1,17.1,29.7,22.5,1.77,8.2,52,72,28,11.7
2022-09-17,0.2,16.5,29.3,22.3,2.11,11.1,57,94,30,12.0
2022-09-18,4.8,18.1,26.0,20.7,2.28,9.7,80,98,50,6.9
2022-09-19,0.1,16.3,27.5,21.4,1.54,7.5,67,96,40,11.8
2022-09-20,0.0,15.2,29.7,21.6,1.88,9.4,59,82,29,12.0
2022-09-21,1.3,16.8,24.7,20.5,1.26,7.3,63,81,45,9.9
2022-09-22,0.0,14.7,28.6,21.4,1.88,7.3,60,90,25,11.9
2022-09-23,0.0,14.4,28.2,21.0,1.64,7.5,64,93,31,11.6
2022-09-24,0.3,14.6,30.9,22.5,1.2,6.9,49,75,18,11.9
2022-09-25,18.6,15.1,23.3,17.8,1.45,9.7,74,93,45,2.7
2022-09-26,7.5,13.6,23.1,16.9,1.45,7.6,82,100,50,10.1
2022-09-27,0.0,11.9,25.1,17.8,2.05,8.8,52,98,26,11.8
2022-09-28,0.0,13.3,26.4,19.3,2.19,8.0,40,56,25,11.8
2022-09-29,5.7,11.9,23.1,17.5,1.98,11.1,54,84,31,10.1
2022-09-30,0.5,11.9,21.4,15.9,3.31,12.1,52,92,25,11.7
2022-10-01,0.0,10.9,22.7,16.4,1.61,5.8,42,60,21,11.7
2022-10-02,0.0,8.4,26.2,17.1,1.49,7.3,58,86,31,11.6
2022-10-03,0.0,14.0,27.3,19.8,1.35,8.6,55,79,29,9.2
2022-10-04,0.0,14.5,26.6,20.1,1.55,7.0,52,86,31,11.0
2022-10-05,0.2,15.1,23.9,18.9,1.36,7.8,77,93,53,8.7
2022-10-06,8.8,15.1,21.7,17.2,1.43,9.1,84,98,53,9.3
2022-10-07,0.1,12.3,23.1,17.4,1.52,6.8,73,96,46,10.8
2022-10-08,0.0,13.8,24.0,18.5,1.4,7.1,71,93,44,10.6
2022-10-09,3.9,14.2,23.6,17.3,1.37,7.9,81,97,53,8.6
2022-10-10,2.4,12.4,21.1,16.4,1.24,8.5,84,95,61,9.3
2022-10-11,0.0,12.5,21.3,16.6,1.77,7.6,75,95,55,10.4
2022-10-12,0.0,11.6,22.1,16.5,1.84,7.8,75,94,51,10.1
2022-10-13,0.0,11.3,23.5,17.3,1.44,7.1,64,92,34,10.7
2022-10-14,0.0,12.0,26.4,18.8,1.66,7.2,51,76,26,10.6
2022-10-15,0.1,12.5,28.8,19.7,1.61,7.3,46,62,26,10.6
2022-10-16,0.1,12.1,28.9,18.9,1.84,17.0,56,78,22,8.0
2022-10-17,0.0,15.4,28.3,20.7,1.66,7.1,57,90,27,10.0
2022-10-18,0.0,13.3,28.7,20.1,1.38,7.4,68,93,39,10.0
2022-10-19,0.0,15.7,30.0,21.8,1.82,9.6,54,91,27,10.1
2022-10-20,0.3,16.7,25.9,20.1,1.39,7.3,77,100,42,5.0
2022-10-21,0.2,15.3,28.7,20.4,1.78,10.9,56,83,22,9.5
2022-10-22,0.0,14.6,28.0,20.3,2.41,13.5,58,88,28,8.9
2022-10-23,0.0,14.9,28.9,21.5,2.14,9.0,37,57,18,8.4
2022-10-24,0.0,16.6,30.3,22.4,2.46,11.6,30,43,15,10.0
2022-10-25,0.0,14.6,30.5,21.8,2.92,15.3,33,53,13,10.0
2022-10-26,0.0,16.3,28.5,21.5,1.55,6.4,36,46,22,8.0
2022-10-27,0.0,13.0,27.0,19.7,1.52,7.8,44,67,24,10.0
2022-10-28,0.0,12.4,25.4,18.1,1.39,7.8,50,67,32,9.6
2022-10-29,0.0,11.2,21.9,16.1,1.15,7.2,66,81,52,9.9
2022-10-30,0.0,12.5,22.4,16.4,1.35,7.6,77,93,60,9.7
2022-10-31,0.3,13.9,25.7,17.8,1.06,8.3,74,91,32,7.0
2022-11-01,0.0,13.2,24.5,18.8,1.72,9.1,51,67,35,9.6
2022-11-02,0.0,13.9,23.1,17.6,1.32,7.4,76,92,50,10.0
2022-11-03,0.0,11.2,22.9,17.0,1.07,7.1,71,97,40,8.5
2022-11-04,0.0,12.6,21.7,16.3,1.86,9.1,56,82,27,7.9
2022-11-05,0.0,7.1,21.3,13.5,1.67,6.5,32,62,17,10.0
2022-11-06,0.0,6.8,22.6,13.7,1.15,5.8,32,48,17,10.0
2022-11-07,0.0,8.3,22.4,14.0,1.37,6.4,39,60,22,10.0
2022-11-08,0.0,6.9,19.8,12.8,1.22,6.6,58,77,40,8.0
2022-11-09,2.0,8.9,21.7,14.0,1.29,7.5,60,93,38,8.1
2022-11-10,0.6,7.6,18.1,12.5,1.78,7.0,72,91,45,9.9
2022-11-11,4.0,9.7,14.6,11.9,1.61,6.6,90,97,75,2.6
2022-11-12,16.4,11.1,17.1,13.7,1.42,7.0,91,99,78,3.9
2022-11-13,0.0,12.2,20.3,15.2,1.36,5.6,81,99,47,9.9
2022-11-14,0.0,7.6,20.6,13.6,1.51,7.9,70,92,43,9.8
2022-11-15,0.0,10.1,22.6,15.0,2.27,9.3,68,91,37,6.5
2022-11-16,0.5,14.3,18.7,16.1,2.11,9.3,65,81,39,6.5
2022-11-17,0.0,13.6,22.4,17.9,3.06,11.1,61,85,43,9.6
2022-11-18,1.0,10.2,17.1,13.9,2.11,10.6,69,93,46,1.5
2022-11-19,0.0,7.2,12.7,9.7,4.4,15.8,51,65,31,9.8
2022-11-20,0.0,5.1,18.2,10.8,2.41,9.6,59,77,39,9.8
2022-11-21,1.2,8.8,18.7,13.3,2.93,13.7,68,88,47,6.0
2022-11-22,0.0,6.3,14.6,11.5,2.48,16.3,55,71,39,7.0
2022-11-23,0.0,12.3,20.4,15.6,2.66,11.5,65,76,47,7.5
2022-11-24,0.0,9.9,21.1,14.3,1.55,5.0,74,93,46,9.2
2022-11-25,0.0,9.4,19.5,13.1,1.94,9.5,67,94,41,8.7
2022-11-26,0.0,6.0,17.1,10.8,1.49,5.8,47,68,26,9.7
2022-11-27,0.0,3.9,16.8,9.4,1.04,4.4,47,68,24,9.6
2022-11-28,0.0,6.3,14.9,10.2,3.24,11.6,51,73,30,9.6
2022-11-29,0.0,3.3,15.5,8.6,2.08,7.9,54,72,31,9.6
2022-11-30,0.0,4.0,14.0,8.7,1.4,5.9,59,72,42,9.6
2022-12-01,0.6,6.0,10.7,8.2,1.26,5.0,77,91,65,2.2
2022-12-02,1.3,6.4,9.2,7.8,2.68,8.9,86,91,75,1.3
2022-12-03,0.2,2.4,13.7,7.4,1.56,7.0,76,92,47,7.8
2022-12-04,2.6,3.6,15.1,9.1,1.3,6.9,79,92,60,9.5
2022-12-05,0.1,5.3,14.3,9.4,1.12,5.8,84,93,66,5.9
2022-12-06,4.6,7.7,13.9,10.6,1.0,7.1,90,97,73,7.4
2022-12-07,0.0,5.2,16.7,10.3,1.15,5.1,80,95,47,7.8
2022-12-08,0.1,7.6,16.8,11.6,2.51,11.8,81,94,58,5.8
2022-12-09,0.3,8.7,16.5,12.0,2.49,11.0,77,91,57,4.8
2022-12-10,0.0,7.5,16.3,11.0,2.05,10.3,72,92,47,7.9
2022-12-11,5.2,8.0,15.8,11.4,1.84,7.5,78,93,62,6.3
2022-12-12,0.5,8.8,20.1,13.9,2.46,12.9,74,88,49,7.4
2022-12-13,0.0,15.5,21.4,17.8,3.44,15.4,68,81,49,6.8
2022-12-14,0.1,10.4,18.1,14.5,1.87,9.5,73,86,57,4.6
2022-12-15,0.2,6.8,16.1,11.5,2.13,10.0,70,88,43,7.4
2022-12-16,0.1,4.4,14.5,8.7,1.45,5.4,76,92,50,9.3
2022-12-17,0.8,5.4,15.0,8.8,1.3,6.8,82,95,57,9.0
2022-12-18,0.0,3.8,15.5,9.0,1.29,5.9,77,95,49,9.4
2022-12-19,0.0,4.6,14.3,8.6,1.45,5.6,82,96,59,9.2
2022-12-20,0.0,2.6,16.4,8.7,1.18,5.0,78,99,47,9.1
2022-12-21,0.0,6.6,18.1,11.3,1.64,6.1,69,90,39,6.8
2022-12-22,0.0,6.0,19.3,11.6,1.21,5.6,73,90,46,9.3
2022-12-23,0.0,6.7,21.6,12.2,1.21,5.0,69,92,39,9.3
2022-12-24,0.0,7.3,20.2,12.4,1.43,5.6,62,87,36,9.4
2022-12-25,0.0,7.4,19.1,12.1,1.65,6.0,51,69,29,9.4
2022-12-26,0.0,6.0,19.7,13.2,1.25,5.7,54,80,34,9.1
2022-12-27,0.0,6.9,18.6,14.3,0.77,4.7,43,64,27,9.3
2022-12-28,0.0,4.7,17.2,9.4,1.38,5.3,55,70,32,9.3
2022-12-29,0.0,2.5,17.8,9.3,1.43,6.7,55,85,29,9.2
2022-12-30,0.0,6.6,18.0,10.9,1.65,5.1,57,81,30,8.8
2022-12-31,0.0,4.4,18.3,10.3,1.26,5.3,46,62,28,9.3
2023-01-01,0.0,4.4,18.4,9.8,1.13,4.7,44,61,24,8.0
2023-01-02,0.1,4.5,16.6,10.1,1.32,5.6,49,71,32,8.9
2023-01-03,0.7,7.1,15.1,11.4,1.17,5.6,72,90,55,9.0
2023-01-04,0.0,4.4,13.8,8.6,0.96,5.9,82,93,62,9.2
2023-01-05,0.0,2.1,13.4,6.9,1.28,6.2,84,96,61,9.0
2023-01-06,0.0,1.4,14.8,7.3,1.18,5.8,74,92,45,9.4
2023-01-07,0.0,1.8,15.8,7.9,1.6,7.9,66,87,34,9.5
2023-01-08,2.1,6.6,18.5,12.8,3.17,12.5,71,84,49,3.8
2023-01-09,0.0,8.4,18.4,15.0,3.02,12.3,63,86,47,7.4
2023-01-10,0.0,4.4,18.9,10.4,1.33,5.6,72,96,39,9.4
2023-01-11,0.0,3.8,17.1,10.5,1.94,8.3,63,83,40,9.4
2023-01-12,0.0,6.9,14.3,9.8,1.44,6.0,71,86,50,9.2
2023-01-13,0.0,2.7,16.2,8.4,1.31,6.7,64,89,35,9.3
2023-01-14,0.0,1.9,16.1,7.7,1.23,5.7,61,81,34,9.5
2023-01-15,0.0,2.6,17.4,9.1,2.06,10.4,55,78,37,9.4
2023-01-16,0.0,3.2,13.2,8.3,3.2,14.8,62,87,38,7.1
2023-01-17,0.0,9.3,15.8,12.0,5.03,19.9,54,63,43,7.0
2023-01-18,0.1,4.3,8.9,6.4,6.09,17.4,52,65,39,9.4
2023-01-19,0.0,2.8,11.4,6.1,3.64,13.8,47,58,24,9.6
2023-01-20,0.0,6.8,15.1,10.9,4.03,16.0,62,84,45,7.9
2023-01-21,0.0,3.4,13.7,8.5,2.27,11.5,60,89,22,8.9
2023-01-22,0.0,1.3,8.9,4.5,3.75,13.8,36,47,22,9.6
2023-01-23,0.0,1.7,8.0,4.4,3.5,11.8,38,51,29,9.2
2023-01-24,0.0,-0.9,6.4,2.3,1.84,7.7,73,91,53,9.2
2023-01-25,0.0,-0.5,9.1,3.5,3.06,11.5,65,88,43,8.2
2023-01-26,0.0,-0.2,8.5,5.0,3.5,12.5,56,72,42,6.2
2023-01-27,0.0,-1.1,11.0,4.9,2.6,9.6,53,80,29,9.7
2023-01-28,0.0,-1.7,9.7,3.7,1.87,7.8,52,74,32,9.7
2023-01-29,0.0,-2.1,8.1,3.0,1.6,6.6,69,93,47,9.6
2023-01-30,0.0,-2.5,10.5,3.4,1.26,6.2,74,99,39,9.8
2023-01-31,0.0,-2.6,14.6,5.5,1.32,6.0,49,90,15,9.9
2023-02-01,0.0,-1.2,11.6,6.1,1.26,5.4,48,83,32,9.9
2023-02-02,0.0,1.0,12.7,6.3,1.24,5.8,64,87,33,9.7
2023-02-03,0.0,1.4,13.8,7.2,1.22,6.1,36,52,23,10.0
2023-02-04,0.0,2.3,17.7,9.6,0.97,4.5,31,58,11,10.1
2023-02-05,0.0,1.3,14.9,7.8,1.42,5.8,39,81,21,10.1
2023-02-06,9.2,-0.7,9.1,3.4,2.2,9.5,78,98,54,8.4
2023-02-07,10.1,2.3,6.7,4.5,1.54,6.8,90,96,79,0.0
2023-02-08,1.9,3.1,10.2,6.1,2.03,7.3,84,95,63,4.9
2023-02-09,3.8,3.5,7.7,5.9,1.86,7.8,87,96,73,3.1
2023-02-10,1.6,1.6,7.1,4.5,1.68,8.8,84,97,64,7.4
2023-02-11,7.8,0.2,6.0,3.7,1.99,10.1,94,98,87,1.0
2023-02-12,0.7,3.4,7.9,5.6,1.51,6.9,90,97,77,1.5
2023-02-13,0.7,2.7,8.9,5.6,1.45,6.8,90,97,78,0.0
2023-02-14,2.1,5.3,7.6,6.5,1.08,6.1,94,100,86,0.0
2023-02-15,0.7,5.4,9.8,7.4,1.68,5.8,89,98,77,0.0
2023-02-16,0.0,4.7,13.2,7.9,1.31,6.3,79,97,52,10.1
2023-02-17,0.0,3.8,12.9,8.0,1.39,7.4,77,89,57,10.7
2023-02-18,5.0,5.2,13.2,8.8,1.01,7.9,82,99,58,9.5
2023-02-19,0.1,3.8,15.7,9.0,1.18,7.3,70,90,47,10.7
2023-02-20,0.0,5.4,16.0,10.4,1.23,7.4,58,89,41,10.8
2023-02-21,20.3,4.7,18.8,10.3,1.24,7.7,77,90,40,8.7
2023-02-22,0.5,3.7,18.2,10.5,1.62,6.2,71,95,39,10.8
2023-02-23,0.0,3.3,16.9,9.2,1.26,7.1,70,90,32,10.8
2023-02-24,0.0,2.3,12.1,6.7,1.82,7.7,56,69,41,9.2
2023-02-25,3.6,0.8,9.9,4.9,2.01,8.2,56,70,35,7.6
2023-02-26,0.0,0.2,11.2,5.2,2.95,12.4,62,85,38,10.9
2023-02-27,0.0,-0.2,8.0,3.7,3.65,13.3,40,56,22,10.9
2023-02-28,0.0,-0.9,12.1,4.5,2.93,10.4,39,59,21,10.9
2023-03-01,0.0,-1.6,10.7,4.3,1.65,11.3,48,66,35,10.9
2023-03-02,0.1,-0.5,11.1,4.6,2.89,13.3,42,61,24,10.9
2023-03-03,0.0,0.4,14.8,6.7,1.94,6.9,44,62,23,11.0
2023-03-04,0.0,-1.3,14.3,6.4,1.67,7.7,57,86,39,11.0
2023-03-05,0.8,0.8,16.7,7.9,1.23,6.7,62,90,28,6.9
2023-03-06,3.3,4.6,15.9,9.9,1.89,10.0,68,91,39,9.4
2023-03-07,0.0,7.7,17.8,12.1,1.93,8.1,64,91,39,10.8
2023-03-08,0.0,7.9,23.9,14.7,2.17,8.6,65,85,36,10.1
2023-03-09,0.9,10.0,20.1,14.4,2.43,10.6,62,79,47,4.9
2023-03-10,0.0,8.4,21.6,14.8,2.45,10.7,54,82,26,11.0
2023-03-11,0.0,9.1,25.3,15.8,2.03,10.8,53,71,27,11.1
2023-03-12,0.0,8.9,24.8,16.7,2.05,8.6,59,86,37,11.1
2023-03-13,0.0,11.0,27.1,17.8,1.82,8.5,51,77,15,11.2
2023-03-14,0.0,6.7,21.7,14.1,2.07,7.8,45,73,16,11.2
2023-03-15,0.0,8.6,21.6,14.0,1.73,8.5,44,60,26,11.3
2023-03-16,0.0,5.9,22.7,13.7,1.84,9.5,47,71,22,11.4
2023-03-17,0.0,5.6,20.1,12.3,1.8,10.9,51,71,30,11.2
2023-03-18,0.6,7.9,17.5,12.1,1.38,6.9,60,81,30,8.7
2023-03-19,0.1,6.5,17.5,11.8,2.0,7.4,55,74,36,11.5
2023-03-20,0.0,5.3,19.9,12.3,1.55,9.0,56,87,22,11.7
2023-03-21,0.0,5.2,22.5,13.6,1.82,9.2,49,77,22,10.8
2023-03-22,0.0,6.3,23.4,14.7,1.9,9.4,46,74,25,11.8
2023-03-23,0.0,8.2,25.6,16.1,2.1,11.7,39,69,17,11.8
2023-03-24,0.0,8.4,26.0,16.4,1.92,9.6,40,62,16,10.1
2023-03-25,0.0,9.6,25.3,17.5,1.76,8.0,47,73,29,11.9
2023-03-26,0.0,8.9,26.2,17.6,2.06,9.7,49,86,19,11.9
2023-03-27,0.0,8.3,22.3,14.9,1.92,8.8,37,63,18,11.9
2023-03-28,0.0,7.3,20.7,13.5,1.67,9.2,53,73,33,11.9
2023-03-29,0.0,8.0,25.1,15.1,1.45,8.4,53,82,15,12.0
2023-03-30,0.0,9.4,29.4,18.6,1.61,7.3,34,60,9,12.0
2023-03-31,0.0,12.9,26.5,19.5,2.45,9.9,33,49,17,9.7
2023-04-01,0.0,11.9,24.4,18.4,2.56,11.8,41,67,23,11.7
2023-04-02,0.0,9.6,20.8,15.4,3.96,11.3,36,63,15,12.0
2023-04-03,0.0,5.4,20.8,13.6,2.45,9.0,34,73,12,12.0
2023-04-04,0.0,6.2,19.1,12.6,1.8,8.7,64,98,27,12.0
2023-04-05,0.0,6.5,18.8,12.0,1.81,9.0,59,87,29,12.1
2023-04-06,0.0,4.7,19.0,11.6,1.9,9.1,47,81,17,12.0
2023-04-07,0.0,3.6,22.3,12.6,1.77,8.6,34,54,18,12.1
2023-04-08,0.0,6.1,26.3,16.3,1.89,9.5,34,65,11,12.1
2023-04-09,0.0,8.2,27.8,17.2,1.94,11.6,43,99,12,11.6
2023-04-10,0.0,12.3,29.4,20.5,2.06,10.4,25,37,11,12.0
2023-04-11,0.0,10.7,26.9,18.9,2.32,11.2,34,46,23,12.2
2023-04-12,0.0,11.9,28.2,20.0,2.46,10.8,31,59,12,11.9
2023-04-13,0.8,9.6,22.4,16.2,2.58,11.6,41,74,14,11.2
2023-04-14,0.0,7.7,25.1,16.3,2.15,13.6,33,49,19,12.0
2023-04-15,0.0,11.6,26.4,19.0,2.54,10.0,37,67,14,12.3
2023-04-16,0.0,10.9,21.8,16.5,2.9,10.2,42,76,19,12.3
2023-04-17,0.0,7.3,22.5,14.2,1.92,11.3,55,92,23,12.3
2023-04-18,0.0,6.9,20.9,13.1,2.56,11.9,52,70,34,12.4
2023-04-19,0.0,7.1,20.4,13.2,1.57,9.5,59,92,25,9.8
2023-04-20,0.0,9.0,27.0,17.9,2.22,12.8,36,61,14,12.4
2023-04-21,0.0,9.8,26.9,18.8,2.53,12.3,35,55,17,12.1
2023-04-22,0.4,11.3,24.2,16.8,1.64,11.3,49,68,31,7.8
2023-04-23,0.0,10.8,27.4,18.6,2.15,9.8,39,65,16,12.7
2023-04-24,0.0,12.7,26.8,19.8,2.35,13.9,36,54,22,12.7
2023-04-25,0.0,12.8,32.0,22.2,2.04,9.7,31,56,12,12.8
2023-04-26,0.0,15.7,31.1,23.0,2.68,13.8,29,43,17,12.5
2023-04-27,0.0,13.5,31.1,22.0,1.75,9.3,41,67,20,12.6
2023-04-28,0.0,14.0,30.9,22.7,1.68,9.8,42,71,22,9.9
2023-04-29,0.1,16.7,30.8,23.5,2.57,14.3,38,58,18,11.6
2023-04-30,3.6,16.7,26.7,20.8,2.44,10.3,50,76,30,8.1
2023-05-01,0.0,12.8,27.8,20.0,1.91,9.1,55,89,17,13.1
2023-05-02,0.0,11.9,28.7,19.7,1.78,10.1,51,97,9,10.9
2023-05-03,0.0,11.1,27.3,18.9,1.71,9.8,49,81,15,11.4
2023-05-04,0.0,10.5,28.2,19.6,1.83,8.6,42,67,21,11.5
2023-05-05,0.0,15.0,28.4,21.4,2.1,11.5,36,51,24,13.4
2023-05-06,0.0,14.4,27.8,20.8,2.01,11.7,36,57,14,12.9
2023-05-07,4.5,14.2,25.4,19.4,1.79,10.1,50,74,30,13.5
2023-05-08,0.0,12.1,29.9,20.7,1.9,9.3,54,91,16,13.7
2023-05-09,0.0,16.0,33.4,24.0,2.19,12.7,38,60,17,13.5
2023-05-10,0.0,16.2,26.3,20.9,1.93,10.0,51,71,32,12.8
2023-05-11,1.1,14.3,23.7,18.1,1.74,9.9,65,95,39,11.2
2023-05-12,3.4,11.7,19.0,15.1,1.8,10.7,76,99,51,9.3
2023-05-13,6.1,8.3,20.2,12.8,2.11,12.8,68,95,30,11.9
2023-05-14,0.0,7.7,21.8,14.7,2.17,10.5,50,83,26,13.4
2023-05-15,0.0,11.3,24.2,17.6,3.05,12.1,36,57,16,12.1
2023-05-16,0.0,11.7,24.1,17.4,3.25,11.2,35,74,15,14.0
2023-05-17,0.0,11.1,22.1,15.8,2.02,12.5,57,84,25,11.4
2023-05-18,2.4,11.2,18.5,14.1,1.85,11.7,69,95,48,12.2
2023-05-19,12.4,8.5,18.9,12.5,1.47,8.3,75,90,51,7.7
2023-05-20,0.1,8.4,20.0,14.2,1.76,8.3,63,95,34,13.0
2023-05-21,0.7,10.2,20.1,14.7,2.01,10.3,66,86,42,9.2
2023-05-22,24.9,12.0,17.5,14.1,2.11,11.0,80,96,53,7.0
2023-05-23,39.0,11.9,14.7,12.9,2.26,9.2,95,98,85,0.0
2023-05-24,5.4,10.8,17.1,13.5,1.64,9.9,88,98,69,6.5
2023-05-25,6.8,11.1,22.7,16.0,1.63,8.3,76,97,41,10.0
2023-05-26,4.9,13.0,19.9,15.8,2.07,10.8,85,100,62,9.9
2023-05-27,10.1,11.3,22.1,15.7,2.4,11.3,79,98,52,9.0
2023-05-28,12.0,11.4,20.7,15.3,1.42,10.6,84,100,56,10.6
2023-05-29,3.3,11.1,22.2,15.9,1.14,8.5,73,95,44,13.0
2023-05-30,2.5,10.0,20.9,15.7,1.06,9.8,74,95,49,10.6
2023-05-31,2.3,11.5,22.1,16.1,1.53,7.2,78,94,49,9.0
2023-06-01,10.6,10.8,23.5,15.9,1.58,13.1,79,96,53,9.9
2023-06-02,13.2,12.6,20.0,15.7,1.22,8.2,85,98,64,9.9
2023-06-03,1.3,11.3,20.6,15.8,1.27,9.2,82,98,61,12.3
2023-06-04,0.8,12.1,22.8,17.0,1.3,9.9,78,93,52,12.0
2023-06-05,0.7,13.3,22.3,17.7,1.42,8.3,79,95,58,11.7
2023-06-06,0.2,13.0,25.1,18.8,1.91,8.9,75,96,54,13.2
2023-06-07,6.3,15.6,18.4,16.6,0.86,5.3,85,98,72,0.5
2023-06-08,7.7,14.7,24.3,19.0,1.62,9.5,84,100,58,5.5
2023-06-09,0.5,15.1,27.0,20.4,1.49,8.6,72,99,36,12.9
2023-06-10,0.0,16.6,26.7,21.4,1.42,6.1,64,85,44,12.5
2023-06-11,0.1,17.4,28.1,22.6,1.45,6.4,58,81,38,12.7
2023-06-12,0.3,17.1,28.3,21.8,1.37,9.3,66,84,43,11.6
2023-06-13,0.9,15.8,26.1,20.6,1.53,10.7,66,100,35,13.9
2023-06-14,0.0,16.1,27.7,21.9,2.3,9.9,50,66,33,12.1
2023-06-15,0.0,15.8,29.8,23.1,1.26,7.0,53,79,30,14.0
2023-06-16,0.0,17.4,31.7,24.1,1.8,10.0,53,79,31,14.0
2023-06-17,0.0,17.0,32.0,24.5,1.91,10.1,47,72,27,13.2
2023-06-18,7.6,17.6,25.9,21.0,1.48,8.0,64,82,43,5.1
2023-06-19,0.0,17.1,30.5,23.2,1.79,8.8,55,86,32,9.8
2023-06-20,1.4,17.6,30.4,23.5,1.87,9.5,60,87,40,10.8
2023-06-21,2.7,19.6,28.9,22.6,1.25,8.2,71,89,46,9.9
2023-06-22,0.1,16.4,30.5,23.2,1.11,6.5,64,94,35,14.0
2023-06-23,0.0,17.5,28.3,23.1,1.8,9.1,63,86,43,14.0
2023-06-24,0.0,16.1,30.7,23.7,1.6,8.1,58,85,31,14.0
2023-06-25,0.0,17.9,34.1,26.2,1.44,7.1,51,81,26,14.0
2023-06-26,0.8,20.0,33.2,26.7,1.61,7.6,50,71,32,13.7
2023-06-27,0.4,18.2,33.1,25.9,1.64,7.9,50,76,28,14.0
2023-06-28,0.0,17.5,32.8,25.7,1.84,9.1,49,69,33,14.0
2023-06-29,0.0,18.9,32.9,25.6,1.68,8.9,53,76,29,14.0
2023-06-30,0.4,18.6,28.4,23.6,2.11,9.0,72,100,51,9.0
2023-07-01,0.0,20.2,29.0,24.1,1.49,6.6,69,91,41,13.0
2023-07-02,0.4,18.3,31.6,25.1,1.64,8.2,66,96,37,14.0
2023-07-03,0.0,19.5,34.3,26.2,1.57,8.5,56,81,28,14.0
2023-07-04,0.0,17.8,34.1,26.2,2.26,11.9,57,94,27,14.0
2023-07-05,0.0,18.8,30.8,24.8,2.1,9.7,55,76,38,14.0
2023-07-06,0.5,20.2,30.8,24.9,1.96,10.9,71,96,42,12.0
2023-07-07,0.1,18.6,31.3,24.6,1.69,9.0,66,98,37,13.5
2023-07-08,0.0,19.5,33.7,26.2,2.0,9.4,63,93,37,14.0
2023-07-09,0.0,20.4,35.5,27.6,1.99,9.8,59,87,35,14.0
2023-07-10,0.0,20.0,38.5,29.0,1.63,8.8,53,84,23,14.0
2023-07-11,0.0,20.7,40.0,30.1,1.37,9.1,48,85,14,14.0
2023-07-12,0.0,22.5,40.9,31.4,2.11,13.7,34,60,11,14.0
2023-07-13,0.0,23.1,34.7,28.2,1.93,9.5,48,80,22,14.0
2023-07-14,0.1,20.4,34.2,26.7,1.7,10.4,72,99,39,12.5
2023-07-15,0.0,19.6,37.1,28.3,1.62,12.1,55,93,19,13.9
2023-07-16,0.0,22.6,34.1,28.0,2.08,11.3,48,77,27,14.0
2023-07-17,0.0,19.4,38.6,27.8,1.91,10.5,64,99,20,14.0
2023-07-18,0.0,19.3,38.5,29.3,1.57,8.1,45,83,22,13.1
2023-07-19,0.0,22.8,39.1,30.9,1.91,10.6,32,47,19,12.5
2023-07-20,0.0,23.7,36.2,30.0,2.45,15.0,34,47,20,12.3
2023-07-21,0.0,19.1,37.1,27.5,2.6,14.1,29,57,11,13.4
2023-07-22,0.9,19.4,33.6,26.0,1.64,9.9,53,73,38,13.9
2023-07-23,0.0,20.5,36.0,27.9,1.35,8.3,58,85,30,13.7
2023-07-24,0.0,21.7,39.1,28.9,2.01,12.2,41,81,12,12.7
2023-07-25,0.0,19.1,34.8,27.2,2.26,14.6,33,56,18,13.8
2023-07-26,0.3,20.4,31.2,25.5,2.33,13.2,49,77,29,13.6
2023-07-27,0.0,19.4,34.0,26.1,1.89,8.8,62,95,29,13.0
2023-07-28,0.0,18.3,35.0,26.7,1.95,10.0,45,72,27,13.6
2023-07-29,0.0,18.8,35.6,27.8,2.06,10.4,50,87,26,13.6
2023-07-30,0.0,21.9,36.0,29.1,2.05,15.4,35,57,20,13.6
2023-07-31,0.0,19.0,34.5,27.2,1.61,8.4,54,81,34,13.6
2023-08-01,0.0,20.3,38.0,29.2,1.76,8.1,28,60,12,13.6
2023-08-02,0.0,20.3,38.3,28.8,2.49,15.0,30,52,12,13.5
2023-08-03,0.5,20.6,38.1,28.5,2.24,14.5,38,78,12,13.4
2023-08-04,1.6,20.3,30.6,24.2,2.6,10.7,63,96,14,9.7
2023-08-05,0.0,16.8,33.0,24.3,1.53,7.7,52,92,11,13.3
2023-08-06,0.0,18.3,35.4,26.8,1.84,9.8,33,56,20,13.3
2023-08-07,0.0,18.6,32.2,24.8,2.12,10.6,64,95,40,13.2
2023-08-08,0.0,21.0,34.5,26.2,1.57,9.2,63,86,31,11.5
2023-08-09,0.0,20.1,37.7,27.5,1.52,11.0,60,85,28,13.1
2023-08-10,0.0,22.4,40.9,31.0,2.01,11.5,37,73,12,13.2
2023-08-11,0.0,21.3,35.2,28.8,1.81,10.2,37,63,20,13.2
2023-08-12,0.0,20.0,33.6,26.7,1.64,9.7,66,91,41,13.1
2023-08-13,0.0,19.7,33.4,25.8,1.82,9.7,69,98,35,13.0
2023-08-14,1.1,19.2,33.2,26.0,1.67,11.2,67,100,34,13.0
2023-08-15,0.4,20.1,33.7,26.5,1.65,9.6,63,89,31,12.9
2023-08-16,0.0,20.8,34.7,27.0,1.59,10.0,61,89,26,12.9
2023-08-17,0.0,20.4,34.8,27.4,1.98,13.5,57,90,25,13.0
2023-08-18,0.0,20.3,37.4,28.3,2.05,12.2,37,63,14,12.5
2023-08-19,0.0,21.0,36.3,29.1,1.41,9.6,28,44,17,12.9
2023-08-20,0.0,22.0,35.7,28.5,1.68,9.4,52,72,25,12.8
2023-08-21,0.0,20.9,34.7,28.0,1.73,9.2,53,91,21,12.8
2023-08-22,0.0,20.3,34.2,27.4,1.8,10.0,42,60,24,12.7
2023-08-23,0.0,21.5,34.7,28.0,1.75,9.4,37,60,19,12.7
2023-08-24,0.0,18.7,36.3,27.5,1.65,8.0,35,57,16,12.6
2023-08-25,0.0,20.4,39.7,29.6,1.69,10.7,32,51,14,12.0
2023-08-26,0.3,22.7,39.7,29.4,1.83,12.6,30,47,13,10.0
2023-08-27,8.0,19.1,27.1,23.1,4.09,17.9,46,87,20,12.4
2023-08-28,0.0,15.0,29.4,21.9,2.22,8.3,34,52,21,12.3
2023-08-29,0.0,15.4,31.9,23.6,1.8,7.8,35,56,16,12.2
2023-08-30,4.7,16.3,26.3,21.2,1.56,12.8,59,82,36,11.6
2023-08-31,0.1,15.2,30.1,22.0,1.64,8.4,63,93,31,12.1
2023-09-01,0.0,16.8,30.7,22.9,1.81,9.6,58,87,28,12.1
2023-09-02,3.0,17.4,26.9,20.7,1.91,10.1,65,91,36,7.5
2023-09-03,49.6,16.4,23.8,19.3,2.37,12.4,91,99,75,1.0
2023-09-04,1.0,19.9,28.1,23.2,1.96,8.9,81,98,53,8.7
2023-09-05,0.1,18.1,28.2,22.7,1.48,6.4,76,100,53,10.7
2023-09-06,33.1,19.6,26.0,22.0,1.9,8.8,82,99,61,8.4
2023-09-07,0.0,16.6,26.8,21.6,1.53,8.4,76,94,57,12.0
2023-09-08,0.1,18.1,27.6,22.5,1.43,9.2,80,100,54,11.4
2023-09-09,0.3,17.6,26.6,21.3,1.35,7.7,80,100,51,11.9
2023-09-10,0.0,15.9,25.9,20.4,1.17,7.3,75,94,56,12.0
2023-09-11,0.8,17.6,27.6,21.7,1.1,8.2,78,98,52,10.0
2023-09-12,3.6,16.1,27.6,21.3,1.6,8.5,75,98,41,12.0
2023-09-13,0.7,17.1,24.6,20.4,1.26,9.0,83,97,59,11.1
2023-09-14,2.6,17.6,25.6,20.8,2.01,8.9,78,98,55,9.9
2023-09-15,9.7,17.8,25.0,20.8,1.36,8.8,85,100,61,8.3
2023-09-16,1.4,18.2,26.1,21.2,0.99,6.9,80,98,55,8.9
2023-09-17,2.2,17.6,28.6,22.1,1.76,10.4,76,98,44,11.3
2023-09-18,0.3,15.0,27.0,20.6,1.4,10.4,70,95,38,12.0
2023-09-19,0.9,15.9,23.0,19.1,1.41,8.2,69,96,49,5.6
2023-09-20,0.0,13.4,27.4,19.9,1.84,7.1,65,99,28,12.0
2023-09-21,0.0,13.4,28.7,20.2,2.04,8.2,53,78,19,11.6
2023-09-22,0.0,17.1,24.9,20.5,2.06,9.1,52,80,26,11.7
2023-09-23,0.0,12.5,24.5,18.1,1.64,7.1,51,74,34,11.9
2023-09-24,0.0,12.0,25.3,18.1,1.4,7.3,65,89,34,11.9
2023-09-25,0.0,14.8,26.9,19.6,1.48,8.6,57,83,27,11.9
2023-09-26,0.0,14.1,27.1,19.8,1.31,8.3,72,93,41,11.9
2023-09-27,0.0,13.6,27.6,19.6,1.37,7.9,71,92,42,11.8
2023-09-28,0.0,15.6,29.1,21.7,1.29,8.3,65,86,37,11.8
2023-09-29,0.0,16.2,29.0,22.1,1.55,9.1,62,88,31,11.7
2023-09-30,0.0,15.6,29.7,22.2,1.53,8.8,51,78,26,11.7
2023-10-01,0.0,14.0,30.8,21.8,1.69,8.0,45,68,25,11.7
2023-10-02,0.0,14.0,30.1,21.5,1.55,8.0,47,70,28,11.6
2023-10-03,0.0,14.5,30.3,21.5,1.33,7.2,56,79,26,11.2
2023-10-04,0.0,16.4,27.8,21.1,1.42,7.7,73,100,39,11.1
2023-10-05,0.0,14.2,29.1,21.0,1.42,8.0,60,89,27,11.4
2023-10-06,0.0,13.7,30.4,21.3,1.68,10.3,53,80,23,11.3
2023-10-07,0.0,13.4,29.3,20.8,1.61,10.2,51,72,29,11.2
2023-10-08,0.0,15.7,27.3,20.7,1.32,7.4,62,93,38,11.0
2023-10-09,0.2,15.1,25.0,19.5,1.31,7.9,71,98,38,10.7
2023-10-10,0.0,12.5,25.3,18.6,1.24,7.3,68,92,40,10.8
2023-10-11,0.0,13.6,25.8,18.7,1.44,6.8,68,88,38,10.7
2023-10-12,0.0,12.6,27.0,19.1,1.24,6.4,57,88,24,10.8
2023-10-13,0.0,12.3,29.6,20.0,1.64,8.5,57,85,28,10.6
2023-10-14,0.5,14.7,21.8,18.2,1.51,7.0,62,85,45,4.0
2023-10-15,0.0,11.4,24.5,17.6,1.74,8.8,68,94,39,10.5
2023-10-16,0.1,15.5,25.3,19.6,1.38,9.7,56,81,37,9.9
2023-10-17,0.0,14.8,28.1,20.2,1.94,11.6,63,87,33,6.0
2023-10-18,0.0,15.8,26.5,21.5,2.68,11.2,48,72,29,9.6
2023-10-19,7.3,15.1,27.8,19.6,5.07,19.1,59,81,29,6.6
2023-10-20,8.2,10.8,18.9,14.9,3.54,16.9,63,88,42,10.4
2023-10-21,0.0,8.8,20.5,13.5,1.6,6.7,55,76,26,9.3
2023-10-22,1.7,9.2,17.3,13.3,1.87,10.4,71,95,52,4.8
2023-10-23,6.9,10.0,21.9,15.0,1.28,8.1,80,94,43,9.1
2023-10-24,0.0,8.3,20.6,14.0,1.52,7.0,65,94,32,10.2
2023-10-25,2.4,10.4,22.7,16.1,1.58,5.3,66,87,45,8.6
2023-10-26,0.0,12.6,23.8,18.0,2.39,8.9,64,87,41,9.4
2023-10-27,0.0,11.7,21.0,17.0,1.82,8.1,62,90,29,6.6
2023-10-28,0.0,8.8,22.5,14.6,1.79,9.9,60,91,26,10.1
2023-10-29,0.0,7.4,20.9,13.5,1.64,7.2,62,88,34,9.1
2023-10-30,1.2,11.1,22.9,15.4,2.03,10.3,56,75,37,9.0
2023-10-31,1.0,8.1,16.2,12.0,1.15,5.4,68,91,43,0.2
2023-11-01,0.0,8.9,22.6,15.2,1.61,7.0,64,95,34,9.0
2023-11-02,0.1,13.3,23.9,17.2,4.44,19.9,61,76,41,9.9
2023-11-03,0.0,10.6,16.8,13.2,4.58,15.0,52,59,40,9.3
2023-11-04,0.0,11.1,20.7,15.8,2.71,11.2,57,72,40,9.6
2023-11-05,0.0,9.0,19.0,14.2,2.21,8.3,51,71,32,10.0
2023-11-06,0.0,7.8,17.5,11.7,2.06,9.6,56,77,28,10.0
2023-11-07,0.0,3.9,17.5,9.7,1.81,8.0,57,89,23,10.0
2023-11-08,0.0,4.7,14.9,8.9,1.48,6.8,60,79,36,6.5
2023-11-09,0.0,7.3,19.9,12.2,1.8,7.2,59,79,38,9.4
2023-11-10,0.0,7.6,19.9,13.0,1.82,10.1,59,77,25,9.9
2023-11-11,0.0,11.0,23.7,15.8,1.87,7.6,61,82,33,9.8
2023-11-12,0.0,10.8,22.1,15.6,2.25,9.9,63,85,42,9.9
2023-11-13,0.0,9.2,23.5,15.1,1.57,6.7,68,92,39,9.9
2023-11-14,0.0,9.9,27.3,16.3,1.43,7.5,45,73,18,9.9
2023-11-15,0.0,9.5,23.2,15.4,1.38,6.8,50,71,29,9.8
2023-11-16,0.0,8.6,24.7,15.1,1.13,4.9,51,75,23,8.6
2023-11-17,0.0,10.3,23.1,15.9,1.27,6.1,54,71,32,9.8
2023-11-18,0.0,8.9,20.9,14.6,1.3,6.7,70,86,48,9.8
2023-11-19,0.0,7.2,21.2,13.4,1.24,6.3,67,88,42,9.8
2023-11-20,0.0,7.3,22.9,13.7,1.35,5.7,58,83,34,9.8
2023-11-21,0.0,8.5,18.0,12.3,2.9,10.7,60,89,24,9.6
2023-11-22,0.0,8.7,15.9,11.3,4.11,12.1,48,57,31,9.8
2023-11-23,0.0,3.2,16.1,9.3,1.46,7.5,50,82,26,9.7
2023-11-24,0.0,1.3,19.5,8.9,1.25,5.9,37,56,13,9.7
2023-11-25,0.0,3.4,21.3,11.1,1.52,7.5,43,82,20,9.7
2023-11-26,0.0,4.3,17.1,10.1,0.97,5.8,56,74,38,9.7
2023-11-27,0.0,5.1,20.7,11.9,1.36,6.7,43,69,21,9.6
2023-11-28,0.0,10.0,19.3,13.5,1.69,6.4,54,85,38,5.6
2023-11-29,0.2,7.3,21.1,13.4,1.38,5.4,74,94,43,8.5
2023-11-30,0.0,10.7,22.6,15.6,1.84,6.5,71,91,41,6.7
2023-12-01,0.0,8.6,19.1,13.9,3.38,11.8,59,82,42,6.5
2023-12-02,0.0,3.3,13.9,8.9,2.57,9.7,56,80,31,9.5
2023-12-03,0.0,0.7,13.9,6.7,1.24,5.5,58,82,29,8.8
2023-12-04,2.8,2.7,11.9,7.6,1.3,7.0,61,83,41,1.5
2023-12-05,0.4,3.1,14.0,7.8,1.19,6.2,72,93,43,7.8
2023-12-06,1.7,5.8,14.1,9.3,0.83,5.5,85,94,59,4.2
2023-12-07,2.0,5.4,16.3,10.4,1.16,6.7,78,93,58,8.3
2023-12-08,3.2,6.8,14.9,11.9,3.45,14.2,67,93,47,8.5
2023-12-09,0.0,5.4,18.7,10.8,1.74,7.3,69,88,44,9.1
2023-12-10,0.0,7.6,18.9,12.1,1.13,4.7,76,92,51,8.7
2023-12-11,0.0,7.3,22.9,14.0,1.07,5.1,51,85,30,8.7
2023-12-12,0.0,9.7,24.8,15.1,1.57,5.8,44,57,26,8.7
2023-12-13,0.0,8.7,15.4,12.0,2.19,8.6,64,82,47,0.4
2023-12-14,0.0,5.2,13.0,8.8,3.09,10.4,54,69,39,9.4
2023-12-15,0.0,3.7,14.2,8.9,1.95,8.3,55,83,34,9.4
2023-12-16,0.0,0.9,13.9,6.9,1.07,4.9,56,75,35,9.4
2023-12-17,0.0,1.2,12.7,7.3,1.24,6.4,61,81,42,9.4
2023-12-18,0.0,0.8,13.2,5.7,1.78,6.1,63,86,37,9.3
2023-12-19,0.0,3.0,15.8,8.2,1.08,5.2,36,51,18,9.4
2023-12-20,0.2,2.6,14.7,8.1,3.37,13.1,47,59,37,7.5
2023-12-21,0.0,3.8,15.4,8.6,2.11,9.0,57,76,35,9.4
2023-12-22,0.0,3.7,17.4,9.2,1.49,7.1,60,89,29,9.3
2023-12-23,0.0,4.5,16.1,8.9,1.12,5.6,60,78,37,9.4
2023-12-24,0.0,1.6,15.4,7.3,0.88,4.5,62,81,35,9.4
2023-12-25,0.0,1.2,14.6,7.2,1.05,5.5,60,83,35,9.4
2023-12-26,0.0,0.2,14.9,6.3,0.99,4.9,61,82,31,9.4
2023-12-27,0.0,0.3,13.2,6.1,0.91,4.5,50,75,28,9.4
2023-12-28,0.0,1.0,14.0,7.1,0.99,4.0,47,62,32,8.1
2023-12-29,0.3,3.6,14.4,9.0,0.99,4.6,50,71,31,4.9
2023-12-30,0.0,3.4,15.1,9.3,1.26,6.0,55,80,31,9.3
2023-12-31,0.0,2.3,17.3,8.0,1.33,5.3,60,87,26,8.9
2024-01-01,0.0,3.6,15.3,7.5,1.31,6.6,70,92,33,7.0
2024-01-02,0.0,2.6,16.3,8.0,1.49,5.5,42,69,23,8.3
2024-01-03,0.0,4.2,20.7,10.3,1.66,8.4,61,89,26,8.9
2024-01-04,6.8,7.5,14.8,10.1,1.13,5.5,91,95,78,3.2
2024-01-05,2.9,6.5,10.8,8.6,3.82,15.3,71,92,47,9.2
2024-01-06,0.0,5.1,10.8,7.5,5.77,16.8,53,64,38,9.4
2024-01-07,0.0,2.0,12.0,6.1,2.32,9.0,56,74,32,9.2
2024-01-08,0.0,-1.9,13.8,5.4,1.59,6.8,55,87,21,9.0
2024-01-09,2.8,5.8,12.0,8.3,0.96,6.8,59,91,48,6.4
2024-01-10,3.4,7.0,13.3,9.2,0.71,5.0,86,99,58,6.4
2024-01-11,0.3,6.1,12.2,8.9,1.54,7.3,68,89,48,9.0
2024-01-12,0.7,3.9,10.9,7.2,2.01,8.8,84,96,60,3.0
2024-01-13,0.0,0.8,13.3,6.7,1.01,5.1,76,94,55,8.4
2024-01-14,0.0,7.5,22.8,12.9,2.55,8.8,34,62,15,9.5
2024-01-15,0.1,9.2,18.5,13.3,2.43,8.1,55,75,41,1.9
2024-01-16,0.2,7.4,21.8,14.4,2.04,11.7,60,92,23,8.1
2024-01-17,0.3,10.1,19.2,14.8,5.61,18.9,56,77,36,9.0
2024-01-18,0.0,8.6,19.6,14.1,2.01,17.9,59,81,41,9.5
2024-01-19,1.8,7.2,17.6,11.5,1.86,9.2,76,92,46,5.6
2024-01-20,1.1,6.4,10.5,8.4,1.38,5.5,87,98,74,0.4
2024-01-21,0.0,5.6,13.0,8.8,1.07,5.7,75,89,51,8.2
2024-01-22,0.0,1.5,17.3,8.2,1.06,4.6,64,89,34,9.6
2024-01-23,0.0,6.5,18.8,12.0,1.02,5.4,58,77,44,9.6
2024-01-24,0.0,5.7,20.7,12.6,1.02,4.8,65,85,41,9.6
2024-01-25,0.0,7.1,23.4,14.0,1.23,4.6,46,63,29,9.6
2024-01-26,0.0,7.6,22.3,14.2,1.2,5.5,49,64,29,9.5
2024-01-27,0.0,5.7,20.0,12.5,1.32,7.0,53,75,35,9.7
2024-01-28,0.0,4.2,17.8,10.0,1.16,6.8,64,81,43,9.7
2024-01-29,0.0,6.8,13.8,10.2,0.96,6.8,80,95,64,9.0
2024-01-30,0.0,6.6,13.0,9.4,0.95,5.4,83,96,66,8.6
2024-01-31,0.0,6.1,13.9,9.4,0.92,6.4,80,95,57,9.1
2024-02-01,0.0,3.3,16.2,9.3,0.93,5.9,66,88,39,9.9
2024-02-02,0.0,3.6,15.5,9.2,1.48,8.8,52,79,34,9.7
2024-02-03,0.0,2.3,15.4,8.8,1.29,6.9,69,89,47,10.0
2024-02-04,0.0,1.9,17.5,9.7,1.13,6.2,56,89,26,10.0
2024-02-05,0.0,1.8,18.6,10.0,1.09,6.4,42,67,23,9.1
2024-02-06,0.0,6.9,19.4,13.1,1.69,8.9,37,60,21,8.1
2024-02-07,0.0,6.6,19.7,12.3,2.22,9.7,53,70,29,10.1
2024-02-08,0.0,6.0,19.0,12.0,1.84,12.2,59,89,21,7.2
2024-02-09,9.1,8.8,15.8,12.4,4.52,18.6,69,90,43,1.0
2024-02-10,0.0,7.6,12.6,10.5,5.5,22.2,59,80,39,9.6
2024-02-11,0.6,3.2,11.7,8.4,2.63,11.8,60,82,45,2.0
2024-02-12,0.4,7.7,19.4,13.1,2.89,14.6,69,92,41,8.9
2024-02-13,0.0,6.9,20.0,12.7,1.78,8.1,70,92,43,10.5
2024-02-14,0.0,8.3,20.7,13.3,1.35,6.0,70,87,44,5.5
2024-02-15,0.1,7.8,20.2,13.1,1.26,7.1,68,89,43,7.3
2024-02-16,0.0,9.3,16.3,12.6,3.83,13.5,62,86,41,9.8
2024-02-17,0.0,8.2,16.2,11.8,2.34,10.2,52,70,36,10.6
2024-02-18,0.0,6.1,18.8,11.6,0.96,5.2,58,80,31,10.7
2024-02-19,0.0,6.4,19.1,12.4,1.26,7.8,56,76,37,10.8
2024-02-20,0.0,6.3,23.1,13.5,1.55,10.0,53,86,12,10.8
2024-02-21,0.0,3.5,21.9,12.8,1.14,6.3,42,70,20,10.8
2024-02-22,0.0,8.6,24.0,15.3,1.94,8.9,41,68,17,9.2
2024-02-23,1.1,6.5,15.4,11.2,3.59,14.7,50,85,23,10.8
2024-02-24,0.0,6.3,11.5,8.6,5.15,17.6,50,63,29,10.8
2024-02-25,0.0,5.1,16.6,10.9,2.43,11.6,60,71,48,5.4
2024-02-26,4.7,7.6,14.0,11.9,5.35,17.7,58,82,41,8.0
2024-02-27,0.0,6.1,12.0,8.9,7.49,18.6,47,57,36,10.6
2024-02-28,0.0,4.3,14.8,9.1,5.57,15.2,44,56,31,10.9
2024-02-29,0.0,3.2,17.9,10.8,2.7,10.1,51,78,26,10.9
2024-03-01,0.0,3.4,16.2,10.2,3.47,14.2,38,57,23,10.9
2024-03-02,0.1,2.5,15.6,9.2,3.74,14.5,53,76,33,10.2
2024-03-03,4.7,5.0,12.2,7.9,5.28,16.2,56,80,32,11.0
2024-03-04,0.0,4.3,17.1,9.8,2.18,10.0,65,83,39,6.5
2024-03-05,0.0,5.8,17.1,11.1,1.98,8.9,60,91,31,11.0
2024-03-06,0.0,3.2,18.4,10.6,1.47,8.2,53,82,31,11.0
2024-03-07,0.2,5.1,17.4,10.4,2.15,11.5,70,94,32,9.0
2024-03-08,0.0,3.2,15.1,9.0,2.4,10.3,58,89,27,11.0
2024-03-09,7.7,6.7,12.9,9.1,3.33,12.6,72,89,53,3.5
2024-03-10,0.1,2.8,14.0,8.6,2.72,13.3,64,90,43,10.2
2024-03-11,0.0,3.9,14.7,9.6,2.58,11.2,60,86,38,11.0
2024-03-12,0.0,3.9,18.4,10.6,1.56,7.6,57,82,32,11.2
2024-03-13,0.0,3.3,18.6,10.5,1.44,7.9,61,88,30,11.0
2024-03-14,0.0,4.9,23.4,13.1,1.3,7.9,54,78,23,11.0
2024-03-15,0.0,6.8,22.4,14.2,1.62,8.1,64,92,31,11.4
2024-03-16,0.0,7.7,23.4,14.8,1.5,7.3,60,88,32,11.4
2024-03-17,0.0,10.0,27.0,18.0,1.39,6.8,42,72,16,10.5
2024-03-18,0.0,10.1,27.6,19.0,1.45,8.1,41,71,19,10.2
2024-03-19,0.0,11.3,27.2,19.2,1.33,8.0,36,57,16,11.4
2024-03-20,0.9,11.7,23.7,16.7,1.85,10.4,48,64,30,8.4
2024-03-21,0.3,10.1,20.9,14.8,2.35,8.4,66,87,46,8.6
2024-03-22,0.0,10.9,24.5,17.0,1.7,9.2,44,77,20,9.6
2024-03-23,0.0,12.1,22.6,17.4,1.61,10.2,36,59,28,9.0
2024-03-24,1.2,10.1,18.5,14.3,2.0,10.2,54,90,35,4.9
2024-03-25,8.3,9.1,16.7,12.0,1.1,5.9,79,94,50,0.3
2024-03-26,2.1,7.5,12.8,9.8,3.75,15.4,59,93,35,11.0
2024-03-27,0.3,8.0,17.9,12.5,4.46,14.4,52,61,38,10.4
2024-03-28,0.2,11.9,21.3,16.0,4.11,14.8,55,73,37,10.5
2024-03-29,1.7,7.6,19.8,13.7,4.1,20.3,58,84,39,10.4
2024-03-30,1.0,4.7,15.6,9.9,3.78,15.6,62,79,37,7.3
2024-03-31,12.0,6.5,16.2,10.0,3.68,15.0,70,86,52,3.9
2024-04-01,0.0,5.0,16.8,10.6,2.76,11.8,55,79,30,12.0
2024-04-02,0.0,4.5,19.0,12.0,1.99,8.8,58,89,34,11.9
2024-04-03,0.0,5.3,23.8,13.8,1.49,8.4,63,96,27,12.0
2024-04-04,0.0,7.8,24.9,16.1,1.37,6.9,56,88,27,12.0
2024-04-05,0.0,7.5,27.8,17.2,1.49,8.3,50,83,20,12.0
2024-04-06,0.0,9.7,27.7,17.7,1.9,9.8,43,59,22,10.6
2024-04-07,0.0,15.0,27.7,20.2,1.45,8.5,44,58,23,11.0
2024-04-08,0.0,12.0,27.4,18.6,2.49,11.5,48,76,16,12.1
2024-04-09,0.0,9.0,19.3,13.9,3.11,10.1,41,68,17,12.2
2024-04-10,0.0,7.1,23.1,14.8,1.87,8.0,37,58,17,12.1
2024-04-11,0.0,10.2,21.7,15.5,2.33,9.9,47,72,23,12.2
2024-04-12,0.0,8.6,22.2,15.2,1.77,7.1,46,76,26,12.2
2024-04-13,0.0,11.0,25.5,17.6,1.66,11.3,37,58,18,12.3
2024-04-14,0.0,13.6,24.7,18.8,1.85,9.4,34,54,19,12.3
2024-04-15,0.0,9.9,28.6,18.7,2.05,12.9,38,60,18,12.0
2024-04-16,0.0,12.3,29.7,21.2,1.79,9.1,41,68,16,12.4
2024-04-17,0.0,12.0,23.1,17.6,2.0,11.2,56,78,39,12.2
2024-04-18,0.0,9.5,24.0,15.9,1.59,8.3,64,93,32,11.4
2024-04-19,1.6,11.2,16.3,13.5,2.35,8.0,69,83,51,2.8
2024-04-20,0.0,7.9,21.3,14.0,1.79,10.2,56,85,27,12.1
2024-04-21,0.0,5.8,21.5,13.7,1.85,8.2,55,81,28,12.5
2024-04-22,2.2,7.7,19.3,12.7,1.67,8.4,73,93,43,12.3
2024-04-23,0.6,7.7,18.8,12.8,2.72,12.7,52,98,15,12.4
2024-04-24,0.0,7.2,22.5,13.9,2.19,8.3,37,64,8,12.7
2024-04-25,0.0,5.9,23.8,14.4,1.71,13.0,40,61,16,9.0
2024-04-26,0.1,8.6,24.9,16.0,2.37,12.5,45,67,12,11.2
2024-04-27,0.4,9.7,22.0,15.1,2.34,14.7,54,84,28,10.2
2024-04-28,0.9,7.6,15.7,11.6,1.33,7.7,63,88,46,2.8
2024-04-29,11.0,9.7,15.3,11.7,1.22,6.5,76,97,48,3.3
2024-04-30,3.1,7.8,19.9,13.3,2.37,10.8,61,93,26,10.4
2024-05-01,1.2,9.9,17.0,12.5,3.57,16.2,56,75,25,10.1
2024-05-02,0.0,4.7,19.4,12.2,2.42,12.8,44,73,21,12.8
2024-05-03,0.0,7.0,22.9,14.3,1.73,8.7,43,61,23,13.0
2024-05-04,0.0,8.1,26.0,17.4,1.91,11.6,43,68,21,13.6
2024-05-05,0.0,10.8,28.9,19.6,2.03,11.4,35,59,15,13.3
2024-05-06,0.7,14.0,25.1,18.3,1.82,8.3,50,72,27,7.0
2024-05-07,0.0,11.6,24.7,17.3,1.95,9.1,53,71,30,13.7
2024-05-08,0.0,10.1,23.7,16.7,1.77,8.4,53,82,26,13.0
2024-05-09,0.0,8.9,25.0,16.8,2.29,9.3,46,72,23,12.8
2024-05-10,0.0,10.3,25.5,17.7,2.36,10.6,41,62,22,13.2
2024-05-11,0.0,12.8,26.1,18.8,1.92,11.3,39,65,20,13.2
2024-05-12,0.0,10.9,27.5,19.4,2.14,11.3,48,92,18,13.8
2024-05-13,0.0,14.1,28.0,20.4,1.62,8.5,52,74,30,11.4
2024-05-14,0.0,14.0,26.8,20.2,2.73,10.2,39,65,14,13.3
2024-05-15,0.0,10.1,25.7,17.6,2.18,11.2,34,58,13,14.0
2024-05-16,0.0,9.1,24.9,17.5,2.01,9.7,32,59,15,14.0
2024-05-17,0.1,10.4,29.1,18.9,2.23,11.4,41,71,11,13.8
2024-05-18,0.0,12.0,27.6,19.2,2.14,11.1,38,60,15,14.0
2024-05-19,0.8,13.3,24.1,18.1,1.56,11.6,48,68,29,13.5
2024-05-20,0.1,12.0,25.3,18.5,1.89,8.5,34,65,15,14.0
2024-05-21,0.0,10.3,25.0,18.4,1.93,9.8,35,64,19,13.5
2024-05-22,0.0,12.8,28.6,19.7,2.72,11.3,35,55,14,14.0
2024-05-23,0.0,12.1,25.6,18.6,2.3,11.7,41,60,27,10.8
2024-05-24,0.0,12.0,27.0,19.1,1.99,11.0,45,69,23,14.0
2024-05-25,0.0,13.2,29.9,21.1,1.95,9.5,59,97,27,13.7
2024-05-26,0.0,14.2,33.0,23.5,1.65,9.2,44,78,18,14.0
2024-05-27,0.0,16.1,30.5,23.1,1.75,11.2,48,73,30,14.0
2024-05-28,0.0,14.8,28.8,20.9,2.34,11.7,66,99,33,13.8
2024-05-29,0.0,14.8,32.3,23.2,1.97,10.1,51,84,22,14.0
2024-05-30,0.0,17.6,34.8,25.3,1.96,9.7,35,55,17,14.0
2024-05-31,0.0,16.6,26.1,21.1,2.84,12.5,50,73,31,13.2
2024-06-01,2.5,15.0,23.2,18.0,2.36,11.2,71,91,47,7.8
2024-06-02,0.3,13.0,24.8,18.2,2.29,12.1,64,97,38,12.8
2024-06-03,0.0,12.7,25.7,19.3,2.08,9.4,52,76,32,13.7
2024-06-04,0.0,13.7,29.9,21.9,1.32,8.2,47,89,22,14.0
2024-06-05,0.0,16.5,33.2,24.0,2.2,12.1,37,55,17,14.0
2024-06-06,0.0,15.3,33.0,23.6,2.11,10.4,32,50,14,12.0
2024-06-07,0.0,17.3,30.5,23.9,2.33,11.4,38,59,24,13.0
2024-06-08,12.0,17.2,30.4,22.5,1.76,12.4,55,83,29,11.4
2024-06-09,0.0,13.0,26.8,20.7,2.28,10.5,52,87,33,14.0
2024-06-10,10.3,15.7,27.2,20.3,1.49,8.1,59,91,36,14.0
2024-06-11,6.4,14.4,23.3,17.8,1.31,8.4,80,97,54,11.3
2024-06-12,25.4,14.7,22.5,17.4,1.48,8.0,83,97,61,11.4
2024-06-13,0.1,11.6,26.9,18.5,1.41,6.6,75,96,43,14.0
2024-06-14,0.0,13.5,28.9,20.9,1.65,7.7,65,92,38,14.0
2024-06-15,0.1,17.0,30.3,23.0,1.86,10.5,51,69,31,14.0
2024-06-16,0.0,14.6,30.0,21.6,1.66,7.8,49,68,31,14.0
2024-06-17,0.1,15.7,28.6,22.0,1.87,9.5,61,83,45,14.0
2024-06-18,0.0,15.0,29.3,22.1,1.88,10.2,67,90,43,14.0
2024-06-19,7.3,14.4,24.9,19.8,1.17,6.9,70,94,44,13.9
2024-06-20,0.3,13.0,25.5,19.4,2.08,11.8,51,83,27,14.0
2024-06-21,0.0,13.2,28.2,20.7,1.73,7.3,47,70,29,14.0
2024-06-22,0.0,14.6,31.1,23.0,1.53,6.8,46,69,28,14.0
2024-06-23,0.0,17.3,28.8,23.7,1.91,9.3,49,71,34,13.4
2024-06-24,0.0,15.9,28.5,22.2,2.18,13.1,61,88,38,14.0
2024-06-25,0.0,15.6,31.1,23.3,1.74,8.9,58,91,32,14.0
2024-06-26,0.0,16.9,29.3,22.5,1.94,11.4,56,88,30,14.0
2024-06-27,0.0,17.4,28.8,23.0,2.04,9.8,50,75,37,13.1
2024-06-28,3.4,18.0,27.1,21.9,1.64,10.3,74,96,55,13.0
2024-06-29,0.1,14.6,29.1,21.5,2.3,11.2,59,94,32,14.0
2024-06-30,1.1,16.9,30.4,23.1,1.99,10.2,59,77,33,13.9
2024-07-01,0.2,17.5,28.2,22.7,2.17,10.8,61,91,30,14.0
2024-07-02,0.0,17.4,32.3,24.2,1.8,8.8,56,88,26,14.0
2024-07-03,0.0,18.0,34.0,26.1,1.82,9.7,47,76,23,14.0
2024-07-04,0.0,20.1,35.3,26.7,1.9,10.5,39,62,15,14.0
2024-07-05,0.0,18.1,31.5,25.4,1.91,9.5,35,55,21,14.0
2024-07-06,0.0,18.5,32.4,25.6,1.68,8.6,44,64,28,14.0
2024-07-07,2.1,17.6,29.9,23.7,1.88,9.9,63,95,35,13.0
2024-07-08,0.1,18.5,31.4,24.0,1.78,10.7,69,100,36,14.0
2024-07-09,0.0,17.5,32.6,24.9,1.8,9.5,65,95,39,14.0
2024-07-10,0.0,18.6,35.6,27.4,1.6,11.4,46,77,21,14.0
2024-07-11,0.0,19.7,36.0,28.4,1.95,12.3,43,68,24,14.0
2024-07-12,0.0,21.2,38.5,28.6,2.04,14.7,42,72,18,14.0
2024-07-13,2.6,20.0,31.8,24.9,2.2,14.0,70,96,39,9.6
2024-07-14,0.0,18.9,33.2,25.8,2.03,12.5,64,95,33,13.5
2024-07-15,0.0,18.7,37.9,28.2,1.46,7.1,30,61,9,14.0
2024-07-16,0.0,20.7,36.8,27.7,1.97,11.8,38,65,18,14.0
2024-07-17,0.0,19.5,31.5,25.2,2.2,11.4,68,100,40,13.9
2024-07-18,0.0,19.1,34.6,26.9,1.79,9.6,49,82,24,12.1
2024-07-19,0.0,22.8,37.4,30.1,2.54,14.1,33,48,18,13.9
2024-07-20,0.0,20.9,39.7,30.7,2.19,10.8,23,47,9,13.9
2024-07-21,0.0,21.5,36.2,29.0,2.48,13.2,33,62,18,13.9
2024-07-22,0.7,21.1,33.2,26.2,2.32,11.1,62,91,35,13.0
2024-07-23,0.0,19.9,36.1,27.6,1.81,9.9,48,79,24,13.8
2024-07-24,0.0,21.0,37.8,29.0,1.99,9.8,32,48,18,13.8
2024-07-25,0.3,20.5,38.6,28.2,1.96,10.0,37,69,15,12.1
2024-07-26,0.0,19.7,32.3,25.3,2.1,10.6,67,100,31,13.3
2024-07-27,0.0,18.6,34.5,26.3,1.93,10.4,59,99,23,13.6
2024-07-28,0.0,20.5,34.8,27.3,1.86,9.6,49,79,19,13.6
2024-07-29,0.0,20.9,34.5,27.5,2.01,12.7,46,72,23,11.0
2024-07-30,0.0,22.1,36.8,29.1,2.12,11.1,30,50,15,13.5
2024-07-31,0.0,21.6,39.9,30.8,1.99,13.0,28,42,15,13.5
2024-08-01,0.0,23.0,43.2,31.8,2.09,13.3,25,47,9,13.5
2024-08-02,0.0,22.4,38.6,30.5,2.17,12.7,29,55,9,13.5
2024-08-03,0.0,20.3,35.7,28.0,2.15,11.5,47,75,23,13.4
2024-08-04,0.0,21.3,37.2,28.1,1.78,9.1,56,100,20,13.1
2024-08-05,0.0,21.7,38.3,29.2,2.07,9.4,37,58,16,13.3
2024-08-06,0.0,21.5,37.9,29.7,2.29,11.8,33,56,14,13.3
2024-08-07,0.0,20.7,35.3,27.7,2.2,12.0,38,56,18,13.3
2024-08-08,0.0,21.9,35.3,28.0,1.94,11.0,32,52,20,13.3
2024-08-09,0.0,21.2,33.9,27.5,2.01,10.8,36,53,25,13.2
2024-08-10,0.0,21.5,34.5,27.3,2.06,11.4,33,46,19,13.2
2024-08-11,0.0,20.7,34.0,27.1,2.26,11.3,35,52,23,13.2
2024-08-12,0.0,22.1,35.8,28.3,1.74,11.3,38,50,22,13.1
2024-08-13,0.0,19.2,35.1,27.5,1.84,11.2,34,56,16,11.2
2024-08-14,0.1,18.7,31.5,25.0,1.45,10.4,39,69,23,12.3
2024-08-15,0.0,17.7,29.7,23.7,1.5,8.9,57,80,34,13.0
2024-08-16,0.0,17.6,30.7,24.0,1.66,9.9,63,94,33,12.9
2024-08-17,0.0,17.7,34.7,26.0,1.82,9.2,56,91,22,12.4
2024-08-18,0.0,20.3,39.4,28.5,1.99,10.2,36,67,13,12.9
2024-08-19,0.0,20.4,34.7,26.9,1.76,8.9,52,73,28,12.8
2024-08-20,0.9,19.9,33.6,26.4,1.44,8.1,61,90,37,12.4
2024-08-21,0.0,20.5,32.4,26.2,1.73,9.2,60,88,34,12.4
2024-08-22,0.0,19.9,34.2,27.0,1.38,8.0,51,86,21,12.4
2024-08-23,0.8,21.0,34.3,26.9,1.82,11.3,53,75,31,12.4
2024-08-24,0.2,19.5,33.2,26.3,1.54,9.2,58,91,33,12.4
2024-08-25,0.5,21.4,31.9,25.5,1.57,9.0,69,88,42,12.3
2024-08-26,3.0,21.1,31.8,24.8,1.68,9.1,75,99,37,8.9
2024-08-27,0.0,20.5,32.6,26.0,1.29,7.2,69,99,36,11.2
2024-08-28,0.1,20.7,33.5,26.0,1.67,9.3,67,99,32,10.9
2024-08-29,0.0,19.3,30.5,23.5,1.9,11.9,70,100,39,8.6
2024-08-30,0.0,18.7,28.4,22.9,1.92,13.0,67,92,42,9.4
2024-08-31,0.3,17.1,29.6,22.8,1.71,10.8,71,92,42,10.0
2024-09-01,0.5,18.4,31.3,24.7,1.43,8.0,68,95,38,12.0
2024-09-02,5.6,21.6,30.1,24.7,1.3,7.3,74,96,44,11.0
2024-09-03,1.8,20.1,29.7,24.0,1.58,11.3,74,96,43,12.0
2024-09-04,1.1,18.3,31.6,22.2,1.56,10.2,76,99,14,8.3
2024-09-05,0.2,18.2,29.6,23.0,2.27,9.3,70,100,32,11.4
2024-09-06,0.0,18.7,33.2,24.0,2.44,13.1,62,91,13,12.0
2024-09-07,0.7,15.7,32.6,23.2,1.39,9.6,56,89,16,10.7
2024-09-08,1.4,19.5,31.1,23.8,2.11,9.1,56,80,26,11.8
2024-09-09,0.0,16.1,30.1,23.3,2.01,8.0,39,59,22,12.0
2024-09-10,0.0,16.5,31.2,23.1,2.19,10.8,46,68,23,12.0
2024-09-11,0.0,17.0,29.2,22.6,1.74,8.0,55,85,24,11.1
2024-09-12,0.0,17.4,32.2,23.5,1.71,9.8,44,66,17,12.0
2024-09-13,0.5,16.9,24.6,19.9,2.64,9.8,62,82,42,5.8
2024-09-14,1.7,15.9,22.6,18.3,1.75,6.9,73,94,53,4.7
2024-09-15,0.0,12.2,28.4,19.9,1.56,7.2,63,94,29,12.0
2024-09-16,0.0,14.5,28.9,21.1,1.66,8.7,61,85,31,12.0
2024-09-17,0.0,14.8,26.9,20.1,1.91,9.1,65,93,33,12.0
2024-09-18,1.2,14.6,23.2,18.5,1.62,11.3,77,95,49,9.4
2024-09-19,12.4,15.2,23.7,17.4,1.24,8.4,87,98,55,5.5
2024-09-20,0.8,13.9,25.3,18.5,1.51,8.9,78,98,42,9.2
2024-09-21,8.9,17.1,24.2,19.4,1.45,10.5,86,99,55,7.7
2024-09-22,0.0,12.9,26.2,19.5,1.5,8.1,70,97,37,12.0
2024-09-23,0.0,14.4,26.1,20.1,1.87,8.6,55,79,33,11.0
2024-09-24,0.0,11.9,25.1,18.8,1.61,9.2,56,82,35,6.3
2024-09-25,0.0,13.8,26.8,19.8,1.93,8.4,50,67,33,11.6
2024-09-26,0.0,15.2,31.4,22.2,1.85,7.7,57,86,25,11.8
2024-09-27,0.0,16.2,28.2,21.6,1.94,10.6,50,84,21,11.0
2024-09-28,0.0,12.6,24.5,17.7,2.13,9.2,49,79,30,11.8
2024-09-29,0.0,11.9,25.1,17.8,1.59,8.3,69,94,41,11.7
2024-09-30,0.0,12.5,27.3,19.2,1.45,8.2,62,90,29,11.7
2024-10-01,0.0,13.4,30.7,21.5,1.45,7.6,53,84,18,10.9
2024-10-02,0.0,16.0,32.1,22.8,1.99,8.9,42,54,22,9.2
2024-10-03,0.1,19.4,27.3,23.1,3.7,11.4,53,70,32,11.2
2024-10-04,0.0,14.1,27.4,20.9,1.36,7.9,56,82,27,9.5
2024-10-05,0.0,14.0,29.2,20.8,1.51,10.1,59,84,28,10.7
2024-10-06,0.0,16.1,31.8,22.9,2.11,9.6,52,78,23,10.7
2024-10-07,0.2,16.6,30.8,23.0,2.04,9.1,42,61,22,8.0
2024-10-08,0.2,12.5,24.2,18.9,1.81,7.7,54,81,30,9.1
2024-10-09,0.0,14.8,28.0,20.3,1.53,10.0,49,67,21,9.0
2024-10-10,0.0,14.3,23.1,19.0,1.8,6.9,52,74,32,9.9
2024-10-11,0.1,10.6,22.0,16.1,1.33,6.4,59,77,38,8.5
2024-10-12,0.0,12.4,22.7,17.6,1.38,7.8,67,85,49,9.3
2024-10-13,1.8,14.3,24.8,18.9,1.81,10.5,74,92,49,10.3
2024-10-14,1.5,16.1,26.0,20.1,1.71,11.3,75,95,53,10.2
2024-10-15,8.6,15.4,24.1,18.3,1.63,9.8,83,100,42,10.2
2024-10-16,0.9,13.5,25.1,18.4,1.66,7.8,75,96,47,9.5
2024-10-17,0.1,13.8,19.8,16.3,3.06,13.3,60,90,39,10.3
2024-10-18,0.0,10.0,19.7,14.2,2.52,10.5,54,78,32,10.0
2024-10-19,0.0,10.8,23.8,16.5,1.78,8.9,59,74,38,9.5
2024-10-20,0.0,11.4,24.3,17.5,1.44,6.5,64,90,41,10.2
2024-10-21,0.0,13.9,22.7,17.7,1.42,8.2,64,84,44,10.2
2024-10-22,0.6,12.9,21.5,16.5,1.69,7.2,76,93,50,9.4
2024-10-23,19.0,14.8,17.5,15.6,1.59,6.8,91,97,81,2.8
2024-10-24,1.8,13.3,21.2,16.5,1.29,7.7,81,99,52,9.6
2024-10-25,3.8,12.4,22.2,15.9,1.17,8.8,81,98,47,7.0
2024-10-26,0.6,10.0,17.1,13.0,1.78,8.3,68,100,32,8.9
2024-10-27,5.5,6.1,12.5,9.7,1.52,6.6,82,96,55,6.0
2024-10-28,9.8,8.8,15.7,11.7,1.43,6.9,84,95,61,4.1
2024-10-29,108.3,11.4,16.7,13.9,2.72,13.8,94,99,81,0.0
2024-10-30,0.0,8.5,19.4,13.1,1.48,8.8,75,96,49,10.0
2024-10-31,2.1,8.8,20.2,14.5,1.19,8.1,82,98,59,8.8
2024-11-01,2.6,11.1,19.5,13.9,1.35,6.5,86,98,61,8.4
2024-11-02,0.0,10.0,18.7,14.0,1.31,5.7,83,98,60,10.0
2024-11-03,7.6,10.8,15.7,13.3,1.29,9.2,91,98,82,4.4
2024-11-04,0.1,10.9,18.6,14.3,0.92,5.2,89,97,74,5.0
2024-11-05,0.0,11.9,20.2,15.1,0.98,5.0,84,98,54,9.2
2024-11-06,0.1,11.0,18.7,14.3,0.9,5.0,83,94,71,10.0
2024-11-07,0.4,11.8,18.8,14.7,1.16,5.0,87,99,67,8.4
2024-11-08,0.2,11.8,19.1,15.0,1.34,7.2,83,96,63,4.4
2024-11-09,0.0,9.6,20.5,14.0,1.7,7.4,77,96,48,9.9
2024-11-10,0.0,8.9,19.4,13.9,2.05,8.2,63,84,36,9.9
2024-11-11,0.5,9.1,16.7,12.9,1.57,7.9,76,93,60,9.9
2024-11-12,3.3,7.8,16.6,11.4,1.07,5.0,83,96,56,9.0
2024-11-13,9.4,7.6,10.2,8.7,2.08,7.3,90,96,79,0.1
2024-11-14,12.1,9.6,15.4,12.2,1.49,7.3,90,99,76,3.1
2024-11-15,8.3,10.8,14.6,12.9,2.51,9.5,87,99,76,3.4
2024-11-16,0.6,9.2,14.8,12.3,0.83,5.2,87,97,75,1.2
2024-11-17,0.0,7.5,19.6,12.6,0.58,4.5,73,94,51,9.7
2024-11-18,0.0,9.2,21.4,14.1,0.97,6.2,66,82,43,9.8
2024-11-19,4.5,9.6,19.9,13.6,1.52,6.6,68,93,46,9.8
2024-11-20,0.0,8.0,21.2,13.1,1.71,6.5,66,89,32,9.8
2024-11-21,0.0,8.0,20.6,12.4,1.6,5.4,60,79,33,8.3
2024-11-22,0.0,8.7,18.9,12.9,1.94,10.9,69,90,48,7.3
2024-11-23,0.2,8.7,18.5,12.3,1.19,7.4,79,93,50,9.7
2024-11-24,0.0,7.4,17.7,11.6,1.43,5.5,84,98,65,9.7
2024-11-25,0.0,8.8,23.4,14.5,1.81,11.9,65,87,31,9.3
2024-11-26,0.0,7.7,15.8,11.6,1.29,6.5,82,95,61,8.4
2024-11-27,0.0,9.2,15.8,12.4,0.76,5.4,84,97,66,5.9
2024-11-28,0.0,8.3,16.3,11.4,0.76,5.1,83,93,66,9.6
2024-11-29,0.0,7.0,22.1,12.8,0.86,4.6,62,87,38,7.4
2024-11-30,0.0,7.6,19.7,12.3,1.02,5.1,62,75,39,9.6
2024-12-01,0.0,8.5,19.0,13.1,0.71,4.7,60,70,39,9.3
2024-12-02,0.0,8.9,19.9,13.0,1.26,6.8,62,78,40,8.7
2024-12-03,0.0,8.4,19.4,12.4,1.43,6.7,65,86,41,9.5
2024-12-04,0.4,6.0,16.1,11.2,2.7,13.2,68,88,43,8.3
2024-12-05,0.0,3.9,19.0,10.0,1.48,5.6,62,87,29,9.3
2024-12-06,0.0,6.7,22.3,12.7,1.57,7.3,61,83,34,9.5
2024-12-07,0.0,7.0,21.4,12.6,1.99,9.0,66,91,31,9.4
2024-12-08,0.0,4.5,12.9,8.9,2.99,11.8,51,79,31,9.4
2024-12-09,0.0,5.4,10.5,7.4,4.96,12.1,44,54,36,9.4
2024-12-10,0.0,2.0,11.3,6.2,2.41,8.7,57,77,38,9.4
2024-12-11,0.0,2.4,9.4,5.6,1.13,6.3,70,91,56,6.9
2024-12-12,0.0,3.6,10.8,6.5,1.49,5.2,76,92,54,7.4
2024-12-13,0.3,3.0,12.8,6.9,1.12,7.0,83,97,57,8.7
2024-12-14,0.0,2.9,12.6,6.8,0.88,5.7,72,92,52,9.4
2024-12-15,0.0,2.7,13.3,6.8,1.47,7.7,54,73,30,9.4
2024-12-16,0.0,0.8,12.4,5.8,1.66,6.2,73,92,47,9.2
2024-12-17,0.0,3.2,11.9,6.9,1.14,5.2,78,92,59,7.7
2024-12-18,0.0,5.2,20.2,11.4,0.97,4.5,55,75,38,9.4
2024-12-19,0.0,8.5,20.2,12.4,1.86,7.2,62,80,28,8.2
2024-12-20,0.0,4.3,13.6,8.6,2.0,8.1,64,87,30,9.3
2024-12-21,0.0,2.5,11.6,5.7,0.67,4.6,59,71,41,9.4
2024-12-22,0.0,2.1,18.5,8.1,0.98,5.0,56,73,31,9.3
2024-12-23,0.0,5.0,14.1,9.1,3.88,12.9,50,69,33,9.3
2024-12-24,0.0,4.3,15.5,8.3,0.8,5.5,48,63,34,9.4
2024-12-25,0.0,3.6,16.0,8.5,0.87,5.9,62,81,38,9.4
2024-12-26,0.0,3.6,12.4,7.6,0.89,5.8,81,91,65,9.1
2024-12-27,0.1,2.4,11.4,6.8,0.74,5.5,85,100,60,8.9
2024-12-28,0.1,4.2,11.3,7.6,0.74,6.2,81,89,66,8.0
2024-12-29,0.0,3.8,10.7,6.8,0.53,5.3,84,96,71,5.7
2024-12-30,0.0,4.0,11.3,6.7,0.62,5.0,85,95,63,6.7
2024-12-31,0.7,4.3,9.3,6.5,1.21,6.8,88,95,74,4.8
2025-01-01,0.9,4.8,10.2,6.9,1.55,5.7,87,97,68,4.0
2025-01-02,0.0,1.0,13.2,6.1,0.82,5.2,77,98,45,9.1
2025-01-03,0.0,0.1,16.6,6.1,1.3,4.7,54,82,25,8.4
2025-01-04,0.0,1.4,14.7,6.7,1.05,4.2,40,50,24,9.2
2025-01-05,0.0,2.3,14.1,7.3,1.05,4.5,52,69,41,7.4
2025-01-06,0.1,7.5,13.2,9.5,2.56,8.8,65,82,47,2.2
2025-01-07,0.0,1.9,13.6,7.7,2.21,10.5,64,87,40,9.4
2025-01-08,0.0,3.2,17.4,8.2,0.92,6.0,64,82,44,8.5
2025-01-09,0.0,7.0,18.7,12.5,2.42,8.6,58,84,31,9.0
2025-01-10,0.0,4.3,17.7,9.7,1.39,5.3,67,84,38,9.4
2025-01-11,0.0,6.7,18.3,12.0,2.75,13.1,72,86,49,7.0
2025-01-12,0.0,7.6,14.8,11.1,3.49,10.9,52,84,29,8.1
2025-01-13,0.0,0.6,10.6,5.0,0.88,5.1,47,63,32,9.5
2025-01-14,0.0,0.3,10.5,4.1,1.28,6.7,49,77,24,9.5
2025-01-15,0.0,-2.0,12.3,3.7,0.77,4.5,35,54,17,9.6
2025-01-16,0.1,-3.0,9.5,3.6,1.63,6.8,53,87,34,9.6
2025-01-17,3.1,3.5,8.9,5.7,3.84,11.7,82,94,65,2.5
2025-01-18,0.0,2.5,12.4,6.9,1.71,6.7,61,82,33,8.1
2025-01-19,0.0,-0.6,12.1,5.2,1.05,5.5,57,72,35,9.6
2025-01-20,0.6,0.1,14.2,6.0,1.23,5.3,63,87,42,8.2
2025-01-21,6.0,6.2,17.5,10.5,0.96,6.1,72,92,41,8.4
2025-01-22,0.0,8.9,20.0,13.1,3.75,14.1,43,58,19,9.5
2025-01-23,0.0,6.0,18.0,10.9,2.04,8.5,62,84,42,8.8
2025-01-24,0.0,5.8,18.7,10.7,1.33,5.7,72,95,40,9.6
2025-01-25,0.0,4.6,17.4,9.9,1.42,6.1,69,88,44,5.0
2025-01-26,0.0,2.4,15.3,8.6,1.54,6.3,73,93,45,9.0
2025-01-27,0.0,11.9,21.3,15.8,4.4,23.4,63,81,43,8.5
2025-01-28,2.1,8.1,14.4,10.4,7.61,21.7,54,84,43,7.2
2025-01-29,0.0,2.6,13.4,7.7,2.08,11.7,63,84,39,7.2
2025-01-30,2.2,4.8,12.9,8.6,3.71,15.5,61,88,38,9.3
2025-01-31,0.0,4.9,12.4,8.3,3.5,12.7,54,67,43,9.2
2025-02-01,0.0,-0.9,15.7,6.6,1.91,10.0,57,92,25,9.7
2025-02-02,0.0,2.5,14.0,7.2,1.46,8.2,65,85,28,9.9
2025-02-03,0.5,2.7,11.1,6.4,1.28,8.3,68,84,52,9.9
2025-02-04,0.0,2.4,12.7,6.9,0.96,6.1,66,91,36,10.1
2025-02-05,0.0,2.1,15.0,7.6,0.84,5.1,49,66,27,10.1
2025-02-06,0.0,1.3,13.7,6.7,1.06,6.2,56,79,38,10.2
2025-02-07,1.4,0.7,15.6,6.7,1.1,6.7,66,96,30,9.8
2025-02-08,0.0,5.7,16.9,9.8,1.11,5.6,69,94,35,10.2
2025-02-09,0.0,2.0,16.0,8.8,1.03,5.5,61,83,33,10.3
2025-02-10,0.0,3.6,15.8,8.9,1.07,6.6,72,88,43,9.9
2025-02-11,0.0,5.2,16.8,10.1,0.99,7.5,77,97,40,10.4
2025-02-12,0.3,5.2,16.9,10.2,2.45,11.8,63,88,35,10.5
2025-02-13,0.0,4.2,16.5,10.1,2.15,8.2,55,81,31,10.6
2025-02-14,0.0,4.2,19.7,10.9,1.11,6.4,56,76,32,10.6
2025-02-15,0.0,5.4,19.8,12.1,1.28,9.2,56,82,34,10.0
2025-02-16,0.0,8.0,20.2,12.5,0.75,5.4,56,88,24,10.7
2025-02-17,0.0,7.0,20.4,12.5,1.22,7.6,50,64,29,10.7
2025-02-18,0.0,5.8,17.9,10.5,1.47,8.9,69,98,43,10.0
2025-02-19,0.0,7.9,19.6,12.5,0.83,6.5,68,96,36,10.8
2025-02-20,0.0,7.4,19.4,12.9,1.07,7.1,64,91,38,10.8
2025-02-21,0.0,6.2,16.7,10.7,1.45,9.2,78,97,46,7.9
2025-02-22,6.8,5.3,12.8,8.8,1.19,6.2,88,97,72,0.0
2025-02-23,0.3,4.6,15.6,10.0,1.89,7.7,61,84,32,10.8
2025-02-24,0.0,4.4,17.5,10.2,1.31,6.8,67,84,39,10.6
2025-02-25,0.4,4.2,19.6,10.9,2.06,8.3,58,80,33,5.3
2025-02-26,0.0,3.8,15.2,9.3,1.6,6.5,61,83,30,10.9
2025-02-27,0.0,4.3,15.6,9.3,1.35,9.9,61,89,44,8.5
2025-02-28,9.6,5.3,13.2,8.5,1.69,9.7,79,95,51,10.1
2025-03-01,14.4,5.2,8.4,7.3,2.75,8.2,94,97,90,0.0
2025-03-02,15.2,5.4,8.9,7.0,3.3,11.5,95,100,89,0.0
2025-03-03,9.4,7.9,11.6,9.1,1.7,7.1,96,100,88,0.7
2025-03-04,16.5,6.8,15.3,10.1,2.72,10.4,92,100,62,5.1
2025-03-05,27.4,8.6,10.6,9.8,3.68,13.2,98,100,92,0.0
2025-03-06,23.0,9.4,12.7,10.4,2.1,7.9,97,100,85,2.0
2025-03-07,14.3,9.6,14.0,11.0,1.64,7.6,91,99,74,3.1
2025-03-08,3.9,9.0,15.7,11.8,2.7,13.4,86,99,61,2.9
2025-03-09,0.0,3.3,14.1,8.5,2.62,11.0,67,90,41,10.9
2025-03-10,0.5,4.5,16.1,9.9,1.58,7.3,67,91,40,11.0
2025-03-11,6.0,7.7,17.9,11.2,2.02,8.8,70,95,34,10.0
2025-03-12,0.4,7.1,16.3,11.3,2.24,8.8,61,84,34,8.9
2025-03-13,3.1,5.7,14.6,9.5,1.74,8.4,74,87,47,6.4
2025-03-14,16.7,5.7,12.5,8.3,1.26,8.9,84,94,61,7.9
2025-03-15,0.3,2.0,13.4,7.7,1.21,5.4,68,98,34,9.9
2025-03-16,2.2,2.3,16.1,8.1,2.98,12.9,63,83,32,11.3
2025-03-17,9.7,5.9,10.1,8.3,1.82,6.3,91,100,76,0.0
2025-03-18,32.7,7.3,10.9,9.0,1.64,7.5,98,100,93,0.0
2025-03-19,0.1,5.2,18.0,10.9,1.86,8.7,82,100,48,8.1
2025-03-20,0.3,8.7,17.5,12.7,1.5,7.5,83,100,57,10.4
2025-03-21,5.1,8.4,18.5,13.2,3.14,13.5,59,95,27,8.1
2025-03-22,0.0,8.0,15.9,11.8,2.93,12.1,56,85,32,10.0
2025-03-23,6.3,3.8,14.3,8.0,1.57,7.9,70,94,41,7.4
2025-03-24,0.0,4.9,15.0,9.6,3.03,8.4,58,86,34,11.0
2025-03-25,7.6,4.7,14.4,9.1,1.59,8.4,71,88,50,11.4
2025-03-26,0.0,4.2,18.3,10.6,1.4,7.7,64,94,31,11.3
2025-03-27,0.5,4.6,19.0,11.2,1.82,9.4,63,91,27,11.9
2025-03-28,0.1,4.6,19.9,11.8,2.11,9.7,60,95,25,12.0
2025-03-29,0.0,9.4,20.7,14.3,3.45,11.8,38,55,21,12.0
2025-03-30,0.0,2.2,16.4,10.0,1.32,6.3,45,65,27,12.0
2025-03-31,0.0,4.8,22.5,13.0,1.28,5.5,45,67,22,12.0
2025-04-01,0.0,6.5,21.4,13.6,1.52,6.3,47,66,28,11.8
2025-04-02,0.0,8.5,19.6,13.2,1.62,8.9,63,84,40,12.0
2025-04-03,3.7,9.2,16.8,12.4,1.82,6.7,80,97,60,5.3
2025-04-04,1.9,10.3,20.2,14.3,2.1,11.3,74,94,39,12.0
2025-04-05,0.0,6.4,19.9,12.9,1.73,8.3,64,95,32,11.7
2025-04-06,0.0,7.5,20.4,14.0,1.9,7.9,56,78,31,10.9
2025-04-07,0.0,7.8,22.0,14.7,1.99,6.9,58,79,33,12.1
2025-04-08,0.0,7.7,22.4,14.6,2.02,9.0,53,77,32,12.1
2025-04-09,0.0,6.9,22.1,14.1,1.59,8.7,53,69,34,12.1
2025-04-10,0.0,10.0,19.0,13.7,1.84,11.2,56,78,35,10.9
2025-04-11,0.1,9.5,16.2,12.5,1.72,10.2,78,90,64,3.8
2025-04-12,9.3,10.3,20.1,13.8,1.5,10.0,80,95,45,1.3
2025-04-13,0.7,9.6,19.7,13.9,1.16,6.1,75,93,49,6.0
2025-04-14,16.7,8.6,19.4,13.7,1.6,9.2,78,98,54,12.3
2025-04-15,2.7,8.3,16.8,12.1,2.66,10.3,58,88,32,11.6
2025-04-16,0.0,6.7,15.2,10.6,5.24,14.7,49,68,30,12.0
2025-04-17,0.0,9.7,21.1,14.7,2.13,7.2,56,81,36,12.3
2025-04-18,0.1,7.5,24.7,14.9,1.84,8.8,65,93,23,11.8
2025-04-19,0.0,9.1,17.1,13.0,3.44,11.9,57,92,25,12.5
2025-04-20,9.4,5.3,16.0,10.0,2.45,12.0,61,80,38,10.5
2025-04-21,0.0,7.0,20.9,13.5,2.29,8.5,56,81,28,12.2
2025-04-22,10.9,9.1,18.1,14.1,1.17,7.7,69,91,48,12.1
2025-04-23,0.0,9.4,21.1,14.9,1.16,6.1,63,88,41,12.7
2025-04-24,0.0,10.0,25.9,17.5,1.58,8.7,57,94,32,12.7
2025-04-25,0.0,11.1,25.9,17.9,1.45,7.5,53,71,33,11.4
2025-04-26,0.0,12.9,24.9,18.7,2.3,10.3,56,86,27,12.9
2025-04-27,0.0,10.1,22.1,15.6,2.16,11.0,55,83,23,13.0
2025-04-28,0.0,9.4,20.5,14.3,2.15,11.6,65,91,34,13.2
2025-04-29,0.7,8.5,17.6,13.1,2.3,10.6,77,96,52,5.8
2025-04-30,0.0,9.3,20.9,14.5,2.65,13.4,75,98,45,12.6
2025-05-01,0.1,10.7,23.2,16.3,2.05,8.9,74,95,48,11.2
2025-05-02,1.4,12.3,24.6,17.7,1.75,9.7,74,95,46,11.6
2025-05-03,8.7,12.9,24.4,17.6,1.44,9.4,73,96,45,10.6
2025-05-04,0.0,9.2,22.1,16.2,1.98,9.4,59,96,26,13.1
2025-05-05,0.3,10.6,22.2,16.2,2.09,9.9,55,81,31,12.8
2025-05-06,0.7,8.9,21.3,15.0,1.78,9.7,66,92,35,13.1
2025-05-07,9.0,11.1,20.9,15.1,1.4,7.1,77,99,38,8.2
2025-05-08,12.1,8.7,19.1,13.2,1.26,7.8,83,98,53,9.4
2025-05-09,0.1,7.3,21.5,14.5,1.16,6.1,70,97,36,13.8
2025-05-10,1.6,9.0,21.5,14.9,1.34,8.0,73,97,46,11.9
2025-05-11,2.6,8.0,20.8,14.2,1.24,7.4,68,98,40,12.0
2025-05-12,0.1,8.9,23.2,15.4,1.75,9.6,51,76,22,13.9
2025-05-13,4.5,10.1,20.2,14.9,1.47,7.6,63,98,37,10.6
2025-05-14,4.2,11.1,18.7,14.2,1.37,11.8,78,100,52,11.2
2025-05-15,18.7,9.4,21.3,14.0,1.51,9.7,73,91,40,10.4
2025-05-16,0.0,8.9,23.6,16.2,1.51,7.1,63,88,34,13.9
2025-05-17,0.0,11.0,26.9,18.2,1.9,9.4,57,83,23,14.0
2025-05-18,0.0,10.2,27.5,18.6,1.67,9.2,48,71,24,14.0
2025-05-19,0.0,12.2,27.7,19.0,1.98,11.3,49,74,15,13.3
2025-05-20,0.0,12.6,27.2,19.4,2.34,9.2,40,57,23,14.0
2025-05-21,0.0,13.0,26.5,20.0,1.75,8.5,45,61,31,14.0
2025-05-22,9.1,13.4,28.0,19.4,1.79,12.7,58,94,27,10.7
2025-05-23,25.6,12.4,18.4,14.7,1.89,9.0,82,95,59,8.2
2025-05-24,0.0,9.4,24.6,16.5,1.88,9.5,68,95,31,14.0
2025-05-25,0.0,11.7,28.0,19.7,1.93,8.7,50,87,20,14.0
2025-05-26,0.0,13.6,29.4,21.0,1.67,8.0,49,74,25,14.0
2025-05-27,0.0,14.4,29.1,21.0,1.61,9.4,47,63,27,14.0
2025-05-28,0.0,14.6,31.7,22.3,1.42,8.5,50,75,22,14.0
2025-05-29,0.0,15.6,33.2,24.1,1.52,7.4,39,58,18,14.0
2025-05-30,0.0,16.7,34.3,24.8,1.55,7.8,36,52,18,13.2
2025-05-31,0.0,18.9,33.4,26.0,1.55,8.2,38,59,17,14.0
2025-06-01,0.0,18.5,33.5,25.7,1.44,7.1,38,54,22,14.0
2025-06-02,0.0,17.0,29.6,23.2,1.91,10.2,40,63,20,14.0
2025-06-03,0.7,14.6,27.1,20.6,1.56,10.9,62,89,38,14.0
2025-06-04,0.0,12.6,28.9,20.8,2.23,9.3,50,78,24,14.0
2025-06-05,0.0,16.0,29.0,22.5,1.64,8.5,42,60,27,14.0
2025-06-06,0.0,16.4,30.3,23.2,1.72,9.7,50,70,31,13.3
2025-06-07,0.0,16.5,34.7,25.1,2.01,13.0,40,66,19,14.0
2025-06-08,0.0,18.5,31.6,24.3,2.04,10.2,43,70,36,14.0
2025-06-09,0.0,16.5,29.9,22.7,1.86,10.5,68,96,41,12.3
2025-06-10,0.0,16.8,31.9,24.3,1.18,8.2,56,86,31,11.1
2025-06-11,0.4,18.0,30.6,23.8,2.2,10.8,46,70,24,12.0
2025-06-12,0.0,17.6,33.0,24.6,1.89,11.3,48,67,28,14.0
2025-06-13,0.0,17.9,32.1,24.7,2.09,11.7,55,74,34,12.9
2025-06-14,0.0,19.0,32.8,25.5,1.78,10.3,59,85,39,12.5
2025-06-15,0.0,19.7,34.1,26.4,1.53,9.7,49,70,29,13.6
2025-06-16,0.0,19.6,32.6,26.0,1.63,11.1,49,71,31,13.8
2025-06-17,0.0,19.5,34.3,27.4,0.8,7.0,43,69,19,13.3
2025-06-18,0.4,20.3,34.5,27.4,1.21,12.1,40,58,24,14.0
2025-06-19,0.0,19.7,33.9,26.4,0.92,8.7,50,74,24,11.1
2025-06-20,0.0,19.1,33.2,26.3,1.33,7.8,48,71,27,14.0
2025-06-21,0.0,19.6,35.5,27.3,1.21,7.2,43,64,21,12.8
2025-06-22,0.0,20.8,35.1,28.0,1.39,7.5,40,62,21,14.0
2025-06-23,0.0,18.2,35.5,27.2,1.68,9.4,39,66,19,14.0
2025-06-24,0.0,18.5,34.6,26.1,2.24,11.9,37,59,15,14.0
2025-06-25,0.0,18.2,34.9,26.2,1.8,13.1,32,51,18,14.0
2025-06-26,0.0,18.4,34.5,26.3,2.07,10.5,32,49,17,14.0
2025-06-27,0.0,19.4,34.5,26.6,1.64,9.1,47,62,28,14.0
2025-06-28,0.0,19.9,35.9,27.4,1.69,9.4,42,68,20,14.0
2025-06-29,0.0,20.9,35.3,28.4,1.78,8.5,32,51,19,14.0
2025-06-30,0.0,21.5,35.5,28.7,1.7,9.6,35,53,17,13.6
2025-07-01,0.0,22.0,34.8,28.4,1.83,9.7,35,55,17,14.0
2025-07-02,0.0,20.8,34.4,27.7,1.82,10.7,40,61,19,14.0
2025-07-03,0.0,21.5,33.0,27.1,2.31,11.3,42,53,29,14.0
2025-07-04,0.0,20.4,34.4,27.2,1.83,10.2,44,63,24,14.0
2025-07-05,0.0,20.0,34.8,27.5,2.19,10.9,40,67,20,14.0
2025-07-06,0.0,19.7,35.0,27.7,2.07,8.9,46,74,22,14.0
2025-07-07,0.5,21.7,34.9,28.1,1.82,10.2,47,66,28,14.0
2025-07-08,0.8,19.9,32.3,26.2,2.2,9.9,64,87,39,13.9
2025-07-09,0.6,22.4,32.8,26.5,1.76,7.6,68,89,40,11.2
2025-07-10,0.0,20.4,33.6,26.8,1.86,9.0,67,100,34,13.8
2025-07-11,0.2,20.2,34.9,26.0,1.72,11.2,67,100,21,13.7
2025-07-12,0.3,17.4,32.4,25.2,1.73,8.7,48,96,15,14.0
2025-07-13,0.0,17.9,33.6,25.3,1.67,11.0,52,85,28,14.0
2025-07-14,0.0,18.5,32.4,25.2,1.93,10.3,57,88,30,14.0
2025-07-15,0.0,19.2,36.0,27.0,1.68,11.0,54,85,21,14.0
2025-07-16,0.0,19.9,35.5,27.3,1.77,9.6,60,91,31,14.0
2025-07-17,0.0,21.1,38.5,29.5,2.04,10.6,45,73,20,14.0
2025-07-18,0.0,22.1,39.4,30.6,2.24,13.2,28,44,14,12.6
2025-07-19,0.0,19.5,35.0,27.9,1.83,9.5,28,45,15,13.9
2025-07-20,0.0,18.3,36.4,27.2,1.99,12.6,33,52,14,13.9
2025-07-21,0.0,18.7,35.7,26.6,1.8,8.9,39,66,19,13.9
2025-07-22,0.0,18.9,33.4,25.9,1.91,10.1,54,75,35,13.9
2025-07-23,0.0,19.7,34.8,27.0,1.34,9.9,61,97,28,12.0
2025-07-24,15.5,18.3,29.3,23.2,2.44,10.6,78,96,48,9.5
2025-07-25,14.8,17.5,25.6,20.6,2.22,10.0,74,98,51,12.0
2025-07-26,0.0,15.3,30.1,22.5,1.58,8.6,68,95,38,13.7
2025-07-27,0.0,16.8,33.0,24.1,1.77,10.2,63,91,33,13.6
2025-07-28,0.0,18.6,33.6,25.1,2.31,11.0,49,85,26,13.6
2025-07-29,1.7,19.0,27.6,22.9,2.14,10.0,73,95,51,10.5
2025-07-30,0.0,17.7,29.4,23.3,1.94,11.5,67,93,41,13.0
2025-07-31,0.0,17.4,29.7,23.0,1.86,10.1,65,91,39,13.5
2025-08-01,0.1,17.3,30.1,23.7,1.48,11.6,56,85,30,13.0
2025-08-02,0.0,17.7,32.4,24.9,1.76,9.8,58,89,30,13.4
2025-08-03,0.0,19.0,31.3,24.5,1.94,10.4,55,84,30,13.4
2025-08-04,0.0,17.7,33.8,24.7,1.53,8.5,67,99,32,13.2
2025-08-05,0.0,20.2,36.4,27.2,1.39,9.6,46,70,21,13.3
2025-08-06,0.0,19.5,35.9,27.1,1.39,8.2,40,59,21,13.3
2025-08-07,0.0,19.6,35.6,27.0,1.65,9.1,41,68,19,13.3
2025-08-08,0.0,20.7,34.0,26.7,1.69,9.7,48,71,24,13.3
2025-08-09,0.0,19.8,34.9,26.6,1.8,10.7,41,66,21,13.2
2025-08-10,0.0,20.6,33.9,26.5,1.27,8.2,43,60,22,13.2
2025-08-11,0.0,20.7,35.7,28.4,1.22,7.3,42,66,20,13.1
2025-08-12,0.0,23.7,36.0,29.2,2.03,11.9,36,47,22,13.1
2025-08-13,0.0,22.6,34.2,28.2,1.47,9.4,40,58,24,13.0
2025-08-14,0.0,20.3,34.9,27.4,1.77,10.0,38,59,20,13.0
2025-08-15,0.0,20.7,34.9,27.2,1.6,8.2,36,52,17,13.0
2025-08-16,0.0,21.2,37.6,29.0,1.54,10.7,32,50,16,13.0
2025-08-17,0.0,24.4,39.3,31.2,1.39,8.4,26,39,12,12.7
2025-08-18,0.1,24.5,40.0,30.8,2.02,17.0,25,39,11,10.0
2025-08-19,1.0,21.3,33.5,27.0,1.74,11.3,51,69,34,12.8
2025-08-20,0.0,18.1,34.5,26.0,2.27,12.1,35,57,14,12.8
2025-08-21,0.0,18.2,29.9,23.7,1.58,7.9,55,79,33,12.7
2025-08-22,0.7,19.1,30.6,24.0,1.5,10.8,68,98,35,11.6
2025-08-23,0.6,19.8,31.0,24.3,1.82,9.9,67,93,33,10.8
2025-08-24,0.0,18.9,34.0,25.3,1.42,9.4,58,86,23,12.1
2025-08-25,0.0,20.1,31.4,25.4,1.74,9.4,55,95,28,12.0
2025-08-26,1.8,20.3,36.3,26.8,1.58,10.9,65,98,22,12.3
2025-08-27,0.2,20.9,33.2,26.7,1.36,8.8,54,79,32,12.2
2025-08-28,0.0,19.3,32.3,25.3,2.16,12.3,38,62,16,12.0
2025-08-29,0.0,15.1,31.6,23.8,2.07,9.0,29,51,14,12.2
2025-08-30,0.0,18.4,33.0,25.0,2.35,13.0,35,49,21,11.7
2025-08-31,0.0,17.5,35.3,25.5,1.27,8.3,38,56,13,12.0
2025-09-01,0.0,17.9,29.3,23.5,2.34,11.4,36,63,17,12.0
2025-09-02,0.0,15.1,28.7,21.5,1.75,9.6,30,42,18,12.0
2025-09-03,0.0,16.7,32.0,23.3,1.5,8.2,34,48,16,12.0
2025-09-04,0.0,16.4,32.4,24.2,1.9,12.2,33,50,19,12.0
2025-09-05,0.0,17.9,28.5,22.9,2.13,11.1,52,87,38,12.0
2025-09-06,0.1,18.1,27.9,22.0,1.48,8.7,77,97,47,7.2
2025-09-07,2.3,18.2,30.5,23.1,1.18,10.0,71,92,42,9.0
2025-09-08,1.8,19.3,30.9,24.3,1.56,7.9,63,80,33,8.7
2025-09-09,0.4,18.2,25.6,21.7,1.22,6.5,61,92,43,3.8
2025-09-10,0.0,14.2,29.3,21.5,2.27,9.4,40,92,18,12.0
2025-09-11,0.0,15.7,30.9,23.1,2.42,10.1,51,79,28,12.0
2025-09-12,0.0,18.2,32.4,24.0,1.71,7.5,45,62,26,12.0
2025-09-13,0.0,17.2,31.8,23.7,1.64,10.2,47,68,26,12.0
2025-09-14,0.0,19.7,30.6,24.1,1.74,9.7,45,84,24,12.0
2025-09-15,0.0,18.5,31.5,23.7,1.36,8.7,73,100,37,12.0
2025-09-16,0.0,18.7,30.1,23.6,1.6,9.7,66,87,41,12.0
2025-09-17,0.0,17.2,32.6,24.0,1.41,9.6,60,86,28,12.0
2025-09-18,0.0,17.5,34.1,24.7,1.27,7.5,50,76,19,12.0
2025-09-19,0.0,17.6,30.3,22.9,1.54,9.1,67,86,40,12.0
2025-09-20,0.0,18.5,30.2,23.1,1.48,7.9,73,100,40,11.3
2025-09-21,1.3,17.4,30.9,22.9,1.4,10.0,63,97,23,10.8
2025-09-22,1.6,13.5,24.7,18.9,2.02,7.5,35,95,22,12.0
2025-09-23,5.5,12.9,23.6,17.5,1.59,7.1,54,100,23,12.0
2025-09-24,3.1,13.4,23.9,17.6,1.44,6.5,72,98,40,10.3
2025-09-25,0.2,12.7,23.6,18.0,1.57,6.5,69,94,42,11.9
2025-09-26,0.3,12.3,24.8,17.9,1.87,8.5,67,98,34,11.8
2025-09-27,0.0,11.8,29.1,19.7,1.64,8.2,51,78,21,10.4
2025-09-28,0.0,15.9,29.4,21.1,1.78,12.4,49,77,16,11.6
2025-09-29,4.8,15.8,21.0,17.5,1.73,8.3,81,97,59,6.0
2025-09-30,11.3,15.0,21.1,17.4,2.09,7.7,83,100,62,7.4
2025-10-01,0.0,13.3,24.3,18.1,1.59,6.7,72,92,43,11.6
2025-10-02,0.0,13.6,26.4,18.7,1.31,6.8,70,93,42,11.6
2025-10-03,0.0,13.6,29.0,20.6,1.66,8.0,59,91,29,10.9
2025-10-04,0.0,14.4,31.1,21.9,1.59,7.4,49,74,21,11.4
2025-10-05,0.5,14.2,27.3,20.4,2.68,10.3,53,98,27,10.9
2025-10-06,14.5,16.8,21.5,18.1,2.22,7.1,90,100,67,2.2
2025-10-07,0.0,14.4,26.2,19.3,1.17,7.2,75,96,40,11.1
2025-10-08,0.6,13.2,25.3,18.5,0.81,7.3,75,93,54,10.0
2025-10-09,10.5,14.3,20.3,16.7,1.59,9.8,87,100,63,9.2
2025-10-10,10.3,13.8,17.2,14.6,1.84,9.3,94,98,76,1.4
2025-10-11,3.6,13.7,18.8,15.4,2.14,8.0,87,96,66,8.3
2025-10-12,0.7,12.7,22.5,16.6,1.89,9.0,84,97,55,10.2
2025-10-13,1.8,13.9,22.9,16.6,1.65,11.9,85,99,53,8.6
2025-10-14,0.0,14.1,23.6,17.7,0.98,6.3,74,93,45,10.4
2025-10-15,0.0,14.2,23.4,17.5,1.0,6.3,76,93,42,10.2
2025-10-16,1.7,12.8,22.0,17.1,1.08,6.1,79,100,53,7.1
2025-10-17,0.5,13.6,22.2,17.1,1.05,7.3,76,97,46,10.3
2025-10-18,0.0,11.1,22.6,15.9,1.19,6.9,72,92,40,10.3
2025-10-19,0.0,9.7,23.1,15.5,1.59,6.9,70,96,33,10.1
2025-10-20,0.0,10.6,26.1,17.2,1.34,6.8,59,86,32,10.0
2025-10-21,0.0,12.8,26.7,18.6,2.09,9.4,64,83,37,10.2
2025-10-22,0.0,15.9,25.0,19.5,1.87,8.4,61,85,35,10.0
2025-10-23,0.0,17.3,27.2,21.4,3.22,11.0,54,67,37,10.2
2025-10-24,0.0,13.5,26.4,19.3,1.93,7.8,65,90,42,10.2
2025-10-25,0.0,14.0,28.2,19.3,1.14,8.0,59,79,34,10.0
2025-10-26,14.9,14.5,19.0,16.6,0.91,6.2,73,97,52,2.4
2025-10-27,0.0,11.0,19.7,14.6,1.06,7.0,71,99,51,10.0
2025-10-28,0.0,7.8,21.3,13.9,1.23,6.1,63,88,41,10.1
2025-10-29,0.6,13.1,23.8,16.9,1.37,8.8,77,98,42,9.0
2025-10-30,14.4,12.2,21.9,16.4,1.22,9.3,77,96,49,10.1
2025-10-31,0.0,10.6,19.9,14.6,1.16,5.7,77,94,55,8.4
2025-11-01,0.0,9.2,21.2,14.3,1.16,6.7,64,84,37,9.8
2025-11-02,0.0,9.4,23.1,15.4,1.81,6.4,62,82,37,9.3
2025-11-03,0.0,10.4,20.4,14.2,0.96,7.2,70,91,44,10.0
2025-11-04,0.0,11.1,20.4,15.0,1.14,6.7,76,98,48,10.0
2025-11-05,0.0,9.8,20.2,14.3,1.61,6.6,78,96,48,6.6
2025-11-06,1.0,8.7,17.0,12.7,2.24,11.6,68,96,33,10.0
2025-11-07,0.1,7.0,20.3,12.3,1.51,6.3,61,79,32,10.0
2025-11-08,0.1,10.0,17.7,13.1,2.94,12.0,62,91,31,9.9
2025-11-09,0.0,4.5,18.5,11.7,1.49,5.6,50,79,27,9.6
2025-11-10,0.0,6.2,19.2,11.7,1.14,6.2,50,71,28,9.9
2025-11-11,0.0,6.1,20.2,12.3,1.01,6.2,54,76,33,9.9
2025-11-12,0.0,6.7,21.5,12.7,0.99,6.5,60,78,36,9.9
2025-11-13,0.0,8.0,21.6,14.0,1.06,7.2,66,86,39,7.6
2025-11-14,0.4,10.6,19.9,14.8,2.31,10.6,61,81,39,6.5
2025-11-15,4.4,8.7,21.1,14.7,2.87,9.9,66,91,41,8.9
2025-11-16,6.8,9.5,19.1,14.0,1.7,8.1,70,95,34,9.8
2025-11-17,1.5,6.6,15.2,10.8,1.24,6.6,80,100,54,9.2
2025-11-18,0.0,6.3,15.9,10.5,1.2,5.9,68,83,46,9.8
2025-11-19,0.0,3.9,16.0,9.1,1.52,7.6,70,87,44,9.8
2025-11-20,0.0,4.1,14.6,8.2,2.02,8.8,61,87,28,9.8
2025-11-21,0.0,1.3,11.8,6.1,2.74,12.4,51,73,25,9.8
2025-11-22,0.0,-0.1,13.1,5.6,1.96,7.7,40,55,18,9.8
2025-11-23,0.0,0.1,17.3,7.7,1.53,5.7,45,63,28,9.7
2025-11-24,0.0,6.3,16.7,11.2,2.64,13.3,56,73,38,7.0
2025-11-25,2.2,8.4,15.0,12.1,2.7,11.1,58,92,29,8.3
2025-11-26,0.0,5.4,12.1,8.1,4.04,13.9,45,56,29,9.7
2025-11-27,0.0,1.8,14.7,6.9,1.82,8.1,41,67,16,9.6
2025-11-28,0.0,0.9,14.6,6.8,0.93,5.0,50,71,24,9.6
2025-11-29,0.0,2.7,16.0,8.5,0.84,5.5,57,76,36,9.6
2025-11-30,0.0,2.0,13.0,7.2,1.65,8.4,71,89,47,5.9
2025-12-01,0.0,4.7,14.2,9.0,1.52,5.2,74,94,48,9.6
2025-12-02,0.0,3.0,16.2,8.7,1.41,5.9,68,91,38,8.4
2025-12-03,4.9,2.8,11.4,6.2,2.48,12.3,71,96,45,7.3
2025-12-04,0.0,4.9,13.8,9.1,3.51,13.3,61,70,51,6.6
2025-12-05,0.0,4.1,15.0,10.6,3.34,13.0,62,82,47,8.8
2025-12-06,0.0,8.2,20.1,12.7,1.52,5.3,73,92,39,8.3
2025-12-07,0.0,6.5,17.1,10.7,0.87,5.0,67,87,41,9.5
2025-12-08,0.0,3.9,16.1,9.4,0.79,5.3,66,85,43,9.4
2025-12-09,0.0,3.2,17.7,9.8,0.93,4.5,62,81,33,8.8
2025-12-10,0.0,6.2,16.5,10.8,1.19,7.1,59,76,37,6.9
2025-12-11,0.0,5.1,13.0,8.9,0.69,4.4,78,92,65,8.9
2025-12-12,5.0,5.0,11.7,8.4,1.54,6.6,92,99,82,3.8
2025-12-13,4.7,9.1,12.8,10.1,1.98,8.0,91,99,69,4.4
2025-12-14,8.0,8.9,10.6,9.4,1.71,6.8,94,98,89,0.3
2025-12-15,7.6,7.4,13.4,9.7,0.81,6.0,90,98,62,6.6
2025-12-16,4.7,6.0,10.0,7.7,1.34,7.0,89,98,74,1.1
2025-12-17,0.8,5.0,11.6,7.9,1.02,4.0,87,95,69,4.8
2025-12-18,0.0,4.6,13.0,7.6,1.0,4.9,87,98,69,9.0
2025-12-19,0.2,3.6,12.5,7.5,0.75,4.0,83,95,66,3.2
2025-12-20,3.3,5.9,13.5,9.0,0.85,4.9,85,98,62,8.3
2025-12-21,6.4,2.3,12.0,6.2,1.71,8.4,87,96,58,3.4
2025-12-22,0.1,0.7,9.2,4.2,1.49,7.8,72,97,40,8.9
2025-12-23,0.3,2.4,10.9,6.3,1.93,10.1,69,89,46,6.5
2025-12-24,0.0,2.8,10.6,5.7,0.81,4.8,78,94,53,9.1
2025-12-25,13.0,2.5,6.7,4.9,1.16,5.5,88,94,79,0.0
2025-12-26,0.5,3.7,12.3,7.4,1.43,6.3,72,89,49,8.8
2025-12-27,0.0,3.0,10.2,6.4,0.82,7.0,77,95,64,8.5
2025-12-28,14.8,5.9,9.8,7.3,1.4,5.7,96,100,83,1.0
2025-12-29,2.0,4.1,10.7,7.7,1.28,5.7,89,99,68,7.4
2025-12-30,0.0,0.3,13.3,6.0,1.15,4.4,78,100,42,9.0
2025-12-31,0.0,0.7,12.6,5.9,1.41,6.5,75,91,48,9.4
2026-01-01,0.0,1.9,12.0,6.2,1.53,7.9,81,93,59,5.6
2026-01-02,0.0,4.6,14.9,8.4,0.69,4.0,79,94,56,8.5
2026-01-03,0.6,6.3,12.5,9.0,0.68,3.7,74,94,59,2.1
2026-01-04,18.4,7.3,9.3,8.3,1.29,5.2,97,100,95,0.0
2026-01-05,22.1,5.6,7.3,6.4,1.51,5.5,95,99,90,0.0
2026-01-06,4.9,-2.1,5.7,3.0,3.84,14.5,64,99,41,9.5
2026-01-07,0.0,-1.3,9.5,3.7,2.71,9.6,47,63,27,9.5
2026-01-08,0.0,-0.1,15.6,6.0,1.58,6.5,64,81,40,9.4
2026-01-09,0.0,3.3,14.4,8.2,2.5,11.5,68,78,56,5.1
2026-01-10,0.0,3.4,13.1,7.2,1.65,7.9,65,92,34,9.1
2026-01-11,0.0,0.0,14.5,5.9,1.11,4.7,60,83,32,9.1
2026-01-12,0.0,1.8,15.4,7.4,0.87,4.9,64,80,40,9.4
2026-01-13,0.0,2.3,13.4,6.8,1.0,6.4,71,81,52,9.2
2026-01-14,0.0,2.7,12.8,7.0,0.82,5.3,73,91,51,8.9
2026-01-15,0.0,3.3,14.3,7.7,0.98,5.1,77,94,52,9.0
2026-01-16,0.7,4.5,14.4,8.3,2.23,9.6,82,96,53,7.8
2026-01-17,7.8,3.0,11.2,7.2,0.91,6.1,84,99,52,5.6
2026-01-18,0.0,0.1,9.4,4.2,0.89,5.3,74,97,49,9.5
2026-01-19,0.0,2.4,11.8,6.3,2.97,11.4,66,84,43,7.8
2026-01-20,0.0,6.5,12.4,8.5,4.99,13.4,54,69,39,9.6
2026-01-21,0.5,7.5,13.7,9.6,3.1,12.0,55,80,41,5.0
2026-01-22,2.5,4.9,11.9,9.0,4.29,15.9,62,85,43,7.8
2026-01-23,2.8,5.5,14.0,9.0,1.79,6.8,66,90,29,9.1
2026-01-24,2.1,4.5,9.2,6.3,6.44,20.3,56,90,36,8.6
2026-01-25,1.7,4.9,14.2,9.5,4.23,16.0,60,80,46,8.4
2026-01-26,0.0,11.2,18.3,13.3,3.78,14.7,60,78,39,4.1
2026-01-27,5.7,8.3,15.7,12.3,4.81,17.4,69,87,52,8.6
2026-01-28,9.2,6.3,13.9,9.7,4.42,15.5,62,91,43,4.1
2026-01-29,1.8,9.9,19.2,14.3,2.85,17.7,65,80,41,4.4
2026-01-30,0.2,8.7,16.4,13.0,4.61,20.0,43,65,30,9.7
2026-01-31,1.4,5.6,13.0,9.3,5.64,16.4,56,78,38,8.6
2026-02-01,0.6,3.4,15.8,8.4,1.48,6.3,68,84,37,9.2
2026-02-02,0.9,7.4,15.7,9.9,2.58,13.5,69,93,43,5.2
2026-02-03,2.5,2.1,10.9,6.1,1.39,8.4,71,86,51,6.6
2026-02-04,29.2,5.2,11.2,8.2,1.53,7.4,85,94,68,0.0
2026-02-05,9.9,8.9,19.1,13.3,4.23,17.1,71,94,50,6.7
2026-02-06,0.0,7.4,15.1,11.5,4.43,11.9,56,64,44,10.1
2026-02-07,2.7,3.0,13.8,7.8,2.33,11.5,69,91,32,6.8
2026-02-08,0.0,5.4,11.2,8.3,3.41,17.6,59,81,43,9.2
2026-02-09,3.3,4.2,19.0,10.9,2.04,10.7,69,90,35,9.2
2026-02-10,2.4,11.3,20.7,15.6,2.85,11.1,70,85,51,4.7
2026-02-11,0.3,14.6,21.5,18.0,5.32,21.1,58,78,48,6.3
2026-02-12,0.0,9.7,18.0,15.1,5.51,21.5,48,64,26,10.5
2026-02-13,0.7,7.9,14.1,11.0,6.54,22.3,61,76,50,8.8
2026-02-14,0.0,6.4,11.4,8.8,8.65,23.7,48,69,33,10.5
2026-02-15,0.0,7.4,18.5,11.3,4.95,19.8,31,56,19,10.7
2026-02-16,0.0,6.6,19.2,12.4,3.5,10.9,61,82,40,10.1
2026-02-17,0.0,8.9,21.1,14.9,2.23,9.8,58,79,35,10.7
2026-02-18,0.0,4.2,22.2,11.9,0.98,4.7,45,66,13,10.7
2026-02-19,0.0,6.7,14.9,10.7,2.41,9.0,53,76,28,10.7
2026-02-20,0.0,3.9,18.0,10.2,1.53,6.8,43,73,21,10.8
2026-02-21,0.0,4.8,18.9,11.4,1.03,7.1,43,66,27,10.8
2026-02-22,0.0,4.7,21.2,12.0,0.97,6.4,50,68,30,10.8
2026-02-23,0.0,7.1,21.9,13.7,1.01,5.8,47,68,24,10.8
2026-02-24,0.0,6.0,22.1,13.5,1.29,8.3,48,73,26,10.8
2026-02-25,0.0,7.9,21.6,13.7,1.37,9.3,47,70,25,10.9
2026-02-26,0.0,7.9,19.6,12.6,1.07,8.3,49,71,23,10.9
2026-02-27,0.0,5.2,19.3,11.5,1.06,8.3,50,81,27,8.1
2026-02-28,0.0,6.8,15.6,10.6,1.21,7.9,71,90,51,9.6
2026-03-01,0.2,7.5,15.0,10.3,1.86,9.3,76,98,46,10.9
2026-03-02,1.5,6.2,11.7,9.1,1.57,7.9,87,99,67,3.0
2026-03-03,2.2,8.8,16.1,11.2,3.68,12.0,83,99,53,7.4
2026-03-04,6.8,9.5,15.2,11.3,4.05,14.3,84,98,63,5.0
2026-03-05,23.7,8.1,12.8,9.9,2.06,6.9,91,99,65,0.0
2026-03-06,14.8,6.0,14.3,10.0,1.62,11.6,79,94,50,10.0
2026-03-07,4.3,4.7,12.3,8.1,1.09,5.5,80,96,54,7.5
2026-03-08,2.9,5.7,13.0,9.1,0.76,5.5,83,100,57,7.9
2026-03-09,0.1,3.4,15.2,8.9,1.08,6.5,77,97,46,7.7
2026-03-10,9.0,6.0,9.0,7.3,1.41,8.2,89,97,66,1.0
2026-03-11,2.6,7.1,14.2,9.8,1.78,7.3,83,95,61,4.0
2026-03-12,0.0,5.5,17.1,11.1,1.35,7.2,71,91,43,10.6
2026-03-13,0.0,5.1,18.9,12.0,1.91,9.3,67,92,37,11.2
2026-03-14,0.0,7.2,15.2,11.5,3.28,12.8,65,86,47,7.3
2026-03-15,1.0,8.4,15.2,11.8,5.11,16.3,49,93,28,11.2
2026-03-16,0.0,4.3,17.5,10.3,1.67,7.9,51,71,32,11.4
2026-03-17,0.0,2.8,20.7,11.0,1.91,9.0,45,72,17,11.6
2026-03-18,0.0,2.5,17.3,9.6,1.44,6.6,47,76,25,5.5
2026-03-19,0.1,5.5,16.6,10.3,2.18,10.1,74,97,43,11.3
2026-03-20,1.5,7.4,12.1,9.1,2.18,7.0,83,96,66,1.6
2026-03-21,3.8,5.8,11.6,8.5,1.02,4.6,83,97,63,0.7
2026-03-22,0.0,6.5,16.5,10.4,1.05,7.9,72,94,37,11.6
2026-03-23,0.4,4.6,16.0,10.0,2.05,8.7,68,93,46,11.7
2026-03-24,0.0,4.5,15.1,9.8,1.58,9.2,64,96,36,11.8
2026-03-25,0.0,3.4,20.0,11.2,1.04,6.4,57,91,27,11.9
2026-03-26,0.0,6.8,18.4,11.8,2.03,9.7,53,92,25,11.9
2026-03-27,0.0,3.4,15.4,9.3,1.41,7.6,66,94,41,11.9
2026-03-28,0.0,4.0,17.4,10.8,1.44,8.0,67,94,40,12.0
2026-03-29,0.0,6.6,13.5,9.8,6.47,20.6,31,54,13,12.0
2026-03-30,0.0,1.3,16.5,9.3,2.43,10.3,32,49,17,12.0
2026-03-31,0.0,9.8,22.5,14.7,4.04,12.4,45,80,16,12.0
2026-04-01,0.0,6.3,21.4,13.6,3.33,12.0,44,81,17,12.0
2026-04-02,0.0,8.8,20.3,14.4,4.57,12.4,31,43,19,12.0
2026-04-03,0.0,6.9,20.3,13.6,2.24,9.7,30,56,14,12.0
2026-04-04,0.0,7.3,22.3,14.1,1.57,9.5,42,63,26,12.0
2026-04-05,0.0,8.6,23.4,15.3,1.86,10.2,40,61,23,12.0
2026-04-06,0.0,8.1,22.1,14.4,1.72,11.1,51,74,28,12.0
2026-04-07,0.0,9.9,21.3,14.6,1.62,10.5,55,83,31,12.0
2026-04-08,0.0,10.0,22.3,15.4,1.96,11.4,61,86,34,10.8
2026-04-09,0.0,11.0,23.7,16.7,1.72,10.5,48,75,27,11.7
2026-04-10,0.0,13.7,25.5,18.9,1.81,11.5,29,40,17,11.6
2026-04-11,0.5,14.3,22.3,18.5,1.07,7.9,29,42,21,7.5
2026-04-12,13.2,10.7,19.2,13.7,2.29,9.2,73,95,47,3.3
2026-04-13,0.0,7.5,16.3,11.4,5.66,17.0,46,95,22,12.3
2026-04-14,0.0,7.2,20.0,14.0,3.83,13.4,43,62,29,11.1
2026-04-15,0.0,8.0,24.9,16.6,1.81,9.7,49,77,25,12.1
2026-04-16,0.0,10.8,24.4,17.2,2.05,10.9,53,74,34,12.3
2026-04-17,0.0,10.6,27.0,18.2,1.71,9.5,50,76,27,12.3
2026-04-18,0.0,11.2,27.5,18.4,1.75,9.5,39,58,20,12.0
2026-04-19,0.0,11.2,27.6,18.8,1.92,8.8,40,62,21,12.4
2026-04-20,0.0,12.2,27.9,19.2,1.76,10.5,38,56,17,12.2
2026-04-21,0.0,11.8,27.5,19.0,1.59,9.9,32,60,18,12.2
2026-04-22,0.0,12.6,29.5,20.5,1.6,9.9,42,58,20,12.4
2026-04-23,0.0,12.2,24.0,17.8,2.11,12.0,52,80,33,12.3
2026-04-24,4.4,10.0,18.6,13.9,1.51,7.6,76,98,50,5.6
2026-04-25,3.8,9.7,15.7,12.8,1.06,6.0,75,95,52,3.7
2026-04-26,0.0,10.0,21.4,15.1,1.52,10.0,51,75,20,12.9
2026-04-27,0.0,10.2,21.1,15.3,1.67,10.6,56,72,40,12.9
2026-04-28,0.7,10.3,20.4,14.8,1.21,8.1,58,82,47,7.6
2026-04-29,0.9,11.2,23.0,17.0,1.41,8.4,72,94,44,11.5
2026-04-30,7.3,13.4,24.6,17.6,1.29,7.0,76,100,40,8.8
2026-05-01,10.9,13.6,20.8,16.6,1.32,7.7,82,99,58,11.5
2026-05-02,1.6,14.0,18.7,15.9,1.89,8.8,84,99,64,1.7
2026-05-03,14.8,13.4,22.1,16.3,1.38,9.1,82,98,52,7.9
2026-05-04,31.6,12.2,20.0,15.6,1.6,10.4,81,98,54,12.8
2026-05-05,0.0,9.0,22.7,15.5,1.89,11.5,54,83,24,13.5
2026-05-06,0.2,10.1,20.6,14.8,1.69,9.5,55,82,35,12.3
2026-05-07,7.7,9.7,16.8,13.0,1.35,8.4,84,100,59,8.4
2026-05-08,0.8,8.0,19.7,13.6,1.86,9.0,74,97,43,9.9
2026-05-09,4.0,10.2,20.6,14.4,1.42,10.8,77,98,37,8.9
2026-05-10,0.0,8.9,23.1,15.9,2.7,11.9,58,87,30,11.9
2026-05-11,0.0,8.0,24.4,16.1,1.51,10.1,57,92,22,13.9
2026-05-12,0.0,10.6,23.4,16.7,1.92,11.3,50,74,24,13.9
2026-05-13,0.0,10.3,24.5,17.0,2.45,10.5,52,80,23,13.9
2026-05-14,0.0,10.9,24.1,18.0,1.86,8.6,47,76,25,14.0
2026-05-15,0.5,11.1,21.8,16.0,3.2,14.1,51,75,34,12.8
2026-05-16,0.0,8.3,22.8,15.3,1.99,13.5,42,62,22,13.2
2026-05-17,12.3,9.1,19.8,13.6,1.49,9.8,72,92,46,13.1
2026-05-18,0.0,8.8,22.9,16.3,1.66,7.1,63,95,32,14.0
2026-05-19,0.0,11.5,26.9,19.1,2.05,8.4,47,74,28,14.0
2026-05-20,0.0,14.3,27.7,20.7,1.96,9.9,45,67,25,14.0
2026-05-21,0.0,14.5,27.5,20.4,1.69,10.0,39,57,21,14.0
2026-05-22,0.0,13.0,27.5,20.1,2.07,10.4,43,62,27,14.0
2026-05-23,0.0,15.0,27.4,20.7,1.6,9.2,39,57,21,14.0
2026-05-24,0.0,14.2,27.2,20.4,1.75,10.3,37,56,21,14.0
2026-05-25,0.0,14.5,27.3,20.4,1.83,10.6,42,59,24,14.0
2026-05-26,0.0,13.9,27.3,20.3,1.86,10.0,47,65,27,14.0
2026-05-27,0.0,14.6,29.0,21.3,1.46,9.1,42,67,16,14.0
2026-05-28,0.0,15.4,30.3,22.6,1.48,8.8,36,53,15,14.0
2026-05-29,0.0,16.4,32.3,24.1,1.73,9.4,34,56,16,14.0
2026-05-30,0.1,17.0,33.9,25.1,1.95,9.6,29,48,16,14.0
2026-05-31,0.8,18.7,32.8,24.9,1.51,10.6,38,61,21,14.0
2026-06-01,0.3,17.3,33.0,24.8,1.54,8.3,46,68,20,14.0
2026-06-02,0.0,18.7,35.6,26.9,1.88,9.6,34,62,15,14.0
2026-06-03,0.0,16.7,28.1,23.2,2.3,9.6,50,72,32,14.0
2026-06-04,1.0,16.5,32.0,24.0,1.82,12.1,57,90,14,14.0
2026-06-05,3.1,16.5,26.9,20.8,2.83,12.7,64,96,38,12.5
2026-06-06,0.4,17.4,29.3,22.7,1.94,10.1,67,98,30,11.2
2026-06-07,0.0,16.0,27.0,21.2,2.2,10.9,67,100,35,13.4
2026-06-08,0.0,16.5,31.8,23.9,1.63,8.7,53,75,34,14.0
2026-06-09,0.0,19.1,28.8,23.5,2.25,9.8,59,78,45,14.0
2026-06-10,0.5,17.8,28.1,21.5,2.39,11.1,74,95,44,9.0
2026-06-11,0.0,17.6,25.8,21.0,2.81,9.7,69,88,47,13.6
2026-06-12,0.0,14.7,26.5,20.3,2.22,11.3,61,92,33,14.0
2026-06-13,0.0,16.1,28.1,21.6,1.82,10.1,41,53,25,13.0
2026-06-14,0.0,17.1,31.8,23.7,1.43,9.4,38,54,17,14.0
2026-06-15,4.0,17.1,32.1,23.7,1.49,12.5,55,89,25,12.2
2026-06-16,0.2,19.5,31.3,24.6,1.9,11.1,47,78,27,14.0
2026-06-17,0.0,17.9,31.1,24.4,2.16,11.0,38,62,18,14.0
2026-06-18,0.0,18.7,31.0,24.5,2.17,11.3,35,46,19,14.0
2026-06-19,0.0,18.9,30.6,24.6,1.85,10.2,41,52,35,12.9
2026-06-20,0.0,19.6,32.4,25.7,2.51,12.0,48,59,35,14.0
2026-06-21,0.0,20.0,33.3,26.2,2.21,11.9,47,66,27,14.0
2026-06-22,0.0,21.4,34.2,27.1,1.94,11.9,36,55,18,14.0
2026-06-23,0.0,21.6,34.7,27.5,1.97,11.0,30,45,19,14.0
2026-06-24,0.0,20.3,33.7,26.6,2.05,11.3,35,52,20,14.0
2026-06-25,0.0,18.4,32.7,25.6,2.19,11.7,42,63,23,14.0
2026-06-26,0.0,18.7,32.8,25.6,1.85,10.9,54,77,27,14.0
2026-06-27,0.2,18.0,32.5,25.2,1.74,9.1,64,98,36,14.0
2026-06-28,1.0,19.6,32.8,25.4,1.4,9.3,60,86,29,13.0
2026-06-29,0.3,20.0,29.6,24.6,1.25,7.2,64,94,38,13.2
2026-06-30,0.0,20.1,33.2,26.5,1.85,10.1,45,67,24,14.0
2026-07-01,0.0,19.5,36.1,27.5,2.0,10.0,45,68,20,14.0
2026-07-02,0.0,20.1,31.8,25.6,2.29,12.8,61,83,40,14.0
2026-07-03,0.0,19.2,32.8,26.0,2.01,9.6,53,92,24,14.0
